File Name,BldgLoc,BldgType,Story,BldgHVAC,BldgVint,TechGroup,TechType,TechID,Cohort,Case,Net Site EUI,Net Source EUI,Total Energy/Net Site Energy,Total Energy/Net Source Energy,Total,Heating,Cooling,Interior Lighting,Exterior Lighting,Interior Equipment,Exterior Equipment,Fans,Pumps,Heat Rejection,Humidification,Heat Recovery,Water Systems,Refrigeration,Generators,Heating Elec,Cooling Elec,Heating NG,Cooling NG,Interior Equipment Elec,Interior Equipment NG,Unmet Heating,Unmet Cooling,Conditioned Area,Electricity:Facility [J](Hourly),Area ft2,DEER Peak kW/ft2
runs/CZ01/DMo&0&rDXGF&Ex&dxAC_equip/LRM AOE +40% RCA LSC R22 R410a rDXGF Measure/instance-out.sql,CZ01,DMo,weighted,rDXGF,Ex,dxAC_equip,,LRM AOE +40% RCA LSC R22 R410a rDXGF Measure,DMo&0&rDXGF&Ex&dxAC_equip,LRM AOE +40% RCA LSC R22 R410a rDXGF Measure,47.69,78.2,33014.15,54140.37,13.29079978,1.87113836,0.04700109,1.26005582,0.0,5.22575174,0.0,0.15987213,0.0,0.0,0.0,0.0,4.72697663,0.0,0.0,0.0,0.04700109,1.87113836,0.0,2.08013719,3.14561455,0.0,0.0,230.77,0.00068914,2484.0,0.00068914
runs/CZ01/DMo&0&rDXGF&Ex&dxAC_equip/LRM AOE +30% RCA LSC R22 R410a rDXGF Measure/instance-out.sql,CZ01,DMo,weighted,rDXGF,Ex,dxAC_equip,,LRM AOE +30% RCA LSC R22 R410a rDXGF Measure,DMo&0&rDXGF&Ex&dxAC_equip,LRM AOE +30% RCA LSC R22 R410a rDXGF Measure,47.79,78.53,33086.85,54370.61,13.32006727,1.87113836,0.07626857,1.26005582,0.0,5.22575174,0.0,0.15987213,0.0,0.0,0.0,0.0,4.72697663,0.0,0.0,0.0,0.07626857,1.87113836,0.0,2.08013719,3.14561455,0.0,0.0,230.77,0.00074648,2484.0,0.00074648
runs/CZ01/DMo&0&rDXGF&Ex&dxAC_equip/LRM AOE +15% RCA LSC R22 R410a rDXGF Measure/instance-out.sql,CZ01,DMo,weighted,rDXGF,Ex,dxAC_equip,,LRM AOE +15% RCA LSC R22 R410a rDXGF Measure,DMo&0&rDXGF&Ex&dxAC_equip,LRM AOE +15% RCA LSC R22 R410a rDXGF Measure,47.95,79.03,33195.9,54715.96,13.3639685,1.87113836,0.1201698,1.26005582,0.0,5.22575174,0.0,0.15987213,0.0,0.0,0.0,0.0,4.72697663,0.0,0.0,0.0,0.1201698,1.87113836,0.0,2.08013719,3.14561455,0.0,0.0,230.77,0.00083248,2484.0,0.00083248
runs/CZ01/DMo&0&rDXGF&Ex&dxAC_equip/LRM AOE +22.5% RCA LSC R22 R410a rDXGF Measure/instance-out.sql,CZ01,DMo,weighted,rDXGF,Ex,dxAC_equip,,LRM AOE +22.5% RCA LSC R22 R410a rDXGF Measure,DMo&0&rDXGF&Ex&dxAC_equip,LRM AOE +22.5% RCA LSC R22 R410a rDXGF Measure,47.87,78.78,33141.37,54543.28,13.3420199,1.87113836,0.09821717,1.26005582,0.0,5.22575174,0.0,0.15987213,0.0,0.0,0.0,0.0,4.72697663,0.0,0.0,0.0,0.09821717,1.87113836,0.0,2.08013719,3.14561455,0.0,0.0,230.77,0.00078948,2484.0,0.00078948
runs/CZ01/DMo&0&rDXGF&Ex&dxAC_equip/LRM AOE LSC R22 R410a rDXGF Measure/instance-out.sql,CZ01,DMo,weighted,rDXGF,Ex,dxAC_equip,,LRM AOE LSC R22 R410a rDXGF Measure,DMo&0&rDXGF&Ex&dxAC_equip,LRM AOE LSC R22 R410a rDXGF Measure,48.05,79.36,33266.41,54939.28,13.39235836,1.87113836,0.14855966,1.26005582,0.0,5.22575174,0.0,0.15987213,0.0,0.0,0.0,0.0,4.72697663,0.0,0.0,0.0,0.14855966,1.87113836,0.0,2.08013719,3.14561455,0.0,0.0,230.77,0.0008881,2484.0,0.0008881
runs/CZ01/DMo&0&rDXGF&Ex&dxAC_equip/LRM AOE +7.5% RCA LSC R22 R410a rDXGF Measure/instance-out.sql,CZ01,DMo,weighted,rDXGF,Ex,dxAC_equip,,LRM AOE +7.5% RCA LSC R22 R410a rDXGF Measure,DMo&0&rDXGF&Ex&dxAC_equip,LRM AOE +7.5% RCA LSC R22 R410a rDXGF Measure,48.03,79.28,33250.42,54888.63,13.3859171,1.87113836,0.1421184,1.26005582,0.0,5.22575174,0.0,0.15987213,0.0,0.0,0.0,0.0,4.72697663,0.0,0.0,0.0,0.1421184,1.87113836,0.0,2.08013719,3.14561455,0.0,0.0,230.77,0.00087548,2484.0,0.00087548
runs/CZ01/DMo&0&rDXGF&Ex&dxAC_equip/LRM AOE R22 R410a rDXGF Base/instance-out.sql,CZ01,DMo,weighted,rDXGF,Ex,dxAC_equip,,LRM AOE R22 R410a rDXGF Base,DMo&0&rDXGF&Ex&dxAC_equip,LRM AOE R22 R410a rDXGF Base,48.11,79.53,33304.94,55061.31,13.40786972,1.87113836,0.164067,1.26005582,0.0,5.22575174,0.0,0.15987213,0.0,0.0,0.0,0.0,4.72697663,0.0,0.0,0.0,0.164067,1.87113836,0.0,2.08013719,3.14561455,0.0,0.0,230.77,0.00091849,2484.0,0.00091849
runs/CZ01/DMo&0&rDXGF&Ex&dxAC_equip/LRM NR LSC R454b rDXGF Measure/instance-out.sql,CZ01,DMo,weighted,rDXGF,Ex,dxAC_equip,,LRM NR LSC R454b rDXGF Measure,DMo&0&rDXGF&Ex&dxAC_equip,LRM NR LSC R454b rDXGF Measure,48.0,79.19,33230.34,54825.03,13.37783331,1.87113836,0.13403461,1.26005582,0.0,5.22575174,0.0,0.15987213,0.0,0.0,0.0,0.0,4.72697663,0.0,0.0,0.0,0.13403461,1.87113836,0.0,2.08013719,3.14561455,0.0,0.0,230.77,0.00085964,2484.0,0.00085964
runs/CZ01/DMo&0&rDXHP&Ex&dxHP_equip/LRM AOE +15% RCA LSC R22 R410a rDXHP Measure/instance-out.sql,CZ01,DMo,weighted,rDXHP,Ex,dxHP_equip,,LRM AOE +15% RCA LSC R22 R410a rDXHP Measure,DMo&0&rDXHP&Ex&dxHP_equip,LRM AOE +15% RCA LSC R22 R410a rDXHP Measure,43.76,79.73,30294.57,55199.81,12.19595429,0.73094638,0.12008928,1.26005582,0.0,5.22575174,0.0,0.13035504,0.0,0.0,0.0,0.0,4.728752,0.0,0.0,0.73094638,0.12008928,0.0,0.0,2.08013719,3.14561455,0.0,0.0,230.77,0.0008325,2484.0,0.0008325
runs/CZ01/DMo&0&rDXHP&Ex&dxHP_equip/LRM AOE LSC R22 R410a rDXHP Measure/instance-out.sql,CZ01,DMo,weighted,rDXHP,Ex,dxHP_equip,,LRM AOE LSC R22 R410a rDXHP Measure,DMo&0&rDXHP&Ex&dxHP_equip,LRM AOE LSC R22 R410a rDXHP Measure,44.03,80.59,30482.37,55794.56,12.27155458,0.77818096,0.14846304,1.26005582,0.0,5.22575174,0.0,0.13035504,0.0,0.0,0.0,0.0,4.728752,0.0,0.0,0.77818096,0.14846304,0.0,0.0,2.08013719,3.14561455,0.0,0.0,230.77,0.00088812,2484.0,0.00088812
runs/CZ01/DMo&0&rDXGF&Ex&dxAC_equip/LRM NR R454b rDXGF Base/instance-out.sql,CZ01,DMo,weighted,rDXGF,Ex,dxAC_equip,,LRM NR R454b rDXGF Base,DMo&0&rDXGF&Ex&dxAC_equip,LRM NR R454b rDXGF Base,48.05,79.35,33265.1,54935.12,13.39182696,1.87113836,0.14802826,1.26005582,0.0,5.22575174,0.0,0.15987213,0.0,0.0,0.0,0.0,4.72697663,0.0,0.0,0.0,0.14802826,1.87113836,0.0,2.08013719,3.14561455,0.0,0.0,230.77,0.00088706,2484.0,0.00088706
runs/CZ01/DMo&0&rDXHP&Ex&dxHP_equip/LRM AOE +7.5% RCA LSC R22 R410a rDXHP Measure/instance-out.sql,CZ01,DMo,weighted,rDXHP,Ex,dxHP_equip,,LRM AOE +7.5% RCA LSC R22 R410a rDXHP Measure,DMo&0&rDXHP&Ex&dxHP_equip,LRM AOE +7.5% RCA LSC R22 R410a rDXHP Measure,43.97,80.4,30439.77,55659.67,12.25440875,0.76746834,0.14202581,1.26005582,0.0,5.22575174,0.0,0.13035504,0.0,0.0,0.0,0.0,4.728752,0.0,0.0,0.76746834,0.14202581,0.0,0.0,2.08013719,3.14561455,0.0,0.0,230.77,0.0008755,2484.0,0.0008755
runs/CZ01/DMo&0&rDXHP&Ex&dxHP_equip/LRM AOE +22.5% RCA LSC R22 R410a rDXHP Measure/instance-out.sql,CZ01,DMo,weighted,rDXHP,Ex,dxHP_equip,,LRM AOE +22.5% RCA LSC R22 R410a rDXHP Measure,DMo&0&rDXHP&Ex&dxHP_equip,LRM AOE +22.5% RCA LSC R22 R410a rDXHP Measure,43.55,79.07,30149.37,54739.95,12.13749581,0.69442845,0.09815678,1.26005582,0.0,5.22575174,0.0,0.13035504,0.0,0.0,0.0,0.0,4.728752,0.0,0.0,0.69442845,0.09815678,0.0,0.0,2.08013719,3.14561455,0.0,0.0,230.77,0.00078949,2484.0,0.00078949
runs/CZ02/DMo&0&rDXGF&Ex&dxAC_equip/LRM AOE +15% RCA LSC R22 R410a rDXGF Measure/instance-out.sql,CZ02,DMo,weighted,rDXGF,Ex,dxAC_equip,,LRM AOE +15% RCA LSC R22 R410a rDXGF Measure,DMo&0&rDXGF&Ex&dxAC_equip,LRM AOE +15% RCA LSC R22 R410a rDXGF Measure,54.59,91.01,37793.28,63006.04,15.21478065,3.22093706,0.54774481,1.26005582,0.0,5.22575174,0.0,0.37133877,0.0,0.0,0.0,0.0,4.58894441,0.0,0.0,0.0,0.54774481,3.22093706,0.0,2.08013719,3.14561455,0.0,0.0,230.77,0.00156858,2484.0,0.00156858
runs/CZ01/DMo&0&rDXHP&Ex&dxHP_equip/LRM AOE +40% RCA LSC R22 R410a rDXHP Measure/instance-out.sql,CZ01,DMo,weighted,rDXHP,Ex,dxHP_equip,,LRM AOE +40% RCA LSC R22 R410a rDXHP Measure,DMo&0&rDXHP&Ex&dxHP_equip,LRM AOE +40% RCA LSC R22 R410a rDXHP Measure,43.06,77.52,29810.56,53666.95,12.00110209,0.60921458,0.0469729,1.26005582,0.0,5.22575174,0.0,0.13035504,0.0,0.0,0.0,0.0,4.728752,0.0,0.0,0.60921458,0.0469729,0.0,0.0,2.08013719,3.14561455,0.0,0.0,230.77,0.00068915,2484.0,0.00068915
runs/CZ02/DMo&0&rDXGF&Ex&dxAC_equip/LRM AOE +30% RCA LSC R22 R410a rDXGF Measure/instance-out.sql,CZ02,DMo,weighted,rDXGF,Ex,dxAC_equip,,LRM AOE +30% RCA LSC R22 R410a rDXGF Measure,DMo&0&rDXGF&Ex&dxAC_equip,LRM AOE +30% RCA LSC R22 R410a rDXGF Measure,53.87,88.73,37296.23,61431.88,15.01467881,3.22093706,0.34764297,1.26005582,0.0,5.22575174,0.0,0.37133877,0.0,0.0,0.0,0.0,4.58894441,0.0,0.0,0.0,0.34764297,3.22093706,0.0,2.08013719,3.14561455,0.0,0.0,230.77,0.00127374,2484.0,0.00127374
runs/CZ01/DMo&0&rDXHP&Ex&dxHP_equip/LRM AOE +30% RCA LSC R22 R410a rDXHP Measure/instance-out.sql,CZ01,DMo,weighted,rDXHP,Ex,dxHP_equip,,LRM AOE +30% RCA LSC R22 R410a rDXHP Measure,DMo&0&rDXHP&Ex&dxHP_equip,LRM AOE +30% RCA LSC R22 R410a rDXHP Measure,43.34,78.4,30004.16,54280.09,12.07904136,0.6579065,0.07622026,1.26005582,0.0,5.22575174,0.0,0.13035504,0.0,0.0,0.0,0.0,4.728752,0.0,0.0,0.6579065,0.07622026,0.0,0.0,2.08013719,3.14561455,0.0,0.0,230.77,0.00074649,2484.0,0.00074649
runs/CZ02/DMo&0&rDXGF&Ex&dxAC_equip/LRM AOE +40% RCA LSC R22 R410a rDXGF Measure/instance-out.sql,CZ02,DMo,weighted,rDXGF,Ex,dxAC_equip,,LRM AOE +40% RCA LSC R22 R410a rDXGF Measure,DMo&0&rDXGF&Ex&dxAC_equip,LRM AOE +40% RCA LSC R22 R410a rDXGF Measure,53.39,87.22,36964.87,60382.44,14.88127625,3.22093706,0.21424443,1.26005582,0.0,5.22575174,0.0,0.37133877,0.0,0.0,0.0,0.0,4.58894441,0.0,0.0,0.0,0.21424443,3.22093706,0.0,2.08013719,3.14561455,0.0,0.0,230.77,0.00107718,2484.0,0.00107718
runs/CZ02/DMo&0&rDXGF&Ex&dxAC_equip/LRM AOE +22.5% RCA LSC R22 R410a rDXGF Measure/instance-out.sql,CZ02,DMo,weighted,rDXGF,Ex,dxAC_equip,,LRM AOE +22.5% RCA LSC R22 R410a rDXGF Measure,DMo&0&rDXGF&Ex&dxAC_equip,LRM AOE +22.5% RCA LSC R22 R410a rDXGF Measure,54.23,89.87,37544.76,62218.96,15.11472772,3.22093706,0.4476959,1.26005582,0.0,5.22575174,0.0,0.37133877,0.0,0.0,0.0,0.0,4.58894441,0.0,0.0,0.0,0.4476959,3.22093706,0.0,2.08013719,3.14561455,0.0,0.0,230.77,0.00142116,2484.0,0.00142116
runs/CZ01/DMo&0&rDXHP&Ex&dxHP_equip/LRM AOE R22 R410a rDXHP Base/instance-out.sql,CZ01,DMo,weighted,rDXHP,Ex,dxHP_equip,,LRM AOE R22 R410a rDXHP Base,DMo&0&rDXHP&Ex&dxHP_equip,LRM AOE R22 R410a rDXHP Base,44.18,81.06,30584.98,56119.53,12.3128632,0.80398627,0.16396233,1.26005582,0.0,5.22575174,0.0,0.13035504,0.0,0.0,0.0,0.0,4.728752,0.0,0.0,0.80398627,0.16396233,0.0,0.0,2.08013719,3.14561455,0.0,0.0,230.77,0.00091851,2484.0,0.00091851
runs/CZ02/DMo&0&rDXGF&Ex&dxAC_equip/LRM AOE +7.5% RCA LSC R22 R410a rDXGF Measure/instance-out.sql,CZ02,DMo,weighted,rDXGF,Ex,dxAC_equip,,LRM AOE +7.5% RCA LSC R22 R410a rDXGF Measure,DMo&0&rDXGF&Ex&dxAC_equip,LRM AOE +7.5% RCA LSC R22 R410a rDXGF Measure,54.95,92.14,38041.81,63793.11,15.31482955,3.22093706,0.64779774,1.26005582,0.0,5.22575174,0.0,0.37133877,0.0,0.0,0.0,0.0,4.58894441,0.0,0.0,0.0,0.64779774,3.22093706,0.0,2.08013719,3.14561455,0.0,0.0,230.77,0.001716,2484.0,0.001716
runs/CZ01/DMo&0&rDXHP&Ex&dxHP_equip/LRM NR LSC R32 R454b rDXHP Measure/instance-out.sql,CZ01,DMo,weighted,rDXHP,Ex,dxHP_equip,,LRM NR LSC R32 R454b rDXHP Measure,DMo&0&rDXHP&Ex&dxHP_equip,LRM NR LSC R32 R454b rDXHP Measure,43.51,78.96,30125.07,54662.99,12.12771315,0.6488525,0.13394605,1.26005582,0.0,5.22575174,0.0,0.13035504,0.0,0.0,0.0,0.0,4.728752,0.0,0.0,0.6488525,0.13394605,0.0,0.0,2.08013719,3.14561455,0.0,0.0,230.77,0.00085966,2484.0,0.00085966
runs/CZ01/DMo&0&rDXHP&Ex&dxHP_equip/LRM NR R32 R454b rDXHP Base/instance-out.sql,CZ01,DMo,weighted,rDXHP,Ex,dxHP_equip,,LRM NR R32 R454b rDXHP Base,DMo&0&rDXHP&Ex&dxHP_equip,LRM NR R32 R454b rDXHP Base,43.64,79.35,30210.74,54934.33,12.1622061,0.66935986,0.14793164,1.26005582,0.0,5.22575174,0.0,0.13035504,0.0,0.0,0.0,0.0,4.728752,0.0,0.0,0.66935986,0.14793164,0.0,0.0,2.08013719,3.14561455,0.0,0.0,230.77,0.00088708,2484.0,0.00088708
runs/CZ02/DMo&0&rDXGF&Ex&dxAC_equip/LRM NR R454b rDXGF Base/instance-out.sql,CZ02,DMo,weighted,rDXGF,Ex,dxAC_equip,,LRM NR R454b rDXGF Base,DMo&0&rDXGF&Ex&dxAC_equip,LRM NR R454b rDXGF Base,55.05,92.45,38108.72,64005.02,15.34176611,3.22093706,0.67473429,1.26005582,0.0,5.22575174,0.0,0.37133877,0.0,0.0,0.0,0.0,4.58894441,0.0,0.0,0.0,0.67473429,3.22093706,0.0,2.08013719,3.14561455,0.0,0.0,230.77,0.00175569,2484.0,0.00175569
runs/CZ02/DMo&0&rDXGF&Ex&dxAC_equip/LRM AOE LSC R22 R410a rDXGF Measure/instance-out.sql,CZ02,DMo,weighted,rDXGF,Ex,dxAC_equip,,LRM AOE LSC R22 R410a rDXGF Measure,DMo&0&rDXGF&Ex&dxAC_equip,LRM AOE LSC R22 R410a rDXGF Measure,55.05,92.48,38114.71,64023.99,15.34417756,3.22093706,0.67714574,1.26005582,0.0,5.22575174,0.0,0.37133877,0.0,0.0,0.0,0.0,4.58894441,0.0,0.0,0.0,0.67714574,3.22093706,0.0,2.08013719,3.14561455,0.0,0.0,230.77,0.00175925,2484.0,0.00175925
runs/CZ02/DMo&0&rDXGF&Ex&dxAC_equip/LRM NR LSC R454b rDXGF Measure/instance-out.sql,CZ02,DMo,weighted,rDXGF,Ex,dxAC_equip,,LRM NR LSC R454b rDXGF Measure,DMo&0&rDXGF&Ex&dxAC_equip,LRM NR LSC R454b rDXGF Measure,54.82,91.73,37950.27,63503.2,15.27797748,3.22093706,0.61094567,1.26005582,0.0,5.22575174,0.0,0.37133877,0.0,0.0,0.0,0.0,4.58894441,0.0,0.0,0.0,0.61094567,3.22093706,0.0,2.08013719,3.14561455,0.0,0.0,230.77,0.0016617,2484.0,0.0016617
runs/CZ02/DMo&0&rDXGF&Ex&dxAC_equip/LRM AOE R22 R410a rDXGF Base/instance-out.sql,CZ02,DMo,weighted,rDXGF,Ex,dxAC_equip,,LRM AOE R22 R410a rDXGF Base,DMo&0&rDXGF&Ex&dxAC_equip,LRM AOE R22 R410a rDXGF Base,55.31,93.28,38290.33,64580.19,15.41488249,3.22093706,0.74784664,1.26005582,0.0,5.22575174,0.0,0.37133877,0.0,0.0,0.0,0.0,4.58894441,0.0,0.0,0.0,0.74784664,3.22093706,0.0,2.08013719,3.14561455,0.0,0.0,230.77,0.00186342,2484.0,0.00186342
runs/CZ02/DMo&0&rDXHP&Ex&dxHP_equip/LRM AOE +22.5% RCA LSC R22 R410a rDXHP Measure/instance-out.sql,CZ02,DMo,weighted,rDXHP,Ex,dxHP_equip,,LRM AOE +22.5% RCA LSC R22 R410a rDXHP Measure,DMo&0&rDXHP&Ex&dxHP_equip,LRM AOE +22.5% RCA LSC R22 R410a rDXHP Measure,46.6,89.74,32260.31,62130.38,12.98731972,1.13739003,0.4476959,1.26005582,0.0,5.22575174,0.0,0.32393913,0.0,0.0,0.0,0.0,4.5924871,0.0,0.0,1.13739003,0.4476959,0.0,0.0,2.08013719,3.14561455,0.0,0.0,230.77,0.00142116,2484.0,0.00142116
runs/CZ02/DMo&0&rDXHP&Ex&dxHP_equip/LRM AOE +15% RCA LSC R22 R410a rDXHP Measure/instance-out.sql,CZ02,DMo,weighted,rDXHP,Ex,dxHP_equip,,LRM AOE +15% RCA LSC R22 R410a rDXHP Measure,DMo&0&rDXHP&Ex&dxHP_equip,LRM AOE +15% RCA LSC R22 R410a rDXHP Measure,47.19,91.63,32673.69,63439.54,13.15373778,1.20375516,0.54774883,1.26005582,0.0,5.22575174,0.0,0.32393913,0.0,0.0,0.0,0.0,4.5924871,0.0,0.0,1.20375516,0.54774883,0.0,0.0,2.08013719,3.14561455,0.0,0.0,230.77,0.00156858,2484.0,0.00156858
runs/CZ02/DMo&0&rDXHP&Ex&dxHP_equip/LRM AOE +30% RCA LSC R22 R410a rDXHP Measure/instance-out.sql,CZ02,DMo,weighted,rDXHP,Ex,dxHP_equip,,LRM AOE +30% RCA LSC R22 R410a rDXHP Measure,DMo&0&rDXHP&Ex&dxHP_equip,LRM AOE +30% RCA LSC R22 R410a rDXHP Measure,46.0,87.85,31846.93,60821.21,12.82090165,1.0710249,0.347647,1.26005582,0.0,5.22575174,0.0,0.32393913,0.0,0.0,0.0,0.0,4.5924871,0.0,0.0,1.0710249,0.347647,0.0,0.0,2.08013719,3.14561455,0.0,0.0,230.77,0.00127374,2484.0,0.00127374
runs/CZ02/DMo&0&rDXHP&Ex&dxHP_equip/LRM AOE +40% RCA LSC R22 R410a rDXHP Measure/instance-out.sql,CZ02,DMo,weighted,rDXHP,Ex,dxHP_equip,,LRM AOE +40% RCA LSC R22 R410a rDXHP Measure,DMo&0&rDXHP&Ex&dxHP_equip,LRM AOE +40% RCA LSC R22 R410a rDXHP Measure,45.2,85.33,31295.76,59075.66,12.59901225,0.98253806,0.21424443,1.26005582,0.0,5.22575174,0.0,0.32393913,0.0,0.0,0.0,0.0,4.5924871,0.0,0.0,0.98253806,0.21424443,0.0,0.0,2.08013719,3.14561455,0.0,0.0,230.77,0.00107718,2484.0,0.00107718
runs/CZ02/DMo&0&rDXHP&Ex&dxHP_equip/LRM NR R32 R454b rDXHP Base/instance-out.sql,CZ02,DMo,weighted,rDXHP,Ex,dxHP_equip,,LRM NR R32 R454b rDXHP Base,DMo&0&rDXHP&Ex&dxHP_equip,LRM NR R32 R454b rDXHP Base,47.25,91.81,32711.12,63558.07,13.1688063,1.0918342,0.67473832,1.26005582,0.0,5.22575174,0.0,0.32393913,0.0,0.0,0.0,0.0,4.5924871,0.0,0.0,1.0918342,0.67473832,0.0,0.0,2.08013719,3.14561455,0.0,0.0,230.77,0.00175569,2484.0,0.00175569
runs/CZ02/DMo&0&rDXHP&Ex&dxHP_equip/LRM AOE +7.5% RCA LSC R22 R410a rDXHP Measure/instance-out.sql,CZ02,DMo,weighted,rDXHP,Ex,dxHP_equip,,LRM AOE +7.5% RCA LSC R22 R410a rDXHP Measure,DMo&0&rDXHP&Ex&dxHP_equip,LRM AOE +7.5% RCA LSC R22 R410a rDXHP Measure,47.79,93.53,33087.07,64748.71,13.32015584,1.27012029,0.64779774,1.26005582,0.0,5.22575174,0.0,0.32393913,0.0,0.0,0.0,0.0,4.5924871,0.0,0.0,1.27012029,0.64779774,0.0,0.0,2.08013719,3.14561455,0.0,0.0,230.77,0.001716,2484.0,0.001716
runs/CZ03/DMo&0&rDXGF&Ex&dxAC_equip/LRM AOE +7.5% RCA LSC R22 R410a rDXGF Measure/instance-out.sql,CZ03,DMo,weighted,rDXGF,Ex,dxAC_equip,,LRM AOE +7.5% RCA LSC R22 R410a rDXGF Measure,DMo&0&rDXGF&Ex&dxAC_equip,LRM AOE +7.5% RCA LSC R22 R410a rDXGF Measure,51.53,89.2,35675.81,61751.58,14.36232791,2.15454182,0.75752062,1.26005582,0.0,5.22575174,0.0,0.36273566,0.0,0.0,0.0,0.0,4.60172226,0.0,0.0,0.0,0.75752062,2.15454182,0.0,2.08013719,3.14561455,0.0,0.0,230.77,0.00166822,2484.0,0.00166822
runs/CZ03/DMo&0&rDXGF&Ex&dxAC_equip/LRM AOE +22.5% RCA LSC R22 R410a rDXGF Measure/instance-out.sql,CZ03,DMo,weighted,rDXGF,Ex,dxAC_equip,,LRM AOE +22.5% RCA LSC R22 R410a rDXGF Measure,DMo&0&rDXGF&Ex&dxAC_equip,LRM AOE +22.5% RCA LSC R22 R410a rDXGF Measure,50.69,86.54,35094.57,59910.79,14.12833295,2.15454182,0.52352566,1.26005582,0.0,5.22575174,0.0,0.36273566,0.0,0.0,0.0,0.0,4.60172226,0.0,0.0,0.0,0.52352566,2.15454182,0.0,2.08013719,3.14561455,0.0,0.0,230.77,0.00138832,2484.0,0.00138832
runs/CZ03/DMo&0&rDXGF&Ex&dxAC_equip/LRM AOE +40% RCA LSC R22 R410a rDXGF Measure/instance-out.sql,CZ03,DMo,weighted,rDXGF,Ex,dxAC_equip,,LRM AOE +40% RCA LSC R22 R410a rDXGF Measure,DMo&0&rDXGF&Ex&dxAC_equip,LRM AOE +40% RCA LSC R22 R410a rDXGF Measure,49.71,83.44,34416.46,57763.21,13.85534018,2.15454182,0.25053289,1.26005582,0.0,5.22575174,0.0,0.36273566,0.0,0.0,0.0,0.0,4.60172226,0.0,0.0,0.0,0.25053289,2.15454182,0.0,2.08013719,3.14561455,0.0,0.0,230.77,0.00106177,2484.0,0.00106177
runs/CZ02/DMo&0&rDXHP&Ex&dxHP_equip/LRM AOE LSC R22 R410a rDXHP Measure/instance-out.sql,CZ02,DMo,weighted,rDXHP,Ex,dxHP_equip,,LRM AOE LSC R22 R410a rDXHP Measure,DMo&0&rDXHP&Ex&dxHP_equip,LRM AOE LSC R22 R410a rDXHP Measure,47.97,94.08,33208.32,65132.73,13.36896853,1.289589,0.67714977,1.26005582,0.0,5.22575174,0.0,0.32393913,0.0,0.0,0.0,0.0,4.5924871,0.0,0.0,1.289589,0.67714977,0.0,0.0,2.08013719,3.14561455,0.0,0.0,230.77,0.00175925,2484.0,0.00175925
runs/CZ02/DMo&0&rDXHP&Ex&dxHP_equip/LRM NR LSC R32 R454b rDXHP Measure/instance-out.sql,CZ02,DMo,weighted,rDXHP,Ex,dxHP_equip,,LRM NR LSC R32 R454b rDXHP Measure,DMo&0&rDXHP&Ex&dxHP_equip,LRM NR LSC R32 R454b rDXHP Measure,46.89,90.66,32460.1,62763.1,13.06775095,1.0545715,0.61094567,1.26005582,0.0,5.22575174,0.0,0.32393913,0.0,0.0,0.0,0.0,4.5924871,0.0,0.0,1.0545715,0.61094567,0.0,0.0,2.08013719,3.14561455,0.0,0.0,230.77,0.0016617,2484.0,0.0016617
runs/CZ02/DMo&0&rDXHP&Ex&dxHP_equip/LRM AOE R22 R410a rDXHP Base/instance-out.sql,CZ02,DMo,weighted,rDXHP,Ex,dxHP_equip,,LRM AOE R22 R410a rDXHP Base,DMo&0&rDXHP&Ex&dxHP_equip,LRM AOE R22 R410a rDXHP Base,48.39,95.42,33500.44,66057.88,13.48656987,1.33648542,0.74785067,1.26005582,0.0,5.22575174,0.0,0.32393913,0.0,0.0,0.0,0.0,4.5924871,0.0,0.0,1.33648542,0.74785067,0.0,0.0,2.08013719,3.14561455,0.0,0.0,230.77,0.00186342,2484.0,0.00186342
runs/CZ03/DMo&0&rDXGF&Ex&dxAC_equip/LRM AOE +30% RCA LSC R22 R410a rDXGF Measure/instance-out.sql,CZ03,DMo,weighted,rDXGF,Ex,dxAC_equip,,LRM AOE +30% RCA LSC R22 R410a rDXGF Measure,DMo&0&rDXGF&Ex&dxAC_equip,LRM AOE +30% RCA LSC R22 R410a rDXGF Measure,50.27,85.21,34803.95,58990.4,14.01133548,2.15454182,0.40652819,1.26005582,0.0,5.22575174,0.0,0.36273566,0.0,0.0,0.0,0.0,4.60172226,0.0,0.0,0.0,0.40652819,2.15454182,0.0,2.08013719,3.14561455,0.0,0.0,230.77,0.00124837,2484.0,0.00124837
runs/CZ03/DMo&0&rDXGF&Ex&dxAC_equip/LRM AOE +15% RCA LSC R22 R410a rDXGF Measure/instance-out.sql,CZ03,DMo,weighted,rDXGF,Ex,dxAC_equip,,LRM AOE +15% RCA LSC R22 R410a rDXGF Measure,DMo&0&rDXGF&Ex&dxAC_equip,LRM AOE +15% RCA LSC R22 R410a rDXGF Measure,51.11,87.87,35385.19,60831.18,14.24533043,2.15454182,0.64052314,1.26005582,0.0,5.22575174,0.0,0.36273566,0.0,0.0,0.0,0.0,4.60172226,0.0,0.0,0.0,0.64052314,2.15454182,0.0,2.08013719,3.14561455,0.0,0.0,230.77,0.00152827,2484.0,0.00152827
runs/CZ03/DMo&0&rDXGF&Ex&dxAC_equip/LRM NR LSC R454b rDXGF Measure/instance-out.sql,CZ03,DMo,weighted,rDXGF,Ex,dxAC_equip,,LRM NR LSC R454b rDXGF Measure,DMo&0&rDXGF&Ex&dxAC_equip,LRM NR LSC R454b rDXGF Measure,51.38,88.71,35568.76,61412.56,14.31923184,2.15454182,0.71442455,1.26005582,0.0,5.22575174,0.0,0.36273566,0.0,0.0,0.0,0.0,4.60172226,0.0,0.0,0.0,0.71442455,2.15454182,0.0,2.08013719,3.14561455,0.0,0.0,230.77,0.00161667,2484.0,0.00161667
runs/CZ03/DMo&0&rDXHP&Ex&dxHP_equip/LRM AOE +40% RCA LSC R22 R410a rDXHP Measure/instance-out.sql,CZ03,DMo,weighted,rDXHP,Ex,dxHP_equip,,LRM AOE +40% RCA LSC R22 R410a rDXHP Measure,DMo&0&rDXHP&Ex&dxHP_equip,LRM AOE +40% RCA LSC R22 R410a rDXHP Measure,44.06,81.61,30501.41,56500.5,12.27922371,0.61160992,0.25028732,1.26005582,0.0,5.22575174,0.0,0.32754623,0.0,0.0,0.0,0.0,4.6039767,0.0,0.0,0.61160992,0.25028732,0.0,0.0,2.08013719,3.14561455,0.0,0.0,230.77,0.00106177,2484.0,0.00106177
runs/CZ03/DMo&0&rDXGF&Ex&dxAC_equip/LRM AOE R22 R410a rDXGF Base/instance-out.sql,CZ03,DMo,weighted,rDXGF,Ex,dxAC_equip,,LRM AOE R22 R410a rDXGF Base,DMo&0&rDXGF&Ex&dxAC_equip,LRM AOE R22 R410a rDXGF Base,51.95,90.53,35966.43,62671.97,14.47932538,2.15454182,0.87451809,1.26005582,0.0,5.22575174,0.0,0.36273566,0.0,0.0,0.0,0.0,4.60172226,0.0,0.0,0.0,0.87451809,2.15454182,0.0,2.08013719,3.14561455,0.0,0.0,230.77,0.00180817,2484.0,0.00180817
runs/CZ03/DMo&0&rDXHP&Ex&dxHP_equip/LRM AOE +15% RCA LSC R22 R410a rDXHP Measure/instance-out.sql,CZ03,DMo,weighted,rDXHP,Ex,dxHP_equip,,LRM AOE +15% RCA LSC R22 R410a rDXHP Measure,DMo&0&rDXHP&Ex&dxHP_equip,LRM AOE +15% RCA LSC R22 R410a rDXHP Measure,45.98,87.7,31832.71,60716.72,12.81517296,0.75795137,0.63989914,1.26005582,0.0,5.22575174,0.0,0.32754623,0.0,0.0,0.0,0.0,4.6039767,0.0,0.0,0.75795137,0.63989914,0.0,0.0,2.08013719,3.14561455,0.0,0.0,230.77,0.00152827,2484.0,0.00152827
runs/CZ03/DMo&0&rDXGF&Ex&dxAC_equip/LRM AOE LSC R22 R410a rDXGF Measure/instance-out.sql,CZ03,DMo,weighted,rDXGF,Ex,dxAC_equip,,LRM AOE LSC R22 R410a rDXGF Measure,DMo&0&rDXGF&Ex&dxAC_equip,LRM AOE LSC R22 R410a rDXGF Measure,51.65,89.59,35761.06,62021.56,14.39664776,2.15454182,0.79184047,1.26005582,0.0,5.22575174,0.0,0.36273566,0.0,0.0,0.0,0.0,4.60172226,0.0,0.0,0.0,0.79184047,2.15454182,0.0,2.08013719,3.14561455,0.0,0.0,230.77,0.00170927,2484.0,0.00170927
runs/CZ03/DMo&0&rDXGF&Ex&dxAC_equip/LRM NR R454b rDXGF Base/instance-out.sql,CZ03,DMo,weighted,rDXGF,Ex,dxAC_equip,,LRM NR R454b rDXGF Base,DMo&0&rDXGF&Ex&dxAC_equip,LRM NR R454b rDXGF Base,51.64,89.55,35754.06,61999.38,14.3938297,2.15454182,0.78902241,1.26005582,0.0,5.22575174,0.0,0.36273566,0.0,0.0,0.0,0.0,4.60172226,0.0,0.0,0.0,0.78902241,2.15454182,0.0,2.08013719,3.14561455,0.0,0.0,230.77,0.0017059,2484.0,0.0017059
runs/CZ03/DMo&0&rDXHP&Ex&dxHP_equip/LRM AOE +7.5% RCA LSC R22 R410a rDXHP Measure/instance-out.sql,CZ03,DMo,weighted,rDXHP,Ex,dxHP_equip,,LRM AOE +7.5% RCA LSC R22 R410a rDXHP Measure,DMo&0&rDXHP&Ex&dxHP_equip,LRM AOE +7.5% RCA LSC R22 R410a rDXHP Measure,46.56,89.53,32232.1,61981.59,12.97595894,0.8018526,0.7567839,1.26005582,0.0,5.22575174,0.0,0.32754623,0.0,0.0,0.0,0.0,4.6039767,0.0,0.0,0.8018526,0.7567839,0.0,0.0,2.08013719,3.14561455,0.0,0.0,230.77,0.00166822,2484.0,0.00166822
runs/CZ03/DMo&0&rDXHP&Ex&dxHP_equip/LRM AOE +22.5% RCA LSC R22 R410a rDXHP Measure/instance-out.sql,CZ03,DMo,weighted,rDXHP,Ex,dxHP_equip,,LRM AOE +22.5% RCA LSC R22 R410a rDXHP Measure,DMo&0&rDXHP&Ex&dxHP_equip,LRM AOE +22.5% RCA LSC R22 R410a rDXHP Measure,45.4,85.87,31433.32,59451.86,12.654391,0.71405015,0.52301439,1.26005582,0.0,5.22575174,0.0,0.32754623,0.0,0.0,0.0,0.0,4.6039767,0.0,0.0,0.71405015,0.52301439,0.0,0.0,2.08013719,3.14561455,0.0,0.0,230.77,0.00138832,2484.0,0.00138832
runs/CZ03/DMo&0&rDXHP&Ex&dxHP_equip/LRM AOE LSC R22 R410a rDXHP Measure/instance-out.sql,CZ03,DMo,weighted,rDXHP,Ex,dxHP_equip,,LRM AOE LSC R22 R410a rDXHP Measure,DMo&0&rDXHP&Ex&dxHP_equip,LRM AOE LSC R22 R410a rDXHP Measure,46.73,90.06,32349.25,62352.62,13.02312508,0.8147311,0.79106751,1.26005582,0.0,5.22575174,0.0,0.32754623,0.0,0.0,0.0,0.0,4.6039767,0.0,0.0,0.8147311,0.79106751,0.0,0.0,2.08013719,3.14561455,0.0,0.0,230.77,0.00170927,2484.0,0.00170927
runs/CZ03/DMo&0&rDXHP&Ex&dxHP_equip/LRM AOE R22 R410a rDXHP Base/instance-out.sql,CZ03,DMo,weighted,rDXHP,Ex,dxHP_equip,,LRM AOE R22 R410a rDXHP Base,DMo&0&rDXHP&Ex&dxHP_equip,LRM AOE R22 R410a rDXHP Base,47.13,91.36,32631.49,63246.45,13.13674492,0.84575383,0.87366462,1.26005582,0.0,5.22575174,0.0,0.32754623,0.0,0.0,0.0,0.0,4.6039767,0.0,0.0,0.84575383,0.87366462,0.0,0.0,2.08013719,3.14561455,0.0,0.0,230.77,0.00180817,2484.0,0.00180817
runs/CZ03/DMo&0&rDXHP&Ex&dxHP_equip/LRM AOE +30% RCA LSC R22 R410a rDXHP Measure/instance-out.sql,CZ03,DMo,weighted,rDXHP,Ex,dxHP_equip,,LRM AOE +30% RCA LSC R22 R410a rDXHP Measure,DMo&0&rDXHP&Ex&dxHP_equip,LRM AOE +30% RCA LSC R22 R410a rDXHP Measure,44.83,84.05,31033.93,58186.99,12.49360502,0.67014489,0.40613366,1.26005582,0.0,5.22575174,0.0,0.32754623,0.0,0.0,0.0,0.0,4.6039767,0.0,0.0,0.67014489,0.40613366,0.0,0.0,2.08013719,3.14561455,0.0,0.0,230.77,0.00124837,2484.0,0.00124837
runs/CZ03/DMo&0&rDXHP&Ex&dxHP_equip/LRM NR R32 R454b rDXHP Base/instance-out.sql,CZ03,DMo,weighted,rDXHP,Ex,dxHP_equip,,LRM NR R32 R454b rDXHP Base,DMo&0&rDXHP&Ex&dxHP_equip,LRM NR R32 R454b rDXHP Base,46.25,88.55,32017.31,61301.34,12.88948902,0.68391309,0.78825349,1.26005582,0.0,5.22575174,0.0,0.32754623,0.0,0.0,0.0,0.0,4.6039767,0.0,0.0,0.68391309,0.78825349,0.0,0.0,2.08013719,3.14561455,0.0,0.0,230.77,0.0017059,2484.0,0.0017059
runs/CZ03/DMo&0&rDXHP&Ex&dxHP_equip/LRM NR LSC R32 R454b rDXHP Measure/instance-out.sql,CZ03,DMo,weighted,rDXHP,Ex,dxHP_equip,,LRM NR LSC R32 R454b rDXHP Measure,DMo&0&rDXHP&Ex&dxHP_equip,LRM NR LSC R32 R454b rDXHP Measure,45.89,87.42,31770.96,60521.16,12.79031371,0.65926319,0.71372808,1.26005582,0.0,5.22575174,0.0,0.32754623,0.0,0.0,0.0,0.0,4.6039767,0.0,0.0,0.65926319,0.71372808,0.0,0.0,2.08013719,3.14561455,0.0,0.0,230.77,0.00161667,2484.0,0.00161667
runs/CZ04/DMo&0&rDXGF&Ex&dxAC_equip/LRM AOE +30% RCA LSC R22 R410a rDXGF Measure/instance-out.sql,CZ04,DMo,weighted,rDXGF,Ex,dxAC_equip,,LRM AOE +30% RCA LSC R22 R410a rDXGF Measure,DMo&0&rDXGF&Ex&dxAC_equip,LRM AOE +30% RCA LSC R22 R410a rDXGF Measure,55.86,95.19,38673.49,65903.86,15.56913059,3.25500731,0.74116786,1.26005582,0.0,5.22575174,0.0,0.55357013,0.0,0.0,0.0,0.0,4.53357773,0.0,0.0,0.0,0.74116786,3.25500731,0.0,2.08013719,3.14561455,0.0,0.0,230.77,0.00169924,2484.0,0.00169924
runs/CZ04/DMo&0&rDXGF&Ex&dxAC_equip/LRM AOE +40% RCA LSC R22 R410a rDXGF Measure/instance-out.sql,CZ04,DMo,weighted,rDXGF,Ex,dxAC_equip,,LRM AOE +40% RCA LSC R22 R410a rDXGF Measure,DMo&0&rDXGF&Ex&dxAC_equip,LRM AOE +40% RCA LSC R22 R410a rDXGF Measure,54.84,91.96,37967.03,63666.49,15.28472471,3.25500731,0.45676198,1.26005582,0.0,5.22575174,0.0,0.55357013,0.0,0.0,0.0,0.0,4.53357773,0.0,0.0,0.0,0.45676198,3.25500731,0.0,2.08013719,3.14561455,0.0,0.0,230.77,0.00138444,2484.0,0.00138444
runs/CZ04/DMo&0&rDXGF&Ex&dxAC_equip/LRM NR LSC R454b rDXGF Measure/instance-out.sql,CZ04,DMo,weighted,rDXGF,Ex,dxAC_equip,,LRM NR LSC R454b rDXGF Measure,DMo&0&rDXGF&Ex&dxAC_equip,LRM NR LSC R454b rDXGF Measure,57.88,101.57,40067.87,70319.85,16.13047854,3.25500731,1.30251581,1.26005582,0.0,5.22575174,0.0,0.55357013,0.0,0.0,0.0,0.0,4.53357773,0.0,0.0,0.0,1.30251581,3.25500731,0.0,2.08013719,3.14561455,0.0,0.0,230.77,0.00232058,2484.0,0.00232058
runs/CZ04/DMo&0&rDXGF&Ex&dxAC_equip/LRM AOE LSC R22 R410a rDXGF Measure/instance-out.sql,CZ04,DMo,weighted,rDXGF,Ex,dxAC_equip,,LRM AOE LSC R22 R410a rDXGF Measure,DMo&0&rDXGF&Ex&dxAC_equip,LRM AOE LSC R22 R410a rDXGF Measure,58.38,103.18,40418.45,71430.16,16.27161867,3.25500731,1.44365192,1.26005582,0.0,5.22575174,0.0,0.55357013,0.0,0.0,0.0,0.0,4.53357773,0.0,0.0,0.0,1.44365192,3.25500731,0.0,2.08013719,3.14561455,0.0,0.0,230.77,0.0024768,2484.0,0.0024768
runs/CZ04/DMo&0&rDXGF&Ex&dxAC_equip/LRM AOE +15% RCA LSC R22 R410a rDXGF Measure/instance-out.sql,CZ04,DMo,weighted,rDXGF,Ex,dxAC_equip,,LRM AOE +15% RCA LSC R22 R410a rDXGF Measure,DMo&0&rDXGF&Ex&dxAC_equip,LRM AOE +15% RCA LSC R22 R410a rDXGF Measure,57.39,100.04,39733.19,69259.91,15.99574343,3.25500731,1.16778071,1.26005582,0.0,5.22575174,0.0,0.55357013,0.0,0.0,0.0,0.0,4.53357773,0.0,0.0,0.0,1.16778071,3.25500731,0.0,2.08013719,3.14561455,0.0,0.0,230.77,0.00217144,2484.0,0.00217144
runs/CZ04/DMo&0&rDXGF&Ex&dxAC_equip/LRM AOE +7.5% RCA LSC R22 R410a rDXGF Measure/instance-out.sql,CZ04,DMo,weighted,rDXGF,Ex,dxAC_equip,,LRM AOE +7.5% RCA LSC R22 R410a rDXGF Measure,DMo&0&rDXGF&Ex&dxAC_equip,LRM AOE +7.5% RCA LSC R22 R410a rDXGF Measure,58.16,102.47,40263.03,70937.94,16.20904986,3.25500731,1.38108311,1.26005582,0.0,5.22575174,0.0,0.55357013,0.0,0.0,0.0,0.0,4.53357773,0.0,0.0,0.0,1.38108311,3.25500731,0.0,2.08013719,3.14561455,0.0,0.0,230.77,0.00240754,2484.0,0.00240754
runs/CZ04/DMo&0&rDXGF&Ex&dxAC_equip/LRM NR R454b rDXGF Base/instance-out.sql,CZ04,DMo,weighted,rDXGF,Ex,dxAC_equip,,LRM NR R454b rDXGF Base,DMo&0&rDXGF&Ex&dxAC_equip,LRM NR R454b rDXGF Base,58.36,103.12,40405.69,71389.72,16.26647774,3.25500731,1.43851501,1.26005582,0.0,5.22575174,0.0,0.55357013,0.0,0.0,0.0,0.0,4.53357773,0.0,0.0,0.0,1.43851501,3.25500731,0.0,2.08013719,3.14561455,0.0,0.0,230.77,0.00247111,2484.0,0.00247111
runs/CZ04/DMo&0&rDXHP&Ex&dxHP_equip/LRM AOE +15% RCA LSC R22 R410a rDXHP Measure/instance-out.sql,CZ04,DMo,weighted,rDXHP,Ex,dxHP_equip,,LRM AOE +15% RCA LSC R22 R410a rDXHP Measure,DMo&0&rDXHP&Ex&dxHP_equip,LRM AOE +15% RCA LSC R22 R410a rDXHP Measure,50.0,100.94,34616.87,69880.13,13.93602102,1.24179886,1.16744254,1.26005582,0.0,5.22575174,0.0,0.50386371,0.0,0.0,0.0,0.0,4.53710835,0.0,0.0,1.24179886,1.16744254,0.0,0.0,2.08013719,3.14561455,0.0,0.0,230.77,0.00217144,2484.0,0.00217144
runs/CZ04/DMo&0&rDXGF&Ex&dxAC_equip/LRM AOE R22 R410a rDXGF Base/instance-out.sql,CZ04,DMo,weighted,rDXGF,Ex,dxAC_equip,,LRM AOE R22 R410a rDXGF Base,DMo&0&rDXGF&Ex&dxAC_equip,LRM AOE R22 R410a rDXGF Base,58.92,104.89,40792.88,72615.96,16.42235226,3.25500731,1.59438953,1.26005582,0.0,5.22575174,0.0,0.55357013,0.0,0.0,0.0,0.0,4.53357773,0.0,0.0,0.0,1.59438953,3.25500731,0.0,2.08013719,3.14561455,0.0,0.0,230.77,0.00264365,2484.0,0.00264365
runs/CZ04/DMo&0&rDXGF&Ex&dxAC_equip/LRM AOE +22.5% RCA LSC R22 R410a rDXGF Measure/instance-out.sql,CZ04,DMo,weighted,rDXGF,Ex,dxAC_equip,,LRM AOE +22.5% RCA LSC R22 R410a rDXGF Measure,DMo&0&rDXGF&Ex&dxAC_equip,LRM AOE +22.5% RCA LSC R22 R410a rDXGF Measure,56.63,97.62,39203.34,67581.88,15.78243701,3.25500731,0.95447428,1.26005582,0.0,5.22575174,0.0,0.55357013,0.0,0.0,0.0,0.0,4.53357773,0.0,0.0,0.0,0.95447428,3.25500731,0.0,2.08013719,3.14561455,0.0,0.0,230.77,0.00193534,2484.0,0.00193534
runs/CZ04/DMo&0&rDXHP&Ex&dxHP_equip/LRM AOE +22.5% RCA LSC R22 R410a rDXHP Measure/instance-out.sql,CZ04,DMo,weighted,rDXHP,Ex,dxHP_equip,,LRM AOE +22.5% RCA LSC R22 R410a rDXHP Measure,DMo&0&rDXHP&Ex&dxHP_equip,LRM AOE +22.5% RCA LSC R22 R410a rDXHP Measure,48.99,97.74,33917.8,67666.18,13.6545902,1.17361408,0.95419651,1.26005582,0.0,5.22575174,0.0,0.50386371,0.0,0.0,0.0,0.0,4.53710835,0.0,0.0,1.17361408,0.95419651,0.0,0.0,2.08013719,3.14561455,0.0,0.0,230.77,0.00193534,2484.0,0.00193534
runs/CZ04/DMo&0&rDXHP&Ex&dxHP_equip/LRM AOE +30% RCA LSC R22 R410a rDXHP Measure/instance-out.sql,CZ04,DMo,weighted,rDXHP,Ex,dxHP_equip,,LRM AOE +30% RCA LSC R22 R410a rDXHP Measure,DMo&0&rDXHP&Ex&dxHP_equip,LRM AOE +30% RCA LSC R22 R410a rDXHP Measure,47.98,94.54,33218.73,65452.23,13.37315937,1.10542526,0.74095449,1.26005582,0.0,5.22575174,0.0,0.50386371,0.0,0.0,0.0,0.0,4.53710835,0.0,0.0,1.10542526,0.74095449,0.0,0.0,2.08013719,3.14561455,0.0,0.0,230.77,0.00169924,2484.0,0.00169924
runs/CZ05/DMo&0&rDXGF&Ex&dxAC_equip/LRM AOE +15% RCA LSC R22 R410a rDXGF Measure/instance-out.sql,CZ05,DMo,weighted,rDXGF,Ex,dxAC_equip,,LRM AOE +15% RCA LSC R22 R410a rDXGF Measure,DMo&0&rDXGF&Ex&dxAC_equip,LRM AOE +15% RCA LSC R22 R410a rDXGF Measure,50.81,86.34,35178.04,59775.02,14.16193219,2.2302186,0.52127122,1.26005582,0.0,5.22575174,0.0,0.32126198,0.0,0.0,0.0,0.0,4.60337283,0.0,0.0,0.0,0.52127122,2.2302186,0.0,2.08013719,3.14561455,0.0,0.0,230.77,0.00133308,2484.0,0.00133308
runs/CZ04/DMo&0&rDXHP&Ex&dxHP_equip/LRM AOE +7.5% RCA LSC R22 R410a rDXHP Measure/instance-out.sql,CZ04,DMo,weighted,rDXHP,Ex,dxHP_equip,,LRM AOE +7.5% RCA LSC R22 R410a rDXHP Measure,DMo&0&rDXHP&Ex&dxHP_equip,LRM AOE +7.5% RCA LSC R22 R410a rDXHP Measure,51.01,104.14,35315.94,72094.08,14.21745184,1.30998365,1.38068455,1.26005582,0.0,5.22575174,0.0,0.50386371,0.0,0.0,0.0,0.0,4.53710835,0.0,0.0,1.30998365,1.38068455,0.0,0.0,2.08013719,3.14561455,0.0,0.0,230.77,0.00240755,2484.0,0.00240755
runs/CZ05/DMo&0&rDXGF&Ex&dxAC_equip/LRM AOE +22.5% RCA LSC R22 R410a rDXGF Measure/instance-out.sql,CZ05,DMo,weighted,rDXGF,Ex,dxAC_equip,,LRM AOE +22.5% RCA LSC R22 R410a rDXGF Measure,DMo&0&rDXGF&Ex&dxAC_equip,LRM AOE +22.5% RCA LSC R22 R410a rDXGF Measure,50.47,85.26,34941.52,59025.98,14.06671825,2.2302186,0.42605729,1.26005582,0.0,5.22575174,0.0,0.32126198,0.0,0.0,0.0,0.0,4.60337283,0.0,0.0,0.0,0.42605729,2.2302186,0.0,2.08013719,3.14561455,0.0,0.0,230.77,0.00122054,2484.0,0.00122054
runs/CZ04/DMo&0&rDXHP&Ex&dxHP_equip/LRM AOE LSC R22 R410a rDXHP Measure/instance-out.sql,CZ04,DMo,weighted,rDXHP,Ex,dxHP_equip,,LRM AOE LSC R22 R410a rDXHP Measure,DMo&0&rDXHP&Ex&dxHP_equip,LRM AOE LSC R22 R410a rDXHP Measure,51.31,105.07,35521.0,72743.51,14.30000467,1.32998779,1.44323726,1.26005582,0.0,5.22575174,0.0,0.50386371,0.0,0.0,0.0,0.0,4.53710835,0.0,0.0,1.32998779,1.44323726,0.0,0.0,2.08013719,3.14561455,0.0,0.0,230.77,0.0024768,2484.0,0.0024768
runs/CZ04/DMo&0&rDXHP&Ex&dxHP_equip/LRM NR LSC R32 R454b rDXHP Measure/instance-out.sql,CZ04,DMo,weighted,rDXHP,Ex,dxHP_equip,,LRM NR LSC R32 R454b rDXHP Measure,DMo&0&rDXHP&Ex&dxHP_equip,LRM NR LSC R32 R454b rDXHP Measure,49.94,100.73,34570.72,69733.96,13.91743798,1.08852098,1.30213739,1.26005582,0.0,5.22575174,0.0,0.50386371,0.0,0.0,0.0,0.0,4.53710835,0.0,0.0,1.08852098,1.30213739,0.0,0.0,2.08013719,3.14561455,0.0,0.0,230.77,0.00232058,2484.0,0.00232058
runs/CZ04/DMo&0&rDXHP&Ex&dxHP_equip/LRM AOE R22 R410a rDXHP Base/instance-out.sql,CZ04,DMo,weighted,rDXHP,Ex,dxHP_equip,,LRM AOE R22 R410a rDXHP Base,DMo&0&rDXHP&Ex&dxHP_equip,LRM AOE R22 R410a rDXHP Base,52.02,107.33,36015.01,74308.03,14.49887864,1.37817246,1.59393059,1.26005582,0.0,5.22575174,0.0,0.50386371,0.0,0.0,0.0,0.0,4.53710835,0.0,0.0,1.37817246,1.59393059,0.0,0.0,2.08013719,3.14561455,0.0,0.0,230.77,0.00264365,2484.0,0.00264365
runs/CZ04/DMo&0&rDXHP&Ex&dxHP_equip/LRM AOE +40% RCA LSC R22 R410a rDXHP Measure/instance-out.sql,CZ04,DMo,weighted,rDXHP,Ex,dxHP_equip,,LRM AOE +40% RCA LSC R22 R410a rDXHP Measure,DMo&0&rDXHP&Ex&dxHP_equip,LRM AOE +40% RCA LSC R22 R410a rDXHP Measure,46.64,90.28,32286.64,62500.3,12.99791962,1.01451087,0.45662913,1.26005582,0.0,5.22575174,0.0,0.50386371,0.0,0.0,0.0,0.0,4.53710835,0.0,0.0,1.01451087,0.45662913,0.0,0.0,2.08013719,3.14561455,0.0,0.0,230.77,0.00138444,2484.0,0.00138444
runs/CZ04/DMo&0&rDXHP&Ex&dxHP_equip/LRM NR R32 R454b rDXHP Base/instance-out.sql,CZ04,DMo,weighted,rDXHP,Ex,dxHP_equip,,LRM NR R32 R454b rDXHP Base,DMo&0&rDXHP&Ex&dxHP_equip,LRM NR R32 R454b rDXHP Base,50.56,102.71,35003.54,71104.72,14.0916862,1.12680623,1.43810035,1.26005582,0.0,5.22575174,0.0,0.50386371,0.0,0.0,0.0,0.0,4.53710835,0.0,0.0,1.12680623,1.43810035,0.0,0.0,2.08013719,3.14561455,0.0,0.0,230.77,0.00247111,2484.0,0.00247111
runs/CZ05/DMo&0&rDXGF&Ex&dxAC_equip/LRM AOE +30% RCA LSC R22 R410a rDXGF Measure/instance-out.sql,CZ05,DMo,weighted,rDXGF,Ex,dxAC_equip,,LRM AOE +30% RCA LSC R22 R410a rDXGF Measure,DMo&0&rDXGF&Ex&dxAC_equip,LRM AOE +30% RCA LSC R22 R410a rDXGF Measure,50.13,84.18,34705.01,58276.94,13.97150432,2.2302186,0.33084336,1.26005582,0.0,5.22575174,0.0,0.32126198,0.0,0.0,0.0,0.0,4.60337283,0.0,0.0,0.0,0.33084336,2.2302186,0.0,2.08013719,3.14561455,0.0,0.0,230.77,0.001108,2484.0,0.001108
runs/CZ05/DMo&0&rDXGF&Ex&dxAC_equip/LRM AOE +40% RCA LSC R22 R410a rDXGF Measure/instance-out.sql,CZ05,DMo,weighted,rDXGF,Ex,dxAC_equip,,LRM AOE +40% RCA LSC R22 R410a rDXGF Measure,DMo&0&rDXGF&Ex&dxAC_equip,LRM AOE +40% RCA LSC R22 R410a rDXGF Measure,49.67,82.73,34389.66,57278.23,13.84455107,2.2302186,0.2038901,1.26005582,0.0,5.22575174,0.0,0.32126198,0.0,0.0,0.0,0.0,4.60337283,0.0,0.0,0.0,0.2038901,2.2302186,0.0,2.08013719,3.14561455,0.0,0.0,230.77,0.00095795,2484.0,0.00095795
runs/CZ05/DMo&0&rDXGF&Ex&dxAC_equip/LRM AOE +7.5% RCA LSC R22 R410a rDXGF Measure/instance-out.sql,CZ05,DMo,weighted,rDXGF,Ex,dxAC_equip,,LRM AOE +7.5% RCA LSC R22 R410a rDXGF Measure,DMo&0&rDXGF&Ex&dxAC_equip,LRM AOE +7.5% RCA LSC R22 R410a rDXGF Measure,51.15,87.42,35414.55,60524.05,14.25715015,2.2302186,0.61648918,1.26005582,0.0,5.22575174,0.0,0.32126198,0.0,0.0,0.0,0.0,4.60337283,0.0,0.0,0.0,0.61648918,2.2302186,0.0,2.08013719,3.14561455,0.0,0.0,230.77,0.00144561,2484.0,0.00144561
runs/CZ05/DMo&0&rDXGF&Ex&dxAC_equip/LRM NR R454b rDXGF Base/instance-out.sql,CZ05,DMo,weighted,rDXGF,Ex,dxAC_equip,,LRM NR R454b rDXGF Base,DMo&0&rDXGF&Ex&dxAC_equip,LRM NR R454b rDXGF Base,51.25,87.71,35478.23,60725.72,14.28278637,2.2302186,0.64212138,1.26005582,0.0,5.22575174,0.0,0.32126198,0.0,0.0,0.0,0.0,4.60337283,0.0,0.0,0.0,0.64212138,2.2302186,0.0,2.08013719,3.14561455,0.0,0.0,230.77,0.00147591,2484.0,0.00147591
runs/CZ05/DMo&0&rDXGF&Ex&dxAC_equip/LRM AOE R22 R410a rDXGF Base/instance-out.sql,CZ05,DMo,weighted,rDXGF,Ex,dxAC_equip,,LRM AOE R22 R410a rDXGF Base,DMo&0&rDXGF&Ex&dxAC_equip,LRM AOE R22 R410a rDXGF Base,51.5,88.5,35651.06,61273.09,14.35236408,2.2302186,0.71170311,1.26005582,0.0,5.22575174,0.0,0.32126198,0.0,0.0,0.0,0.0,4.60337283,0.0,0.0,0.0,0.71170311,2.2302186,0.0,2.08013719,3.14561455,0.0,0.0,230.77,0.00155815,2484.0,0.00155815
runs/CZ05/DMo&0&rDXGF&Ex&dxAC_equip/LRM AOE LSC R22 R410a rDXGF Measure/instance-out.sql,CZ05,DMo,weighted,rDXGF,Ex,dxAC_equip,,LRM AOE LSC R22 R410a rDXGF Measure,DMo&0&rDXGF&Ex&dxAC_equip,LRM AOE LSC R22 R410a rDXGF Measure,51.25,87.74,35483.93,60743.77,14.28508107,2.2302186,0.64441608,1.26005582,0.0,5.22575174,0.0,0.32126198,0.0,0.0,0.0,0.0,4.60337283,0.0,0.0,0.0,0.64441608,2.2302186,0.0,2.08013719,3.14561455,0.0,0.0,230.77,0.00147863,2484.0,0.00147863
runs/CZ05/DMo&0&rDXHP&Ex&dxHP_equip/LRM AOE +22.5% RCA LSC R22 R410a rDXHP Measure/instance-out.sql,CZ05,DMo,weighted,rDXHP,Ex,dxHP_equip,,LRM AOE +22.5% RCA LSC R22 R410a rDXHP Measure,DMo&0&rDXHP&Ex&dxHP_equip,LRM AOE +22.5% RCA LSC R22 R410a rDXHP Measure,45.07,84.81,31202.43,58712.48,12.56143956,0.75895782,0.42589626,1.26005582,0.0,5.22575174,0.0,0.28522714,0.0,0.0,0.0,0.0,4.60555078,0.0,0.0,0.75895782,0.42589626,0.0,0.0,2.08013719,3.14561455,0.0,0.0,230.77,0.00122054,2484.0,0.00122054
runs/CZ05/DMo&0&rDXGF&Ex&dxAC_equip/LRM NR LSC R454b rDXGF Measure/instance-out.sql,CZ05,DMo,weighted,rDXGF,Ex,dxAC_equip,,LRM NR LSC R454b rDXGF Measure,DMo&0&rDXGF&Ex&dxAC_equip,LRM NR LSC R454b rDXGF Measure,51.03,87.02,35327.43,60248.15,14.22207747,2.2302186,0.58141651,1.26005582,0.0,5.22575174,0.0,0.32126198,0.0,0.0,0.0,0.0,4.60337283,0.0,0.0,0.0,0.58141651,2.2302186,0.0,2.08013719,3.14561455,0.0,0.0,230.77,0.00140416,2484.0,0.00140416
runs/CZ05/DMo&0&rDXHP&Ex&dxHP_equip/LRM AOE +30% RCA LSC R22 R410a rDXHP Measure/instance-out.sql,CZ05,DMo,weighted,rDXHP,Ex,dxHP_equip,,LRM AOE +30% RCA LSC R22 R410a rDXHP Measure,DMo&0&rDXHP&Ex&dxHP_equip,LRM AOE +30% RCA LSC R22 R410a rDXHP Measure,44.56,83.2,30852.21,57603.33,12.42044838,0.71314434,0.33071856,1.26005582,0.0,5.22575174,0.0,0.28522714,0.0,0.0,0.0,0.0,4.60555078,0.0,0.0,0.71314434,0.33071856,0.0,0.0,2.08013719,3.14561455,0.0,0.0,230.77,0.001108,2484.0,0.001108
runs/CZ05/DMo&0&rDXHP&Ex&dxHP_equip/LRM AOE LSC R22 R410a rDXHP Measure/instance-out.sql,CZ05,DMo,weighted,rDXHP,Ex,dxHP_equip,,LRM AOE LSC R22 R410a rDXHP Measure,DMo&0&rDXHP&Ex&dxHP_equip,LRM AOE LSC R22 R410a rDXHP Measure,46.23,88.48,32005.61,61256.15,12.88478287,0.86402286,0.64417453,1.26005582,0.0,5.22575174,0.0,0.28522714,0.0,0.0,0.0,0.0,4.60555078,0.0,0.0,0.86402286,0.64417453,0.0,0.0,2.08013719,3.14561455,0.0,0.0,230.77,0.00147863,2484.0,0.00147863
runs/CZ05/DMo&0&rDXHP&Ex&dxHP_equip/LRM AOE +15% RCA LSC R22 R410a rDXHP Measure/instance-out.sql,CZ05,DMo,weighted,rDXHP,Ex,dxHP_equip,,LRM AOE +15% RCA LSC R22 R410a rDXHP Measure,DMo&0&rDXHP&Ex&dxHP_equip,LRM AOE +15% RCA LSC R22 R410a rDXHP Measure,45.58,86.41,31552.65,59821.64,12.70243477,0.8047713,0.52107396,1.26005582,0.0,5.22575174,0.0,0.28522714,0.0,0.0,0.0,0.0,4.60555078,0.0,0.0,0.8047713,0.52107396,0.0,0.0,2.08013719,3.14561455,0.0,0.0,230.77,0.00133308,2484.0,0.00133308
runs/CZ05/DMo&0&rDXHP&Ex&dxHP_equip/LRM AOE +40% RCA LSC R22 R410a rDXHP Measure/instance-out.sql,CZ05,DMo,weighted,rDXHP,Ex,dxHP_equip,,LRM AOE +40% RCA LSC R22 R410a rDXHP Measure,DMo&0&rDXHP&Ex&dxHP_equip,LRM AOE +40% RCA LSC R22 R410a rDXHP Measure,43.89,81.07,30385.24,56124.45,12.23246015,0.65206105,0.20380959,1.26005582,0.0,5.22575174,0.0,0.28522714,0.0,0.0,0.0,0.0,4.60555078,0.0,0.0,0.65206105,0.20380959,0.0,0.0,2.08013719,3.14561455,0.0,0.0,230.77,0.00095794,2484.0,0.00095794
runs/CZ06/DMo&0&rDXGF&Ex&dxAC_equip/LRM AOE +15% RCA LSC R22 R410a rDXGF Measure/instance-out.sql,CZ06,DMo,weighted,rDXGF,Ex,dxAC_equip,,LRM AOE +15% RCA LSC R22 R410a rDXGF Measure,DMo&0&rDXGF&Ex&dxAC_equip,LRM AOE +15% RCA LSC R22 R410a rDXGF Measure,48.78,87.74,33772.29,60741.43,13.59601094,1.27484254,0.91973173,1.26005582,0.0,5.22575174,0.0,0.40408856,0.0,0.0,0.0,0.0,4.51154056,0.0,0.0,0.0,0.91973173,1.27484254,0.0,2.08013719,3.14561455,0.0,0.0,230.77,0.0014418,2484.0,0.0014418
runs/CZ05/DMo&0&rDXHP&Ex&dxHP_equip/LRM NR R32 R454b rDXHP Base/instance-out.sql,CZ05,DMo,weighted,rDXHP,Ex,dxHP_equip,,LRM NR R32 R454b rDXHP Base,DMo&0&rDXHP&Ex&dxHP_equip,LRM NR R32 R454b rDXHP Base,45.73,86.9,31660.82,60164.19,12.7459777,0.72751239,0.64187983,1.26005582,0.0,5.22575174,0.0,0.28522714,0.0,0.0,0.0,0.0,4.60555078,0.0,0.0,0.72751239,0.64187983,0.0,0.0,2.08013719,3.14561455,0.0,0.0,230.77,0.00147591,2484.0,0.00147591
runs/CZ05/DMo&0&rDXHP&Ex&dxHP_equip/LRM AOE +7.5% RCA LSC R22 R410a rDXHP Measure/instance-out.sql,CZ05,DMo,weighted,rDXHP,Ex,dxHP_equip,,LRM AOE +7.5% RCA LSC R22 R410a rDXHP Measure,DMo&0&rDXHP&Ex&dxHP_equip,LRM AOE +7.5% RCA LSC R22 R410a rDXHP Measure,46.08,88.01,31902.88,60930.8,12.84342594,0.85058478,0.61625568,1.26005582,0.0,5.22575174,0.0,0.28522714,0.0,0.0,0.0,0.0,4.60555078,0.0,0.0,0.85058478,0.61625568,0.0,0.0,2.08013719,3.14561455,0.0,0.0,230.77,0.00144561,2484.0,0.00144561
runs/CZ05/DMo&0&rDXHP&Ex&dxHP_equip/LRM AOE R22 R410a rDXHP Base/instance-out.sql,CZ05,DMo,weighted,rDXHP,Ex,dxHP_equip,,LRM AOE R22 R410a rDXHP Base,DMo&0&rDXHP&Ex&dxHP_equip,LRM AOE R22 R410a rDXHP Base,46.59,89.61,32253.1,62039.95,12.98441712,0.89639825,0.71143338,1.26005582,0.0,5.22575174,0.0,0.28522714,0.0,0.0,0.0,0.0,4.60555078,0.0,0.0,0.89639825,0.71143338,0.0,0.0,2.08013719,3.14561455,0.0,0.0,230.77,0.00155815,2484.0,0.00155815
runs/CZ06/DMo&0&rDXGF&Ex&dxAC_equip/LRM AOE +22.5% RCA LSC R22 R410a rDXGF Measure/instance-out.sql,CZ06,DMo,weighted,rDXGF,Ex,dxAC_equip,,LRM AOE +22.5% RCA LSC R22 R410a rDXGF Measure,DMo&0&rDXGF&Ex&dxAC_equip,LRM AOE +22.5% RCA LSC R22 R410a rDXGF Measure,48.18,85.83,33354.99,59419.83,13.42801477,1.27484254,0.75173556,1.26005582,0.0,5.22575174,0.0,0.40408856,0.0,0.0,0.0,0.0,4.51154056,0.0,0.0,0.0,0.75173556,1.27484254,0.0,2.08013719,3.14561455,0.0,0.0,230.77,0.00131423,2484.0,0.00131423
runs/CZ05/DMo&0&rDXHP&Ex&dxHP_equip/LRM NR LSC R32 R454b rDXHP Measure/instance-out.sql,CZ05,DMo,weighted,rDXHP,Ex,dxHP_equip,,LRM NR LSC R32 R454b rDXHP Measure,DMo&0&rDXHP&Ex&dxHP_equip,LRM NR LSC R32 R454b rDXHP Measure,45.42,85.92,31446.18,59484.43,12.65956817,0.70178759,0.58119509,1.26005582,0.0,5.22575174,0.0,0.28522714,0.0,0.0,0.0,0.0,4.60555078,0.0,0.0,0.70178759,0.58119509,0.0,0.0,2.08013719,3.14561455,0.0,0.0,230.77,0.00140416,2484.0,0.00140416
runs/CZ06/DMo&0&rDXGF&Ex&dxAC_equip/LRM AOE +40% RCA LSC R22 R410a rDXGF Measure/instance-out.sql,CZ06,DMo,weighted,rDXGF,Ex,dxAC_equip,,LRM AOE +40% RCA LSC R22 R410a rDXGF Measure,DMo&0&rDXGF&Ex&dxAC_equip,LRM AOE +40% RCA LSC R22 R410a rDXGF Measure,46.77,81.37,32381.28,56336.09,13.03601968,1.27484254,0.35974047,1.26005582,0.0,5.22575174,0.0,0.40408856,0.0,0.0,0.0,0.0,4.51154056,0.0,0.0,0.0,0.35974047,1.27484254,0.0,2.08013719,3.14561455,0.0,0.0,230.77,0.00101657,2484.0,0.00101657
runs/CZ06/DMo&0&rDXGF&Ex&dxAC_equip/LRM AOE +30% RCA LSC R22 R410a rDXGF Measure/instance-out.sql,CZ06,DMo,weighted,rDXGF,Ex,dxAC_equip,,LRM AOE +30% RCA LSC R22 R410a rDXGF Measure,DMo&0&rDXGF&Ex&dxAC_equip,LRM AOE +30% RCA LSC R22 R410a rDXGF Measure,47.58,83.92,32937.68,58098.23,13.2600186,1.27484254,0.58373939,1.26005582,0.0,5.22575174,0.0,0.40408856,0.0,0.0,0.0,0.0,4.51154056,0.0,0.0,0.0,0.58373939,1.27484254,0.0,2.08013719,3.14561455,0.0,0.0,230.77,0.00118667,2484.0,0.00118667
runs/CZ06/DMo&0&rDXGF&Ex&dxAC_equip/LRM NR R454b rDXGF Base/instance-out.sql,CZ06,DMo,weighted,rDXGF,Ex,dxAC_equip,,LRM NR R454b rDXGF Base,DMo&0&rDXGF&Ex&dxAC_equip,LRM NR R454b rDXGF Base,49.55,90.16,34301.95,62418.85,13.80924088,1.27484254,1.13296166,1.26005582,0.0,5.22575174,0.0,0.40408856,0.0,0.0,0.0,0.0,4.51154056,0.0,0.0,0.0,1.13296166,1.27484254,0.0,2.08013719,3.14561455,0.0,0.0,230.77,0.00160372,2484.0,0.00160372
runs/CZ06/DMo&0&rDXGF&Ex&dxAC_equip/LRM AOE +7.5% RCA LSC R22 R410a rDXGF Measure/instance-out.sql,CZ06,DMo,weighted,rDXGF,Ex,dxAC_equip,,LRM AOE +7.5% RCA LSC R22 R410a rDXGF Measure,DMo&0&rDXGF&Ex&dxAC_equip,LRM AOE +7.5% RCA LSC R22 R410a rDXGF Measure,49.38,89.65,34189.59,62063.03,13.76401114,1.27484254,1.08773192,1.26005582,0.0,5.22575174,0.0,0.40408856,0.0,0.0,0.0,0.0,4.51154056,0.0,0.0,0.0,1.08773192,1.27484254,0.0,2.08013719,3.14561455,0.0,0.0,230.77,0.00156937,2484.0,0.00156937
runs/CZ06/DMo&0&rDXGF&Ex&dxAC_equip/LRM AOE LSC R22 R410a rDXGF Measure/instance-out.sql,CZ06,DMo,weighted,rDXGF,Ex,dxAC_equip,,LRM AOE LSC R22 R410a rDXGF Measure,DMo&0&rDXGF&Ex&dxAC_equip,LRM AOE LSC R22 R410a rDXGF Measure,49.56,90.21,34312.0,62450.7,13.81328679,1.27484254,1.1370116,1.26005582,0.0,5.22575174,0.0,0.40408856,0.0,0.0,0.0,0.0,4.51154056,0.0,0.0,0.0,1.1370116,1.27484254,0.0,2.08013719,3.14561455,0.0,0.0,230.77,0.00160679,2484.0,0.00160679
runs/CZ06/DMo&0&rDXHP&Ex&dxHP_equip/LRM AOE +30% RCA LSC R22 R410a rDXHP Measure/instance-out.sql,CZ06,DMo,weighted,rDXHP,Ex,dxHP_equip,,LRM AOE +30% RCA LSC R22 R410a rDXHP Measure,DMo&0&rDXHP&Ex&dxHP_equip,LRM AOE +30% RCA LSC R22 R410a rDXHP Measure,44.31,83.08,30673.99,57518.38,12.34870077,0.38295317,0.5835381,1.26005582,0.0,5.22575174,0.0,0.38351678,0.0,0.0,0.0,0.0,4.51288518,0.0,0.0,0.38295317,0.5835381,0.0,0.0,2.08013719,3.14561455,0.0,0.0,230.77,0.00118667,2484.0,0.00118667
runs/CZ06/DMo&0&rDXGF&Ex&dxAC_equip/LRM NR LSC R454b rDXGF Measure/instance-out.sql,CZ06,DMo,weighted,rDXGF,Ex,dxAC_equip,,LRM NR LSC R454b rDXGF Measure,DMo&0&rDXGF&Ex&dxAC_equip,LRM NR LSC R454b rDXGF Measure,49.16,88.94,34035.88,61576.23,13.70212671,1.27484254,1.02585152,1.26005582,0.0,5.22575174,0.0,0.40408856,0.0,0.0,0.0,0.0,4.51154056,0.0,0.0,0.0,1.02585152,1.27484254,0.0,2.08013719,3.14561455,0.0,0.0,230.77,0.00152238,2484.0,0.00152238
runs/CZ06/DMo&0&rDXHP&Ex&dxHP_equip/LRM AOE +7.5% RCA LSC R22 R410a rDXHP Measure/instance-out.sql,CZ06,DMo,weighted,rDXHP,Ex,dxHP_equip,,LRM AOE +7.5% RCA LSC R22 R410a rDXHP Measure,DMo&0&rDXHP&Ex&dxHP_equip,LRM AOE +7.5% RCA LSC R22 R410a rDXHP Measure,46.4,89.72,32125.52,62115.37,12.93305611,0.46348907,1.08736155,1.26005582,0.0,5.22575174,0.0,0.38351678,0.0,0.0,0.0,0.0,4.51288518,0.0,0.0,0.46348907,1.08736155,0.0,0.0,2.08013719,3.14561455,0.0,0.0,230.77,0.00156937,2484.0,0.00156937
runs/CZ06/DMo&0&rDXGF&Ex&dxAC_equip/LRM AOE R22 R410a rDXGF Base/instance-out.sql,CZ06,DMo,weighted,rDXGF,Ex,dxAC_equip,,LRM AOE R22 R410a rDXGF Base,DMo&0&rDXGF&Ex&dxAC_equip,LRM AOE R22 R410a rDXGF Base,49.99,91.55,34606.9,63384.63,13.93200731,1.27484254,1.25572809,1.26005582,0.0,5.22575174,0.0,0.40408856,0.0,0.0,0.0,0.0,4.51154056,0.0,0.0,0.0,1.25572809,1.27484254,0.0,2.08013719,3.14561455,0.0,0.0,230.77,0.00169694,2484.0,0.00169694
runs/CZ06/DMo&0&rDXHP&Ex&dxHP_equip/LRM AOE +22.5% RCA LSC R22 R410a rDXHP Measure/instance-out.sql,CZ06,DMo,weighted,rDXHP,Ex,dxHP_equip,,LRM AOE +22.5% RCA LSC R22 R410a rDXHP Measure,DMo&0&rDXHP&Ex&dxHP_equip,LRM AOE +22.5% RCA LSC R22 R410a rDXHP Measure,45.01,85.29,31157.83,59050.71,12.54348857,0.40979713,0.75147791,1.26005582,0.0,5.22575174,0.0,0.38351678,0.0,0.0,0.0,0.0,4.51288518,0.0,0.0,0.40979713,0.75147791,0.0,0.0,2.08013719,3.14561455,0.0,0.0,230.77,0.00131423,2484.0,0.00131423
runs/CZ06/DMo&0&rDXHP&Ex&dxHP_equip/LRM AOE +15% RCA LSC R22 R410a rDXHP Measure/instance-out.sql,CZ06,DMo,weighted,rDXHP,Ex,dxHP_equip,,LRM AOE +15% RCA LSC R22 R410a rDXHP Measure,DMo&0&rDXHP&Ex&dxHP_equip,LRM AOE +15% RCA LSC R22 R410a rDXHP Measure,45.7,87.51,31641.68,60583.04,12.73827234,0.43664109,0.91941772,1.26005582,0.0,5.22575174,0.0,0.38351678,0.0,0.0,0.0,0.0,4.51288518,0.0,0.0,0.43664109,0.91941772,0.0,0.0,2.08013719,3.14561455,0.0,0.0,230.77,0.0014418,2484.0,0.0014418
runs/CZ06/DMo&0&rDXHP&Ex&dxHP_equip/LRM AOE LSC R22 R410a rDXHP Measure/instance-out.sql,CZ06,DMo,weighted,rDXHP,Ex,dxHP_equip,,LRM AOE LSC R22 R410a rDXHP Measure,DMo&0&rDXHP&Ex&dxHP_equip,LRM AOE LSC R22 R410a rDXHP Measure,46.61,90.37,32267.45,62564.85,12.99019413,0.47136352,1.1366211,1.26005582,0.0,5.22575174,0.0,0.38351678,0.0,0.0,0.0,0.0,4.51288518,0.0,0.0,0.47136352,1.1366211,0.0,0.0,2.08013719,3.14561455,0.0,0.0,230.77,0.00160679,2484.0,0.00160679
runs/CZ07/DMo&0&rDXGF&Ex&dxAC_equip/LRM AOE +40% RCA LSC R22 R410a rDXGF Measure/instance-out.sql,CZ07,DMo,weighted,rDXGF,Ex,dxAC_equip,,LRM AOE +40% RCA LSC R22 R410a rDXGF Measure,DMo&0&rDXGF&Ex&dxAC_equip,LRM AOE +40% RCA LSC R22 R410a rDXGF Measure,45.75,79.3,31673.83,54898.16,12.75121525,1.1281911,0.30883034,1.26005582,0.0,5.22575174,0.0,0.32530387,0.0,0.0,0.0,0.0,4.50308238,0.0,0.0,0.0,0.30883034,1.1281911,0.0,2.08013719,3.14561455,0.0,0.0,230.77,0.00111028,2484.0,0.00111028
runs/CZ06/DMo&0&rDXHP&Ex&dxHP_equip/LRM AOE R22 R410a rDXHP Base/instance-out.sql,CZ06,DMo,weighted,rDXHP,Ex,dxHP_equip,,LRM AOE R22 R410a rDXHP Base,DMo&0&rDXHP&Ex&dxHP_equip,LRM AOE R22 R410a rDXHP Base,47.1,91.93,32609.36,63647.7,13.1278439,0.49033303,1.25530136,1.26005582,0.0,5.22575174,0.0,0.38351678,0.0,0.0,0.0,0.0,4.51288518,0.0,0.0,0.49033303,1.25530136,0.0,0.0,2.08013719,3.14561455,0.0,0.0,230.77,0.00169694,2484.0,0.00169694
runs/CZ06/DMo&0&rDXHP&Ex&dxHP_equip/LRM NR LSC R32 R454b rDXHP Measure/instance-out.sql,CZ06,DMo,weighted,rDXHP,Ex,dxHP_equip,,LRM NR LSC R32 R454b rDXHP Measure,DMo&0&rDXHP&Ex&dxHP_equip,LRM NR LSC R32 R454b rDXHP Measure,45.87,88.03,31755.28,60942.83,12.78400933,0.37629854,1.02550128,1.26005582,0.0,5.22575174,0.0,0.38351678,0.0,0.0,0.0,0.0,4.51288518,0.0,0.0,0.37629854,1.02550128,0.0,0.0,2.08013719,3.14561455,0.0,0.0,230.77,0.00152238,2484.0,0.00152238
runs/CZ07/DMo&0&rDXGF&Ex&dxAC_equip/LRM AOE +30% RCA LSC R22 R410a rDXGF Measure/instance-out.sql,CZ07,DMo,weighted,rDXGF,Ex,dxAC_equip,,LRM AOE +30% RCA LSC R22 R410a rDXGF Measure,DMo&0&rDXGF&Ex&dxAC_equip,LRM AOE +30% RCA LSC R22 R410a rDXGF Measure,46.44,81.48,32151.49,56410.91,12.94351108,1.1281911,0.50112617,1.26005582,0.0,5.22575174,0.0,0.32530387,0.0,0.0,0.0,0.0,4.50308238,0.0,0.0,0.0,0.50112617,1.1281911,0.0,2.08013719,3.14561455,0.0,0.0,230.77,0.00130842,2484.0,0.00130842
runs/CZ06/DMo&0&rDXHP&Ex&dxHP_equip/LRM AOE +40% RCA LSC R22 R410a rDXHP Measure/instance-out.sql,CZ06,DMo,weighted,rDXHP,Ex,dxHP_equip,,LRM AOE +40% RCA LSC R22 R410a rDXHP Measure,DMo&0&rDXHP&Ex&dxHP_equip,LRM AOE +40% RCA LSC R22 R410a rDXHP Measure,43.37,80.13,30028.87,55475.27,12.08898908,0.34715988,0.35961969,1.26005582,0.0,5.22575174,0.0,0.38351678,0.0,0.0,0.0,0.0,4.51288518,0.0,0.0,0.34715988,0.35961969,0.0,0.0,2.08013719,3.14561455,0.0,0.0,230.77,0.00101657,2484.0,0.00101657
runs/CZ07/DMo&0&rDXGF&Ex&dxAC_equip/LRM AOE +15% RCA LSC R22 R410a rDXGF Measure/instance-out.sql,CZ07,DMo,weighted,rDXGF,Ex,dxAC_equip,,LRM AOE +15% RCA LSC R22 R410a rDXGF Measure,DMo&0&rDXGF&Ex&dxAC_equip,LRM AOE +15% RCA LSC R22 R410a rDXGF Measure,47.48,84.76,32867.98,58680.04,13.23195483,1.1281911,0.78956992,1.26005582,0.0,5.22575174,0.0,0.32530387,0.0,0.0,0.0,0.0,4.50308238,0.0,0.0,0.0,0.78956992,1.1281911,0.0,2.08013719,3.14561455,0.0,0.0,230.77,0.00160563,2484.0,0.00160563
runs/CZ06/DMo&0&rDXHP&Ex&dxHP_equip/LRM NR R32 R454b rDXHP Base/instance-out.sql,CZ06,DMo,weighted,rDXHP,Ex,dxHP_equip,,LRM NR R32 R454b rDXHP Base,DMo&0&rDXHP&Ex&dxHP_equip,LRM NR R32 R454b rDXHP Base,46.31,89.42,32058.7,61903.74,12.90615579,0.39137109,1.13257518,1.26005582,0.0,5.22575174,0.0,0.38351678,0.0,0.0,0.0,0.0,4.51288518,0.0,0.0,0.39137109,1.13257518,0.0,0.0,2.08013719,3.14561455,0.0,0.0,230.77,0.00160372,2484.0,0.00160372
runs/CZ07/DMo&0&rDXGF&Ex&dxAC_equip/LRM AOE R22 R410a rDXGF Base/instance-out.sql,CZ07,DMo,weighted,rDXGF,Ex,dxAC_equip,,LRM AOE R22 R410a rDXGF Base,DMo&0&rDXGF&Ex&dxAC_equip,LRM AOE R22 R410a rDXGF Base,48.51,88.04,33584.47,60949.17,13.52039858,1.1281911,1.07801367,1.26005582,0.0,5.22575174,0.0,0.32530387,0.0,0.0,0.0,0.0,4.50308238,0.0,0.0,0.0,1.07801367,1.1281911,0.0,2.08013719,3.14561455,0.0,0.0,230.77,0.00190284,2484.0,0.00190284
runs/CZ07/DMo&0&rDXGF&Ex&dxAC_equip/LRM AOE +22.5% RCA LSC R22 R410a rDXGF Measure/instance-out.sql,CZ07,DMo,weighted,rDXGF,Ex,dxAC_equip,,LRM AOE +22.5% RCA LSC R22 R410a rDXGF Measure,DMo&0&rDXGF&Ex&dxAC_equip,LRM AOE +22.5% RCA LSC R22 R410a rDXGF Measure,46.96,83.12,32509.73,57545.48,13.08773497,1.1281911,0.64535006,1.26005582,0.0,5.22575174,0.0,0.32530387,0.0,0.0,0.0,0.0,4.50308238,0.0,0.0,0.0,0.64535006,1.1281911,0.0,2.08013719,3.14561455,0.0,0.0,230.77,0.00145703,2484.0,0.00145703
runs/CZ07/DMo&0&rDXGF&Ex&dxAC_equip/LRM NR R454b rDXGF Base/instance-out.sql,CZ07,DMo,weighted,rDXGF,Ex,dxAC_equip,,LRM NR R454b rDXGF Base,DMo&0&rDXGF&Ex&dxAC_equip,LRM NR R454b rDXGF Base,48.13,86.84,33322.68,60120.07,13.41500745,1.1281911,0.97262254,1.26005582,0.0,5.22575174,0.0,0.32530387,0.0,0.0,0.0,0.0,4.50308238,0.0,0.0,0.0,0.97262254,1.1281911,0.0,2.08013719,3.14561455,0.0,0.0,230.77,0.00179425,2484.0,0.00179425
runs/CZ07/DMo&0&rDXGF&Ex&dxAC_equip/LRM AOE LSC R22 R410a rDXGF Measure/instance-out.sql,CZ07,DMo,weighted,rDXGF,Ex,dxAC_equip,,LRM AOE LSC R22 R410a rDXGF Measure,DMo&0&rDXGF&Ex&dxAC_equip,LRM AOE LSC R22 R410a rDXGF Measure,48.14,86.88,33331.31,60147.41,13.4184817,1.1281911,0.9760968,1.26005582,0.0,5.22575174,0.0,0.32530387,0.0,0.0,0.0,0.0,4.50308238,0.0,0.0,0.0,0.9760968,1.1281911,0.0,2.08013719,3.14561455,0.0,0.0,230.77,0.00179783,2484.0,0.00179783
runs/CZ07/DMo&0&rDXHP&Ex&dxHP_equip/LRM AOE +22.5% RCA LSC R22 R410a rDXHP Measure/instance-out.sql,CZ07,DMo,weighted,rDXHP,Ex,dxHP_equip,,LRM AOE +22.5% RCA LSC R22 R410a rDXHP Measure,DMo&0&rDXHP&Ex&dxHP_equip,LRM AOE +22.5% RCA LSC R22 R410a rDXHP Measure,44.04,82.31,30487.75,56981.03,12.27372448,0.36070666,0.65087344,1.26005582,0.0,5.22575174,0.0,0.27359664,0.0,0.0,0.0,0.0,4.50274019,0.0,0.0,0.36070666,0.65087344,0.0,0.0,2.08013719,3.14561455,0.0,0.0,230.77,0.00141646,2484.0,0.00141646
runs/CZ07/DMo&0&rDXGF&Ex&dxAC_equip/LRM AOE +7.5% RCA LSC R22 R410a rDXGF Measure/instance-out.sql,CZ07,DMo,weighted,rDXGF,Ex,dxAC_equip,,LRM AOE +7.5% RCA LSC R22 R410a rDXGF Measure,DMo&0&rDXGF&Ex&dxAC_equip,LRM AOE +7.5% RCA LSC R22 R410a rDXGF Measure,47.99,86.4,33226.23,59814.61,13.37617871,1.1281911,0.93379381,1.26005582,0.0,5.22575174,0.0,0.32530387,0.0,0.0,0.0,0.0,4.50308238,0.0,0.0,0.0,0.93379381,1.1281911,0.0,2.08013719,3.14561455,0.0,0.0,230.77,0.00175424,2484.0,0.00175424
runs/CZ07/DMo&0&rDXGF&Ex&dxAC_equip/LRM NR LSC R454b rDXGF Measure/instance-out.sql,CZ07,DMo,weighted,rDXGF,Ex,dxAC_equip,,LRM NR LSC R454b rDXGF Measure,DMo&0&rDXGF&Ex&dxAC_equip,LRM NR LSC R454b rDXGF Measure,47.8,85.79,33094.27,59396.7,13.3230544,1.1281911,0.8806695,1.26005582,0.0,5.22575174,0.0,0.32530387,0.0,0.0,0.0,0.0,4.50308238,0.0,0.0,0.0,0.8806695,1.1281911,0.0,2.08013719,3.14561455,0.0,0.0,230.77,0.0016995,2484.0,0.0016995
runs/CZ07/DMo&0&rDXHP&Ex&dxHP_equip/LRM AOE +15% RCA LSC R22 R410a rDXHP Measure/instance-out.sql,CZ07,DMo,weighted,rDXHP,Ex,dxHP_equip,,LRM AOE +15% RCA LSC R22 R410a rDXHP Measure,DMo&0&rDXHP&Ex&dxHP_equip,LRM AOE +15% RCA LSC R22 R410a rDXHP Measure,44.64,84.23,30907.83,58311.43,12.44283982,0.38436219,0.79633325,1.26005582,0.0,5.22575174,0.0,0.27359664,0.0,0.0,0.0,0.0,4.50274019,0.0,0.0,0.38436219,0.79633325,0.0,0.0,2.08013719,3.14561455,0.0,0.0,230.77,0.00156636,2484.0,0.00156636
runs/CZ07/DMo&0&rDXHP&Ex&dxHP_equip/LRM AOE +30% RCA LSC R22 R410a rDXHP Measure/instance-out.sql,CZ07,DMo,weighted,rDXHP,Ex,dxHP_equip,,LRM AOE +30% RCA LSC R22 R410a rDXHP Measure,DMo&0&rDXHP&Ex&dxHP_equip,LRM AOE +30% RCA LSC R22 R410a rDXHP Measure,43.43,80.38,30067.67,55650.64,12.10460914,0.3370471,0.50541766,1.26005582,0.0,5.22575174,0.0,0.27359664,0.0,0.0,0.0,0.0,4.50274019,0.0,0.0,0.3370471,0.50541766,0.0,0.0,2.08013719,3.14561455,0.0,0.0,230.77,0.00126655,2484.0,0.00126655
runs/CZ07/DMo&0&rDXHP&Ex&dxHP_equip/LRM AOE +40% RCA LSC R22 R410a rDXHP Measure/instance-out.sql,CZ07,DMo,weighted,rDXHP,Ex,dxHP_equip,,LRM AOE +40% RCA LSC R22 R410a rDXHP Measure,DMo&0&rDXHP&Ex&dxHP_equip,LRM AOE +40% RCA LSC R22 R410a rDXHP Measure,42.62,77.82,29507.56,53876.78,11.87912068,0.30550101,0.31147529,1.26005582,0.0,5.22575174,0.0,0.27359664,0.0,0.0,0.0,0.0,4.50274019,0.0,0.0,0.30550101,0.31147529,0.0,0.0,2.08013719,3.14561455,0.0,0.0,230.77,0.00106668,2484.0,0.00106668
runs/CZ07/DMo&0&rDXHP&Ex&dxHP_equip/LRM AOE +7.5% RCA LSC R22 R410a rDXHP Measure/instance-out.sql,CZ07,DMo,weighted,rDXHP,Ex,dxHP_equip,,LRM AOE +7.5% RCA LSC R22 R410a rDXHP Measure,DMo&0&rDXHP&Ex&dxHP_equip,LRM AOE +7.5% RCA LSC R22 R410a rDXHP Measure,45.25,86.15,31327.91,59641.82,12.61195516,0.40802175,0.94178902,1.26005582,0.0,5.22575174,0.0,0.27359664,0.0,0.0,0.0,0.0,4.50274019,0.0,0.0,0.40802175,0.94178902,0.0,0.0,2.08013719,3.14561455,0.0,0.0,230.77,0.00171627,2484.0,0.00171627
runs/CZ07/DMo&0&rDXHP&Ex&dxHP_equip/LRM NR R32 R454b rDXHP Base/instance-out.sql,CZ07,DMo,weighted,rDXHP,Ex,dxHP_equip,,LRM NR R32 R454b rDXHP Base,DMo&0&rDXHP&Ex&dxHP_equip,LRM NR R32 R454b rDXHP Base,45.16,85.87,31267.31,59449.92,12.58756291,0.34446663,0.9809519,1.26005582,0.0,5.22575174,0.0,0.27359664,0.0,0.0,0.0,0.0,4.50274019,0.0,0.0,0.34446663,0.9809519,0.0,0.0,2.08013719,3.14561455,0.0,0.0,230.77,0.00175662,2484.0,0.00175662
runs/CZ07/DMo&0&rDXHP&Ex&dxHP_equip/LRM AOE R22 R410a rDXHP Base/instance-out.sql,CZ07,DMo,weighted,rDXHP,Ex,dxHP_equip,,LRM AOE R22 R410a rDXHP Base,DMo&0&rDXHP&Ex&dxHP_equip,LRM AOE R22 R410a rDXHP Base,45.86,88.07,31747.99,60972.21,12.7810705,0.43168132,1.0872448,1.26005582,0.0,5.22575174,0.0,0.27359664,0.0,0.0,0.0,0.0,4.50274019,0.0,0.0,0.43168132,1.0872448,0.0,0.0,2.08013719,3.14561455,0.0,0.0,230.77,0.00186617,2484.0,0.00186617
runs/CZ08/DMo&0&rDXGF&Ex&dxAC_equip/LRM AOE +7.5% RCA LSC R22 R410a rDXGF Measure/instance-out.sql,CZ08,DMo,weighted,rDXGF,Ex,dxAC_equip,,LRM AOE +7.5% RCA LSC R22 R410a rDXGF Measure,DMo&0&rDXGF&Ex&dxAC_equip,LRM AOE +7.5% RCA LSC R22 R410a rDXGF Measure,51.54,97.93,35679.99,67799.37,14.36401069,1.11270389,1.752285,1.26005582,0.0,5.22575174,0.0,0.53594522,0.0,0.0,0.0,0.0,4.47726902,0.0,0.0,0.0,1.752285,1.11270389,0.0,2.08013719,3.14561455,0.0,0.0,230.77,0.00260283,2484.0,0.00260283
runs/CZ07/DMo&0&rDXHP&Ex&dxHP_equip/LRM NR LSC R32 R454b rDXHP Measure/instance-out.sql,CZ07,DMo,weighted,rDXHP,Ex,dxHP_equip,,LRM NR LSC R32 R454b rDXHP Measure,DMo&0&rDXHP&Ex&dxHP_equip,LRM NR LSC R32 R454b rDXHP Measure,44.78,84.67,31003.95,58615.85,12.4815357,0.33118152,0.8882098,1.26005582,0.0,5.22575174,0.0,0.27359664,0.0,0.0,0.0,0.0,4.50274019,0.0,0.0,0.33118152,0.8882098,0.0,0.0,2.08013719,3.14561455,0.0,0.0,230.77,0.00166105,2484.0,0.00166105
runs/CZ08/DMo&0&rDXGF&Ex&dxAC_equip/LRM AOE +22.5% RCA LSC R22 R410a rDXGF Measure/instance-out.sql,CZ08,DMo,weighted,rDXGF,Ex,dxAC_equip,,LRM AOE +22.5% RCA LSC R22 R410a rDXGF Measure,DMo&0&rDXGF&Ex&dxAC_equip,LRM AOE +22.5% RCA LSC R22 R410a rDXGF Measure,49.6,91.78,34335.48,63541.29,13.82273935,1.11270389,1.21101366,1.26005582,0.0,5.22575174,0.0,0.53594522,0.0,0.0,0.0,0.0,4.47726902,0.0,0.0,0.0,1.21101366,1.11270389,0.0,2.08013719,3.14561455,0.0,0.0,230.77,0.0020823,2484.0,0.0020823
runs/CZ08/DMo&0&rDXGF&Ex&dxAC_equip/LRM AOE +15% RCA LSC R22 R410a rDXGF Measure/instance-out.sql,CZ08,DMo,weighted,rDXGF,Ex,dxAC_equip,,LRM AOE +15% RCA LSC R22 R410a rDXGF Measure,DMo&0&rDXGF&Ex&dxAC_equip,LRM AOE +15% RCA LSC R22 R410a rDXGF Measure,50.57,94.86,35007.73,65670.33,14.09337703,1.11270389,1.48165134,1.26005582,0.0,5.22575174,0.0,0.53594522,0.0,0.0,0.0,0.0,4.47726902,0.0,0.0,0.0,1.48165134,1.11270389,0.0,2.08013719,3.14561455,0.0,0.0,230.77,0.00234257,2484.0,0.00234257
runs/CZ08/DMo&0&rDXGF&Ex&dxAC_equip/LRM AOE LSC R22 R410a rDXGF Measure/instance-out.sql,CZ08,DMo,weighted,rDXGF,Ex,dxAC_equip,,LRM AOE LSC R22 R410a rDXGF Measure,DMo&0&rDXGF&Ex&dxAC_equip,LRM AOE LSC R22 R410a rDXGF Measure,51.82,98.83,35877.19,68423.89,14.44339924,1.11270389,1.83167355,1.26005582,0.0,5.22575174,0.0,0.53594522,0.0,0.0,0.0,0.0,4.47726902,0.0,0.0,0.0,1.83167355,1.11270389,0.0,2.08013719,3.14561455,0.0,0.0,230.77,0.00267917,2484.0,0.00267917
runs/CZ07/DMo&0&rDXHP&Ex&dxHP_equip/LRM AOE LSC R22 R410a rDXHP Measure/instance-out.sql,CZ07,DMo,weighted,rDXHP,Ex,dxHP_equip,,LRM AOE LSC R22 R410a rDXHP Measure,DMo&0&rDXHP&Ex&dxHP_equip,LRM AOE LSC R22 R410a rDXHP Measure,45.43,86.71,31451.13,60032.07,12.66156093,0.41496221,0.98445433,1.26005582,0.0,5.22575174,0.0,0.27359664,0.0,0.0,0.0,0.0,4.50274019,0.0,0.0,0.41496221,0.98445433,0.0,0.0,2.08013719,3.14561455,0.0,0.0,230.77,0.00176024,2484.0,0.00176024
runs/CZ08/DMo&0&rDXGF&Ex&dxAC_equip/LRM AOE +30% RCA LSC R22 R410a rDXGF Measure/instance-out.sql,CZ08,DMo,weighted,rDXGF,Ex,dxAC_equip,,LRM AOE +30% RCA LSC R22 R410a rDXGF Measure,DMo&0&rDXGF&Ex&dxAC_equip,LRM AOE +30% RCA LSC R22 R410a rDXGF Measure,48.62,88.71,33663.22,61412.25,13.55210166,1.11270389,0.94037597,1.26005582,0.0,5.22575174,0.0,0.53594522,0.0,0.0,0.0,0.0,4.47726902,0.0,0.0,0.0,0.94037597,1.11270389,0.0,2.08013719,3.14561455,0.0,0.0,230.77,0.00182204,2484.0,0.00182204
runs/CZ08/DMo&0&rDXGF&Ex&dxAC_equip/LRM AOE +40% RCA LSC R22 R410a rDXGF Measure/instance-out.sql,CZ08,DMo,weighted,rDXGF,Ex,dxAC_equip,,LRM AOE +40% RCA LSC R22 R410a rDXGF Measure,DMo&0&rDXGF&Ex&dxAC_equip,LRM AOE +40% RCA LSC R22 R410a rDXGF Measure,47.33,84.61,32766.87,58573.53,13.1912541,1.11270389,0.57952841,1.26005582,0.0,5.22575174,0.0,0.53594522,0.0,0.0,0.0,0.0,4.47726902,0.0,0.0,0.0,0.57952841,1.11270389,0.0,2.08013719,3.14561455,0.0,0.0,230.77,0.00147503,2484.0,0.00147503
runs/CZ08/DMo&0&rDXGF&Ex&dxAC_equip/LRM AOE R22 R410a rDXGF Base/instance-out.sql,CZ08,DMo,weighted,rDXGF,Ex,dxAC_equip,,LRM AOE R22 R410a rDXGF Base,DMo&0&rDXGF&Ex&dxAC_equip,LRM AOE R22 R410a rDXGF Base,52.51,101.01,36352.25,69928.42,14.63464837,1.11270389,2.02292268,1.26005582,0.0,5.22575174,0.0,0.53594522,0.0,0.0,0.0,0.0,4.47726902,0.0,0.0,0.0,2.02292268,1.11270389,0.0,2.08013719,3.14561455,0.0,0.0,230.77,0.00286309,2484.0,0.00286309
runs/CZ08/DMo&0&rDXHP&Ex&dxHP_equip/LRM AOE +15% RCA LSC R22 R410a rDXHP Measure/instance-out.sql,CZ08,DMo,weighted,rDXHP,Ex,dxHP_equip,,LRM AOE +15% RCA LSC R22 R410a rDXHP Measure,DMo&0&rDXHP&Ex&dxHP_equip,LRM AOE +15% RCA LSC R22 R410a rDXHP Measure,47.68,94.06,33011.71,65117.01,13.28981749,0.39027608,1.49026653,1.26005582,0.0,5.22575174,0.0,0.44828769,0.0,0.0,0.0,0.0,4.47517964,0.0,0.0,0.39027608,1.49026653,0.0,0.0,2.08013719,3.14561455,0.0,0.0,230.77,0.00228849,2484.0,0.00228849
runs/CZ08/DMo&0&rDXGF&Ex&dxAC_equip/LRM NR R454b rDXGF Base/instance-out.sql,CZ08,DMo,weighted,rDXGF,Ex,dxAC_equip,,LRM NR R454b rDXGF Base,DMo&0&rDXGF&Ex&dxAC_equip,LRM NR R454b rDXGF Base,51.8,98.76,35860.99,68372.59,14.43687746,1.11270389,1.82515177,1.26005582,0.0,5.22575174,0.0,0.53594522,0.0,0.0,0.0,0.0,4.47726902,0.0,0.0,0.0,1.82515177,1.11270389,0.0,2.08013719,3.14561455,0.0,0.0,230.77,0.0026729,2484.0,0.0026729
runs/CZ08/DMo&0&rDXHP&Ex&dxHP_equip/LRM AOE +7.5% RCA LSC R22 R410a rDXHP Measure/instance-out.sql,CZ08,DMo,weighted,rDXHP,Ex,dxHP_equip,,LRM AOE +7.5% RCA LSC R22 R410a rDXHP Measure,DMo&0&rDXHP&Ex&dxHP_equip,LRM AOE +7.5% RCA LSC R22 R410a rDXHP Measure,48.74,97.41,33744.6,67438.08,13.58486353,0.41311438,1.76247829,1.26005582,0.0,5.22575174,0.0,0.44828769,0.0,0.0,0.0,0.0,4.47517964,0.0,0.0,0.41311438,1.76247829,0.0,0.0,2.08013719,3.14561455,0.0,0.0,230.77,0.00255127,2484.0,0.00255127
runs/CZ08/DMo&0&rDXHP&Ex&dxHP_equip/LRM AOE +22.5% RCA LSC R22 R410a rDXHP Measure/instance-out.sql,CZ08,DMo,weighted,rDXHP,Ex,dxHP_equip,,LRM AOE +22.5% RCA LSC R22 R410a rDXHP Measure,DMo&0&rDXHP&Ex&dxHP_equip,LRM AOE +22.5% RCA LSC R22 R410a rDXHP Measure,46.62,90.7,32278.81,62795.94,12.99476742,0.3674418,1.21805476,1.26005582,0.0,5.22575174,0.0,0.44828769,0.0,0.0,0.0,0.0,4.47517964,0.0,0.0,0.3674418,1.21805476,0.0,0.0,2.08013719,3.14561455,0.0,0.0,230.77,0.0020257,2484.0,0.0020257
runs/CZ08/DMo&0&rDXGF&Ex&dxAC_equip/LRM NR LSC R454b rDXGF Measure/instance-out.sql,CZ08,DMo,weighted,rDXGF,Ex,dxAC_equip,,LRM NR LSC R454b rDXGF Measure,DMo&0&rDXGF&Ex&dxAC_equip,LRM NR LSC R454b rDXGF Measure,51.18,96.8,35432.37,67015.16,14.2643241,1.11270389,1.65259841,1.26005582,0.0,5.22575174,0.0,0.53594522,0.0,0.0,0.0,0.0,4.47726902,0.0,0.0,0.0,1.65259841,1.11270389,0.0,2.08013719,3.14561455,0.0,0.0,230.77,0.00250696,2484.0,0.00250696
runs/CZ08/DMo&0&rDXHP&Ex&dxHP_equip/LRM NR R32 R454b rDXHP Base/instance-out.sql,CZ08,DMo,weighted,rDXHP,Ex,dxHP_equip,,LRM NR R32 R454b rDXHP Base,DMo&0&rDXHP&Ex&dxHP_equip,LRM NR R32 R454b rDXHP Base,48.78,97.55,33774.26,67532.01,13.59680402,0.35176538,1.83576375,1.26005582,0.0,5.22575174,0.0,0.44828769,0.0,0.0,0.0,0.0,4.47517964,0.0,0.0,0.35176538,1.83576375,0.0,0.0,2.08013719,3.14561455,0.0,0.0,230.77,0.00262202,2484.0,0.00262202
runs/CZ08/DMo&0&rDXHP&Ex&dxHP_equip/LRM AOE +40% RCA LSC R22 R410a rDXHP Measure/instance-out.sql,CZ08,DMo,weighted,rDXHP,Ex,dxHP_equip,,LRM AOE +40% RCA LSC R22 R410a rDXHP Measure,DMo&0&rDXHP&Ex&dxHP_equip,LRM AOE +40% RCA LSC R22 R410a rDXHP Measure,44.15,82.88,30568.73,57380.1,12.30632532,0.31415243,0.582898,1.26005582,0.0,5.22575174,0.0,0.44828769,0.0,0.0,0.0,0.0,4.47517964,0.0,0.0,0.31415243,0.582898,0.0,0.0,2.08013719,3.14561455,0.0,0.0,230.77,0.00141253,2484.0,0.00141253
runs/CZ08/DMo&0&rDXHP&Ex&dxHP_equip/LRM AOE +30% RCA LSC R22 R410a rDXHP Measure/instance-out.sql,CZ08,DMo,weighted,rDXHP,Ex,dxHP_equip,,LRM AOE +30% RCA LSC R22 R410a rDXHP Measure,DMo&0&rDXHP&Ex&dxHP_equip,LRM AOE +30% RCA LSC R22 R410a rDXHP Measure,45.57,87.35,31545.92,60474.86,12.69972138,0.3446035,0.94584299,1.26005582,0.0,5.22575174,0.0,0.44828769,0.0,0.0,0.0,0.0,4.47517964,0.0,0.0,0.3446035,0.94584299,0.0,0.0,2.08013719,3.14561455,0.0,0.0,230.77,0.00176291,2484.0,0.00176291
runs/CZ08/DMo&0&rDXHP&Ex&dxHP_equip/LRM NR LSC R32 R454b rDXHP Measure/instance-out.sql,CZ08,DMo,weighted,rDXHP,Ex,dxHP_equip,,LRM NR LSC R32 R454b rDXHP Measure,DMo&0&rDXHP&Ex&dxHP_equip,LRM NR LSC R32 R454b rDXHP Measure,48.12,95.43,33311.3,66065.81,13.41042207,0.33894324,1.66220797,1.26005582,0.0,5.22575174,0.0,0.44828769,0.0,0.0,0.0,0.0,4.47517964,0.0,0.0,0.33894324,1.66220797,0.0,0.0,2.08013719,3.14561455,0.0,0.0,230.77,0.00245448,2484.0,0.00245448
runs/CZ09/DMo&0&rDXGF&Ex&dxAC_equip/LRM AOE +15% RCA LSC R22 R410a rDXGF Measure/instance-out.sql,CZ09,DMo,weighted,rDXGF,Ex,dxAC_equip,,LRM AOE +15% RCA LSC R22 R410a rDXGF Measure,DMo&0&rDXGF&Ex&dxAC_equip,LRM AOE +15% RCA LSC R22 R410a rDXGF Measure,54.97,101.25,38054.71,70099.3,15.3200188,2.12133309,1.60647495,1.26005582,0.0,5.22575174,0.0,0.62874771,0.0,0.0,0.0,0.0,4.4776555,0.0,0.0,0.0,1.60647495,2.12133309,0.0,2.08013719,3.14561455,0.0,0.0,230.77,0.00280329,2484.0,0.00280329
runs/CZ08/DMo&0&rDXHP&Ex&dxHP_equip/LRM AOE R22 R410a rDXHP Base/instance-out.sql,CZ08,DMo,weighted,rDXHP,Ex,dxHP_equip,,LRM AOE R22 R410a rDXHP Base,DMo&0&rDXHP&Ex&dxHP_equip,LRM AOE R22 R410a rDXHP Base,49.8,100.76,34477.5,69759.16,13.87990957,0.43595268,2.03468603,1.26005582,0.0,5.22575174,0.0,0.44828769,0.0,0.0,0.0,0.0,4.47517964,0.0,0.0,0.43595268,2.03468603,0.0,0.0,2.08013719,3.14561455,0.0,0.0,230.77,0.00281406,2484.0,0.00281406
runs/CZ09/DMo&0&rDXGF&Ex&dxAC_equip/LRM AOE +30% RCA LSC R22 R410a rDXGF Measure/instance-out.sql,CZ09,DMo,weighted,rDXGF,Ex,dxAC_equip,,LRM AOE +30% RCA LSC R22 R410a rDXGF Measure,DMo&0&rDXGF&Ex&dxAC_equip,LRM AOE +30% RCA LSC R22 R410a rDXGF Measure,52.86,94.59,36596.92,65482.48,14.73314735,2.12133309,1.01959947,1.26005582,0.0,5.22575174,0.0,0.62874771,0.0,0.0,0.0,0.0,4.4776555,0.0,0.0,0.0,1.01959947,2.12133309,0.0,2.08013719,3.14561455,0.0,0.0,230.77,0.00214178,2484.0,0.00214178
runs/CZ08/DMo&0&rDXHP&Ex&dxHP_equip/LRM AOE LSC R22 R410a rDXHP Measure/instance-out.sql,CZ08,DMo,weighted,rDXHP,Ex,dxHP_equip,,LRM AOE LSC R22 R410a rDXHP Measure,DMo&0&rDXHP&Ex&dxHP_equip,LRM AOE LSC R22 R410a rDXHP Measure,49.05,98.39,33959.58,68118.93,13.67140994,0.41981329,1.84232579,1.26005582,0.0,5.22575174,0.0,0.44828769,0.0,0.0,0.0,0.0,4.47517964,0.0,0.0,0.41981329,1.84232579,0.0,0.0,2.08013719,3.14561455,0.0,0.0,230.77,0.00262836,2484.0,0.00262836
runs/CZ09/DMo&0&rDXGF&Ex&dxAC_equip/LRM AOE +7.5% RCA LSC R22 R410a rDXGF Measure/instance-out.sql,CZ09,DMo,weighted,rDXGF,Ex,dxAC_equip,,LRM AOE +7.5% RCA LSC R22 R410a rDXGF Measure,DMo&0&rDXGF&Ex&dxAC_equip,LRM AOE +7.5% RCA LSC R22 R410a rDXGF Measure,56.02,104.59,38783.6,72407.71,15.61345855,2.12133309,1.8999147,1.26005582,0.0,5.22575174,0.0,0.62874771,0.0,0.0,0.0,0.0,4.4776555,0.0,0.0,0.0,1.8999147,2.12133309,0.0,2.08013719,3.14561455,0.0,0.0,230.77,0.00313405,2484.0,0.00313405
runs/CZ09/DMo&0&rDXGF&Ex&dxAC_equip/LRM AOE +22.5% RCA LSC R22 R410a rDXGF Measure/instance-out.sql,CZ09,DMo,weighted,rDXGF,Ex,dxAC_equip,,LRM AOE +22.5% RCA LSC R22 R410a rDXGF Measure,DMo&0&rDXGF&Ex&dxAC_equip,LRM AOE +22.5% RCA LSC R22 R410a rDXGF Measure,53.91,97.92,37325.81,67790.89,15.02658307,2.12133309,1.31303922,1.26005582,0.0,5.22575174,0.0,0.62874771,0.0,0.0,0.0,0.0,4.4776555,0.0,0.0,0.0,1.31303922,2.12133309,0.0,2.08013719,3.14561455,0.0,0.0,230.77,0.00247253,2484.0,0.00247253
runs/CZ09/DMo&0&rDXGF&Ex&dxAC_equip/LRM AOE +40% RCA LSC R22 R410a rDXGF Measure/instance-out.sql,CZ09,DMo,weighted,rDXGF,Ex,dxAC_equip,,LRM AOE +40% RCA LSC R22 R410a rDXGF Measure,DMo&0&rDXGF&Ex&dxAC_equip,LRM AOE +40% RCA LSC R22 R410a rDXGF Measure,51.46,90.14,35625.06,62404.6,14.34189703,2.12133309,0.62835318,1.26005582,0.0,5.22575174,0.0,0.62874771,0.0,0.0,0.0,0.0,4.4776555,0.0,0.0,0.0,0.62835318,2.12133309,0.0,2.08013719,3.14561455,0.0,0.0,230.77,0.00170077,2484.0,0.00170077
runs/CZ09/DMo&0&rDXGF&Ex&dxAC_equip/LRM NR LSC R454b rDXGF Measure/instance-out.sql,CZ09,DMo,weighted,rDXGF,Ex,dxAC_equip,,LRM NR LSC R454b rDXGF Measure,DMo&0&rDXGF&Ex&dxAC_equip,LRM NR LSC R454b rDXGF Measure,55.63,103.36,38515.12,71557.42,15.50537014,2.12133309,1.79182629,1.26005582,0.0,5.22575174,0.0,0.62874771,0.0,0.0,0.0,0.0,4.4776555,0.0,0.0,0.0,1.79182629,2.12133309,0.0,2.08013719,3.14561455,0.0,0.0,230.77,0.00301221,2484.0,0.00301221
runs/CZ09/DMo&0&rDXGF&Ex&dxAC_equip/LRM AOE R22 R410a rDXGF Base/instance-out.sql,CZ09,DMo,weighted,rDXGF,Ex,dxAC_equip,,LRM AOE R22 R410a rDXGF Base,DMo&0&rDXGF&Ex&dxAC_equip,LRM AOE R22 R410a rDXGF Base,57.07,107.92,39512.5,74716.12,15.90689427,2.12133309,2.19335042,1.26005582,0.0,5.22575174,0.0,0.62874771,0.0,0.0,0.0,0.0,4.4776555,0.0,0.0,0.0,2.19335042,2.12133309,0.0,2.08013719,3.14561455,0.0,0.0,230.77,0.0034648,2484.0,0.0034648
runs/CZ09/DMo&0&rDXGF&Ex&dxAC_equip/LRM AOE LSC R22 R410a rDXGF Measure/instance-out.sql,CZ09,DMo,weighted,rDXGF,Ex,dxAC_equip,,LRM AOE LSC R22 R410a rDXGF Measure,DMo&0&rDXGF&Ex&dxAC_equip,LRM AOE LSC R22 R410a rDXGF Measure,56.33,105.57,38997.41,73084.84,15.69953394,2.12133309,1.98599009,1.26005582,0.0,5.22575174,0.0,0.62874771,0.0,0.0,0.0,0.0,4.4776555,0.0,0.0,0.0,1.98599009,2.12133309,0.0,2.08013719,3.14561455,0.0,0.0,230.77,0.00323107,2484.0,0.00323107
runs/CZ09/DMo&0&rDXGF&Ex&dxAC_equip/LRM NR R454b rDXGF Base/instance-out.sql,CZ09,DMo,weighted,rDXGF,Ex,dxAC_equip,,LRM NR R454b rDXGF Base,DMo&0&rDXGF&Ex&dxAC_equip,LRM NR R454b rDXGF Base,56.3,105.49,38979.85,73029.21,15.69246063,2.12133309,1.97891678,1.26005582,0.0,5.22575174,0.0,0.62874771,0.0,0.0,0.0,0.0,4.4776555,0.0,0.0,0.0,1.97891678,2.12133309,0.0,2.08013719,3.14561455,0.0,0.0,230.77,0.0032231,2484.0,0.0032231
runs/CZ09/DMo&0&rDXHP&Ex&dxHP_equip/LRM AOE +15% RCA LSC R22 R410a rDXHP Measure/instance-out.sql,CZ09,DMo,weighted,rDXHP,Ex,dxHP_equip,,LRM AOE +15% RCA LSC R22 R410a rDXHP Measure,DMo&0&rDXHP&Ex&dxHP_equip,LRM AOE +15% RCA LSC R22 R410a rDXHP Measure,49.93,101.14,34565.44,70019.58,13.91531236,0.72768549,1.60629781,1.26005582,0.0,5.22575174,0.0,0.61684747,0.0,0.0,0.0,0.0,4.47867402,0.0,0.0,0.72768549,1.60629781,0.0,0.0,2.08013719,3.14561455,0.0,0.0,230.77,0.00280329,2484.0,0.00280329
runs/CZ09/DMo&0&rDXHP&Ex&dxHP_equip/LRM AOE +22.5% RCA LSC R22 R410a rDXHP Measure/instance-out.sql,CZ09,DMo,weighted,rDXHP,Ex,dxHP_equip,,LRM AOE +22.5% RCA LSC R22 R410a rDXHP Measure,DMo&0&rDXHP&Ex&dxHP_equip,LRM AOE +22.5% RCA LSC R22 R410a rDXHP Measure,48.72,97.31,33728.33,67368.48,13.57831357,0.68409023,1.31289027,1.26005582,0.0,5.22575174,0.0,0.61684747,0.0,0.0,0.0,0.0,4.47867402,0.0,0.0,0.68409023,1.31289027,0.0,0.0,2.08013719,3.14561455,0.0,0.0,230.77,0.00247253,2484.0,0.00247253
runs/CZ09/DMo&0&rDXHP&Ex&dxHP_equip/LRM AOE +30% RCA LSC R22 R410a rDXHP Measure/instance-out.sql,CZ09,DMo,weighted,rDXHP,Ex,dxHP_equip,,LRM AOE +30% RCA LSC R22 R410a rDXHP Measure,DMo&0&rDXHP&Ex&dxHP_equip,LRM AOE +30% RCA LSC R22 R410a rDXHP Measure,47.51,93.48,32891.23,64717.37,13.24131479,0.64049496,1.01948675,1.26005582,0.0,5.22575174,0.0,0.61684747,0.0,0.0,0.0,0.0,4.47867402,0.0,0.0,0.64049496,1.01948675,0.0,0.0,2.08013719,3.14561455,0.0,0.0,230.77,0.00214178,2484.0,0.00214178
runs/CZ09/DMo&0&rDXHP&Ex&dxHP_equip/LRM AOE +7.5% RCA LSC R22 R410a rDXHP Measure/instance-out.sql,CZ09,DMo,weighted,rDXHP,Ex,dxHP_equip,,LRM AOE +7.5% RCA LSC R22 R410a rDXHP Measure,DMo&0&rDXHP&Ex&dxHP_equip,LRM AOE +7.5% RCA LSC R22 R410a rDXHP Measure,51.14,104.97,35402.54,72670.69,14.25231517,0.77128076,1.89970133,1.26005582,0.0,5.22575174,0.0,0.61684747,0.0,0.0,0.0,0.0,4.47867402,0.0,0.0,0.77128076,1.89970133,0.0,0.0,2.08013719,3.14561455,0.0,0.0,230.77,0.00313405,2484.0,0.00313405
runs/CZ10/DMo&0&rDXGF&Ex&dxAC_equip/LRM AOE +40% RCA LSC R22 R410a rDXGF Measure/instance-out.sql,CZ10,DMo,weighted,rDXGF,Ex,dxAC_equip,,LRM AOE +40% RCA LSC R22 R410a rDXGF Measure,DMo&0&rDXGF&Ex&dxAC_equip,LRM AOE +40% RCA LSC R22 R410a rDXGF Measure,51.95,89.44,35968.22,61918.49,14.480046,2.44390747,0.53727776,1.26005582,0.0,5.22575174,0.0,0.55398076,0.0,0.0,0.0,0.0,4.45907648,0.0,0.0,0.0,0.53727776,2.44390747,0.0,2.08013719,3.14561455,0.0,0.0,230.77,0.00142785,2484.0,0.00142785
runs/CZ09/DMo&0&rDXHP&Ex&dxHP_equip/LRM NR LSC R32 R454b rDXHP Measure/instance-out.sql,CZ09,DMo,weighted,rDXHP,Ex,dxHP_equip,,LRM NR LSC R32 R454b rDXHP Measure,DMo&0&rDXHP&Ex&dxHP_equip,LRM NR LSC R32 R454b rDXHP Measure,50.24,102.13,34782.36,70706.6,14.0026438,0.62968572,1.791625,1.26005582,0.0,5.22575174,0.0,0.61684747,0.0,0.0,0.0,0.0,4.47867402,0.0,0.0,0.62968572,1.791625,0.0,0.0,2.08013719,3.14561455,0.0,0.0,230.77,0.00301221,2484.0,0.00301221
runs/CZ09/DMo&0&rDXHP&Ex&dxHP_equip/LRM AOE R22 R410a rDXHP Base/instance-out.sql,CZ09,DMo,weighted,rDXHP,Ex,dxHP_equip,,LRM AOE R22 R410a rDXHP Base,DMo&0&rDXHP&Ex&dxHP_equip,LRM AOE R22 R410a rDXHP Base,52.35,108.8,36239.64,75321.79,14.58931396,0.81488006,2.19310485,1.26005582,0.0,5.22575174,0.0,0.61684747,0.0,0.0,0.0,0.0,4.47867402,0.0,0.0,0.81488006,2.19310485,0.0,0.0,2.08013719,3.14561455,0.0,0.0,230.77,0.0034648,2484.0,0.0034648
runs/CZ09/DMo&0&rDXHP&Ex&dxHP_equip/LRM NR R32 R454b rDXHP Base/instance-out.sql,CZ09,DMo,weighted,rDXHP,Ex,dxHP_equip,,LRM NR R32 R454b rDXHP Base,DMo&0&rDXHP&Ex&dxHP_equip,LRM NR R32 R454b rDXHP Base,51.0,104.53,35307.85,72370.8,14.21419095,0.65416654,1.97869536,1.26005582,0.0,5.22575174,0.0,0.61684747,0.0,0.0,0.0,0.0,4.47867402,0.0,0.0,0.65416654,1.97869536,0.0,0.0,2.08013719,3.14561455,0.0,0.0,230.77,0.0032231,2484.0,0.0032231
runs/CZ09/DMo&0&rDXHP&Ex&dxHP_equip/LRM AOE LSC R22 R410a rDXHP Measure/instance-out.sql,CZ09,DMo,weighted,rDXHP,Ex,dxHP_equip,,LRM AOE LSC R22 R410a rDXHP Measure,DMo&0&rDXHP&Ex&dxHP_equip,LRM AOE LSC R22 R410a rDXHP Measure,51.49,106.09,35648.09,73448.35,14.35116842,0.78407069,1.98576465,1.26005582,0.0,5.22575174,0.0,0.61684747,0.0,0.0,0.0,0.0,4.47867402,0.0,0.0,0.78407069,1.98576465,0.0,0.0,2.08013719,3.14561455,0.0,0.0,230.77,0.00323107,2484.0,0.00323107
runs/CZ10/DMo&0&rDXGF&Ex&dxAC_equip/LRM AOE +15% RCA LSC R22 R410a rDXGF Measure/instance-out.sql,CZ10,DMo,weighted,rDXGF,Ex,dxAC_equip,,LRM AOE +15% RCA LSC R22 R410a rDXGF Measure,DMo&0&rDXGF&Ex&dxAC_equip,LRM AOE +15% RCA LSC R22 R410a rDXGF Measure,54.95,98.94,38045.71,68497.89,15.31639961,2.44390747,1.37362735,1.26005582,0.0,5.22575174,0.0,0.55398076,0.0,0.0,0.0,0.0,4.45907648,0.0,0.0,0.0,1.37362735,2.44390747,0.0,2.08013719,3.14561455,0.0,0.0,230.77,0.00227791,2484.0,0.00227791
runs/CZ09/DMo&0&rDXHP&Ex&dxHP_equip/LRM AOE +40% RCA LSC R22 R410a rDXHP Measure/instance-out.sql,CZ09,DMo,weighted,rDXHP,Ex,dxHP_equip,,LRM AOE +40% RCA LSC R22 R410a rDXHP Measure,DMo&0&rDXHP&Ex&dxHP_equip,LRM AOE +40% RCA LSC R22 R410a rDXHP Measure,45.9,88.37,31775.09,61182.56,12.79198039,0.58237062,0.62828072,1.26005582,0.0,5.22575174,0.0,0.61684747,0.0,0.0,0.0,0.0,4.47867402,0.0,0.0,0.58237062,0.62828072,0.0,0.0,2.08013719,3.14561455,0.0,0.0,230.77,0.00170077,2484.0,0.00170077
runs/CZ10/DMo&0&rDXGF&Ex&dxAC_equip/LRM AOE +30% RCA LSC R22 R410a rDXGF Measure/instance-out.sql,CZ10,DMo,weighted,rDXGF,Ex,dxAC_equip,,LRM AOE +30% RCA LSC R22 R410a rDXGF Measure,DMo&0&rDXGF&Ex&dxAC_equip,LRM AOE +30% RCA LSC R22 R410a rDXGF Measure,53.15,93.24,36799.22,64550.25,14.81458905,2.44390747,0.87181679,1.26005582,0.0,5.22575174,0.0,0.55398076,0.0,0.0,0.0,0.0,4.45907648,0.0,0.0,0.0,0.87181679,2.44390747,0.0,2.08013719,3.14561455,0.0,0.0,230.77,0.00176787,2484.0,0.00176787
runs/CZ10/DMo&0&rDXGF&Ex&dxAC_equip/LRM AOE +22.5% RCA LSC R22 R410a rDXGF Measure/instance-out.sql,CZ10,DMo,weighted,rDXGF,Ex,dxAC_equip,,LRM AOE +22.5% RCA LSC R22 R410a rDXGF Measure,DMo&0&rDXGF&Ex&dxAC_equip,LRM AOE +22.5% RCA LSC R22 R410a rDXGF Measure,54.05,96.09,37422.46,66524.07,15.06549232,2.44390747,1.12272408,1.26005582,0.0,5.22575174,0.0,0.55398076,0.0,0.0,0.0,0.0,4.45907648,0.0,0.0,0.0,1.12272408,2.44390747,0.0,2.08013719,3.14561455,0.0,0.0,230.77,0.00202289,2484.0,0.00202289
runs/CZ10/DMo&0&rDXGF&Ex&dxAC_equip/LRM AOE LSC R22 R410a rDXGF Measure/instance-out.sql,CZ10,DMo,weighted,rDXGF,Ex,dxAC_equip,,LRM AOE LSC R22 R410a rDXGF Measure,DMo&0&rDXGF&Ex&dxAC_equip,LRM AOE LSC R22 R410a rDXGF Measure,56.12,102.63,38851.77,71050.7,15.64090235,2.44390747,1.69813411,1.26005582,0.0,5.22575174,0.0,0.55398076,0.0,0.0,0.0,0.0,4.45907648,0.0,0.0,0.0,1.69813411,2.44390747,0.0,2.08013719,3.14561455,0.0,0.0,230.77,0.00260773,2484.0,0.00260773
runs/CZ10/DMo&0&rDXGF&Ex&dxAC_equip/LRM AOE +7.5% RCA LSC R22 R410a rDXGF Measure/instance-out.sql,CZ10,DMo,weighted,rDXGF,Ex,dxAC_equip,,LRM AOE +7.5% RCA LSC R22 R410a rDXGF Measure,DMo&0&rDXGF&Ex&dxAC_equip,LRM AOE +7.5% RCA LSC R22 R410a rDXGF Measure,55.85,101.79,38668.95,70471.71,15.56730288,2.44390747,1.62453464,1.26005582,0.0,5.22575174,0.0,0.55398076,0.0,0.0,0.0,0.0,4.45907648,0.0,0.0,0.0,1.62453464,2.44390747,0.0,2.08013719,3.14561455,0.0,0.0,230.77,0.00253293,2484.0,0.00253293
runs/CZ10/DMo&0&rDXGF&Ex&dxAC_equip/LRM AOE R22 R410a rDXGF Base/instance-out.sql,CZ10,DMo,weighted,rDXGF,Ex,dxAC_equip,,LRM AOE R22 R410a rDXGF Base,DMo&0&rDXGF&Ex&dxAC_equip,LRM AOE R22 R410a rDXGF Base,56.75,104.64,39292.2,72445.53,15.81821017,2.44390747,1.87544193,1.26005582,0.0,5.22575174,0.0,0.55398076,0.0,0.0,0.0,0.0,4.45907648,0.0,0.0,0.0,1.87544193,2.44390747,0.0,2.08013719,3.14561455,0.0,0.0,230.77,0.00278794,2484.0,0.00278794
runs/CZ10/DMo&0&rDXGF&Ex&dxAC_equip/LRM NR LSC R454b rDXGF Measure/instance-out.sql,CZ10,DMo,weighted,rDXGF,Ex,dxAC_equip,,LRM NR LSC R454b rDXGF Measure,DMo&0&rDXGF&Ex&dxAC_equip,LRM NR LSC R454b rDXGF Measure,55.52,100.74,38439.39,69744.67,15.47488284,2.44390747,1.5321146,1.26005582,0.0,5.22575174,0.0,0.55398076,0.0,0.0,0.0,0.0,4.45907648,0.0,0.0,0.0,1.5321146,2.44390747,0.0,2.08013719,3.14561455,0.0,0.0,230.77,0.00243899,2484.0,0.00243899
runs/CZ10/DMo&0&rDXGF&Ex&dxAC_equip/LRM NR R454b rDXGF Base/instance-out.sql,CZ10,DMo,weighted,rDXGF,Ex,dxAC_equip,,LRM NR R454b rDXGF Base,DMo&0&rDXGF&Ex&dxAC_equip,LRM NR R454b rDXGF Base,56.1,102.56,38836.75,71003.13,15.63485562,2.44390747,1.69208737,1.26005582,0.0,5.22575174,0.0,0.55398076,0.0,0.0,0.0,0.0,4.45907648,0.0,0.0,0.0,1.69208737,2.44390747,0.0,2.08013719,3.14561455,0.0,0.0,230.77,0.00260159,2484.0,0.00260159
runs/CZ10/DMo&0&rDXHP&Ex&dxHP_equip/LRM AOE +30% RCA LSC R22 R410a rDXHP Measure/instance-out.sql,CZ10,DMo,weighted,rDXHP,Ex,dxHP_equip,,LRM AOE +30% RCA LSC R22 R410a rDXHP Measure,DMo&0&rDXHP&Ex&dxHP_equip,LRM AOE +30% RCA LSC R22 R410a rDXHP Measure,47.02,92.06,32551.47,63732.3,13.10453458,0.76080969,0.87173225,1.26005582,0.0,5.22575174,0.0,0.52508767,0.0,0.0,0.0,0.0,4.46109743,0.0,0.0,0.76080969,0.87173225,0.0,0.0,2.08013719,3.14561455,0.0,0.0,230.77,0.00176786,2484.0,0.00176786
runs/CZ10/DMo&0&rDXHP&Ex&dxHP_equip/LRM AOE +15% RCA LSC R22 R410a rDXHP Measure/instance-out.sql,CZ10,DMo,weighted,rDXHP,Ex,dxHP_equip,,LRM AOE +15% RCA LSC R22 R410a rDXHP Measure,DMo&0&rDXHP&Ex&dxHP_equip,LRM AOE +15% RCA LSC R22 R410a rDXHP Measure,49.19,98.93,34054.58,68492.65,13.70965494,0.86416779,1.37349449,1.26005582,0.0,5.22575174,0.0,0.52508767,0.0,0.0,0.0,0.0,4.46109743,0.0,0.0,0.86416779,1.37349449,0.0,0.0,2.08013719,3.14561455,0.0,0.0,230.77,0.00227789,2484.0,0.00227789
runs/CZ10/DMo&0&rDXHP&Ex&dxHP_equip/LRM NR LSC R32 R454b rDXHP Measure/instance-out.sql,CZ10,DMo,weighted,rDXHP,Ex,dxHP_equip,,LRM NR LSC R32 R454b rDXHP Measure,DMo&0&rDXHP&Ex&dxHP_equip,LRM NR LSC R32 R454b rDXHP Measure,49.34,99.41,34159.65,68825.41,13.7519539,0.74799962,1.53196565,1.26005582,0.0,5.22575174,0.0,0.52508767,0.0,0.0,0.0,0.0,4.46109743,0.0,0.0,0.74799962,1.53196565,0.0,0.0,2.08013719,3.14561455,0.0,0.0,230.77,0.00243897,2484.0,0.00243897
runs/CZ10/DMo&0&rDXHP&Ex&dxHP_equip/LRM AOE LSC R22 R410a rDXHP Measure/instance-out.sql,CZ10,DMo,weighted,rDXHP,Ex,dxHP_equip,,LRM AOE LSC R22 R410a rDXHP Measure,DMo&0&rDXHP&Ex&dxHP_equip,LRM AOE LSC R22 R410a rDXHP Measure,50.59,103.38,35026.59,71571.01,14.10096564,0.93100796,1.69796503,1.26005582,0.0,5.22575174,0.0,0.52508767,0.0,0.0,0.0,0.0,4.46109743,0.0,0.0,0.93100796,1.69796503,0.0,0.0,2.08013719,3.14561455,0.0,0.0,230.77,0.00260771,2484.0,0.00260771
runs/CZ10/DMo&0&rDXHP&Ex&dxHP_equip/LRM AOE +22.5% RCA LSC R22 R410a rDXHP Measure/instance-out.sql,CZ10,DMo,weighted,rDXHP,Ex,dxHP_equip,,LRM AOE +22.5% RCA LSC R22 R410a rDXHP Measure,DMo&0&rDXHP&Ex&dxHP_equip,LRM AOE +22.5% RCA LSC R22 R410a rDXHP Measure,48.1,95.5,33303.02,66112.47,13.40709275,0.81248874,1.12261136,1.26005582,0.0,5.22575174,0.0,0.52508767,0.0,0.0,0.0,0.0,4.46109743,0.0,0.0,0.81248874,1.12261136,0.0,0.0,2.08013719,3.14561455,0.0,0.0,230.77,0.00202287,2484.0,0.00202287
runs/CZ10/DMo&0&rDXHP&Ex&dxHP_equip/LRM AOE +7.5% RCA LSC R22 R410a rDXHP Measure/instance-out.sql,CZ10,DMo,weighted,rDXHP,Ex,dxHP_equip,,LRM AOE +7.5% RCA LSC R22 R410a rDXHP Measure,DMo&0&rDXHP&Ex&dxHP_equip,LRM AOE +7.5% RCA LSC R22 R410a rDXHP Measure,50.28,102.37,34806.13,70872.83,14.0122131,0.91584684,1.62437361,1.26005582,0.0,5.22575174,0.0,0.52508767,0.0,0.0,0.0,0.0,4.46109743,0.0,0.0,0.91584684,1.62437361,0.0,0.0,2.08013719,3.14561455,0.0,0.0,230.77,0.0025329,2484.0,0.0025329
runs/CZ10/DMo&0&rDXHP&Ex&dxHP_equip/LRM AOE +40% RCA LSC R22 R410a rDXHP Measure/instance-out.sql,CZ10,DMo,weighted,rDXHP,Ex,dxHP_equip,,LRM AOE +40% RCA LSC R22 R410a rDXHP Measure,DMo&0&rDXHP&Ex&dxHP_equip,LRM AOE +40% RCA LSC R22 R410a rDXHP Measure,45.57,87.47,31549.39,60558.73,12.70111833,0.69190428,0.5372214,1.26005582,0.0,5.22575174,0.0,0.52508767,0.0,0.0,0.0,0.0,4.46109743,0.0,0.0,0.69190428,0.5372214,0.0,0.0,2.08013719,3.14561455,0.0,0.0,230.77,0.00142784,2484.0,0.00142784
runs/CZ10/DMo&0&rDXHP&Ex&dxHP_equip/LRM AOE R22 R410a rDXHP Base/instance-out.sql,CZ10,DMo,weighted,rDXHP,Ex,dxHP_equip,,LRM AOE R22 R410a rDXHP Base,DMo&0&rDXHP&Ex&dxHP_equip,LRM AOE R22 R410a rDXHP Base,51.36,105.81,35557.69,73253.0,14.31477529,0.96752992,1.87525674,1.26005582,0.0,5.22575174,0.0,0.52508767,0.0,0.0,0.0,0.0,4.46109743,0.0,0.0,0.96752992,1.87525674,0.0,0.0,2.08013719,3.14561455,0.0,0.0,230.77,0.00278792,2484.0,0.00278792
runs/CZ11/DMo&0&rDXGF&Ex&dxAC_equip/LRM AOE +30% RCA LSC R22 R410a rDXGF Measure/instance-out.sql,CZ11,DMo,weighted,rDXGF,Ex,dxAC_equip,,LRM AOE +30% RCA LSC R22 R410a rDXGF Measure,DMo&0&rDXGF&Ex&dxAC_equip,LRM AOE +30% RCA LSC R22 R410a rDXGF Measure,63.64,110.15,44061.38,76257.2,17.73817732,4.57459247,1.28922668,1.26005582,0.0,5.22575174,0.0,0.87771054,0.0,0.0,0.0,0.0,4.5108441,0.0,0.0,0.0,1.28922668,4.57459247,0.0,2.08013719,3.14561455,0.0,0.0,230.77,0.00209051,2484.0,0.00209051
runs/CZ10/DMo&0&rDXHP&Ex&dxHP_equip/LRM NR R32 R454b rDXHP Base/instance-out.sql,CZ10,DMo,weighted,rDXHP,Ex,dxHP_equip,,LRM NR R32 R454b rDXHP Base,DMo&0&rDXHP&Ex&dxHP_equip,LRM NR R32 R454b rDXHP Base,50.02,101.56,34629.06,70312.03,13.94092846,0.77701751,1.69192232,1.26005582,0.0,5.22575174,0.0,0.52508767,0.0,0.0,0.0,0.0,4.46109743,0.0,0.0,0.77701751,1.69192232,0.0,0.0,2.08013719,3.14561455,0.0,0.0,230.77,0.00260156,2484.0,0.00260156
runs/CZ11/DMo&0&rDXGF&Ex&dxAC_equip/LRM AOE +22.5% RCA LSC R22 R410a rDXGF Measure/instance-out.sql,CZ11,DMo,weighted,rDXGF,Ex,dxAC_equip,,LRM AOE +22.5% RCA LSC R22 R410a rDXGF Measure,DMo&0&rDXGF&Ex&dxAC_equip,LRM AOE +22.5% RCA LSC R22 R410a rDXGF Measure,64.97,114.36,44983.02,79176.05,18.10921416,4.57459247,1.66026351,1.26005582,0.0,5.22575174,0.0,0.87771054,0.0,0.0,0.0,0.0,4.5108441,0.0,0.0,0.0,1.66026351,4.57459247,0.0,2.08013719,3.14561455,0.0,0.0,230.77,0.00241052,2484.0,0.00241052
runs/CZ11/DMo&0&rDXGF&Ex&dxAC_equip/LRM AOE +15% RCA LSC R22 R410a rDXGF Measure/instance-out.sql,CZ11,DMo,weighted,rDXGF,Ex,dxAC_equip,,LRM AOE +15% RCA LSC R22 R410a rDXGF Measure,DMo&0&rDXGF&Ex&dxAC_equip,LRM AOE +15% RCA LSC R22 R410a rDXGF Measure,66.31,118.58,45904.67,82094.91,18.48024696,4.57459247,2.03130035,1.26005582,0.0,5.22575174,0.0,0.87771054,0.0,0.0,0.0,0.0,4.5108441,0.0,0.0,0.0,2.03130035,4.57459247,0.0,2.08013719,3.14561455,0.0,0.0,230.77,0.00273054,2484.0,0.00273054
runs/CZ11/DMo&0&rDXGF&Ex&dxAC_equip/LRM NR R454b rDXGF Base/instance-out.sql,CZ11,DMo,weighted,rDXGF,Ex,dxAC_equip,,LRM NR R454b rDXGF Base,DMo&0&rDXGF&Ex&dxAC_equip,LRM NR R454b rDXGF Base,68.0,123.93,47074.45,85799.62,18.95117972,4.57459247,2.50222908,1.26005582,0.0,5.22575174,0.0,0.87771054,0.0,0.0,0.0,0.0,4.5108441,0.0,0.0,0.0,2.50222908,4.57459247,0.0,2.08013719,3.14561455,0.0,0.0,230.77,0.00313671,2484.0,0.00313671
runs/CZ11/DMo&0&rDXGF&Ex&dxAC_equip/LRM AOE R22 R410a rDXGF Base/instance-out.sql,CZ11,DMo,weighted,rDXGF,Ex,dxAC_equip,,LRM AOE R22 R410a rDXGF Base,DMo&0&rDXGF&Ex&dxAC_equip,LRM AOE R22 R410a rDXGF Base,68.97,127.01,47747.96,87932.61,19.2223166,4.57459247,2.77336998,1.26005582,0.0,5.22575174,0.0,0.87771054,0.0,0.0,0.0,0.0,4.5108441,0.0,0.0,0.0,2.77336998,4.57459247,0.0,2.08013719,3.14561455,0.0,0.0,230.77,0.00337056,2484.0,0.00337056
runs/CZ11/DMo&0&rDXGF&Ex&dxAC_equip/LRM AOE +40% RCA LSC R22 R410a rDXGF Measure/instance-out.sql,CZ11,DMo,weighted,rDXGF,Ex,dxAC_equip,,LRM AOE +40% RCA LSC R22 R410a rDXGF Measure,DMo&0&rDXGF&Ex&dxAC_equip,LRM AOE +40% RCA LSC R22 R410a rDXGF Measure,61.87,104.53,42832.51,72365.4,17.24346423,4.57459247,0.79451359,1.26005582,0.0,5.22575174,0.0,0.87771054,0.0,0.0,0.0,0.0,4.5108441,0.0,0.0,0.0,0.79451359,4.57459247,0.0,2.08013719,3.14561455,0.0,0.0,230.77,0.00166382,2484.0,0.00166382
runs/CZ11/DMo&0&rDXHP&Ex&dxHP_equip/LRM AOE +15% RCA LSC R22 R410a rDXHP Measure/instance-out.sql,CZ11,DMo,weighted,rDXHP,Ex,dxHP_equip,,LRM AOE +15% RCA LSC R22 R410a rDXHP Measure,DMo&0&rDXHP&Ex&dxHP_equip,LRM AOE +15% RCA LSC R22 R410a rDXHP Measure,55.57,118.74,38472.89,82207.04,15.48837326,1.65019502,2.03109503,1.26005582,0.0,5.22575174,0.0,0.80637356,0.0,0.0,0.0,0.0,4.51490612,0.0,0.0,1.65019502,2.03109503,0.0,0.0,2.08013719,3.14561455,0.0,0.0,230.77,0.00273053,2484.0,0.00273053
runs/CZ11/DMo&0&rDXHP&Ex&dxHP_equip/LRM AOE LSC R22 R410a rDXHP Measure/instance-out.sql,CZ11,DMo,weighted,rDXHP,Ex,dxHP_equip,,LRM AOE LSC R22 R410a rDXHP Measure,DMo&0&rDXHP&Ex&dxHP_equip,LRM AOE LSC R22 R410a rDXHP Measure,57.74,125.61,39973.59,86959.73,16.0925234,1.77451943,2.51091673,1.26005582,0.0,5.22575174,0.0,0.80637356,0.0,0.0,0.0,0.0,4.51490612,0.0,0.0,1.77451943,2.51091673,0.0,0.0,2.08013719,3.14561455,0.0,0.0,230.77,0.00314442,2484.0,0.00314442
runs/CZ11/DMo&0&rDXHP&Ex&dxHP_equip/LRM AOE +22.5% RCA LSC R22 R410a rDXHP Measure/instance-out.sql,CZ11,DMo,weighted,rDXHP,Ex,dxHP_equip,,LRM AOE +22.5% RCA LSC R22 R410a rDXHP Measure,DMo&0&rDXHP&Ex&dxHP_equip,LRM AOE +22.5% RCA LSC R22 R410a rDXHP Measure,53.9,113.43,37312.56,78532.27,15.0212489,1.55406723,1.66009846,1.26005582,0.0,5.22575174,0.0,0.80637356,0.0,0.0,0.0,0.0,4.51490612,0.0,0.0,1.55406723,1.66009846,0.0,0.0,2.08013719,3.14561455,0.0,0.0,230.77,0.00241052,2484.0,0.00241052
runs/CZ11/DMo&0&rDXGF&Ex&dxAC_equip/LRM NR LSC R454b rDXGF Measure/instance-out.sql,CZ11,DMo,weighted,rDXGF,Ex,dxAC_equip,,LRM NR LSC R454b rDXGF Measure,DMo&0&rDXGF&Ex&dxAC_equip,LRM NR LSC R454b rDXGF Measure,67.15,121.24,46486.83,83938.62,18.71461631,4.57459247,2.26566567,1.26005582,0.0,5.22575174,0.0,0.87771054,0.0,0.0,0.0,0.0,4.5108441,0.0,0.0,0.0,2.26566567,4.57459247,0.0,2.08013719,3.14561455,0.0,0.0,230.77,0.00293267,2484.0,0.00293267
runs/CZ11/DMo&0&rDXHP&Ex&dxHP_equip/LRM AOE R22 R410a rDXHP Base/instance-out.sql,CZ11,DMo,weighted,rDXHP,Ex,dxHP_equip,,LRM AOE R22 R410a rDXHP Base,DMo&0&rDXHP&Ex&dxHP_equip,LRM AOE R22 R410a rDXHP Base,58.92,129.36,40793.55,89556.57,16.42262198,1.84244656,2.7730922,1.26005582,0.0,5.22575174,0.0,0.80637356,0.0,0.0,0.0,0.0,4.51490612,0.0,0.0,1.84244656,2.7730922,0.0,0.0,2.08013719,3.14561455,0.0,0.0,230.77,0.00337056,2484.0,0.00337056
runs/CZ11/DMo&0&rDXGF&Ex&dxAC_equip/LRM AOE LSC R22 R410a rDXGF Measure/instance-out.sql,CZ11,DMo,weighted,rDXGF,Ex,dxAC_equip,,LRM AOE LSC R22 R410a rDXGF Measure,DMo&0&rDXGF&Ex&dxAC_equip,LRM AOE LSC R22 R410a rDXGF Measure,68.03,124.03,47096.66,85869.96,18.960121,4.57459247,2.51117035,1.26005582,0.0,5.22575174,0.0,0.87771054,0.0,0.0,0.0,0.0,4.5108441,0.0,0.0,0.0,2.51117035,4.57459247,0.0,2.08013719,3.14561455,0.0,0.0,230.77,0.00314442,2484.0,0.00314442
runs/CZ11/DMo&0&rDXHP&Ex&dxHP_equip/LRM AOE +40% RCA LSC R22 R410a rDXHP Measure/instance-out.sql,CZ11,DMo,weighted,rDXHP,Ex,dxHP_equip,,LRM AOE +40% RCA LSC R22 R410a rDXHP Measure,DMo&0&rDXHP&Ex&dxHP_equip,LRM AOE +40% RCA LSC R22 R410a rDXHP Measure,49.98,101.05,34605.12,69957.81,13.93129072,1.3297704,0.79443307,1.26005582,0.0,5.22575174,0.0,0.80637356,0.0,0.0,0.0,0.0,4.51490612,0.0,0.0,1.3297704,0.79443307,0.0,0.0,2.08013719,3.14561455,0.0,0.0,230.77,0.00166382,2484.0,0.00166382
runs/CZ11/DMo&0&rDXGF&Ex&dxAC_equip/LRM AOE +7.5% RCA LSC R22 R410a rDXGF Measure/instance-out.sql,CZ11,DMo,weighted,rDXGF,Ex,dxAC_equip,,LRM AOE +7.5% RCA LSC R22 R410a rDXGF Measure,DMo&0&rDXGF&Ex&dxAC_equip,LRM AOE +7.5% RCA LSC R22 R410a rDXGF Measure,67.64,122.8,46826.31,85013.76,18.85128379,4.57459247,2.40233315,1.26005582,0.0,5.22575174,0.0,0.87771054,0.0,0.0,0.0,0.0,4.5108441,0.0,0.0,0.0,2.40233315,4.57459247,0.0,2.08013719,3.14561455,0.0,0.0,230.77,0.00305055,2484.0,0.00305055
runs/CZ11/DMo&0&rDXHP&Ex&dxHP_equip/LRM AOE +30% RCA LSC R22 R410a rDXHP Measure/instance-out.sql,CZ11,DMo,weighted,rDXHP,Ex,dxHP_equip,,LRM AOE +30% RCA LSC R22 R410a rDXHP Measure,DMo&0&rDXHP&Ex&dxHP_equip,LRM AOE +30% RCA LSC R22 R410a rDXHP Measure,52.22,108.13,36152.23,74857.5,14.55412454,1.45793944,1.28909786,1.26005582,0.0,5.22575174,0.0,0.80637356,0.0,0.0,0.0,0.0,4.51490612,0.0,0.0,1.45793944,1.28909786,0.0,0.0,2.08013719,3.14561455,0.0,0.0,230.77,0.00209051,2484.0,0.00209051
runs/CZ11/DMo&0&rDXHP&Ex&dxHP_equip/LRM NR LSC R32 R454b rDXHP Measure/instance-out.sql,CZ11,DMo,weighted,rDXHP,Ex,dxHP_equip,,LRM NR LSC R32 R454b rDXHP Measure,DMo&0&rDXHP&Ex&dxHP_equip,LRM NR LSC R32 R454b rDXHP Measure,55.64,118.95,38518.24,82350.66,15.50663021,1.43410677,2.2654362,1.26005582,0.0,5.22575174,0.0,0.80637356,0.0,0.0,0.0,0.0,4.51490612,0.0,0.0,1.43410677,2.2654362,0.0,0.0,2.08013719,3.14561455,0.0,0.0,230.77,0.00293267,2484.0,0.00293267
runs/CZ11/DMo&0&rDXHP&Ex&dxHP_equip/LRM AOE +7.5% RCA LSC R22 R410a rDXHP Measure/instance-out.sql,CZ11,DMo,weighted,rDXHP,Ex,dxHP_equip,,LRM AOE +7.5% RCA LSC R22 R410a rDXHP Measure,DMo&0&rDXHP&Ex&dxHP_equip,LRM AOE +7.5% RCA LSC R22 R410a rDXHP Measure,57.25,124.05,39633.22,85881.8,15.95549762,1.7463228,2.4020916,1.26005582,0.0,5.22575174,0.0,0.80637356,0.0,0.0,0.0,0.0,4.51490612,0.0,0.0,1.7463228,2.4020916,0.0,0.0,2.08013719,3.14561455,0.0,0.0,230.77,0.00305055,2484.0,0.00305055
runs/CZ11/DMo&0&rDXHP&Ex&dxHP_equip/LRM NR R32 R454b rDXHP Base/instance-out.sql,CZ11,DMo,weighted,rDXHP,Ex,dxHP_equip,,LRM NR R32 R454b rDXHP Base,DMo&0&rDXHP&Ex&dxHP_equip,LRM NR R32 R454b rDXHP Base,56.68,122.25,39239.88,84636.08,15.79714724,1.48808455,2.50197948,1.26005582,0.0,5.22575174,0.0,0.80637356,0.0,0.0,0.0,0.0,4.51490612,0.0,0.0,1.48808455,2.50197948,0.0,0.0,2.08013719,3.14561455,0.0,0.0,230.77,0.00313671,2484.0,0.00313671
runs/CZ12/DMo&0&rDXGF&Ex&dxAC_equip/LRM AOE +40% RCA LSC R22 R410a rDXGF Measure/instance-out.sql,CZ12,DMo,weighted,rDXGF,Ex,dxAC_equip,,LRM AOE +40% RCA LSC R22 R410a rDXGF Measure,DMo&0&rDXGF&Ex&dxAC_equip,LRM AOE +40% RCA LSC R22 R410a rDXGF Measure,60.2,98.89,41678.17,68463.52,16.77875132,4.60755965,0.49389988,1.26005582,0.0,5.22575174,0.0,0.66605067,0.0,0.0,0.0,0.0,4.52543356,0.0,0.0,0.0,0.49389988,4.60755965,0.0,2.08013719,3.14561455,0.0,0.0,230.77,0.00145239,2484.0,0.00145239
runs/CZ12/DMo&0&rDXGF&Ex&dxAC_equip/LRM AOE +30% RCA LSC R22 R410a rDXGF Measure/instance-out.sql,CZ12,DMo,weighted,rDXGF,Ex,dxAC_equip,,LRM AOE +30% RCA LSC R22 R410a rDXGF Measure,DMo&0&rDXGF&Ex&dxAC_equip,LRM AOE +30% RCA LSC R22 R410a rDXGF Measure,61.3,102.39,42442.08,70882.81,17.08628536,4.60755965,0.80143392,1.26005582,0.0,5.22575174,0.0,0.66605067,0.0,0.0,0.0,0.0,4.52543356,0.0,0.0,0.0,0.80143392,4.60755965,0.0,2.08013719,3.14561455,0.0,0.0,230.77,0.00179358,2484.0,0.00179358
runs/CZ12/DMo&0&rDXGF&Ex&dxAC_equip/LRM AOE +7.5% RCA LSC R22 R410a rDXGF Measure/instance-out.sql,CZ12,DMo,weighted,rDXGF,Ex,dxAC_equip,,LRM AOE +7.5% RCA LSC R22 R410a rDXGF Measure,DMo&0&rDXGF&Ex&dxAC_equip,LRM AOE +7.5% RCA LSC R22 R410a rDXGF Measure,63.79,110.25,44160.87,76326.21,17.77823392,4.60755965,1.49337846,1.26005582,0.0,5.22575174,0.0,0.66605067,0.0,0.0,0.0,0.0,4.52543356,0.0,0.0,0.0,1.49337846,4.60755965,0.0,2.08013719,3.14561455,0.0,0.0,230.77,0.00256125,2484.0,0.00256125
runs/CZ12/DMo&0&rDXGF&Ex&dxAC_equip/LRM AOE +22.5% RCA LSC R22 R410a rDXGF Measure/instance-out.sql,CZ12,DMo,weighted,rDXGF,Ex,dxAC_equip,,LRM AOE +22.5% RCA LSC R22 R410a rDXGF Measure,DMo&0&rDXGF&Ex&dxAC_equip,LRM AOE +22.5% RCA LSC R22 R410a rDXGF Measure,62.13,105.01,43015.01,72697.28,17.31693488,4.60755965,1.03207942,1.26005582,0.0,5.22575174,0.0,0.66605067,0.0,0.0,0.0,0.0,4.52543356,0.0,0.0,0.0,1.03207942,4.60755965,0.0,2.08013719,3.14561455,0.0,0.0,230.77,0.00204947,2484.0,0.00204947
runs/CZ12/DMo&0&rDXGF&Ex&dxAC_equip/LRM AOE +15% RCA LSC R22 R410a rDXGF Measure/instance-out.sql,CZ12,DMo,weighted,rDXGF,Ex,dxAC_equip,,LRM AOE +15% RCA LSC R22 R410a rDXGF Measure,DMo&0&rDXGF&Ex&dxAC_equip,LRM AOE +15% RCA LSC R22 R410a rDXGF Measure,62.96,107.63,43587.94,74511.75,17.5475844,4.60755965,1.26272894,1.26005582,0.0,5.22575174,0.0,0.66605067,0.0,0.0,0.0,0.0,4.52543356,0.0,0.0,0.0,1.26272894,4.60755965,0.0,2.08013719,3.14561455,0.0,0.0,230.77,0.00230536,2484.0,0.00230536
runs/CZ12/DMo&0&rDXGF&Ex&dxAC_equip/LRM AOE LSC R22 R410a rDXGF Measure/instance-out.sql,CZ12,DMo,weighted,rDXGF,Ex,dxAC_equip,,LRM AOE LSC R22 R410a rDXGF Measure,DMo&0&rDXGF&Ex&dxAC_equip,LRM AOE LSC R22 R410a rDXGF Measure,64.03,111.02,44328.93,76858.46,17.8458873,4.60755965,1.56103587,1.26005582,0.0,5.22575174,0.0,0.66605067,0.0,0.0,0.0,0.0,4.52543356,0.0,0.0,0.0,1.56103587,4.60755965,0.0,2.08013719,3.14561455,0.0,0.0,230.77,0.00263631,2484.0,0.00263631
runs/CZ12/DMo&0&rDXHP&Ex&dxHP_equip/LRM AOE +15% RCA LSC R22 R410a rDXHP Measure/instance-out.sql,CZ12,DMo,weighted,rDXHP,Ex,dxHP_equip,,LRM AOE +15% RCA LSC R22 R410a rDXHP Measure,DMo&0&rDXHP&Ex&dxHP_equip,LRM AOE +15% RCA LSC R22 R410a rDXHP Measure,52.18,107.9,36126.88,74699.15,14.54391917,1.66868949,1.2625357,1.26005582,0.0,5.22575174,0.0,0.59689567,0.0,0.0,0.0,0.0,4.52999478,0.0,0.0,1.66868949,1.2625357,0.0,0.0,2.08013719,3.14561455,0.0,0.0,230.77,0.00230536,2484.0,0.00230536
runs/CZ12/DMo&0&rDXHP&Ex&dxHP_equip/LRM AOE +40% RCA LSC R22 R410a rDXHP Measure/instance-out.sql,CZ12,DMo,weighted,rDXHP,Ex,dxHP_equip,,LRM AOE +40% RCA LSC R22 R410a rDXHP Measure,DMo&0&rDXHP&Ex&dxHP_equip,LRM AOE +40% RCA LSC R22 R410a rDXHP Measure,48.25,95.45,33405.95,66081.96,13.44853019,1.34201283,0.49382339,1.26005582,0.0,5.22575174,0.0,0.59689567,0.0,0.0,0.0,0.0,4.52999478,0.0,0.0,1.34201283,0.49382339,0.0,0.0,2.08013719,3.14561455,0.0,0.0,230.77,0.00145239,2484.0,0.00145239
runs/CZ12/DMo&0&rDXGF&Ex&dxAC_equip/LRM NR R454b rDXGF Base/instance-out.sql,CZ12,DMo,weighted,rDXGF,Ex,dxAC_equip,,LRM NR R454b rDXGF Base,DMo&0&rDXGF&Ex&dxAC_equip,LRM NR R454b rDXGF Base,64.01,110.95,44315.12,76814.73,17.84033172,4.60755965,1.55548028,1.26005582,0.0,5.22575174,0.0,0.66605067,0.0,0.0,0.0,0.0,4.52543356,0.0,0.0,0.0,1.55548028,4.60755965,0.0,2.08013719,3.14561455,0.0,0.0,230.77,0.00263015,2484.0,0.00263015
runs/CZ12/DMo&0&rDXGF&Ex&dxAC_equip/LRM AOE R22 R410a rDXGF Base/instance-out.sql,CZ12,DMo,weighted,rDXGF,Ex,dxAC_equip,,LRM AOE R22 R410a rDXGF Base,DMo&0&rDXGF&Ex&dxAC_equip,LRM AOE R22 R410a rDXGF Base,64.61,112.87,44733.8,78140.68,18.00887942,4.60755965,1.72402798,1.26005582,0.0,5.22575174,0.0,0.66605067,0.0,0.0,0.0,0.0,4.52543356,0.0,0.0,0.0,1.72402798,4.60755965,0.0,2.08013719,3.14561455,0.0,0.0,230.77,0.00281714,2484.0,0.00281714
runs/CZ12/DMo&0&rDXGF&Ex&dxAC_equip/LRM NR LSC R454b rDXGF Measure/instance-out.sql,CZ12,DMo,weighted,rDXGF,Ex,dxAC_equip,,LRM NR LSC R454b rDXGF Measure,DMo&0&rDXGF&Ex&dxAC_equip,LRM NR LSC R454b rDXGF Measure,63.48,109.28,43949.83,75657.86,17.69327367,4.60755965,1.40842224,1.26005582,0.0,5.22575174,0.0,0.66605067,0.0,0.0,0.0,0.0,4.52543356,0.0,0.0,0.0,1.40842224,4.60755965,0.0,2.08013719,3.14561455,0.0,0.0,230.77,0.002467,2484.0,0.002467
runs/CZ13/DMo&0&rDXGF&Ex&dxAC_equip/LRM AOE +15% RCA LSC R22 R410a rDXGF Measure/instance-out.sql,CZ13,DMo,weighted,rDXGF,Ex,dxAC_equip,,LRM AOE +15% RCA LSC R22 R410a rDXGF Measure,DMo&0&rDXGF&Ex&dxAC_equip,LRM AOE +15% RCA LSC R22 R410a rDXGF Measure,64.09,117.19,44371.19,81133.34,17.86290431,3.86536924,2.16819327,1.26005582,0.0,5.22575174,0.0,0.87624113,0.0,0.0,0.0,0.0,4.46729312,0.0,0.0,0.0,2.16819327,3.86536924,0.0,2.08013719,3.14561455,0.0,0.0,230.77,0.00288502,2484.0,0.00288502
runs/CZ12/DMo&0&rDXHP&Ex&dxHP_equip/LRM NR R32 R454b rDXHP Base/instance-out.sql,CZ12,DMo,weighted,rDXHP,Ex,dxHP_equip,,LRM NR R32 R454b rDXHP Base,DMo&0&rDXHP&Ex&dxHP_equip,LRM NR R32 R454b rDXHP Base,52.64,109.35,36443.41,75701.59,14.67134746,1.50341475,1.55523471,1.26005582,0.0,5.22575174,0.0,0.59689567,0.0,0.0,0.0,0.0,4.52999478,0.0,0.0,1.50341475,1.55523471,0.0,0.0,2.08013719,3.14561455,0.0,0.0,230.77,0.00263015,2484.0,0.00263015
runs/CZ12/DMo&0&rDXHP&Ex&dxHP_equip/LRM AOE +30% RCA LSC R22 R410a rDXHP Measure/instance-out.sql,CZ12,DMo,weighted,rDXHP,Ex,dxHP_equip,,LRM AOE +30% RCA LSC R22 R410a rDXHP Measure,DMo&0&rDXHP&Ex&dxHP_equip,LRM AOE +30% RCA LSC R22 R410a rDXHP Measure,49.82,100.43,34494.33,69528.84,13.88668498,1.47268188,0.80130912,1.26005582,0.0,5.22575174,0.0,0.59689567,0.0,0.0,0.0,0.0,4.52999478,0.0,0.0,1.47268188,0.80130912,0.0,0.0,2.08013719,3.14561455,0.0,0.0,230.77,0.00179358,2484.0,0.00179358
runs/CZ12/DMo&0&rDXHP&Ex&dxHP_equip/LRM AOE LSC R22 R410a rDXHP Measure/instance-out.sql,CZ12,DMo,weighted,rDXHP,Ex,dxHP_equip,,LRM AOE LSC R22 R410a rDXHP Measure,DMo&0&rDXHP&Ex&dxHP_equip,LRM AOE LSC R22 R410a rDXHP Measure,53.71,112.73,37182.6,78042.61,14.96892975,1.79543743,1.56079432,1.26005582,0.0,5.22575174,0.0,0.59689567,0.0,0.0,0.0,0.0,4.52999478,0.0,0.0,1.79543743,1.56079432,0.0,0.0,2.08013719,3.14561455,0.0,0.0,230.77,0.00263631,2484.0,0.00263631
runs/CZ12/DMo&0&rDXHP&Ex&dxHP_equip/LRM AOE R22 R410a rDXHP Base/instance-out.sql,CZ12,DMo,weighted,rDXHP,Ex,dxHP_equip,,LRM AOE R22 R410a rDXHP Base,DMo&0&rDXHP&Ex&dxHP_equip,LRM AOE R22 R410a rDXHP Base,54.54,115.37,37759.44,79869.46,15.20115335,1.86469307,1.72376228,1.26005582,0.0,5.22575174,0.0,0.59689567,0.0,0.0,0.0,0.0,4.52999478,0.0,0.0,1.86469307,1.72376228,0.0,0.0,2.08013719,3.14561455,0.0,0.0,230.77,0.00281714,2484.0,0.00281714
runs/CZ12/DMo&0&rDXHP&Ex&dxHP_equip/LRM AOE +22.5% RCA LSC R22 R410a rDXHP Measure/instance-out.sql,CZ12,DMo,weighted,rDXHP,Ex,dxHP_equip,,LRM AOE +22.5% RCA LSC R22 R410a rDXHP Measure,DMo&0&rDXHP&Ex&dxHP_equip,LRM AOE +22.5% RCA LSC R22 R410a rDXHP Measure,51.0,104.16,35310.6,72113.99,14.21530207,1.57068568,1.03192241,1.26005582,0.0,5.22575174,0.0,0.59689567,0.0,0.0,0.0,0.0,4.52999478,0.0,0.0,1.57068568,1.03192241,0.0,0.0,2.08013719,3.14561455,0.0,0.0,230.77,0.00204947,2484.0,0.00204947
runs/CZ12/DMo&0&rDXHP&Ex&dxHP_equip/LRM AOE +7.5% RCA LSC R22 R410a rDXHP Measure/instance-out.sql,CZ12,DMo,weighted,rDXHP,Ex,dxHP_equip,,LRM AOE +7.5% RCA LSC R22 R410a rDXHP Measure,DMo&0&rDXHP&Ex&dxHP_equip,LRM AOE +7.5% RCA LSC R22 R410a rDXHP Measure,53.36,111.63,36943.16,77284.3,14.87253626,1.76669329,1.49314899,1.26005582,0.0,5.22575174,0.0,0.59689567,0.0,0.0,0.0,0.0,4.52999478,0.0,0.0,1.76669329,1.49314899,0.0,0.0,2.08013719,3.14561455,0.0,0.0,230.77,0.00256125,2484.0,0.00256125
runs/CZ12/DMo&0&rDXHP&Ex&dxHP_equip/LRM NR LSC R32 R454b rDXHP Measure/instance-out.sql,CZ12,DMo,weighted,rDXHP,Ex,dxHP_equip,,LRM NR LSC R32 R454b rDXHP Measure,DMo&0&rDXHP&Ex&dxHP_equip,LRM NR LSC R32 R454b rDXHP Measure,51.92,107.05,35941.49,74112.0,14.46928507,1.44838222,1.40820082,1.26005582,0.0,5.22575174,0.0,0.59689567,0.0,0.0,0.0,0.0,4.52999478,0.0,0.0,1.44838222,1.40820082,0.0,0.0,2.08013719,3.14561455,0.0,0.0,230.77,0.002467,2484.0,0.002467
runs/CZ13/DMo&0&rDXGF&Ex&dxAC_equip/LRM AOE +30% RCA LSC R22 R410a rDXGF Measure/instance-out.sql,CZ13,DMo,weighted,rDXGF,Ex,dxAC_equip,,LRM AOE +30% RCA LSC R22 R410a rDXGF Measure,DMo&0&rDXGF&Ex&dxAC_equip,LRM AOE +30% RCA LSC R22 R410a rDXGF Measure,61.25,108.19,42403.67,74902.21,17.0708223,3.86536924,1.37611528,1.26005582,0.0,5.22575174,0.0,0.87624113,0.0,0.0,0.0,0.0,4.46729312,0.0,0.0,0.0,1.37611528,3.86536924,0.0,2.08013719,3.14561455,0.0,0.0,230.77,0.00219696,2484.0,0.00219696
runs/CZ13/DMo&0&rDXGF&Ex&dxAC_equip/LRM AOE +22.5% RCA LSC R22 R410a rDXGF Measure/instance-out.sql,CZ13,DMo,weighted,rDXGF,Ex,dxAC_equip,,LRM AOE +22.5% RCA LSC R22 R410a rDXGF Measure,DMo&0&rDXGF&Ex&dxAC_equip,LRM AOE +22.5% RCA LSC R22 R410a rDXGF Measure,62.67,112.69,43387.43,78017.77,17.46686331,3.86536924,1.77215226,1.26005582,0.0,5.22575174,0.0,0.87624113,0.0,0.0,0.0,0.0,4.46729312,0.0,0.0,0.0,1.77215226,3.86536924,0.0,2.08013719,3.14561455,0.0,0.0,230.77,0.00254099,2484.0,0.00254099
runs/CZ13/DMo&0&rDXGF&Ex&dxAC_equip/LRM AOE +40% RCA LSC R22 R410a rDXGF Measure/instance-out.sql,CZ13,DMo,weighted,rDXGF,Ex,dxAC_equip,,LRM AOE +40% RCA LSC R22 R410a rDXGF Measure,DMo&0&rDXGF&Ex&dxAC_equip,LRM AOE +40% RCA LSC R22 R410a rDXGF Measure,59.35,102.19,41092.0,70748.13,16.54277165,3.86536924,0.84806061,1.26005582,0.0,5.22575174,0.0,0.87624113,0.0,0.0,0.0,0.0,4.46729312,0.0,0.0,0.0,0.84806061,3.86536924,0.0,2.08013719,3.14561455,0.0,0.0,230.77,0.00173826,2484.0,0.00173826
runs/CZ13/DMo&0&rDXGF&Ex&dxAC_equip/LRM AOE LSC R22 R410a rDXGF Measure/instance-out.sql,CZ13,DMo,weighted,rDXGF,Ex,dxAC_equip,,LRM AOE LSC R22 R410a rDXGF Measure,DMo&0&rDXGF&Ex&dxAC_equip,LRM AOE LSC R22 R410a rDXGF Measure,65.93,123.01,45643.52,85162.8,18.37511751,3.86536924,2.68040647,1.26005582,0.0,5.22575174,0.0,0.87624113,0.0,0.0,0.0,0.0,4.46729312,0.0,0.0,0.0,2.68040647,3.86536924,0.0,2.08013719,3.14561455,0.0,0.0,230.77,0.00332996,2484.0,0.00332996
runs/CZ13/DMo&0&rDXGF&Ex&dxAC_equip/LRM AOE +7.5% RCA LSC R22 R410a rDXGF Measure/instance-out.sql,CZ13,DMo,weighted,rDXGF,Ex,dxAC_equip,,LRM AOE +7.5% RCA LSC R22 R410a rDXGF Measure,DMo&0&rDXGF&Ex&dxAC_equip,LRM AOE +7.5% RCA LSC R22 R410a rDXGF Measure,65.51,121.69,45354.95,84248.9,18.25894532,3.86536924,2.56423428,1.26005582,0.0,5.22575174,0.0,0.87624113,0.0,0.0,0.0,0.0,4.46729312,0.0,0.0,0.0,2.56423428,3.86536924,0.0,2.08013719,3.14561455,0.0,0.0,230.77,0.00322905,2484.0,0.00322905
runs/CZ13/DMo&0&rDXGF&Ex&dxAC_equip/LRM NR LSC R454b rDXGF Measure/instance-out.sql,CZ13,DMo,weighted,rDXGF,Ex,dxAC_equip,,LRM NR LSC R454b rDXGF Measure,DMo&0&rDXGF&Ex&dxAC_equip,LRM NR LSC R454b rDXGF Measure,64.99,120.03,44992.59,83101.3,18.11306684,3.86536924,2.41835579,1.26005582,0.0,5.22575174,0.0,0.87624113,0.0,0.0,0.0,0.0,4.46729312,0.0,0.0,0.0,2.41835579,3.86536924,0.0,2.08013719,3.14561455,0.0,0.0,230.77,0.00310233,2484.0,0.00310233
runs/CZ13/DMo&0&rDXGF&Ex&dxAC_equip/LRM AOE R22 R410a rDXGF Base/instance-out.sql,CZ13,DMo,weighted,rDXGF,Ex,dxAC_equip,,LRM AOE R22 R410a rDXGF Base,DMo&0&rDXGF&Ex&dxAC_equip,LRM AOE R22 R410a rDXGF Base,66.93,126.19,46338.71,87364.46,18.65498633,3.86536924,2.96027528,1.26005582,0.0,5.22575174,0.0,0.87624113,0.0,0.0,0.0,0.0,4.46729312,0.0,0.0,0.0,2.96027528,3.86536924,0.0,2.08013719,3.14561455,0.0,0.0,230.77,0.00357308,2484.0,0.00357308
runs/CZ13/DMo&0&rDXGF&Ex&dxAC_equip/LRM NR R454b rDXGF Base/instance-out.sql,CZ13,DMo,weighted,rDXGF,Ex,dxAC_equip,,LRM NR R454b rDXGF Base,DMo&0&rDXGF&Ex&dxAC_equip,LRM NR R454b rDXGF Base,65.89,122.9,45619.81,85087.72,18.36557237,3.86536924,2.67086132,1.26005582,0.0,5.22575174,0.0,0.87624113,0.0,0.0,0.0,0.0,4.46729312,0.0,0.0,0.0,2.67086132,3.86536924,0.0,2.08013719,3.14561455,0.0,0.0,230.77,0.00332167,2484.0,0.00332167
runs/CZ13/DMo&0&rDXHP&Ex&dxHP_equip/LRM AOE +15% RCA LSC R22 R410a rDXHP Measure/instance-out.sql,CZ13,DMo,weighted,rDXHP,Ex,dxHP_equip,,LRM AOE +15% RCA LSC R22 R410a rDXHP Measure,DMo&0&rDXHP&Ex&dxHP_equip,LRM AOE +15% RCA LSC R22 R410a rDXHP Measure,55.06,117.43,38115.55,81299.52,15.34451975,1.40343026,2.16802016,1.26005582,0.0,5.22575174,0.0,0.81567716,0.0,0.0,0.0,0.0,4.47158058,0.0,0.0,1.40343026,2.16802016,0.0,0.0,2.08013719,3.14561455,0.0,0.0,230.77,0.00288502,2484.0,0.00288502
runs/CZ13/DMo&0&rDXHP&Ex&dxHP_equip/LRM AOE +22.5% RCA LSC R22 R410a rDXHP Measure/instance-out.sql,CZ13,DMo,weighted,rDXHP,Ex,dxHP_equip,,LRM AOE +22.5% RCA LSC R22 R410a rDXHP Measure,DMo&0&rDXHP&Ex&dxHP_equip,LRM AOE +22.5% RCA LSC R22 R410a rDXHP Measure,53.34,112.0,36927.51,77536.98,14.8662359,1.32115924,1.77201136,1.26005582,0.0,5.22575174,0.0,0.81567716,0.0,0.0,0.0,0.0,4.47158058,0.0,0.0,1.32115924,1.77201136,0.0,0.0,2.08013719,3.14561455,0.0,0.0,230.77,0.00254099,2484.0,0.00254099
runs/CZ13/DMo&0&rDXHP&Ex&dxHP_equip/LRM NR LSC R32 R454b rDXHP Measure/instance-out.sql,CZ13,DMo,weighted,rDXHP,Ex,dxHP_equip,,LRM NR LSC R32 R454b rDXHP Measure,DMo&0&rDXHP&Ex&dxHP_equip,LRM NR LSC R32 R454b rDXHP Measure,55.29,118.17,38277.5,81812.42,15.4097174,1.21848955,2.41816255,1.26005582,0.0,5.22575174,0.0,0.81567716,0.0,0.0,0.0,0.0,4.47158058,0.0,0.0,1.21848955,2.41816255,0.0,0.0,2.08013719,3.14561455,0.0,0.0,230.77,0.00310233,2484.0,0.00310233
runs/CZ14/DMo&0&rDXGF&Ex&dxAC_equip/LRM AOE +15% RCA LSC R22 R410a rDXGF Measure/instance-out.sql,CZ14,DMo,weighted,rDXGF,Ex,dxAC_equip,,LRM AOE +15% RCA LSC R22 R410a rDXGF Measure,DMo&0&rDXGF&Ex&dxAC_equip,LRM AOE +15% RCA LSC R22 R410a rDXGF Measure,73.41,123.47,50824.33,85480.97,20.46080224,6.99030734,1.60097975,1.26005582,0.0,5.22575174,0.0,0.93176078,0.0,0.0,0.0,0.0,4.45194278,0.0,0.0,0.0,1.60097975,6.99030734,0.0,2.08013719,3.14561455,0.0,0.0,230.77,0.00205161,2484.0,0.00205161
runs/CZ14/DMo&0&rDXGF&Ex&dxAC_equip/LRM AOE +22.5% RCA LSC R22 R410a rDXGF Measure/instance-out.sql,CZ14,DMo,weighted,rDXGF,Ex,dxAC_equip,,LRM AOE +22.5% RCA LSC R22 R410a rDXGF Measure,DMo&0&rDXGF&Ex&dxAC_equip,LRM AOE +22.5% RCA LSC R22 R410a rDXGF Measure,72.36,120.15,50097.93,83180.46,20.16836491,6.99030734,1.30854644,1.26005582,0.0,5.22575174,0.0,0.93176078,0.0,0.0,0.0,0.0,4.45194278,0.0,0.0,0.0,1.30854644,6.99030734,0.0,2.08013719,3.14561455,0.0,0.0,230.77,0.00183204,2484.0,0.00183204
runs/CZ13/DMo&0&rDXHP&Ex&dxHP_equip/LRM AOE +40% RCA LSC R22 R410a rDXHP Measure/instance-out.sql,CZ13,DMo,weighted,rDXHP,Ex,dxHP_equip,,LRM AOE +40% RCA LSC R22 R410a rDXHP Measure,DMo&0&rDXHP&Ex&dxHP_equip,LRM AOE +40% RCA LSC R22 R410a rDXHP Measure,49.34,99.32,34155.41,68757.74,13.75024697,1.1291895,0.84799217,1.26005582,0.0,5.22575174,0.0,0.81567716,0.0,0.0,0.0,0.0,4.47158058,0.0,0.0,1.1291895,0.84799217,0.0,0.0,2.08013719,3.14561455,0.0,0.0,230.77,0.00173826,2484.0,0.00173826
runs/CZ13/DMo&0&rDXHP&Ex&dxHP_equip/LRM NR R32 R454b rDXHP Base/instance-out.sql,CZ13,DMo,weighted,rDXHP,Ex,dxHP_equip,,LRM NR R32 R454b rDXHP Base,DMo&0&rDXHP&Ex&dxHP_equip,LRM NR R32 R454b rDXHP Base,56.36,121.57,39019.43,84162.09,15.70839873,1.26468547,2.67064795,1.26005582,0.0,5.22575174,0.0,0.81567716,0.0,0.0,0.0,0.0,4.47158058,0.0,0.0,1.26468547,2.67064795,0.0,0.0,2.08013719,3.14561455,0.0,0.0,230.77,0.00332167,2484.0,0.00332167
runs/CZ13/DMo&0&rDXHP&Ex&dxHP_equip/LRM AOE R22 R410a rDXHP Base/instance-out.sql,CZ13,DMo,weighted,rDXHP,Ex,dxHP_equip,,LRM AOE R22 R410a rDXHP Base,DMo&0&rDXHP&Ex&dxHP_equip,LRM AOE R22 R410a rDXHP Base,58.49,128.3,40491.64,88824.58,16.30107939,1.56797633,2.96003776,1.26005582,0.0,5.22575174,0.0,0.81567716,0.0,0.0,0.0,0.0,4.47158058,0.0,0.0,1.56797633,2.96003776,0.0,0.0,2.08013719,3.14561455,0.0,0.0,230.77,0.00357308,2484.0,0.00357308
runs/CZ14/DMo&0&rDXGF&Ex&dxAC_equip/LRM AOE +30% RCA LSC R22 R410a rDXGF Measure/instance-out.sql,CZ14,DMo,weighted,rDXGF,Ex,dxAC_equip,,LRM AOE +30% RCA LSC R22 R410a rDXGF Measure,DMo&0&rDXGF&Ex&dxAC_equip,LRM AOE +30% RCA LSC R22 R410a rDXGF Measure,71.31,116.83,49371.53,80879.95,19.8759316,6.99030734,1.01611314,1.26005582,0.0,5.22575174,0.0,0.93176078,0.0,0.0,0.0,0.0,4.45194278,0.0,0.0,0.0,1.01611314,6.99030734,0.0,2.08013719,3.14561455,0.0,0.0,230.77,0.00161247,2484.0,0.00161247
runs/CZ13/DMo&0&rDXHP&Ex&dxHP_equip/LRM AOE +30% RCA LSC R22 R410a rDXHP Measure/instance-out.sql,CZ13,DMo,weighted,rDXHP,Ex,dxHP_equip,,LRM AOE +30% RCA LSC R22 R410a rDXHP Measure,DMo&0&rDXHP&Ex&dxHP_equip,LRM AOE +30% RCA LSC R22 R410a rDXHP Measure,51.62,106.56,35739.46,73774.45,14.38795608,1.23888822,1.37600256,1.26005582,0.0,5.22575174,0.0,0.81567716,0.0,0.0,0.0,0.0,4.47158058,0.0,0.0,1.23888822,1.37600256,0.0,0.0,2.08013719,3.14561455,0.0,0.0,230.77,0.00219696,2484.0,0.00219696
runs/CZ13/DMo&0&rDXHP&Ex&dxHP_equip/LRM AOE +7.5% RCA LSC R22 R410a rDXHP Measure/instance-out.sql,CZ13,DMo,weighted,rDXHP,Ex,dxHP_equip,,LRM AOE +7.5% RCA LSC R22 R410a rDXHP Measure,DMo&0&rDXHP&Ex&dxHP_equip,LRM AOE +7.5% RCA LSC R22 R410a rDXHP Measure,56.77,122.87,39303.6,85062.05,15.82279957,1.48570531,2.56402896,1.26005582,0.0,5.22575174,0.0,0.81567716,0.0,0.0,0.0,0.0,4.47158058,0.0,0.0,1.48570531,2.56402896,0.0,0.0,2.08013719,3.14561455,0.0,0.0,230.77,0.00322905,2484.0,0.00322905
runs/CZ13/DMo&0&rDXHP&Ex&dxHP_equip/LRM AOE LSC R22 R410a rDXHP Measure/instance-out.sql,CZ13,DMo,weighted,rDXHP,Ex,dxHP_equip,,LRM AOE LSC R22 R410a rDXHP Measure,DMo&0&rDXHP&Ex&dxHP_equip,LRM AOE LSC R22 R410a rDXHP Measure,57.27,124.46,39652.09,86165.73,15.96309429,1.50983589,2.6801931,1.26005582,0.0,5.22575174,0.0,0.81567716,0.0,0.0,0.0,0.0,4.47158058,0.0,0.0,1.50983589,2.6801931,0.0,0.0,2.08013719,3.14561455,0.0,0.0,230.77,0.00332996,2484.0,0.00332996
runs/CZ14/DMo&0&rDXGF&Ex&dxAC_equip/LRM AOE LSC R22 R410a rDXGF Measure/instance-out.sql,CZ14,DMo,weighted,rDXGF,Ex,dxAC_equip,,LRM AOE LSC R22 R410a rDXGF Measure,DMo&0&rDXGF&Ex&dxAC_equip,LRM AOE LSC R22 R410a rDXGF Measure,74.77,127.77,51763.81,88456.3,20.83901303,6.99030734,1.97919456,1.26005582,0.0,5.22575174,0.0,0.93176078,0.0,0.0,0.0,0.0,4.45194278,0.0,0.0,0.0,1.97919456,6.99030734,0.0,2.08013719,3.14561455,0.0,0.0,230.77,0.00233559,2484.0,0.00233559
runs/CZ14/DMo&0&rDXGF&Ex&dxAC_equip/LRM NR LSC R454b rDXGF Measure/instance-out.sql,CZ14,DMo,weighted,rDXGF,Ex,dxAC_equip,,LRM NR LSC R454b rDXGF Measure,DMo&0&rDXGF&Ex&dxAC_equip,LRM NR LSC R454b rDXGF Measure,74.08,125.57,51283.16,86934.1,20.64551751,6.99030734,1.78569904,1.26005582,0.0,5.22575174,0.0,0.93176078,0.0,0.0,0.0,0.0,4.45194278,0.0,0.0,0.0,1.78569904,6.99030734,0.0,2.08013719,3.14561455,0.0,0.0,230.77,0.00219031,2484.0,0.00219031
runs/CZ14/DMo&0&rDXGF&Ex&dxAC_equip/LRM AOE +40% RCA LSC R22 R410a rDXGF Measure/instance-out.sql,CZ14,DMo,weighted,rDXGF,Ex,dxAC_equip,,LRM AOE +40% RCA LSC R22 R410a rDXGF Measure,DMo&0&rDXGF&Ex&dxAC_equip,LRM AOE +40% RCA LSC R22 R410a rDXGF Measure,69.91,112.4,48402.99,77812.6,19.48602187,6.99030734,0.62620341,1.26005582,0.0,5.22575174,0.0,0.93176078,0.0,0.0,0.0,0.0,4.45194278,0.0,0.0,0.0,0.62620341,6.99030734,0.0,2.08013719,3.14561455,0.0,0.0,230.77,0.00131971,2484.0,0.00131971
runs/CZ14/DMo&0&rDXGF&Ex&dxAC_equip/LRM AOE R22 R410a rDXGF Base/instance-out.sql,CZ14,DMo,weighted,rDXGF,Ex,dxAC_equip,,LRM AOE R22 R410a rDXGF Base,DMo&0&rDXGF&Ex&dxAC_equip,LRM AOE R22 R410a rDXGF Base,75.51,130.12,52277.13,90081.99,21.04566885,6.99030734,2.18584635,1.26005582,0.0,5.22575174,0.0,0.93176078,0.0,0.0,0.0,0.0,4.45194278,0.0,0.0,0.0,2.18584635,6.99030734,0.0,2.08013719,3.14561455,0.0,0.0,230.77,0.00249075,2484.0,0.00249075
runs/CZ14/DMo&0&rDXGF&Ex&dxAC_equip/LRM AOE +7.5% RCA LSC R22 R410a rDXGF Measure/instance-out.sql,CZ14,DMo,weighted,rDXGF,Ex,dxAC_equip,,LRM AOE +7.5% RCA LSC R22 R410a rDXGF Measure,DMo&0&rDXGF&Ex&dxAC_equip,LRM AOE +7.5% RCA LSC R22 R410a rDXGF Measure,74.46,126.79,51550.73,87781.48,20.75323554,6.99030734,1.89341305,1.26005582,0.0,5.22575174,0.0,0.93176078,0.0,0.0,0.0,0.0,4.45194278,0.0,0.0,0.0,1.89341305,6.99030734,0.0,2.08013719,3.14561455,0.0,0.0,230.77,0.00227118,2484.0,0.00227118
runs/CZ14/DMo&0&rDXGF&Ex&dxAC_equip/LRM NR R454b rDXGF Base/instance-out.sql,CZ14,DMo,weighted,rDXGF,Ex,dxAC_equip,,LRM NR R454b rDXGF Base,DMo&0&rDXGF&Ex&dxAC_equip,LRM NR R454b rDXGF Base,74.74,127.69,51746.3,88400.86,20.83196789,6.99030734,1.9721454,1.26005582,0.0,5.22575174,0.0,0.93176078,0.0,0.0,0.0,0.0,4.45194278,0.0,0.0,0.0,1.9721454,6.99030734,0.0,2.08013719,3.14561455,0.0,0.0,230.77,0.0023303,2484.0,0.0023303
runs/CZ14/DMo&0&rDXHP&Ex&dxHP_equip/LRM AOE +22.5% RCA LSC R22 R410a rDXHP Measure/instance-out.sql,CZ14,DMo,weighted,rDXHP,Ex,dxHP_equip,,LRM AOE +22.5% RCA LSC R22 R410a rDXHP Measure,DMo&0&rDXHP&Ex&dxHP_equip,LRM AOE +22.5% RCA LSC R22 R410a rDXHP Measure,56.07,120.74,38819.53,83592.75,15.62792321,2.56549837,1.30837736,1.26005582,0.0,5.22575174,0.0,0.80897825,0.0,0.0,0.0,0.0,4.45926167,0.0,0.0,2.56549837,1.30837736,0.0,0.0,2.08013719,3.14561455,0.0,0.0,230.77,0.00183204,2484.0,0.00183204
runs/CZ14/DMo&0&rDXHP&Ex&dxHP_equip/LRM NR LSC R32 R454b rDXHP Measure/instance-out.sql,CZ14,DMo,weighted,rDXHP,Ex,dxHP_equip,,LRM NR LSC R32 R454b rDXHP Measure,DMo&0&rDXHP&Ex&dxHP_equip,LRM NR LSC R32 R454b rDXHP Measure,57.07,123.91,39512.59,85787.67,15.90693453,2.36741748,1.78546957,1.26005582,0.0,5.22575174,0.0,0.80897825,0.0,0.0,0.0,0.0,4.45926167,0.0,0.0,2.36741748,1.78546957,0.0,0.0,2.08013719,3.14561455,0.0,0.0,230.77,0.00219031,2484.0,0.00219031
runs/CZ14/DMo&0&rDXHP&Ex&dxHP_equip/LRM AOE +40% RCA LSC R22 R410a rDXHP Measure/instance-out.sql,CZ14,DMo,weighted,rDXHP,Ex,dxHP_equip,,LRM AOE +40% RCA LSC R22 R410a rDXHP Measure,DMo&0&rDXHP&Ex&dxHP_equip,LRM AOE +40% RCA LSC R22 R410a rDXHP Measure,52.3,108.78,36204.84,75312.04,14.57530422,2.19513787,0.62612289,1.26005582,0.0,5.22575174,0.0,0.80897825,0.0,0.0,0.0,0.0,4.45926167,0.0,0.0,2.19513787,0.62612289,0.0,0.0,2.08013719,3.14561455,0.0,0.0,230.77,0.00131971,2484.0,0.00131971
runs/CZ14/DMo&0&rDXHP&Ex&dxHP_equip/LRM AOE +30% RCA LSC R22 R410a rDXHP Measure/instance-out.sql,CZ14,DMo,weighted,rDXHP,Ex,dxHP_equip,,LRM AOE +30% RCA LSC R22 R410a rDXHP Measure,DMo&0&rDXHP&Ex&dxHP_equip,LRM AOE +30% RCA LSC R22 R410a rDXHP Measure,54.45,115.62,37698.95,80043.87,15.17680136,2.40676957,1.01598431,1.26005582,0.0,5.22575174,0.0,0.80897825,0.0,0.0,0.0,0.0,4.45926167,0.0,0.0,2.40676957,1.01598431,0.0,0.0,2.08013719,3.14561455,0.0,0.0,230.77,0.00161247,2484.0,0.00161247
runs/CZ14/DMo&0&rDXHP&Ex&dxHP_equip/LRM AOE +15% RCA LSC R22 R410a rDXHP Measure/instance-out.sql,CZ14,DMo,weighted,rDXHP,Ex,dxHP_equip,,LRM AOE +15% RCA LSC R22 R410a rDXHP Measure,DMo&0&rDXHP&Ex&dxHP_equip,LRM AOE +15% RCA LSC R22 R410a rDXHP Measure,57.69,125.87,39940.11,87141.63,16.07904506,2.72422315,1.60077443,1.26005582,0.0,5.22575174,0.0,0.80897825,0.0,0.0,0.0,0.0,4.45926167,0.0,0.0,2.72422315,1.60077443,0.0,0.0,2.08013719,3.14561455,0.0,0.0,230.77,0.00205161,2484.0,0.00205161
runs/CZ14/DMo&0&rDXHP&Ex&dxHP_equip/LRM AOE +7.5% RCA LSC R22 R410a rDXHP Measure/instance-out.sql,CZ14,DMo,weighted,rDXHP,Ex,dxHP_equip,,LRM AOE +7.5% RCA LSC R22 R410a rDXHP Measure,DMo&0&rDXHP&Ex&dxHP_equip,LRM AOE +7.5% RCA LSC R22 R410a rDXHP Measure,59.31,131.0,41060.69,90690.51,16.53016691,2.88294793,1.8931715,1.26005582,0.0,5.22575174,0.0,0.80897825,0.0,0.0,0.0,0.0,4.45926167,0.0,0.0,2.88294793,1.8931715,0.0,0.0,2.08013719,3.14561455,0.0,0.0,230.77,0.00227119,2484.0,0.00227119
runs/CZ15/DMo&0&rDXGF&Ex&dxAC_equip/LRM AOE +40% RCA LSC R22 R410a rDXGF Measure/instance-out.sql,CZ15,DMo,weighted,rDXGF,Ex,dxAC_equip,,LRM AOE +40% RCA LSC R22 R410a rDXGF Measure,DMo&0&rDXGF&Ex&dxAC_equip,LRM AOE +40% RCA LSC R22 R410a rDXGF Measure,54.46,105.03,37700.33,72712.91,15.17735692,1.5212812,1.59058919,1.26005582,0.0,5.22575174,0.0,1.2240089,0.0,0.0,0.0,0.0,4.35567409,0.0,0.0,0.0,1.59058919,1.5212812,0.0,2.08013719,3.14561455,0.0,0.0,230.77,0.00201494,2484.0,0.00201494
runs/CZ15/DMo&0&rDXGF&Ex&dxAC_equip/LRM AOE LSC R22 R410a rDXGF Measure/instance-out.sql,CZ15,DMo,weighted,rDXGF,Ex,dxAC_equip,,LRM AOE LSC R22 R410a rDXGF Measure,DMo&0&rDXGF&Ex&dxAC_equip,LRM AOE LSC R22 R410a rDXGF Measure,66.79,144.08,46237.0,99748.53,18.614036,1.5212812,5.02726827,1.26005582,0.0,5.22575174,0.0,1.2240089,0.0,0.0,0.0,0.0,4.35567409,0.0,0.0,0.0,5.02726827,1.5212812,0.0,2.08013719,3.14561455,0.0,0.0,230.77,0.00404142,2484.0,0.00404142
runs/CZ14/DMo&0&rDXHP&Ex&dxHP_equip/LRM AOE LSC R22 R410a rDXHP Measure/instance-out.sql,CZ14,DMo,weighted,rDXHP,Ex,dxHP_equip,,LRM AOE LSC R22 R410a rDXHP Measure,DMo&0&rDXHP&Ex&dxHP_equip,LRM AOE LSC R22 R410a rDXHP Measure,59.78,132.5,41389.39,91731.51,16.66249861,2.92950618,1.97894093,1.26005582,0.0,5.22575174,0.0,0.80897825,0.0,0.0,0.0,0.0,4.45926167,0.0,0.0,2.92950618,1.97894093,0.0,0.0,2.08013719,3.14561455,0.0,0.0,230.77,0.00233559,2484.0,0.00233559
runs/CZ14/DMo&0&rDXHP&Ex&dxHP_equip/LRM NR R32 R454b rDXHP Base/instance-out.sql,CZ14,DMo,weighted,rDXHP,Ex,dxHP_equip,,LRM NR R32 R454b rDXHP Base,DMo&0&rDXHP&Ex&dxHP_equip,LRM NR R32 R454b rDXHP Base,58.06,127.05,40197.05,87955.36,16.18248368,2.45654442,1.9718958,1.26005582,0.0,5.22575174,0.0,0.80897825,0.0,0.0,0.0,0.0,4.45926167,0.0,0.0,2.45654442,1.9718958,0.0,0.0,2.08013719,3.14561455,0.0,0.0,230.77,0.0023303,2484.0,0.0023303
runs/CZ15/DMo&0&rDXGF&Ex&dxAC_equip/LRM AOE +15% RCA LSC R22 R410a rDXGF Measure/instance-out.sql,CZ15,DMo,weighted,rDXGF,Ex,dxAC_equip,,LRM AOE +15% RCA LSC R22 R410a rDXGF Measure,DMo&0&rDXGF&Ex&dxAC_equip,LRM AOE +15% RCA LSC R22 R410a rDXGF Measure,63.34,133.16,43850.67,92191.02,17.65334993,1.5212812,4.0665822,1.26005582,0.0,5.22575174,0.0,1.2240089,0.0,0.0,0.0,0.0,4.35567409,0.0,0.0,0.0,4.0665822,1.5212812,0.0,2.08013719,3.14561455,0.0,0.0,230.77,0.00347494,2484.0,0.00347494
runs/CZ14/DMo&0&rDXHP&Ex&dxHP_equip/LRM AOE R22 R410a rDXHP Base/instance-out.sql,CZ14,DMo,weighted,rDXHP,Ex,dxHP_equip,,LRM AOE R22 R410a rDXHP Base,DMo&0&rDXHP&Ex&dxHP_equip,LRM AOE R22 R410a rDXHP Base,60.93,136.12,42181.27,94239.38,16.98128876,3.04167271,2.18556857,1.26005582,0.0,5.22575174,0.0,0.80897825,0.0,0.0,0.0,0.0,4.45926167,0.0,0.0,3.04167271,2.18556857,0.0,0.0,2.08013719,3.14561455,0.0,0.0,230.77,0.00249076,2484.0,0.00249076
runs/CZ15/DMo&0&rDXHP&Ex&dxHP_equip/LRM AOE +22.5% RCA LSC R22 R410a rDXHP Measure/instance-out.sql,CZ15,DMo,weighted,rDXHP,Ex,dxHP_equip,,LRM AOE +22.5% RCA LSC R22 R410a rDXHP Measure,DMo&0&rDXHP&Ex&dxHP_equip,LRM AOE +22.5% RCA LSC R22 R410a rDXHP Measure,57.04,124.57,39488.72,86242.18,15.89732497,0.52825596,3.3239409,1.26005582,0.0,5.22575174,0.0,1.20251119,0.0,0.0,0.0,0.0,4.35680937,0.0,0.0,0.52825596,3.3239409,0.0,0.0,2.08013719,3.14561455,0.0,0.0,230.77,0.00303694,2484.0,0.00303694
runs/CZ15/DMo&0&rDXGF&Ex&dxAC_equip/LRM AOE +30% RCA LSC R22 R410a rDXGF Measure/instance-out.sql,CZ15,DMo,weighted,rDXGF,Ex,dxAC_equip,,LRM AOE +30% RCA LSC R22 R410a rDXGF Measure,DMo&0&rDXGF&Ex&dxAC_equip,LRM AOE +30% RCA LSC R22 R410a rDXGF Measure,58.01,116.28,40160.47,80504.16,16.16775331,1.5212812,2.58098558,1.26005582,0.0,5.22575174,0.0,1.2240089,0.0,0.0,0.0,0.0,4.35567409,0.0,0.0,0.0,2.58098558,1.5212812,0.0,2.08013719,3.14561455,0.0,0.0,230.77,0.00259894,2484.0,0.00259894
runs/CZ15/DMo&0&rDXGF&Ex&dxAC_equip/LRM AOE +7.5% RCA LSC R22 R410a rDXGF Measure/instance-out.sql,CZ15,DMo,weighted,rDXGF,Ex,dxAC_equip,,LRM AOE +7.5% RCA LSC R22 R410a rDXGF Measure,DMo&0&rDXGF&Ex&dxAC_equip,LRM AOE +7.5% RCA LSC R22 R410a rDXGF Measure,66.0,141.6,45695.77,98034.46,18.39614823,1.5212812,4.8093805,1.26005582,0.0,5.22575174,0.0,1.2240089,0.0,0.0,0.0,0.0,4.35567409,0.0,0.0,0.0,4.8093805,1.5212812,0.0,2.08013719,3.14561455,0.0,0.0,230.77,0.00391294,2484.0,0.00391294
runs/CZ15/DMo&0&rDXGF&Ex&dxAC_equip/LRM AOE +22.5% RCA LSC R22 R410a rDXGF Measure/instance-out.sql,CZ15,DMo,weighted,rDXGF,Ex,dxAC_equip,,LRM AOE +22.5% RCA LSC R22 R410a rDXGF Measure,DMo&0&rDXGF&Ex&dxAC_equip,LRM AOE +22.5% RCA LSC R22 R410a rDXGF Measure,60.67,124.72,42005.57,86347.59,16.91055162,1.5212812,3.32378389,1.26005582,0.0,5.22575174,0.0,1.2240089,0.0,0.0,0.0,0.0,4.35567409,0.0,0.0,0.0,3.32378389,1.5212812,0.0,2.08013719,3.14561455,0.0,0.0,230.77,0.00303694,2484.0,0.00303694
runs/CZ15/DMo&0&rDXGF&Ex&dxAC_equip/LRM NR LSC R454b rDXGF Measure/instance-out.sql,CZ15,DMo,weighted,rDXGF,Ex,dxAC_equip,,LRM NR LSC R454b rDXGF Measure,DMo&0&rDXGF&Ex&dxAC_equip,LRM NR LSC R454b rDXGF Measure,65.02,138.5,45016.14,95882.06,18.12254354,1.5212812,4.53577581,1.26005582,0.0,5.22575174,0.0,1.2240089,0.0,0.0,0.0,0.0,4.35567409,0.0,0.0,0.0,4.53577581,1.5212812,0.0,2.08013719,3.14561455,0.0,0.0,230.77,0.0037516,2484.0,0.0037516
runs/CZ15/DMo&0&rDXGF&Ex&dxAC_equip/LRM NR R454b rDXGF Base/instance-out.sql,CZ15,DMo,weighted,rDXGF,Ex,dxAC_equip,,LRM NR R454b rDXGF Base,DMo&0&rDXGF&Ex&dxAC_equip,LRM NR R454b rDXGF Base,66.72,143.88,46192.53,99607.71,18.59613735,1.5212812,5.00936961,1.26005582,0.0,5.22575174,0.0,1.2240089,0.0,0.0,0.0,0.0,4.35567409,0.0,0.0,0.0,5.00936961,1.5212812,0.0,2.08013719,3.14561455,0.0,0.0,230.77,0.00403086,2484.0,0.00403086
runs/CZ15/DMo&0&rDXHP&Ex&dxHP_equip/LRM AOE +15% RCA LSC R22 R410a rDXHP Measure/instance-out.sql,CZ15,DMo,weighted,rDXHP,Ex,dxHP_equip,,LRM AOE +15% RCA LSC R22 R410a rDXHP Measure,DMo&0&rDXHP&Ex&dxHP_equip,LRM AOE +15% RCA LSC R22 R410a rDXHP Measure,59.83,133.4,41418.59,92354.09,16.67425392,0.56235037,4.06677543,1.26005582,0.0,5.22575174,0.0,1.20251119,0.0,0.0,0.0,0.0,4.35680937,0.0,0.0,0.56235037,4.06677543,0.0,0.0,2.08013719,3.14561455,0.0,0.0,230.77,0.00347494,2484.0,0.00347494
runs/CZ15/DMo&0&rDXGF&Ex&dxAC_equip/LRM AOE R22 R410a rDXGF Base/instance-out.sql,CZ15,DMo,weighted,rDXGF,Ex,dxAC_equip,,LRM AOE R22 R410a rDXGF Base,DMo&0&rDXGF&Ex&dxAC_equip,LRM AOE R22 R410a rDXGF Base,68.67,150.04,47540.87,103877.89,19.13894654,1.5212812,5.55217881,1.26005582,0.0,5.22575174,0.0,1.2240089,0.0,0.0,0.0,0.0,4.35567409,0.0,0.0,0.0,5.55217881,1.5212812,0.0,2.08013719,3.14561455,0.0,0.0,230.77,0.00435094,2484.0,0.00435094
runs/CZ15/DMo&0&rDXHP&Ex&dxHP_equip/LRM AOE +40% RCA LSC R22 R410a rDXHP Measure/instance-out.sql,CZ15,DMo,weighted,rDXHP,Ex,dxHP_equip,,LRM AOE +40% RCA LSC R22 R410a rDXHP Measure,DMo&0&rDXHP&Ex&dxHP_equip,LRM AOE +40% RCA LSC R22 R410a rDXHP Measure,50.53,103.97,34985.68,71981.07,14.08450016,0.44870638,1.59066165,1.26005582,0.0,5.22575174,0.0,1.20251119,0.0,0.0,0.0,0.0,4.35680937,0.0,0.0,0.44870638,1.59066165,0.0,0.0,2.08013719,3.14561455,0.0,0.0,230.77,0.00201494,2484.0,0.00201494
runs/CZ15/DMo&0&rDXHP&Ex&dxHP_equip/LRM AOE +30% RCA LSC R22 R410a rDXHP Measure/instance-out.sql,CZ15,DMo,weighted,rDXHP,Ex,dxHP_equip,,LRM AOE +30% RCA LSC R22 R410a rDXHP Measure,DMo&0&rDXHP&Ex&dxHP_equip,LRM AOE +30% RCA LSC R22 R410a rDXHP Measure,54.25,115.74,37558.85,80130.28,15.12040005,0.49416558,2.58110636,1.26005582,0.0,5.22575174,0.0,1.20251119,0.0,0.0,0.0,0.0,4.35680937,0.0,0.0,0.49416558,2.58110636,0.0,0.0,2.08013719,3.14561455,0.0,0.0,230.77,0.00259894,2484.0,0.00259894
runs/CZ15/DMo&0&rDXHP&Ex&dxHP_equip/LRM AOE LSC R22 R410a rDXHP Measure/instance-out.sql,CZ15,DMo,weighted,rDXHP,Ex,dxHP_equip,,LRM AOE LSC R22 R410a rDXHP Measure,DMo&0&rDXHP&Ex&dxHP_equip,LRM AOE LSC R22 R410a rDXHP Measure,63.43,144.82,43914.56,100258.82,17.67907472,0.60644484,5.02750579,1.26005582,0.0,5.22575174,0.0,1.20251119,0.0,0.0,0.0,0.0,4.35680937,0.0,0.0,0.60644484,5.02750579,0.0,0.0,2.08013719,3.14561455,0.0,0.0,230.77,0.00404142,2484.0,0.00404142
runs/CZ15/DMo&0&rDXHP&Ex&dxHP_equip/LRM NR R32 R454b rDXHP Base/instance-out.sql,CZ15,DMo,weighted,rDXHP,Ex,dxHP_equip,,LRM NR R32 R454b rDXHP Base,DMo&0&rDXHP&Ex&dxHP_equip,LRM NR R32 R454b rDXHP Base,63.0,143.46,43617.75,99318.83,17.5595893,0.50485405,5.00960311,1.26005582,0.0,5.22575174,0.0,1.20251119,0.0,0.0,0.0,0.0,4.35680937,0.0,0.0,0.50485405,5.00960311,0.0,0.0,2.08013719,3.14561455,0.0,0.0,230.77,0.00403086,2484.0,0.00403086
runs/CZ15/DMo&0&rDXHP&Ex&dxHP_equip/LRM AOE R22 R410a rDXHP Base/instance-out.sql,CZ15,DMo,weighted,rDXHP,Ex,dxHP_equip,,LRM AOE R22 R410a rDXHP Base,DMo&0&rDXHP&Ex&dxHP_equip,LRM AOE R22 R410a rDXHP Base,65.4,151.06,45278.34,104577.9,18.22810375,0.63053516,5.55244048,1.26005582,0.0,5.22575174,0.0,1.20251119,0.0,0.0,0.0,0.0,4.35680937,0.0,0.0,0.63053516,5.55244048,0.0,0.0,2.08013719,3.14561455,0.0,0.0,230.77,0.00435094,2484.0,0.00435094
runs/CZ15/DMo&0&rDXHP&Ex&dxHP_equip/LRM NR LSC R32 R454b rDXHP Measure/instance-out.sql,CZ15,DMo,weighted,rDXHP,Ex,dxHP_equip,,LRM NR LSC R32 R454b rDXHP Measure,DMo&0&rDXHP&Ex&dxHP_equip,LRM NR LSC R32 R454b rDXHP Measure,61.23,137.86,42393.75,95442.41,17.06682872,0.48571143,4.53598918,1.26005582,0.0,5.22575174,0.0,1.20251119,0.0,0.0,0.0,0.0,4.35680937,0.0,0.0,0.48571143,4.53598918,0.0,0.0,2.08013719,3.14561455,0.0,0.0,230.77,0.0037516,2484.0,0.0037516
runs/CZ15/DMo&0&rDXHP&Ex&dxHP_equip/LRM AOE +7.5% RCA LSC R22 R410a rDXHP Measure/instance-out.sql,CZ15,DMo,weighted,rDXHP,Ex,dxHP_equip,,LRM AOE +7.5% RCA LSC R22 R410a rDXHP Measure,DMo&0&rDXHP&Ex&dxHP_equip,LRM AOE +7.5% RCA LSC R22 R410a rDXHP Measure,62.61,142.23,43348.47,98466.0,17.45117883,0.59644075,4.80960595,1.26005582,0.0,5.22575174,0.0,1.20251119,0.0,0.0,0.0,0.0,4.35680937,0.0,0.0,0.59644075,4.80960595,0.0,0.0,2.08013719,3.14561455,0.0,0.0,230.77,0.00391294,2484.0,0.00391294
runs/CZ16/DMo&0&rDXGF&Ex&dxAC_equip/LRM AOE +15% RCA LSC R22 R410a rDXGF Measure/instance-out.sql,CZ16,DMo,weighted,rDXGF,Ex,dxAC_equip,,LRM AOE +15% RCA LSC R22 R410a rDXGF Measure,DMo&0&rDXGF&Ex&dxAC_equip,LRM AOE +15% RCA LSC R22 R410a rDXGF Measure,55.75,93.63,38595.71,64821.42,15.537818,3.30468957,0.63061567,1.26005582,0.0,5.22575174,0.0,0.47121859,0.0,0.0,0.0,0.0,4.64548661,0.0,0.0,0.0,0.63061567,3.30468957,0.0,2.08013719,3.14561455,0.0,0.0,230.77,0.00168172,2484.0,0.00168172
runs/CZ16/DMo&0&rDXGF&Ex&dxAC_equip/LRM AOE +22.5% RCA LSC R22 R410a rDXGF Measure/instance-out.sql,CZ16,DMo,weighted,rDXGF,Ex,dxAC_equip,,LRM AOE +22.5% RCA LSC R22 R410a rDXGF Measure,DMo&0&rDXGF&Ex&dxAC_equip,LRM AOE +22.5% RCA LSC R22 R410a rDXGF Measure,55.34,92.32,38309.59,63915.27,15.4226281,3.30468957,0.5154298,1.26005582,0.0,5.22575174,0.0,0.47121859,0.0,0.0,0.0,0.0,4.64548661,0.0,0.0,0.0,0.5154298,3.30468957,0.0,2.08013719,3.14561455,0.0,0.0,230.77,0.00152235,2484.0,0.00152235
runs/CZ16/DMo&0&rDXGF&Ex&dxAC_equip/LRM AOE +30% RCA LSC R22 R410a rDXGF Measure/instance-out.sql,CZ16,DMo,weighted,rDXGF,Ex,dxAC_equip,,LRM AOE +30% RCA LSC R22 R410a rDXGF Measure,DMo&0&rDXGF&Ex&dxAC_equip,LRM AOE +30% RCA LSC R22 R410a rDXGF Measure,54.92,91.01,38023.46,63009.11,15.30744223,3.30468957,0.4002399,1.26005582,0.0,5.22575174,0.0,0.47121859,0.0,0.0,0.0,0.0,4.64548661,0.0,0.0,0.0,0.4002399,3.30468957,0.0,2.08013719,3.14561455,0.0,0.0,230.77,0.00136297,2484.0,0.00136297
runs/CZ16/DMo&0&rDXGF&Ex&dxAC_equip/LRM AOE LSC R22 R410a rDXGF Measure/instance-out.sql,CZ16,DMo,weighted,rDXGF,Ex,dxAC_equip,,LRM AOE LSC R22 R410a rDXGF Measure,DMo&0&rDXGF&Ex&dxAC_equip,LRM AOE LSC R22 R410a rDXGF Measure,56.28,95.32,38965.76,65993.39,15.68679232,3.30468957,0.77959402,1.26005582,0.0,5.22575174,0.0,0.47121859,0.0,0.0,0.0,0.0,4.64548661,0.0,0.0,0.0,0.77959402,3.30468957,0.0,2.08013719,3.14561455,0.0,0.0,230.77,0.00188785,2484.0,0.00188785
runs/CZ16/DMo&0&rDXGF&Ex&dxAC_equip/LRM NR LSC R454b rDXGF Measure/instance-out.sql,CZ16,DMo,weighted,rDXGF,Ex,dxAC_equip,,LRM NR LSC R454b rDXGF Measure,DMo&0&rDXGF&Ex&dxAC_equip,LRM NR LSC R454b rDXGF Measure,56.01,94.46,38776.44,65393.8,15.61057608,3.30468957,0.70337376,1.26005582,0.0,5.22575174,0.0,0.47121859,0.0,0.0,0.0,0.0,4.64548661,0.0,0.0,0.0,0.70337376,3.30468957,0.0,2.08013719,3.14561455,0.0,0.0,230.77,0.00178239,2484.0,0.00178239
runs/CZ16/DMo&0&rDXGF&Ex&dxAC_equip/LRM AOE +40% RCA LSC R22 R410a rDXGF Measure/instance-out.sql,CZ16,DMo,weighted,rDXGF,Ex,dxAC_equip,,LRM AOE +40% RCA LSC R22 R410a rDXGF Measure,DMo&0&rDXGF&Ex&dxAC_equip,LRM AOE +40% RCA LSC R22 R410a rDXGF Measure,54.37,89.27,37641.96,61800.9,15.15385839,3.30468957,0.24665606,1.26005582,0.0,5.22575174,0.0,0.47121859,0.0,0.0,0.0,0.0,4.64548661,0.0,0.0,0.0,0.24665606,3.30468957,0.0,2.08013719,3.14561455,0.0,0.0,230.77,0.00115047,2484.0,0.00115047
runs/CZ16/DMo&0&rDXGF&Ex&dxAC_equip/LRM AOE R22 R410a rDXGF Base/instance-out.sql,CZ16,DMo,weighted,rDXGF,Ex,dxAC_equip,,LRM AOE R22 R410a rDXGF Base,DMo&0&rDXGF&Ex&dxAC_equip,LRM AOE R22 R410a rDXGF Base,56.58,96.25,39167.96,66633.74,15.76819377,3.30468957,0.86099144,1.26005582,0.0,5.22575174,0.0,0.47121859,0.0,0.0,0.0,0.0,4.64548661,0.0,0.0,0.0,0.86099144,3.30468957,0.0,2.08013719,3.14561455,0.0,0.0,230.77,0.00200048,2484.0,0.00200048
runs/CZ16/DMo&0&rDXGF&Ex&dxAC_equip/LRM AOE +7.5% RCA LSC R22 R410a rDXGF Measure/instance-out.sql,CZ16,DMo,weighted,rDXGF,Ex,dxAC_equip,,LRM AOE +7.5% RCA LSC R22 R410a rDXGF Measure,DMo&0&rDXGF&Ex&dxAC_equip,LRM AOE +7.5% RCA LSC R22 R410a rDXGF Measure,56.16,94.94,38881.83,65727.58,15.65300387,3.30468957,0.74580557,1.26005582,0.0,5.22575174,0.0,0.47121859,0.0,0.0,0.0,0.0,4.64548661,0.0,0.0,0.0,0.74580557,3.30468957,0.0,2.08013719,3.14561455,0.0,0.0,230.77,0.0018411,2484.0,0.0018411
runs/CZ16/DMo&0&rDXHP&Ex&dxHP_equip/LRM AOE +15% RCA LSC R22 R410a rDXHP Measure/instance-out.sql,CZ16,DMo,weighted,rDXHP,Ex,dxHP_equip,,LRM AOE +15% RCA LSC R22 R410a rDXHP Measure,DMo&0&rDXHP&Ex&dxHP_equip,LRM AOE +15% RCA LSC R22 R410a rDXHP Measure,48.85,96.45,33818.57,66775.41,13.61464229,1.43110756,0.63058347,1.26005582,0.0,5.22575174,0.0,0.41861763,0.0,0.0,0.0,0.0,4.64853413,0.0,0.0,1.43110756,0.63058347,0.0,0.0,2.08013719,3.14561455,0.0,0.0,230.77,0.00168172,2484.0,0.00168172
runs/CZ16/DMo&0&rDXGF&Ex&dxAC_equip/LRM NR R454b rDXGF Base/instance-out.sql,CZ16,DMo,weighted,rDXGF,Ex,dxAC_equip,,LRM NR R454b rDXGF Base,DMo&0&rDXGF&Ex&dxAC_equip,LRM NR R454b rDXGF Base,56.27,95.29,38958.87,65971.55,15.68401855,3.30468957,0.77681622,1.26005582,0.0,5.22575174,0.0,0.47121859,0.0,0.0,0.0,0.0,4.64548661,0.0,0.0,0.0,0.77681622,3.30468957,0.0,2.08013719,3.14561455,0.0,0.0,230.77,0.00188401,2484.0,0.00188401
runs/CZ16/DMo&0&rDXHP&Ex&dxHP_equip/LRM AOE +22.5% RCA LSC R22 R410a rDXHP Measure/instance-out.sql,CZ16,DMo,weighted,rDXHP,Ex,dxHP_equip,,LRM AOE +22.5% RCA LSC R22 R410a rDXHP Measure,DMo&0&rDXHP&Ex&dxHP_equip,LRM AOE +22.5% RCA LSC R22 R410a rDXHP Measure,48.19,94.38,33365.07,65339.17,13.43207277,1.36371585,0.51540162,1.26005582,0.0,5.22575174,0.0,0.41861763,0.0,0.0,0.0,0.0,4.64853413,0.0,0.0,1.36371585,0.51540162,0.0,0.0,2.08013719,3.14561455,0.0,0.0,230.77,0.00152235,2484.0,0.00152235
runs/CZ16/DMo&0&rDXHP&Ex&dxHP_equip/LRM AOE +30% RCA LSC R22 R410a rDXHP Measure/instance-out.sql,CZ16,DMo,weighted,rDXHP,Ex,dxHP_equip,,LRM AOE +30% RCA LSC R22 R410a rDXHP Measure,DMo&0&rDXHP&Ex&dxHP_equip,LRM AOE +30% RCA LSC R22 R410a rDXHP Measure,47.54,92.3,32911.57,63902.92,13.24949922,1.29632817,0.40021978,1.26005582,0.0,5.22575174,0.0,0.41861763,0.0,0.0,0.0,0.0,4.64853413,0.0,0.0,1.29632817,0.40021978,0.0,0.0,2.08013719,3.14561455,0.0,0.0,230.77,0.00136297,2484.0,0.00136297
runs/CZ16/DMo&0&rDXHP&Ex&dxHP_equip/LRM AOE +40% RCA LSC R22 R410a rDXHP Measure/instance-out.sql,CZ16,DMo,weighted,rDXHP,Ex,dxHP_equip,,LRM AOE +40% RCA LSC R22 R410a rDXHP Measure,DMo&0&rDXHP&Ex&dxHP_equip,LRM AOE +40% RCA LSC R22 R410a rDXHP Measure,46.67,89.54,32306.9,61987.94,13.00607184,1.20647659,0.24664398,1.26005582,0.0,5.22575174,0.0,0.41861763,0.0,0.0,0.0,0.0,4.64853413,0.0,0.0,1.20647659,0.24664398,0.0,0.0,2.08013719,3.14561455,0.0,0.0,230.77,0.00115047,2484.0,0.00115047
runs/CZ16/DMo&0&rDXHP&Ex&dxHP_equip/LRM AOE R22 R410a rDXHP Base/instance-out.sql,CZ16,DMo,weighted,rDXHP,Ex,dxHP_equip,,LRM AOE R22 R410a rDXHP Base,DMo&0&rDXHP&Ex&dxHP_equip,LRM AOE R22 R410a rDXHP Base,50.16,100.6,34725.58,69647.89,13.97978134,1.56588292,0.86094716,1.26005582,0.0,5.22575174,0.0,0.41861763,0.0,0.0,0.0,0.0,4.64853413,0.0,0.0,1.56588292,0.86094716,0.0,0.0,2.08013719,3.14561455,0.0,0.0,230.77,0.00200048,2484.0,0.00200048
runs/CZ16/DMo&0&rDXHP&Ex&dxHP_equip/LRM AOE LSC R22 R410a rDXHP Measure/instance-out.sql,CZ16,DMo,weighted,rDXHP,Ex,dxHP_equip,,LRM AOE LSC R22 R410a rDXHP Measure,DMo&0&rDXHP&Ex&dxHP_equip,LRM AOE LSC R22 R410a rDXHP Measure,49.7,99.14,34405.1,68632.95,13.85076689,1.51826186,0.77954973,1.26005582,0.0,5.22575174,0.0,0.41861763,0.0,0.0,0.0,0.0,4.64853413,0.0,0.0,1.51826186,0.77954973,0.0,0.0,2.08013719,3.14561455,0.0,0.0,230.77,0.00188785,2484.0,0.00188785
runs/CZ16/DMo&0&rDXHP&Ex&dxHP_equip/LRM AOE +7.5% RCA LSC R22 R410a rDXHP Measure/instance-out.sql,CZ16,DMo,weighted,rDXHP,Ex,dxHP_equip,,LRM AOE +7.5% RCA LSC R22 R410a rDXHP Measure,DMo&0&rDXHP&Ex&dxHP_equip,LRM AOE +7.5% RCA LSC R22 R410a rDXHP Measure,49.5,98.53,34272.08,68211.65,13.79721182,1.49849524,0.74576531,1.26005582,0.0,5.22575174,0.0,0.41861763,0.0,0.0,0.0,0.0,4.64853413,0.0,0.0,1.49849524,0.74576531,0.0,0.0,2.08013719,3.14561455,0.0,0.0,230.77,0.0018411,2484.0,0.0018411
runs/CZ16/DMo&0&rDXHP&Ex&dxHP_equip/LRM NR LSC R32 R454b rDXHP Measure/instance-out.sql,CZ16,DMo,weighted,rDXHP,Ex,dxHP_equip,,LRM NR LSC R32 R454b rDXHP Measure,DMo&0&rDXHP&Ex&dxHP_equip,LRM NR LSC R32 R454b rDXHP Measure,48.57,95.56,33623.01,66156.05,13.53590994,1.27962115,0.70333752,1.26005582,0.0,5.22575174,0.0,0.41861763,0.0,0.0,0.0,0.0,4.64853413,0.0,0.0,1.27962115,0.70333752,0.0,0.0,2.08013719,3.14561455,0.0,0.0,230.77,0.00178239,2484.0,0.00178239
runs/CZ16/DMo&0&rDXHP&Ex&dxHP_equip/LRM NR R32 R454b rDXHP Base/instance-out.sql,CZ16,DMo,weighted,rDXHP,Ex,dxHP_equip,,LRM NR R32 R454b rDXHP Base,DMo&0&rDXHP&Ex&dxHP_equip,LRM NR R32 R454b rDXHP Base,48.97,96.82,33899.42,67031.44,13.64718677,1.31745954,0.77677596,1.26005582,0.0,5.22575174,0.0,0.41861763,0.0,0.0,0.0,0.0,4.64853413,0.0,0.0,1.31745954,0.77677596,0.0,0.0,2.08013719,3.14561455,0.0,0.0,230.77,0.00188401,2484.0,0.00188401
