File Name,BldgLoc,BldgType,Story,BldgHVAC,BldgVint,TechGroup,TechType,TechID,Cohort,Case,Net Site EUI,Net Source EUI,Total Energy/Net Site Energy,Total Energy/Net Source Energy,Total,Heating,Cooling,Interior Lighting,Exterior Lighting,Interior Equipment,Exterior Equipment,Fans,Pumps,Heat Rejection,Humidification,Heat Recovery,Water Systems,Refrigeration,Generators,Heating Elec,Cooling Elec,Heating NG,Cooling NG,Interior Equipment Elec,Interior Equipment NG,Unmet Heating,Unmet Cooling,Conditioned Area,Electricity:Facility [J](Hourly)
runs/CZ01/DMo&0&rDXGF&Ex&dxAC_equip/RB-dxAC_equip-spltAC-SEER-BA-rDXGF-LRM-LSC-Correct-0%UC-AOE/instance-out.sql,CZ01,DMo,weighted,rDXGF,Ex,dxAC_equip,,RB-dxAC_equip-spltAC-SEER-BA-rDXGF-LRM-LSC-Correct-0%UC-AOE,DMo&0&rDXGF&Ex&dxAC_equip,RB-dxAC_equip-spltAC-SEER-BA-rDXGF-LRM-LSC-Correct-0%UC-AOE,48.3,79.33,33440.88,54924.02,33440.880000000005,4915.54,322.88,3129.96,0.0,12980.689999999999,0.0,345.14,0.0,0.0,0.0,0.0,11746.68,0.0,0.0,0.0,322.88,4915.54,0.0,5167.03,7813.66,0.0,0.0,230.77,7926659.060415851
runs/CZ01/DMo&0&rDXGF&Ex&dxAC_equip/RB-dxAC_equip-spltAC-SEER-BA-rDXGF-LRM-LSC-Correct-0%UC-NR/instance-out.sql,CZ01,DMo,weighted,rDXGF,Ex,dxAC_equip,,RB-dxAC_equip-spltAC-SEER-BA-rDXGF-LRM-LSC-Correct-0%UC-NR,DMo&0&rDXGF&Ex&dxAC_equip,RB-dxAC_equip-spltAC-SEER-BA-rDXGF-LRM-LSC-Correct-0%UC-NR,48.26,79.19,33409.31,54824.05,33409.31,4915.54,291.31,3129.96,0.0,12980.689999999999,0.0,345.14,0.0,0.0,0.0,0.0,11746.68,0.0,0.0,0.0,291.31,4915.54,0.0,5167.03,7813.66,0.0,0.0,230.77,7701392.645594623
runs/CZ01/DMo&0&rDXGF&Ex&dxAC_equip/RB-dxAC_equip-spltAC-SEER-BA-rDXGF-LRM-LSC-Correct-22.5%UC-AOE/instance-out.sql,CZ01,DMo,weighted,rDXGF,Ex,dxAC_equip,,RB-dxAC_equip-spltAC-SEER-BA-rDXGF-LRM-LSC-Correct-22.5%UC-AOE,DMo&0&rDXGF&Ex&dxAC_equip,RB-dxAC_equip-spltAC-SEER-BA-rDXGF-LRM-LSC-Correct-22.5%UC-AOE,48.15,78.83,33331.47,54577.53,33331.47,4915.54,213.47,3129.96,0.0,12980.689999999999,0.0,345.14,0.0,0.0,0.0,0.0,11746.68,0.0,0.0,0.0,213.47,4915.54,0.0,5167.03,7813.66,0.0,0.0,230.77,7145899.271702422
runs/CZ01/DMo&0&rDXGF&Ex&dxAC_equip/RB-dxAC_equip-spltAC-SEER-BA-rDXGF-LRM-LSC-Correct-15%UC-AOE/instance-out.sql,CZ01,DMo,weighted,rDXGF,Ex,dxAC_equip,,RB-dxAC_equip-spltAC-SEER-BA-rDXGF-LRM-LSC-Correct-15%UC-AOE,DMo&0&rDXGF&Ex&dxAC_equip,RB-dxAC_equip-spltAC-SEER-BA-rDXGF-LRM-LSC-Correct-15%UC-AOE,48.21,79.05,33379.18,54728.62,33379.17999999999,4915.54,261.18,3129.96,0.0,12980.689999999999,0.0,345.14,0.0,0.0,0.0,0.0,11746.68,0.0,0.0,0.0,261.18,4915.54,0.0,5167.03,7813.66,0.0,0.0,230.77,7486346.853998978
runs/CZ01/DMo&0&rDXGF&Ex&dxAC_equip/RB-dxAC_equip-spltAC-SEER-BA-rDXGF-NoLRM-AOE/instance-out.sql,CZ01,DMo,weighted,rDXGF,Ex,dxAC_equip,,RB-dxAC_equip-spltAC-SEER-BA-rDXGF-NoLRM-AOE,DMo&0&rDXGF&Ex&dxAC_equip,RB-dxAC_equip-spltAC-SEER-BA-rDXGF-NoLRM-AOE,48.35,79.49,33474.59,55030.79,33474.59,4915.54,356.59,3129.96,0.0,12980.689999999999,0.0,345.14,0.0,0.0,0.0,0.0,11746.68,0.0,0.0,0.0,356.59,4915.54,0.0,5167.03,7813.66,0.0,0.0,230.77,8167242.018173086
runs/CZ01/DMo&0&rDXHP&Ex&dxHP_equip/RB-dxHP_equip-spltHP-SEER-BA-rDXHP-LRM-LSC-Correct-0%UC-AOE/instance-out.sql,CZ01,DMo,weighted,rDXHP,Ex,dxHP_equip,,RB-dxHP_equip-spltHP-SEER-BA-rDXHP-LRM-LSC-Correct-0%UC-AOE,DMo&0&rDXHP&Ex&dxHP_equip,RB-dxHP_equip-spltHP-SEER-BA-rDXHP-LRM-LSC-Correct-0%UC-AOE,44.25,81.31,30634.08,56290.44,30634.09,1968.58,323.12,3129.96,0.0,12980.689999999999,0.0,492.96,0.0,0.0,0.0,0.0,11738.77,0.0,0.0,1968.58,323.12,0.0,0.0,5167.03,7813.66,0.0,0.0,230.77,7925688.305650228
runs/CZ01/DMo&0&rDXGF&Ex&dxAC_equip/RB-dxAC_equip-spltAC-SEER-BA-rDXGF-LRM-LSC-Correct-30%UC-AOE/instance-out.sql,CZ01,DMo,weighted,rDXGF,Ex,dxAC_equip,,RB-dxAC_equip-spltAC-SEER-BA-rDXGF-LRM-LSC-Correct-30%UC-AOE,DMo&0&rDXGF&Ex&dxAC_equip,RB-dxAC_equip-spltAC-SEER-BA-rDXGF-LRM-LSC-Correct-30%UC-AOE,48.08,78.62,33283.77,54426.44,33283.759999999995,4915.54,165.77,3129.96,0.0,12980.689999999999,0.0,345.14,0.0,0.0,0.0,0.0,11746.68,0.0,0.0,0.0,165.77,4915.54,0.0,5167.03,7813.66,0.0,0.0,230.77,6805451.689563151
runs/CZ01/DMo&0&rDXGF&Ex&dxAC_equip/RB-dxAC_equip-spltAC-SEER-BA-rDXGF-LRM-LSC-Correct-40%UC-AOE/instance-out.sql,CZ01,DMo,weighted,rDXGF,Ex,dxAC_equip,,RB-dxAC_equip-spltAC-SEER-BA-rDXGF-LRM-LSC-Correct-40%UC-AOE,DMo&0&rDXGF&Ex&dxAC_equip,RB-dxAC_equip-spltAC-SEER-BA-rDXGF-LRM-LSC-Correct-40%UC-AOE,47.98,78.32,33220.16,54224.99,33220.149999999994,4915.54,102.16,3129.96,0.0,12980.689999999999,0.0,345.14,0.0,0.0,0.0,0.0,11746.68,0.0,0.0,0.0,102.16,4915.54,0.0,5167.03,7813.66,0.0,0.0,230.77,6351521.580022445
runs/CZ01/DMo&0&rDXGF&Ex&dxAC_equip/RB-dxAC_equip-spltAC-SEER-BA-rDXGF-NoLRM-NR/instance-out.sql,CZ01,DMo,weighted,rDXGF,Ex,dxAC_equip,,RB-dxAC_equip-spltAC-SEER-BA-rDXGF-NoLRM-NR,DMo&0&rDXGF&Ex&dxAC_equip,RB-dxAC_equip-spltAC-SEER-BA-rDXGF-NoLRM-NR,48.3,79.33,33439.73,54920.38,33439.729999999996,4915.54,321.73,3129.96,0.0,12980.689999999999,0.0,345.14,0.0,0.0,0.0,0.0,11746.68,0.0,0.0,0.0,321.73,4915.54,0.0,5167.03,7813.66,0.0,0.0,230.77,7918454.9232414
runs/CZ01/DMo&0&rDXGF&Ex&dxAC_equip/RB-dxAC_equip-spltAC-SEER-BA-rDXGF-LRM-LSC-Correct-7.5%UC-AOE/instance-out.sql,CZ01,DMo,weighted,rDXGF,Ex,dxAC_equip,,RB-dxAC_equip-spltAC-SEER-BA-rDXGF-LRM-LSC-Correct-7.5%UC-AOE,DMo&0&rDXGF&Ex&dxAC_equip,RB-dxAC_equip-spltAC-SEER-BA-rDXGF-LRM-LSC-Correct-7.5%UC-AOE,48.28,79.27,33426.89,54879.7,33426.880000000005,4915.54,308.89,3129.96,0.0,12980.689999999999,0.0,345.14,0.0,0.0,0.0,0.0,11746.68,0.0,0.0,0.0,308.89,4915.54,0.0,5167.03,7813.66,0.0,0.0,230.77,7826794.436010322
runs/CZ01/DMo&0&rDXHP&Ex&dxHP_equip/RB-dxHP_equip-spltHP-SEER-BA-rDXHP-NoLRM-AOE/instance-out.sql,CZ01,DMo,weighted,rDXHP,Ex,dxHP_equip,,RB-dxHP_equip-spltHP-SEER-BA-rDXHP-NoLRM-AOE,DMo&0&rDXHP&Ex&dxHP_equip,RB-dxHP_equip-spltHP-SEER-BA-rDXHP-NoLRM-AOE,44.39,81.76,30733.57,56605.51,30733.57,2034.33,356.86,3129.96,0.0,12980.689999999999,0.0,492.96,0.0,0.0,0.0,0.0,11738.77,0.0,0.0,2034.33,356.86,0.0,0.0,5167.03,7813.66,0.0,0.0,230.77,8166199.719938919
runs/CZ01/DMo&0&rDXHP&Ex&dxHP_equip/RB-dxHP_equip-spltHP-SEER-BA-rDXHP-LRM-LSC-Correct-0%UC-NR/instance-out.sql,CZ01,DMo,weighted,rDXHP,Ex,dxHP_equip,,RB-dxHP_equip-spltHP-SEER-BA-rDXHP-LRM-LSC-Correct-0%UC-NR,DMo&0&rDXHP&Ex&dxHP_equip,RB-dxHP_equip-spltHP-SEER-BA-rDXHP-LRM-LSC-Correct-0%UC-NR,43.73,79.66,30273.01,55146.9,30273.010000000002,1639.1,291.53,3129.96,0.0,12980.689999999999,0.0,492.96,0.0,0.0,0.0,0.0,11738.77,0.0,0.0,1639.1,291.53,0.0,0.0,5167.03,7813.66,0.0,0.0,230.77,7700488.879533492
runs/CZ01/DMo&0&rDXHP&Ex&dxHP_equip/RB-dxHP_equip-spltHP-SEER-BA-rDXHP-LRM-LSC-Correct-40%UC-AOE/instance-out.sql,CZ01,DMo,weighted,rDXHP,Ex,dxHP_equip,,RB-dxHP_equip-spltHP-SEER-BA-rDXHP-LRM-LSC-Correct-40%UC-AOE,DMo&0&rDXHP&Ex&dxHP_equip,RB-dxHP_equip-spltHP-SEER-BA-rDXHP-LRM-LSC-Correct-40%UC-AOE,43.31,78.33,29982.72,54227.57,29982.72,1538.11,102.23,3129.96,0.0,12980.689999999999,0.0,492.96,0.0,0.0,0.0,0.0,11738.77,0.0,0.0,1538.11,102.23,0.0,0.0,5167.03,7813.66,0.0,0.0,230.77,6351019.232494942
runs/CZ01/DMo&0&rDXHP&Ex&dxHP_equip/RB-dxHP_equip-spltHP-SEER-BA-rDXHP-LRM-LSC-Correct-30%UC-AOE/instance-out.sql,CZ01,DMo,weighted,rDXHP,Ex,dxHP_equip,,RB-dxHP_equip-spltHP-SEER-BA-rDXHP-LRM-LSC-Correct-30%UC-AOE,DMo&0&rDXHP&Ex&dxHP_equip,RB-dxHP_equip-spltHP-SEER-BA-rDXHP-LRM-LSC-Correct-30%UC-AOE,43.58,79.19,30170.43,54822.06,30170.440000000002,1662.16,165.89,3129.96,0.0,12980.689999999999,0.0,492.96,0.0,0.0,0.0,0.0,11738.77,0.0,0.0,1662.16,165.89,0.0,0.0,5167.03,7813.66,0.0,0.0,230.77,6804814.354358983
runs/CZ01/DMo&0&rDXHP&Ex&dxHP_equip/RB-dxHP_equip-spltHP-SEER-BA-rDXHP-LRM-LSC-Correct-7.5%UC-AOE/instance-out.sql,CZ01,DMo,weighted,rDXHP,Ex,dxHP_equip,,RB-dxHP_equip-spltHP-SEER-BA-rDXHP-LRM-LSC-Correct-7.5%UC-AOE,DMo&0&rDXHP&Ex&dxHP_equip,RB-dxHP_equip-spltHP-SEER-BA-rDXHP-LRM-LSC-Correct-7.5%UC-AOE,44.19,81.12,30592.79,56159.65,30592.79,1941.29,309.11,3129.96,0.0,12980.689999999999,0.0,492.96,0.0,0.0,0.0,0.0,11738.77,0.0,0.0,1941.29,309.11,0.0,0.0,5167.03,7813.66,0.0,0.0,230.77,7825853.378533657
runs/CZ01/DMo&0&rDXHP&Ex&dxHP_equip/RB-dxHP_equip-spltHP-SEER-BA-rDXHP-NoLRM-NR/instance-out.sql,CZ01,DMo,weighted,rDXHP,Ex,dxHP_equip,,RB-dxHP_equip-spltHP-SEER-BA-rDXHP-NoLRM-NR,DMo&0&rDXHP&Ex&dxHP_equip,RB-dxHP_equip-spltHP-SEER-BA-rDXHP-NoLRM-NR,43.85,80.03,30355.69,55408.76,30355.690000000002,1691.34,321.97,3129.96,0.0,12980.689999999999,0.0,492.96,0.0,0.0,0.0,0.0,11738.77,0.0,0.0,1691.34,321.97,0.0,0.0,5167.03,7813.66,0.0,0.0,230.77,7917486.60818487
runs/CZ01/DMo&0&rDXHP&Ex&dxHP_equip/RB-dxHP_equip-spltHP-SEER-BA-rDXHP-LRM-LSC-Correct-0%UC-NC/instance-out.sql,CZ01,DMo,weighted,rDXHP,Ex,dxHP_equip,,RB-dxHP_equip-spltHP-SEER-BA-rDXHP-LRM-LSC-Correct-0%UC-NC,DMo&0&rDXHP&Ex&dxHP_equip,RB-dxHP_equip-spltHP-SEER-BA-rDXHP-LRM-LSC-Correct-0%UC-NC,43.73,79.66,30273.01,55146.9,30273.010000000002,1639.1,291.53,3129.96,0.0,12980.689999999999,0.0,492.96,0.0,0.0,0.0,0.0,11738.77,0.0,0.0,1639.1,291.53,0.0,0.0,5167.03,7813.66,0.0,0.0,230.77,7700488.879533492
runs/CZ02/DMo&0&rDXGF&Ex&dxAC_equip/RB-dxAC_equip-spltAC-SEER-BA-rDXGF-LRM-LSC-Correct-0%UC-NR/instance-out.sql,CZ02,DMo,weighted,rDXGF,Ex,dxAC_equip,,RB-dxAC_equip-spltAC-SEER-BA-rDXGF-LRM-LSC-Correct-0%UC-NR,DMo&0&rDXGF&Ex&dxAC_equip,RB-dxAC_equip-spltAC-SEER-BA-rDXGF-LRM-LSC-Correct-0%UC-NR,56.11,93.8,38844.08,64936.21,38844.08,8658.06,1439.83,3129.96,0.0,12980.689999999999,0.0,1222.96,0.0,0.0,0.0,0.0,11412.57,0.0,0.0,0.0,1439.83,8658.06,0.0,5167.03,7813.66,0.0,0.0,230.77,15045964.997849632
runs/CZ01/DMo&0&rDXHP&Ex&dxHP_equip/RB-dxHP_equip-spltHP-SEER-BA-rDXHP-NoLRM-NC/instance-out.sql,CZ01,DMo,weighted,rDXHP,Ex,dxHP_equip,,RB-dxHP_equip-spltHP-SEER-BA-rDXHP-NoLRM-NC,DMo&0&rDXHP&Ex&dxHP_equip,RB-dxHP_equip-spltHP-SEER-BA-rDXHP-NoLRM-NC,43.85,80.03,30355.69,55408.76,30355.690000000002,1691.34,321.97,3129.96,0.0,12980.689999999999,0.0,492.96,0.0,0.0,0.0,0.0,11738.77,0.0,0.0,1691.34,321.97,0.0,0.0,5167.03,7813.66,0.0,0.0,230.77,7917486.60818487
runs/CZ01/DMo&0&rDXHP&Ex&dxHP_equip/RB-dxHP_equip-spltHP-SEER-BA-rDXHP-LRM-LSC-Correct-15%UC-AOE/instance-out.sql,CZ01,DMo,weighted,rDXHP,Ex,dxHP_equip,,RB-dxHP_equip-spltHP-SEER-BA-rDXHP-LRM-LSC-Correct-15%UC-AOE,DMo&0&rDXHP&Ex&dxHP_equip,RB-dxHP_equip-spltHP-SEER-BA-rDXHP-LRM-LSC-Correct-15%UC-AOE,43.99,80.47,30452.0,55713.78,30452.010000000002,1848.25,261.37,3129.96,0.0,12980.689999999999,0.0,492.96,0.0,0.0,0.0,0.0,11738.77,0.0,0.0,1848.25,261.37,0.0,0.0,5167.03,7813.66,0.0,0.0,230.77,7485507.03727977
runs/CZ02/DMo&0&rDXGF&Ex&dxAC_equip/RB-dxAC_equip-spltAC-SEER-BA-rDXGF-LRM-LSC-Correct-30%UC-AOE/instance-out.sql,CZ02,DMo,weighted,rDXGF,Ex,dxAC_equip,,RB-dxAC_equip-spltAC-SEER-BA-rDXGF-LRM-LSC-Correct-30%UC-AOE,DMo&0&rDXGF&Ex&dxAC_equip,RB-dxAC_equip-spltAC-SEER-BA-rDXGF-LRM-LSC-Correct-30%UC-AOE,55.21,90.96,38223.55,62971.01,38223.56,8658.06,819.31,3129.96,0.0,12980.689999999999,0.0,1222.96,0.0,0.0,0.0,0.0,11412.57,0.0,0.0,0.0,819.31,8658.06,0.0,5167.03,7813.66,0.0,0.0,230.77,12043181.14634252
runs/CZ01/DMo&0&rDXHP&Ex&dxHP_equip/RB-dxHP_equip-spltHP-SEER-BA-rDXHP-LRM-LSC-Correct-22.5%UC-AOE/instance-out.sql,CZ01,DMo,weighted,rDXHP,Ex,dxHP_equip,,RB-dxHP_equip-spltHP-SEER-BA-rDXHP-LRM-LSC-Correct-22.5%UC-AOE,DMo&0&rDXHP&Ex&dxHP_equip,RB-dxHP_equip-spltHP-SEER-BA-rDXHP-LRM-LSC-Correct-22.5%UC-AOE,43.78,79.83,30311.22,55267.92,30311.22,1755.21,213.63,3129.96,0.0,12980.689999999999,0.0,492.96,0.0,0.0,0.0,0.0,11738.77,0.0,0.0,1755.21,213.63,0.0,0.0,5167.03,7813.66,0.0,0.0,230.77,7145160.6957407575
runs/CZ02/DMo&0&rDXGF&Ex&dxAC_equip/RB-dxAC_equip-spltAC-SEER-BA-rDXGF-LRM-LSC-Correct-0%UC-AOE/instance-out.sql,CZ02,DMo,weighted,rDXGF,Ex,dxAC_equip,,RB-dxAC_equip-spltAC-SEER-BA-rDXGF-LRM-LSC-Correct-0%UC-AOE,DMo&0&rDXGF&Ex&dxAC_equip,RB-dxAC_equip-spltAC-SEER-BA-rDXGF-LRM-LSC-Correct-0%UC-AOE,56.33,94.51,39000.1,65430.33,39000.1,8658.06,1595.85,3129.96,0.0,12980.689999999999,0.0,1222.96,0.0,0.0,0.0,0.0,11412.57,0.0,0.0,0.0,1595.85,8658.06,0.0,5167.03,7813.66,0.0,0.0,230.77,15800954.875428494
runs/CZ02/DMo&0&rDXGF&Ex&dxAC_equip/RB-dxAC_equip-spltAC-SEER-BA-rDXGF-LRM-LSC-Correct-22.5%UC-AOE/instance-out.sql,CZ02,DMo,weighted,rDXGF,Ex,dxAC_equip,,RB-dxAC_equip-spltAC-SEER-BA-rDXGF-LRM-LSC-Correct-22.5%UC-AOE,DMo&0&rDXGF&Ex&dxAC_equip,RB-dxAC_equip-spltAC-SEER-BA-rDXGF-LRM-LSC-Correct-22.5%UC-AOE,55.55,92.04,38459.35,63717.76,38459.35,8658.06,1055.1,3129.96,0.0,12980.689999999999,0.0,1222.96,0.0,0.0,0.0,0.0,11412.57,0.0,0.0,0.0,1055.1,8658.06,0.0,5167.03,7813.66,0.0,0.0,230.77,13184205.557661578
runs/CZ02/DMo&0&rDXHP&Ex&dxHP_equip/RB-dxHP_equip-spltHP-SEER-BA-rDXHP-LRM-LSC-Correct-30%UC-AOE/instance-out.sql,CZ02,DMo,weighted,rDXHP,Ex,dxHP_equip,,RB-dxHP_equip-spltHP-SEER-BA-rDXHP-LRM-LSC-Correct-30%UC-AOE,DMo&0&rDXHP&Ex&dxHP_equip,RB-dxHP_equip-spltHP-SEER-BA-rDXHP-LRM-LSC-Correct-30%UC-AOE,47.11,91.39,32613.37,63270.13,32613.37,2721.98,819.32,3129.96,0.0,12980.689999999999,0.0,1564.13,0.0,0.0,0.0,0.0,11397.29,0.0,0.0,2721.98,819.32,0.0,0.0,5167.03,7813.66,0.0,0.0,230.77,12043192.864681333
runs/CZ02/DMo&0&rDXGF&Ex&dxAC_equip/RB-dxAC_equip-spltAC-SEER-BA-rDXGF-LRM-LSC-Correct-40%UC-AOE/instance-out.sql,CZ02,DMo,weighted,rDXGF,Ex,dxAC_equip,,RB-dxAC_equip-spltAC-SEER-BA-rDXGF-LRM-LSC-Correct-40%UC-AOE,DMo&0&rDXGF&Ex&dxAC_equip,RB-dxAC_equip-spltAC-SEER-BA-rDXGF-LRM-LSC-Correct-40%UC-AOE,54.76,89.52,37909.16,61975.33,37909.17,8658.06,504.91,3129.96,0.0,12980.689999999999,0.0,1222.96,0.0,0.0,0.0,0.0,11412.57,0.0,0.0,0.0,504.91,8658.06,0.0,5167.03,7813.66,0.0,0.0,230.77,10521815.264511112
runs/CZ02/DMo&0&rDXGF&Ex&dxAC_equip/RB-dxAC_equip-spltAC-SEER-BA-rDXGF-NoLRM-NR/instance-out.sql,CZ02,DMo,weighted,rDXGF,Ex,dxAC_equip,,RB-dxAC_equip-spltAC-SEER-BA-rDXGF-NoLRM-NR,DMo&0&rDXGF&Ex&dxAC_equip,RB-dxAC_equip-spltAC-SEER-BA-rDXGF-NoLRM-NR,56.32,94.48,38994.42,65412.33,38994.42,8658.06,1590.17,3129.96,0.0,12980.689999999999,0.0,1222.96,0.0,0.0,0.0,0.0,11412.57,0.0,0.0,0.0,1590.17,8658.06,0.0,5167.03,7813.66,0.0,0.0,230.77,15773458.364127003
runs/CZ02/DMo&0&rDXHP&Ex&dxHP_equip/RB-dxHP_equip-spltHP-SEER-BA-rDXHP-LRM-LSC-Correct-0%UC-AOE/instance-out.sql,CZ02,DMo,weighted,rDXHP,Ex,dxHP_equip,,RB-dxHP_equip-spltHP-SEER-BA-rDXHP-LRM-LSC-Correct-0%UC-AOE,DMo&0&rDXHP&Ex&dxHP_equip,RB-dxHP_equip-spltHP-SEER-BA-rDXHP-LRM-LSC-Correct-0%UC-AOE,49.04,97.5,33950.16,67503.76,33950.16,3282.22,1595.87,3129.96,0.0,12980.689999999999,0.0,1564.13,0.0,0.0,0.0,0.0,11397.29,0.0,0.0,3282.22,1595.87,0.0,0.0,5167.03,7813.66,0.0,0.0,230.77,15800972.460561166
runs/CZ02/DMo&0&rDXGF&Ex&dxAC_equip/RB-dxAC_equip-spltAC-SEER-BA-rDXGF-LRM-LSC-Correct-15%UC-AOE/instance-out.sql,CZ02,DMo,weighted,rDXGF,Ex,dxAC_equip,,RB-dxAC_equip-spltAC-SEER-BA-rDXGF-LRM-LSC-Correct-15%UC-AOE,DMo&0&rDXGF&Ex&dxAC_equip,RB-dxAC_equip-spltAC-SEER-BA-rDXGF-LRM-LSC-Correct-15%UC-AOE,55.89,93.11,38695.14,64464.52,38695.14,8658.06,1290.89,3129.96,0.0,12980.689999999999,0.0,1222.96,0.0,0.0,0.0,0.0,11412.57,0.0,0.0,0.0,1290.89,8658.06,0.0,5167.03,7813.66,0.0,0.0,230.77,14325229.969507784
runs/CZ02/DMo&0&rDXHP&Ex&dxHP_equip/RB-dxHP_equip-spltHP-SEER-BA-rDXHP-LRM-LSC-Correct-40%UC-AOE/instance-out.sql,CZ02,DMo,weighted,rDXHP,Ex,dxHP_equip,,RB-dxHP_equip-spltHP-SEER-BA-rDXHP-LRM-LSC-Correct-40%UC-AOE,DMo&0&rDXHP&Ex&dxHP_equip,RB-dxHP_equip-spltHP-SEER-BA-rDXHP-LRM-LSC-Correct-40%UC-AOE,46.33,88.91,32072.15,61556.11,32072.16,2495.16,504.92,3129.96,0.0,12980.689999999999,0.0,1564.13,0.0,0.0,0.0,0.0,11397.29,0.0,0.0,2495.16,504.92,0.0,0.0,5167.03,7813.66,0.0,0.0,230.77,10521824.60762974
runs/CZ02/DMo&0&rDXHP&Ex&dxHP_equip/RB-dxHP_equip-spltHP-SEER-BA-rDXHP-LRM-LSC-Correct-0%UC-NR/instance-out.sql,CZ02,DMo,weighted,rDXHP,Ex,dxHP_equip,,RB-dxHP_equip-spltHP-SEER-BA-rDXHP-LRM-LSC-Correct-0%UC-NR,DMo&0&rDXHP&Ex&dxHP_equip,RB-dxHP_equip-spltHP-SEER-BA-rDXHP-LRM-LSC-Correct-0%UC-NR,47.94,94.04,33191.73,65101.79,33191.729999999996,2679.81,1439.85,3129.96,0.0,12980.689999999999,0.0,1564.13,0.0,0.0,0.0,0.0,11397.29,0.0,0.0,2679.81,1439.85,0.0,0.0,5167.03,7813.66,0.0,0.0,230.77,15045981.404260462
runs/CZ02/DMo&0&rDXHP&Ex&dxHP_equip/RB-dxHP_equip-spltHP-SEER-BA-rDXHP-LRM-LSC-Correct-7.5%UC-AOE/instance-out.sql,CZ02,DMo,weighted,rDXHP,Ex,dxHP_equip,,RB-dxHP_equip-spltHP-SEER-BA-rDXHP-LRM-LSC-Correct-7.5%UC-AOE,DMo&0&rDXHP&Ex&dxHP_equip,RB-dxHP_equip-spltHP-SEER-BA-rDXHP-LRM-LSC-Correct-7.5%UC-AOE,48.87,96.96,33831.1,67126.68,33831.100000000006,3232.32,1526.7,3129.96,0.0,12980.689999999999,0.0,1564.13,0.0,0.0,0.0,0.0,11397.29,0.0,0.0,3232.32,1526.7,0.0,0.0,5167.03,7813.66,0.0,0.0,230.77,15466271.442982316
runs/CZ02/DMo&0&rDXGF&Ex&dxAC_equip/RB-dxAC_equip-spltAC-SEER-BA-rDXGF-NoLRM-AOE/instance-out.sql,CZ02,DMo,weighted,rDXGF,Ex,dxAC_equip,,RB-dxAC_equip-spltAC-SEER-BA-rDXGF-NoLRM-AOE,DMo&0&rDXGF&Ex&dxAC_equip,RB-dxAC_equip-spltAC-SEER-BA-rDXGF-NoLRM-AOE,56.57,95.27,39166.73,65958.03,39166.729999999996,8658.06,1762.48,3129.96,0.0,12980.689999999999,0.0,1222.96,0.0,0.0,0.0,0.0,11412.57,0.0,0.0,0.0,1762.48,8658.06,0.0,5167.03,7813.66,0.0,0.0,230.77,16607278.791795893
runs/CZ02/DMo&0&rDXHP&Ex&dxHP_equip/RB-dxHP_equip-spltHP-SEER-BA-rDXHP-LRM-LSC-Correct-15%UC-AOE/instance-out.sql,CZ02,DMo,weighted,rDXHP,Ex,dxHP_equip,,RB-dxHP_equip-spltHP-SEER-BA-rDXHP-LRM-LSC-Correct-15%UC-AOE,DMo&0&rDXHP&Ex&dxHP_equip,RB-dxHP_equip-spltHP-SEER-BA-rDXHP-LRM-LSC-Correct-15%UC-AOE,48.28,95.1,33425.19,65841.16,33425.19,3062.21,1290.91,3129.96,0.0,12980.689999999999,0.0,1564.13,0.0,0.0,0.0,0.0,11397.29,0.0,0.0,3062.21,1290.91,0.0,0.0,5167.03,7813.66,0.0,0.0,230.77,14325245.250676872
runs/CZ02/DMo&0&rDXHP&Ex&dxHP_equip/RB-dxHP_equip-spltHP-SEER-BA-rDXHP-LRM-LSC-Correct-22.5%UC-AOE/instance-out.sql,CZ02,DMo,weighted,rDXHP,Ex,dxHP_equip,,RB-dxHP_equip-spltHP-SEER-BA-rDXHP-LRM-LSC-Correct-22.5%UC-AOE,DMo&0&rDXHP&Ex&dxHP_equip,RB-dxHP_equip-spltHP-SEER-BA-rDXHP-LRM-LSC-Correct-22.5%UC-AOE,47.69,93.25,33019.28,64555.64,33019.28,2892.1,1055.11,3129.96,0.0,12980.689999999999,0.0,1564.13,0.0,0.0,0.0,0.0,11397.29,0.0,0.0,2892.1,1055.11,0.0,0.0,5167.03,7813.66,0.0,0.0,230.77,13184219.05741553
runs/CZ02/DMo&0&rDXGF&Ex&dxAC_equip/RB-dxAC_equip-spltAC-SEER-BA-rDXGF-LRM-LSC-Correct-7.5%UC-AOE/instance-out.sql,CZ02,DMo,weighted,rDXGF,Ex,dxAC_equip,,RB-dxAC_equip-spltAC-SEER-BA-rDXGF-LRM-LSC-Correct-7.5%UC-AOE,DMo&0&rDXGF&Ex&dxAC_equip,RB-dxAC_equip-spltAC-SEER-BA-rDXGF-LRM-LSC-Correct-7.5%UC-AOE,56.23,94.19,38930.93,65211.28,38930.94,8658.06,1526.69,3129.96,0.0,12980.689999999999,0.0,1222.96,0.0,0.0,0.0,0.0,11412.57,0.0,0.0,0.0,1526.69,8658.06,0.0,5167.03,7813.66,0.0,0.0,230.77,15466254.380398089
runs/CZ02/DMo&0&rDXHP&Ex&dxHP_equip/RB-dxHP_equip-spltHP-SEER-BA-rDXHP-LRM-LSC-Correct-0%UC-NC/instance-out.sql,CZ02,DMo,weighted,rDXHP,Ex,dxHP_equip,,RB-dxHP_equip-spltHP-SEER-BA-rDXHP-LRM-LSC-Correct-0%UC-NC,DMo&0&rDXHP&Ex&dxHP_equip,RB-dxHP_equip-spltHP-SEER-BA-rDXHP-LRM-LSC-Correct-0%UC-NC,47.94,94.04,33191.73,65101.79,33191.729999999996,2679.81,1439.85,3129.96,0.0,12980.689999999999,0.0,1564.13,0.0,0.0,0.0,0.0,11397.29,0.0,0.0,2679.81,1439.85,0.0,0.0,5167.03,7813.66,0.0,0.0,230.77,15045981.404260462
runs/CZ03/DMo&0&rDXGF&Ex&dxAC_equip/RB-dxAC_equip-spltAC-SEER-BA-rDXGF-LRM-LSC-Correct-0%UC-NR/instance-out.sql,CZ03,DMo,weighted,rDXGF,Ex,dxAC_equip,,RB-dxAC_equip-spltAC-SEER-BA-rDXGF-LRM-LSC-Correct-0%UC-NR,DMo&0&rDXGF&Ex&dxAC_equip,RB-dxAC_equip-spltAC-SEER-BA-rDXGF-LRM-LSC-Correct-0%UC-NR,51.68,88.74,35775.68,61439.31,35775.67999999999,5642.16,1589.5,3129.96,0.0,12980.689999999999,0.0,991.32,0.0,0.0,0.0,0.0,11442.06,0.0,0.0,0.0,1589.5,5642.16,0.0,5167.03,7813.66,0.0,0.0,230.77,14415424.52990602
runs/CZ02/DMo&0&rDXHP&Ex&dxHP_equip/RB-dxHP_equip-spltHP-SEER-BA-rDXHP-NoLRM-NC/instance-out.sql,CZ02,DMo,weighted,rDXHP,Ex,dxHP_equip,,RB-dxHP_equip-spltHP-SEER-BA-rDXHP-NoLRM-NC,DMo&0&rDXHP&Ex&dxHP_equip,RB-dxHP_equip-spltHP-SEER-BA-rDXHP-NoLRM-NC,48.3,95.16,33437.58,65880.42,33437.58,2775.32,1590.19,3129.96,0.0,12980.689999999999,0.0,1564.13,0.0,0.0,0.0,0.0,11397.29,0.0,0.0,2775.32,1590.19,0.0,0.0,5167.03,7813.66,0.0,0.0,230.77,15773475.906330965
runs/CZ03/DMo&0&rDXGF&Ex&dxAC_equip/RB-dxAC_equip-spltAC-SEER-BA-rDXGF-LRM-LSC-Correct-30%UC-AOE/instance-out.sql,CZ03,DMo,weighted,rDXGF,Ex,dxAC_equip,,RB-dxAC_equip-spltAC-SEER-BA-rDXGF-LRM-LSC-Correct-30%UC-AOE,DMo&0&rDXGF&Ex&dxAC_equip,RB-dxAC_equip-spltAC-SEER-BA-rDXGF-LRM-LSC-Correct-30%UC-AOE,50.69,85.61,35090.65,59269.82,35090.649999999994,5642.16,904.47,3129.96,0.0,12980.689999999999,0.0,991.32,0.0,0.0,0.0,0.0,11442.06,0.0,0.0,0.0,904.47,5642.16,0.0,5167.03,7813.66,0.0,0.0,230.77,11456650.320435226
runs/CZ03/DMo&0&rDXGF&Ex&dxAC_equip/RB-dxAC_equip-spltAC-SEER-BA-rDXGF-LRM-LSC-Correct-7.5%UC-AOE/instance-out.sql,CZ03,DMo,weighted,rDXGF,Ex,dxAC_equip,,RB-dxAC_equip-spltAC-SEER-BA-rDXGF-LRM-LSC-Correct-7.5%UC-AOE,DMo&0&rDXGF&Ex&dxAC_equip,RB-dxAC_equip-spltAC-SEER-BA-rDXGF-LRM-LSC-Correct-7.5%UC-AOE,51.81,89.18,35871.56,61742.97,35871.56,5642.16,1685.38,3129.96,0.0,12980.689999999999,0.0,991.32,0.0,0.0,0.0,0.0,11442.06,0.0,0.0,0.0,1685.38,5642.16,0.0,5167.03,7813.66,0.0,0.0,230.77,14829554.033424774
runs/CZ03/DMo&0&rDXGF&Ex&dxAC_equip/RB-dxAC_equip-spltAC-SEER-BA-rDXGF-NoLRM-AOE/instance-out.sql,CZ03,DMo,weighted,rDXGF,Ex,dxAC_equip,,RB-dxAC_equip-spltAC-SEER-BA-rDXGF-NoLRM-AOE,DMo&0&rDXGF&Ex&dxAC_equip,RB-dxAC_equip-spltAC-SEER-BA-rDXGF-NoLRM-AOE,52.19,90.37,36131.87,62567.35,36131.86,5642.16,1945.69,3129.96,0.0,12980.689999999999,0.0,991.32,0.0,0.0,0.0,0.0,11442.06,0.0,0.0,0.0,1945.69,5642.16,0.0,5167.03,7813.66,0.0,0.0,230.77,15953855.271133231
runs/CZ02/DMo&0&rDXHP&Ex&dxHP_equip/RB-dxHP_equip-spltHP-SEER-BA-rDXHP-NoLRM-AOE/instance-out.sql,CZ02,DMo,weighted,rDXHP,Ex,dxHP_equip,,RB-dxHP_equip-spltHP-SEER-BA-rDXHP-NoLRM-AOE,DMo&0&rDXHP&Ex&dxHP_equip,RB-dxHP_equip-spltHP-SEER-BA-rDXHP-NoLRM-AOE,49.45,98.82,34237.01,68412.19,34237.009999999995,3402.44,1762.5,3129.96,0.0,12980.689999999999,0.0,1564.13,0.0,0.0,0.0,0.0,11397.29,0.0,0.0,3402.44,1762.5,0.0,0.0,5167.03,7813.66,0.0,0.0,230.77,16607297.63579526
runs/CZ02/DMo&0&rDXHP&Ex&dxHP_equip/RB-dxHP_equip-spltHP-SEER-BA-rDXHP-NoLRM-NR/instance-out.sql,CZ02,DMo,weighted,rDXHP,Ex,dxHP_equip,,RB-dxHP_equip-spltHP-SEER-BA-rDXHP-NoLRM-NR,DMo&0&rDXHP&Ex&dxHP_equip,RB-dxHP_equip-spltHP-SEER-BA-rDXHP-NoLRM-NR,48.3,95.16,33437.58,65880.42,33437.58,2775.32,1590.19,3129.96,0.0,12980.689999999999,0.0,1564.13,0.0,0.0,0.0,0.0,11397.29,0.0,0.0,2775.32,1590.19,0.0,0.0,5167.03,7813.66,0.0,0.0,230.77,15773475.906330965
runs/CZ03/DMo&0&rDXHP&Ex&dxHP_equip/RB-dxHP_equip-spltHP-SEER-BA-rDXHP-LRM-LSC-Correct-0%UC-NR/instance-out.sql,CZ03,DMo,weighted,rDXHP,Ex,dxHP_equip,,RB-dxHP_equip-spltHP-SEER-BA-rDXHP-LRM-LSC-Correct-0%UC-NR,DMo&0&rDXHP&Ex&dxHP_equip,RB-dxHP_equip-spltHP-SEER-BA-rDXHP-LRM-LSC-Correct-0%UC-NR,46.16,88.27,31957.21,61113.88,31957.210000000003,1669.43,1591.83,3129.96,0.0,12980.689999999999,0.0,1150.47,0.0,0.0,0.0,0.0,11434.84,0.0,0.0,1669.43,1591.83,0.0,0.0,5167.03,7813.66,0.0,0.0,230.77,14415428.889956689
runs/CZ03/DMo&0&rDXGF&Ex&dxAC_equip/RB-dxAC_equip-spltAC-SEER-BA-rDXGF-LRM-LSC-Correct-0%UC-AOE/instance-out.sql,CZ03,DMo,weighted,rDXGF,Ex,dxAC_equip,,RB-dxAC_equip-spltAC-SEER-BA-rDXGF-LRM-LSC-Correct-0%UC-AOE,DMo&0&rDXGF&Ex&dxAC_equip,RB-dxAC_equip-spltAC-SEER-BA-rDXGF-LRM-LSC-Correct-0%UC-AOE,51.92,89.53,35947.92,61984.79,35947.92,5642.16,1761.74,3129.96,0.0,12980.689999999999,0.0,991.32,0.0,0.0,0.0,0.0,11442.06,0.0,0.0,0.0,1761.74,5642.16,0.0,5167.03,7813.66,0.0,0.0,230.77,15159349.064158017
runs/CZ03/DMo&0&rDXHP&Ex&dxHP_equip/RB-dxHP_equip-spltHP-SEER-BA-rDXHP-LRM-LSC-Correct-0%UC-AOE/instance-out.sql,CZ03,DMo,weighted,rDXHP,Ex,dxHP_equip,,RB-dxHP_equip-spltHP-SEER-BA-rDXHP-LRM-LSC-Correct-0%UC-AOE,DMo&0&rDXHP&Ex&dxHP_equip,RB-dxHP_equip-spltHP-SEER-BA-rDXHP-LRM-LSC-Correct-0%UC-AOE,46.98,90.87,32525.26,62912.89,32525.260000000002,2064.99,1764.31,3129.96,0.0,12980.689999999999,0.0,1150.47,0.0,0.0,0.0,0.0,11434.84,0.0,0.0,2064.99,1764.31,0.0,0.0,5167.03,7813.66,0.0,0.0,230.77,15159353.759608608
runs/CZ03/DMo&0&rDXGF&Ex&dxAC_equip/RB-dxAC_equip-spltAC-SEER-BA-rDXGF-NoLRM-NR/instance-out.sql,CZ03,DMo,weighted,rDXGF,Ex,dxAC_equip,,RB-dxAC_equip-spltAC-SEER-BA-rDXGF-NoLRM-NR,DMo&0&rDXGF&Ex&dxAC_equip,RB-dxAC_equip-spltAC-SEER-BA-rDXGF-NoLRM-NR,51.92,89.5,35941.65,61964.92,35941.64,5642.16,1755.47,3129.96,0.0,12980.689999999999,0.0,991.32,0.0,0.0,0.0,0.0,11442.06,0.0,0.0,0.0,1755.47,5642.16,0.0,5167.03,7813.66,0.0,0.0,230.77,15132255.549435522
runs/CZ03/DMo&0&rDXHP&Ex&dxHP_equip/RB-dxHP_equip-spltHP-SEER-BA-rDXHP-LRM-LSC-Correct-15%UC-AOE/instance-out.sql,CZ03,DMo,weighted,rDXHP,Ex,dxHP_equip,,RB-dxHP_equip-spltHP-SEER-BA-rDXHP-LRM-LSC-Correct-15%UC-AOE,DMo&0&rDXHP&Ex&dxHP_equip,RB-dxHP_equip-spltHP-SEER-BA-rDXHP-LRM-LSC-Correct-15%UC-AOE,46.28,88.67,32043.64,61387.61,32043.640000000003,1920.52,1427.16,3129.96,0.0,12980.689999999999,0.0,1150.47,0.0,0.0,0.0,0.0,11434.84,0.0,0.0,1920.52,1427.16,0.0,0.0,5167.03,7813.66,0.0,0.0,230.77,13705256.836084643
runs/CZ03/DMo&0&rDXGF&Ex&dxAC_equip/RB-dxAC_equip-spltAC-SEER-BA-rDXGF-LRM-LSC-Correct-15%UC-AOE/instance-out.sql,CZ03,DMo,weighted,rDXGF,Ex,dxAC_equip,,RB-dxAC_equip-spltAC-SEER-BA-rDXGF-LRM-LSC-Correct-15%UC-AOE,DMo&0&rDXGF&Ex&dxAC_equip,RB-dxAC_equip-spltAC-SEER-BA-rDXGF-LRM-LSC-Correct-15%UC-AOE,51.44,87.99,35611.26,60918.59,35611.259999999995,5642.16,1425.08,3129.96,0.0,12980.689999999999,0.0,991.32,0.0,0.0,0.0,0.0,11442.06,0.0,0.0,0.0,1425.08,5642.16,0.0,5167.03,7813.66,0.0,0.0,230.77,13705252.796216376
runs/CZ03/DMo&0&rDXHP&Ex&dxHP_equip/RB-dxHP_equip-spltHP-SEER-BA-rDXHP-LRM-LSC-Correct-22.5%UC-AOE/instance-out.sql,CZ03,DMo,weighted,rDXHP,Ex,dxHP_equip,,RB-dxHP_equip-spltHP-SEER-BA-rDXHP-LRM-LSC-Correct-22.5%UC-AOE,DMo&0&rDXHP&Ex&dxHP_equip,RB-dxHP_equip-spltHP-SEER-BA-rDXHP-LRM-LSC-Correct-22.5%UC-AOE,45.75,86.97,31671.26,60208.26,31671.250000000004,1808.82,1166.48,3129.96,0.0,12980.689999999999,0.0,1150.47,0.0,0.0,0.0,0.0,11434.84,0.0,0.0,1808.82,1166.48,0.0,0.0,5167.03,7813.66,0.0,0.0,230.77,12580955.091040809
runs/CZ03/DMo&0&rDXHP&Ex&dxHP_equip/RB-dxHP_equip-spltHP-SEER-BA-rDXHP-LRM-LSC-Correct-7.5%UC-AOE/instance-out.sql,CZ03,DMo,weighted,rDXHP,Ex,dxHP_equip,,RB-dxHP_equip-spltHP-SEER-BA-rDXHP-LRM-LSC-Correct-7.5%UC-AOE,DMo&0&rDXHP&Ex&dxHP_equip,RB-dxHP_equip-spltHP-SEER-BA-rDXHP-LRM-LSC-Correct-7.5%UC-AOE,46.82,90.37,32416.03,62566.95,32416.02,2032.23,1687.85,3129.96,0.0,12980.689999999999,0.0,1150.47,0.0,0.0,0.0,0.0,11434.84,0.0,0.0,2032.23,1687.85,0.0,0.0,5167.03,7813.66,0.0,0.0,230.77,14829558.580186589
runs/CZ03/DMo&0&rDXHP&Ex&dxHP_equip/RB-dxHP_equip-spltHP-SEER-BA-rDXHP-LRM-LSC-Correct-0%UC-NC/instance-out.sql,CZ03,DMo,weighted,rDXHP,Ex,dxHP_equip,,RB-dxHP_equip-spltHP-SEER-BA-rDXHP-LRM-LSC-Correct-0%UC-NC,DMo&0&rDXHP&Ex&dxHP_equip,RB-dxHP_equip-spltHP-SEER-BA-rDXHP-LRM-LSC-Correct-0%UC-NC,46.16,88.27,31957.21,61113.88,31957.210000000003,1669.43,1591.83,3129.96,0.0,12980.689999999999,0.0,1150.47,0.0,0.0,0.0,0.0,11434.84,0.0,0.0,1669.43,1591.83,0.0,0.0,5167.03,7813.66,0.0,0.0,230.77,14415428.889956689
runs/CZ03/DMo&0&rDXHP&Ex&dxHP_equip/RB-dxHP_equip-spltHP-SEER-BA-rDXHP-NoLRM-AOE/instance-out.sql,CZ03,DMo,weighted,rDXHP,Ex,dxHP_equip,,RB-dxHP_equip-spltHP-SEER-BA-rDXHP-NoLRM-AOE,DMo&0&rDXHP&Ex&dxHP_equip,RB-dxHP_equip-spltHP-SEER-BA-rDXHP-NoLRM-AOE,47.36,92.08,32788.41,63746.29,32788.41,2143.93,1948.53,3129.96,0.0,12980.689999999999,0.0,1150.47,0.0,0.0,0.0,0.0,11434.84,0.0,0.0,2143.93,1948.53,0.0,0.0,5167.03,7813.66,0.0,0.0,230.77,15953860.324788596
runs/CZ03/DMo&0&rDXHP&Ex&dxHP_equip/RB-dxHP_equip-spltHP-SEER-BA-rDXHP-LRM-LSC-Correct-40%UC-AOE/instance-out.sql,CZ03,DMo,weighted,rDXHP,Ex,dxHP_equip,,RB-dxHP_equip-spltHP-SEER-BA-rDXHP-LRM-LSC-Correct-40%UC-AOE,DMo&0&rDXHP&Ex&dxHP_equip,RB-dxHP_equip-spltHP-SEER-BA-rDXHP-LRM-LSC-Correct-40%UC-AOE,44.49,82.99,30802.36,57456.47,30802.360000000004,1548.19,558.22,3129.96,0.0,12980.689999999999,0.0,1150.47,0.0,0.0,0.0,0.0,11434.84,0.0,0.0,1548.19,558.22,0.0,0.0,5167.03,7813.66,0.0,0.0,230.77,9957584.353745576
runs/CZ03/DMo&0&rDXGF&Ex&dxAC_equip/RB-dxAC_equip-spltAC-SEER-BA-rDXGF-LRM-LSC-Correct-22.5%UC-AOE/instance-out.sql,CZ03,DMo,weighted,rDXGF,Ex,dxAC_equip,,RB-dxAC_equip-spltAC-SEER-BA-rDXGF-LRM-LSC-Correct-22.5%UC-AOE,DMo&0&rDXGF&Ex&dxAC_equip,RB-dxAC_equip-spltAC-SEER-BA-rDXGF-LRM-LSC-Correct-22.5%UC-AOE,51.06,86.8,35350.96,60094.21,35350.95,5642.16,1164.78,3129.96,0.0,12980.689999999999,0.0,991.32,0.0,0.0,0.0,0.0,11442.06,0.0,0.0,0.0,1164.78,5642.16,0.0,5167.03,7813.66,0.0,0.0,230.77,12580951.558066089
runs/CZ03/DMo&0&rDXHP&Ex&dxHP_equip/RB-dxHP_equip-spltHP-SEER-BA-rDXHP-NoLRM-NC/instance-out.sql,CZ03,DMo,weighted,rDXHP,Ex,dxHP_equip,,RB-dxHP_equip-spltHP-SEER-BA-rDXHP-NoLRM-NC,DMo&0&rDXHP&Ex&dxHP_equip,RB-dxHP_equip-spltHP-SEER-BA-rDXHP-NoLRM-NC,46.49,89.32,32186.14,61838.89,32186.13,1732.15,1758.03,3129.96,0.0,12980.689999999999,0.0,1150.47,0.0,0.0,0.0,0.0,11434.84,0.0,0.0,1732.15,1758.03,0.0,0.0,5167.03,7813.66,0.0,0.0,230.77,15132260.232670944
runs/CZ04/DMo&0&rDXGF&Ex&dxAC_equip/RB-dxAC_equip-spltAC-SEER-BA-rDXGF-LRM-LSC-Correct-0%UC-NR/instance-out.sql,CZ04,DMo,weighted,rDXGF,Ex,dxAC_equip,,RB-dxAC_equip-spltAC-SEER-BA-rDXGF-LRM-LSC-Correct-0%UC-NR,DMo&0&rDXGF&Ex&dxAC_equip,RB-dxAC_equip-spltAC-SEER-BA-rDXGF-LRM-LSC-Correct-0%UC-NR,59.83,105.47,41421.91,73021.57,41421.91,8817.9,3184.07,3129.96,0.0,12980.689999999999,0.0,2018.81,0.0,0.0,0.0,0.0,11290.48,0.0,0.0,0.0,3184.07,8817.9,0.0,5167.03,7813.66,0.0,0.0,230.77,21014069.295244046
runs/CZ04/DMo&0&rDXGF&Ex&dxAC_equip/RB-dxAC_equip-spltAC-SEER-BA-rDXGF-LRM-LSC-Correct-30%UC-AOE/instance-out.sql,CZ04,DMo,weighted,rDXGF,Ex,dxAC_equip,,RB-dxAC_equip-spltAC-SEER-BA-rDXGF-LRM-LSC-Correct-30%UC-AOE,DMo&0&rDXGF&Ex&dxAC_equip,RB-dxAC_equip-spltAC-SEER-BA-rDXGF-LRM-LSC-Correct-30%UC-AOE,57.85,99.2,40049.66,68675.68,40049.66,8817.9,1811.83,3129.96,0.0,12980.689999999999,0.0,2018.81,0.0,0.0,0.0,0.0,11290.48,0.0,0.0,0.0,1811.83,8817.9,0.0,5167.03,7813.66,0.0,0.0,230.77,15955246.152016016
runs/CZ03/DMo&0&rDXGF&Ex&dxAC_equip/RB-dxAC_equip-spltAC-SEER-BA-rDXGF-LRM-LSC-Correct-40%UC-AOE/instance-out.sql,CZ03,DMo,weighted,rDXGF,Ex,dxAC_equip,,RB-dxAC_equip-spltAC-SEER-BA-rDXGF-LRM-LSC-Correct-40%UC-AOE,DMo&0&rDXGF&Ex&dxAC_equip,RB-dxAC_equip-spltAC-SEER-BA-rDXGF-LRM-LSC-Correct-40%UC-AOE,50.18,84.02,34743.58,58170.65,34743.58,5642.16,557.4,3129.96,0.0,12980.689999999999,0.0,991.32,0.0,0.0,0.0,0.0,11442.06,0.0,0.0,0.0,557.4,5642.16,0.0,5167.03,7813.66,0.0,0.0,230.77,9957582.003522472
runs/CZ03/DMo&0&rDXHP&Ex&dxHP_equip/RB-dxHP_equip-spltHP-SEER-BA-rDXHP-NoLRM-NR/instance-out.sql,CZ03,DMo,weighted,rDXHP,Ex,dxHP_equip,,RB-dxHP_equip-spltHP-SEER-BA-rDXHP-NoLRM-NR,DMo&0&rDXHP&Ex&dxHP_equip,RB-dxHP_equip-spltHP-SEER-BA-rDXHP-NoLRM-NR,46.49,89.32,32186.14,61838.89,32186.13,1732.15,1758.03,3129.96,0.0,12980.689999999999,0.0,1150.47,0.0,0.0,0.0,0.0,11434.84,0.0,0.0,1732.15,1758.03,0.0,0.0,5167.03,7813.66,0.0,0.0,230.77,15132260.232670944
runs/CZ04/DMo&0&rDXGF&Ex&dxAC_equip/RB-dxAC_equip-spltAC-SEER-BA-rDXGF-NoLRM-AOE/instance-out.sql,CZ04,DMo,weighted,rDXGF,Ex,dxAC_equip,,RB-dxAC_equip-spltAC-SEER-BA-rDXGF-NoLRM-AOE,DMo&0&rDXGF&Ex&dxAC_equip,RB-dxAC_equip-spltAC-SEER-BA-rDXGF-NoLRM-AOE,60.86,108.74,42135.41,75281.24,42135.41,8817.9,3897.57,3129.96,0.0,12980.689999999999,0.0,2018.81,0.0,0.0,0.0,0.0,11290.48,0.0,0.0,0.0,3897.57,8817.9,0.0,5167.03,7813.66,0.0,0.0,230.77,23644431.900495254
runs/CZ04/DMo&0&rDXGF&Ex&dxAC_equip/RB-dxAC_equip-spltAC-SEER-BA-rDXGF-LRM-LSC-Correct-40%UC-AOE/instance-out.sql,CZ04,DMo,weighted,rDXGF,Ex,dxAC_equip,,RB-dxAC_equip-spltAC-SEER-BA-rDXGF-LRM-LSC-Correct-40%UC-AOE,DMo&0&rDXGF&Ex&dxAC_equip,RB-dxAC_equip-spltAC-SEER-BA-rDXGF-LRM-LSC-Correct-40%UC-AOE,56.84,96.02,39354.41,66473.82,39354.42,8817.9,1116.58,3129.96,0.0,12980.689999999999,0.0,2018.81,0.0,0.0,0.0,0.0,11290.48,0.0,0.0,0.0,1116.58,8817.9,0.0,5167.03,7813.66,0.0,0.0,230.77,13392184.235833328
runs/CZ04/DMo&0&rDXGF&Ex&dxAC_equip/RB-dxAC_equip-spltAC-SEER-BA-rDXGF-LRM-LSC-Correct-0%UC-AOE/instance-out.sql,CZ04,DMo,weighted,rDXGF,Ex,dxAC_equip,,RB-dxAC_equip-spltAC-SEER-BA-rDXGF-LRM-LSC-Correct-0%UC-AOE,DMo&0&rDXGF&Ex&dxAC_equip,RB-dxAC_equip-spltAC-SEER-BA-rDXGF-LRM-LSC-Correct-0%UC-AOE,60.33,107.05,41766.93,74114.26,41766.93,8817.9,3529.09,3129.96,0.0,12980.689999999999,0.0,2018.81,0.0,0.0,0.0,0.0,11290.48,0.0,0.0,0.0,3529.09,8817.9,0.0,5167.03,7813.66,0.0,0.0,230.77,22286009.08660861
runs/CZ04/DMo&0&rDXGF&Ex&dxAC_equip/RB-dxAC_equip-spltAC-SEER-BA-rDXGF-LRM-LSC-Correct-15%UC-AOE/instance-out.sql,CZ04,DMo,weighted,rDXGF,Ex,dxAC_equip,,RB-dxAC_equip-spltAC-SEER-BA-rDXGF-LRM-LSC-Correct-15%UC-AOE,DMo&0&rDXGF&Ex&dxAC_equip,RB-dxAC_equip-spltAC-SEER-BA-rDXGF-LRM-LSC-Correct-15%UC-AOE,59.36,103.97,41092.54,71978.46,41092.54,8817.9,2854.7,3129.96,0.0,12980.689999999999,0.0,2018.81,0.0,0.0,0.0,0.0,11290.48,0.0,0.0,0.0,2854.7,8817.9,0.0,5167.03,7813.66,0.0,0.0,230.77,19799839.026994504
runs/CZ03/DMo&0&rDXHP&Ex&dxHP_equip/RB-dxHP_equip-spltHP-SEER-BA-rDXHP-LRM-LSC-Correct-30%UC-AOE/instance-out.sql,CZ03,DMo,weighted,rDXHP,Ex,dxHP_equip,,RB-dxHP_equip-spltHP-SEER-BA-rDXHP-LRM-LSC-Correct-30%UC-AOE,DMo&0&rDXHP&Ex&dxHP_equip,RB-dxHP_equip-spltHP-SEER-BA-rDXHP-LRM-LSC-Correct-30%UC-AOE,45.21,85.26,31298.87,59028.92,31298.87,1697.12,905.79,3129.96,0.0,12980.689999999999,0.0,1150.47,0.0,0.0,0.0,0.0,11434.84,0.0,0.0,1697.12,905.79,0.0,0.0,5167.03,7813.66,0.0,0.0,230.77,11456653.346516395
runs/CZ04/DMo&0&rDXGF&Ex&dxAC_equip/RB-dxAC_equip-spltAC-SEER-BA-rDXGF-LRM-LSC-Correct-7.5%UC-AOE/instance-out.sql,CZ04,DMo,weighted,rDXGF,Ex,dxAC_equip,,RB-dxAC_equip-spltAC-SEER-BA-rDXGF-LRM-LSC-Correct-7.5%UC-AOE,DMo&0&rDXGF&Ex&dxAC_equip,RB-dxAC_equip-spltAC-SEER-BA-rDXGF-LRM-LSC-Correct-7.5%UC-AOE,60.11,106.35,41613.97,73629.85,41613.98,8817.9,3376.14,3129.96,0.0,12980.689999999999,0.0,2018.81,0.0,0.0,0.0,0.0,11290.48,0.0,0.0,0.0,3376.14,8817.9,0.0,5167.03,7813.66,0.0,0.0,230.77,21722135.463317387
runs/CZ04/DMo&0&rDXGF&Ex&dxAC_equip/RB-dxAC_equip-spltAC-SEER-BA-rDXGF-NoLRM-NR/instance-out.sql,CZ04,DMo,weighted,rDXGF,Ex,dxAC_equip,,RB-dxAC_equip-spltAC-SEER-BA-rDXGF-NoLRM-NR,DMo&0&rDXGF&Ex&dxAC_equip,RB-dxAC_equip-spltAC-SEER-BA-rDXGF-NoLRM-NR,60.31,107.0,41754.36,74074.46,41754.36,8817.9,3516.53,3129.96,0.0,12980.689999999999,0.0,2018.81,0.0,0.0,0.0,0.0,11290.48,0.0,0.0,0.0,3516.53,8817.9,0.0,5167.03,7813.66,0.0,0.0,230.77,22239685.410110813
runs/CZ04/DMo&0&rDXGF&Ex&dxAC_equip/RB-dxAC_equip-spltAC-SEER-BA-rDXGF-LRM-LSC-Correct-22.5%UC-AOE/instance-out.sql,CZ04,DMo,weighted,rDXGF,Ex,dxAC_equip,,RB-dxAC_equip-spltAC-SEER-BA-rDXGF-LRM-LSC-Correct-22.5%UC-AOE,DMo&0&rDXGF&Ex&dxAC_equip,RB-dxAC_equip-spltAC-SEER-BA-rDXGF-LRM-LSC-Correct-22.5%UC-AOE,58.6,101.58,40571.1,70327.07,40571.1,8817.9,2333.26,3129.96,0.0,12980.689999999999,0.0,2018.81,0.0,0.0,0.0,0.0,11290.48,0.0,0.0,0.0,2333.26,8817.9,0.0,5167.03,7813.66,0.0,0.0,230.77,17877542.589061216
runs/CZ04/DMo&0&rDXHP&Ex&dxHP_equip/RB-dxHP_equip-spltHP-SEER-BA-rDXHP-LRM-LSC-Correct-0%UC-AOE/instance-out.sql,CZ04,DMo,weighted,rDXHP,Ex,dxHP_equip,,RB-dxHP_equip-spltHP-SEER-BA-rDXHP-LRM-LSC-Correct-0%UC-AOE,DMo&0&rDXHP&Ex&dxHP_equip,RB-dxHP_equip-spltHP-SEER-BA-rDXHP-LRM-LSC-Correct-0%UC-AOE,53.02,110.48,36706.0,76487.65,36706.009999999995,3387.38,3531.56,3129.96,0.0,12980.689999999999,0.0,2402.09,0.0,0.0,0.0,0.0,11274.32,0.0,0.0,3387.38,3531.56,0.0,0.0,5167.03,7813.66,0.0,0.0,230.77,22286002.891088415
runs/CZ04/DMo&0&rDXHP&Ex&dxHP_equip/RB-dxHP_equip-spltHP-SEER-BA-rDXHP-LRM-LSC-Correct-15%UC-AOE/instance-out.sql,CZ04,DMo,weighted,rDXHP,Ex,dxHP_equip,,RB-dxHP_equip-spltHP-SEER-BA-rDXHP-LRM-LSC-Correct-15%UC-AOE,DMo&0&rDXHP&Ex&dxHP_equip,RB-dxHP_equip-spltHP-SEER-BA-rDXHP-LRM-LSC-Correct-15%UC-AOE,51.72,106.36,35804.86,73633.72,35804.86,3161.1,2856.7,3129.96,0.0,12980.689999999999,0.0,2402.09,0.0,0.0,0.0,0.0,11274.32,0.0,0.0,3161.1,2856.7,0.0,0.0,5167.03,7813.66,0.0,0.0,230.77,19799833.552908715
runs/CZ04/DMo&0&rDXHP&Ex&dxHP_equip/RB-dxHP_equip-spltHP-SEER-BA-rDXHP-LRM-LSC-Correct-0%UC-NR/instance-out.sql,CZ04,DMo,weighted,rDXHP,Ex,dxHP_equip,,RB-dxHP_equip-spltHP-SEER-BA-rDXHP-LRM-LSC-Correct-0%UC-NR,DMo&0&rDXHP&Ex&dxHP_equip,RB-dxHP_equip-spltHP-SEER-BA-rDXHP-LRM-LSC-Correct-0%UC-NR,51.63,106.07,35741.15,73431.98,35741.16,2767.8,3186.3,3129.96,0.0,12980.689999999999,0.0,2402.09,0.0,0.0,0.0,0.0,11274.32,0.0,0.0,2767.8,3186.3,0.0,0.0,5167.03,7813.66,0.0,0.0,230.77,21014063.468814097
runs/CZ04/DMo&0&rDXHP&Ex&dxHP_equip/RB-dxHP_equip-spltHP-SEER-BA-rDXHP-LRM-LSC-Correct-30%UC-AOE/instance-out.sql,CZ04,DMo,weighted,rDXHP,Ex,dxHP_equip,,RB-dxHP_equip-spltHP-SEER-BA-rDXHP-LRM-LSC-Correct-30%UC-AOE,DMo&0&rDXHP&Ex&dxHP_equip,RB-dxHP_equip-spltHP-SEER-BA-rDXHP-LRM-LSC-Correct-30%UC-AOE,49.7,99.98,34411.33,69220.43,34411.33,2811.18,1813.09,3129.96,0.0,12980.689999999999,0.0,2402.09,0.0,0.0,0.0,0.0,11274.32,0.0,0.0,2811.18,1813.09,0.0,0.0,5167.03,7813.66,0.0,0.0,230.77,15955241.793550443
runs/CZ04/DMo&0&rDXHP&Ex&dxHP_equip/RB-dxHP_equip-spltHP-SEER-BA-rDXHP-LRM-LSC-Correct-0%UC-NC/instance-out.sql,CZ04,DMo,weighted,rDXHP,Ex,dxHP_equip,,RB-dxHP_equip-spltHP-SEER-BA-rDXHP-LRM-LSC-Correct-0%UC-NC,DMo&0&rDXHP&Ex&dxHP_equip,RB-dxHP_equip-spltHP-SEER-BA-rDXHP-LRM-LSC-Correct-0%UC-NC,51.63,106.07,35741.15,73431.98,35741.16,2767.8,3186.3,3129.96,0.0,12980.689999999999,0.0,2402.09,0.0,0.0,0.0,0.0,11274.32,0.0,0.0,2767.8,3186.3,0.0,0.0,5167.03,7813.66,0.0,0.0,230.77,21014063.468814097
runs/CZ04/DMo&0&rDXHP&Ex&dxHP_equip/RB-dxHP_equip-spltHP-SEER-BA-rDXHP-NoLRM-AOE/instance-out.sql,CZ04,DMo,weighted,rDXHP,Ex,dxHP_equip,,RB-dxHP_equip-spltHP-SEER-BA-rDXHP-NoLRM-AOE,DMo&0&rDXHP&Ex&dxHP_equip,RB-dxHP_equip-spltHP-SEER-BA-rDXHP-NoLRM-AOE,53.73,112.73,37198.38,78047.02,37198.380000000005,3511.02,3900.3,3129.96,0.0,12980.689999999999,0.0,2402.09,0.0,0.0,0.0,0.0,11274.32,0.0,0.0,3511.02,3900.3,0.0,0.0,5167.03,7813.66,0.0,0.0,230.77,23644425.310789242
runs/CZ04/DMo&0&rDXHP&Ex&dxHP_equip/RB-dxHP_equip-spltHP-SEER-BA-rDXHP-NoLRM-NR/instance-out.sql,CZ04,DMo,weighted,rDXHP,Ex,dxHP_equip,,RB-dxHP_equip-spltHP-SEER-BA-rDXHP-NoLRM-NR,DMo&0&rDXHP&Ex&dxHP_equip,RB-dxHP_equip-spltHP-SEER-BA-rDXHP-NoLRM-NR,52.25,108.04,36172.08,74796.74,36172.09,2866.04,3518.99,3129.96,0.0,12980.689999999999,0.0,2402.09,0.0,0.0,0.0,0.0,11274.32,0.0,0.0,2866.04,3518.99,0.0,0.0,5167.03,7813.66,0.0,0.0,230.77,22239679.22803277
runs/CZ04/DMo&0&rDXHP&Ex&dxHP_equip/RB-dxHP_equip-spltHP-SEER-BA-rDXHP-NoLRM-NC/instance-out.sql,CZ04,DMo,weighted,rDXHP,Ex,dxHP_equip,,RB-dxHP_equip-spltHP-SEER-BA-rDXHP-NoLRM-NC,DMo&0&rDXHP&Ex&dxHP_equip,RB-dxHP_equip-spltHP-SEER-BA-rDXHP-NoLRM-NC,52.25,108.04,36172.08,74796.74,36172.09,2866.04,3518.99,3129.96,0.0,12980.689999999999,0.0,2402.09,0.0,0.0,0.0,0.0,11274.32,0.0,0.0,2866.04,3518.99,0.0,0.0,5167.03,7813.66,0.0,0.0,230.77,22239679.22803277
runs/CZ04/DMo&0&rDXHP&Ex&dxHP_equip/RB-dxHP_equip-spltHP-SEER-BA-rDXHP-LRM-LSC-Correct-22.5%UC-AOE/instance-out.sql,CZ04,DMo,weighted,rDXHP,Ex,dxHP_equip,,RB-dxHP_equip-spltHP-SEER-BA-rDXHP-LRM-LSC-Correct-22.5%UC-AOE,DMo&0&rDXHP&Ex&dxHP_equip,RB-dxHP_equip-spltHP-SEER-BA-rDXHP-LRM-LSC-Correct-22.5%UC-AOE,50.71,103.17,35108.09,71427.08,35108.100000000006,2986.14,2334.89,3129.96,0.0,12980.689999999999,0.0,2402.09,0.0,0.0,0.0,0.0,11274.32,0.0,0.0,2986.14,2334.89,0.0,0.0,5167.03,7813.66,0.0,0.0,230.77,17877537.67278553
runs/CZ05/DMo&0&rDXHP&Ex&dxHP_equip/RB-dxHP_equip-spltHP-SEER-BA-rDXHP-LRM-LSC-Correct-15%UC-AOE/instance-out.sql,CZ05,DMo,weighted,rDXHP,Ex,dxHP_equip,,RB-dxHP_equip-spltHP-SEER-BA-rDXHP-LRM-LSC-Correct-15%UC-AOE,DMo&0&rDXHP&Ex&dxHP_equip,RB-dxHP_equip-spltHP-SEER-BA-rDXHP-LRM-LSC-Correct-15%UC-AOE,46.32,88.77,32068.27,61457.16,32068.27,2056.87,1188.13,3129.96,0.0,12980.689999999999,0.0,1273.73,0.0,0.0,0.0,0.0,11438.89,0.0,0.0,2056.87,1188.13,0.0,0.0,5167.03,7813.66,0.0,0.0,230.77,12545972.77231062
runs/CZ05/DMo&0&rDXHP&Ex&dxHP_equip/RB-dxHP_equip-spltHP-SEER-BA-rDXHP-LRM-LSC-Correct-40%UC-AOE/instance-out.sql,CZ05,DMo,weighted,rDXHP,Ex,dxHP_equip,,RB-dxHP_equip-spltHP-SEER-BA-rDXHP-LRM-LSC-Correct-40%UC-AOE,DMo&0&rDXHP&Ex&dxHP_equip,RB-dxHP_equip-spltHP-SEER-BA-rDXHP-LRM-LSC-Correct-40%UC-AOE,44.71,83.66,30952.09,57922.22,30952.09,1664.1,464.72,3129.96,0.0,12980.689999999999,0.0,1273.73,0.0,0.0,0.0,0.0,11438.89,0.0,0.0,1664.1,464.72,0.0,0.0,5167.03,7813.66,0.0,0.0,230.77,9436996.66818432
runs/CZ04/DMo&0&rDXHP&Ex&dxHP_equip/RB-dxHP_equip-spltHP-SEER-BA-rDXHP-LRM-LSC-Correct-7.5%UC-AOE/instance-out.sql,CZ04,DMo,weighted,rDXHP,Ex,dxHP_equip,,RB-dxHP_equip-spltHP-SEER-BA-rDXHP-LRM-LSC-Correct-7.5%UC-AOE,DMo&0&rDXHP&Ex&dxHP_equip,RB-dxHP_equip-spltHP-SEER-BA-rDXHP-LRM-LSC-Correct-7.5%UC-AOE,52.72,109.55,36501.62,75840.37,36501.619999999995,3336.06,3378.5,3129.96,0.0,12980.689999999999,0.0,2402.09,0.0,0.0,0.0,0.0,11274.32,0.0,0.0,3336.06,3378.5,0.0,0.0,5167.03,7813.66,0.0,0.0,230.77,21722129.43142149
runs/CZ05/DMo&0&rDXGF&Ex&dxAC_equip/RB-dxAC_equip-spltAC-SEER-BA-rDXGF-LRM-LSC-Correct-15%UC-AOE/instance-out.sql,CZ05,DMo,weighted,rDXGF,Ex,dxAC_equip,,RB-dxAC_equip-spltAC-SEER-BA-rDXGF-LRM-LSC-Correct-15%UC-AOE,DMo&0&rDXGF&Ex&dxAC_equip,RB-dxAC_equip-spltAC-SEER-BA-rDXGF-LRM-LSC-Correct-15%UC-AOE,51.66,87.73,35768.37,60739.66,35768.369999999995,5960.48,1186.98,3129.96,0.0,12980.689999999999,0.0,1061.75,0.0,0.0,0.0,0.0,11448.51,0.0,0.0,0.0,1186.98,5960.48,0.0,5167.03,7813.66,0.0,0.0,230.77,12545971.75720573
runs/CZ04/DMo&0&rDXHP&Ex&dxHP_equip/RB-dxHP_equip-spltHP-SEER-BA-rDXHP-LRM-LSC-Correct-40%UC-AOE/instance-out.sql,CZ04,DMo,weighted,rDXHP,Ex,dxHP_equip,,RB-dxHP_equip-spltHP-SEER-BA-rDXHP-LRM-LSC-Correct-40%UC-AOE,DMo&0&rDXHP&Ex&dxHP_equip,RB-dxHP_equip-spltHP-SEER-BA-rDXHP-LRM-LSC-Correct-40%UC-AOE,48.36,95.73,33482.31,66278.23,33482.32,2577.9,1117.36,3129.96,0.0,12980.689999999999,0.0,2402.09,0.0,0.0,0.0,0.0,11274.32,0.0,0.0,2577.9,1117.36,0.0,0.0,5167.03,7813.66,0.0,0.0,230.77,13392180.621114567
runs/CZ05/DMo&0&rDXGF&Ex&dxAC_equip/RB-dxAC_equip-spltAC-SEER-BA-rDXGF-LRM-LSC-Correct-22.5%UC-AOE/instance-out.sql,CZ05,DMo,weighted,rDXGF,Ex,dxAC_equip,,RB-dxAC_equip-spltAC-SEER-BA-rDXGF-LRM-LSC-Correct-22.5%UC-AOE,DMo&0&rDXGF&Ex&dxAC_equip,RB-dxAC_equip-spltAC-SEER-BA-rDXGF-LRM-LSC-Correct-22.5%UC-AOE,51.35,86.74,35551.56,60053.01,35551.55,5960.48,970.17,3129.96,0.0,12980.689999999999,0.0,1061.75,0.0,0.0,0.0,0.0,11448.51,0.0,0.0,0.0,970.17,5960.48,0.0,5167.03,7813.66,0.0,0.0,230.77,11613279.113593705
runs/CZ05/DMo&0&rDXGF&Ex&dxAC_equip/RB-dxAC_equip-spltAC-SEER-BA-rDXGF-LRM-LSC-Correct-30%UC-AOE/instance-out.sql,CZ05,DMo,weighted,rDXGF,Ex,dxAC_equip,,RB-dxAC_equip-spltAC-SEER-BA-rDXGF-LRM-LSC-Correct-30%UC-AOE,DMo&0&rDXGF&Ex&dxAC_equip,RB-dxAC_equip-spltAC-SEER-BA-rDXGF-LRM-LSC-Correct-30%UC-AOE,51.04,85.75,35334.74,59366.37,35334.74,5960.48,753.36,3129.96,0.0,12980.689999999999,0.0,1061.75,0.0,0.0,0.0,0.0,11448.51,0.0,0.0,0.0,753.36,5960.48,0.0,5167.03,7813.66,0.0,0.0,230.77,10680586.470412582
runs/CZ05/DMo&0&rDXHP&Ex&dxHP_equip/RB-dxHP_equip-spltHP-SEER-BA-rDXHP-LRM-LSC-Correct-0%UC-NR/instance-out.sql,CZ05,DMo,weighted,rDXHP,Ex,dxHP_equip,,RB-dxHP_equip-spltHP-SEER-BA-rDXHP-LRM-LSC-Correct-0%UC-NR,DMo&0&rDXHP&Ex&dxHP_equip,RB-dxHP_equip-spltHP-SEER-BA-rDXHP-LRM-LSC-Correct-0%UC-NR,46.14,88.19,31940.48,61052.44,31940.48,1792.0,1325.21,3129.96,0.0,12980.689999999999,0.0,1273.73,0.0,0.0,0.0,0.0,11438.89,0.0,0.0,1792.0,1325.21,0.0,0.0,5167.03,7813.66,0.0,0.0,230.77,13135113.887419067
runs/CZ05/DMo&0&rDXGF&Ex&dxAC_equip/RB-dxAC_equip-spltAC-SEER-BA-rDXGF-LRM-LSC-Correct-0%UC-AOE/instance-out.sql,CZ05,DMo,weighted,rDXGF,Ex,dxAC_equip,,RB-dxAC_equip-spltAC-SEER-BA-rDXGF-LRM-LSC-Correct-0%UC-AOE,DMo&0&rDXGF&Ex&dxAC_equip,RB-dxAC_equip-spltAC-SEER-BA-rDXGF-LRM-LSC-Correct-0%UC-AOE,52.07,89.02,36048.78,61627.73,36048.78,5960.48,1467.4,3129.96,0.0,12980.689999999999,0.0,1061.75,0.0,0.0,0.0,0.0,11448.51,0.0,0.0,0.0,1467.4,5960.48,0.0,5167.03,7813.66,0.0,0.0,230.77,13752254.242889145
runs/CZ05/DMo&0&rDXHP&Ex&dxHP_equip/RB-dxHP_equip-spltHP-SEER-BA-rDXHP-NoLRM-NC/instance-out.sql,CZ05,DMo,weighted,rDXHP,Ex,dxHP_equip,,RB-dxHP_equip-spltHP-SEER-BA-rDXHP-NoLRM-NC,DMo&0&rDXHP&Ex&dxHP_equip,RB-dxHP_equip-spltHP-SEER-BA-rDXHP-NoLRM-NC,46.43,89.12,32145.01,61700.19,32145.01,1858.16,1463.58,3129.96,0.0,12980.689999999999,0.0,1273.73,0.0,0.0,0.0,0.0,11438.89,0.0,0.0,1858.16,1463.58,0.0,0.0,5167.03,7813.66,0.0,0.0,230.77,13729779.38332079
runs/CZ05/DMo&0&rDXGF&Ex&dxAC_equip/RB-dxAC_equip-spltAC-SEER-BA-rDXGF-LRM-LSC-Correct-40%UC-AOE/instance-out.sql,CZ05,DMo,weighted,rDXGF,Ex,dxAC_equip,,RB-dxAC_equip-spltAC-SEER-BA-rDXGF-LRM-LSC-Correct-40%UC-AOE,DMo&0&rDXGF&Ex&dxAC_equip,RB-dxAC_equip-spltAC-SEER-BA-rDXGF-LRM-LSC-Correct-40%UC-AOE,50.62,84.43,35045.66,58450.84,35045.66,5960.48,464.27,3129.96,0.0,12980.689999999999,0.0,1061.75,0.0,0.0,0.0,0.0,11448.51,0.0,0.0,0.0,464.27,5960.48,0.0,5167.03,7813.66,0.0,0.0,230.77,9436996.279445019
runs/CZ05/DMo&0&rDXHP&Ex&dxHP_equip/RB-dxHP_equip-spltHP-SEER-BA-rDXHP-LRM-LSC-Correct-0%UC-NC/instance-out.sql,CZ05,DMo,weighted,rDXHP,Ex,dxHP_equip,,RB-dxHP_equip-spltHP-SEER-BA-rDXHP-LRM-LSC-Correct-0%UC-NC,DMo&0&rDXHP&Ex&dxHP_equip,RB-dxHP_equip-spltHP-SEER-BA-rDXHP-LRM-LSC-Correct-0%UC-NC,46.14,88.19,31940.48,61052.44,31940.48,1792.0,1325.21,3129.96,0.0,12980.689999999999,0.0,1273.73,0.0,0.0,0.0,0.0,11438.89,0.0,0.0,1792.0,1325.21,0.0,0.0,5167.03,7813.66,0.0,0.0,230.77,13135113.887419067
runs/CZ05/DMo&0&rDXHP&Ex&dxHP_equip/RB-dxHP_equip-spltHP-SEER-BA-rDXHP-NoLRM-NR/instance-out.sql,CZ05,DMo,weighted,rDXHP,Ex,dxHP_equip,,RB-dxHP_equip-spltHP-SEER-BA-rDXHP-NoLRM-NR,DMo&0&rDXHP&Ex&dxHP_equip,RB-dxHP_equip-spltHP-SEER-BA-rDXHP-NoLRM-NR,46.43,89.12,32145.01,61700.19,32145.01,1858.16,1463.58,3129.96,0.0,12980.689999999999,0.0,1273.73,0.0,0.0,0.0,0.0,11438.89,0.0,0.0,1858.16,1463.58,0.0,0.0,5167.03,7813.66,0.0,0.0,230.77,13729779.38332079
runs/CZ05/DMo&0&rDXGF&Ex&dxAC_equip/RB-dxAC_equip-spltAC-SEER-BA-rDXGF-LRM-LSC-Correct-0%UC-NR/instance-out.sql,CZ05,DMo,weighted,rDXGF,Ex,dxAC_equip,,RB-dxAC_equip-spltAC-SEER-BA-rDXGF-LRM-LSC-Correct-0%UC-NR,DMo&0&rDXGF&Ex&dxAC_equip,RB-dxAC_equip-spltAC-SEER-BA-rDXGF-LRM-LSC-Correct-0%UC-NR,51.86,88.36,35905.32,61173.39,35905.32,5960.48,1323.93,3129.96,0.0,12980.689999999999,0.0,1061.75,0.0,0.0,0.0,0.0,11448.51,0.0,0.0,0.0,1323.93,5960.48,0.0,5167.03,7813.66,0.0,0.0,230.77,13135112.753619885
runs/CZ05/DMo&0&rDXHP&Ex&dxHP_equip/RB-dxHP_equip-spltHP-SEER-BA-rDXHP-LRM-LSC-Correct-7.5%UC-AOE/instance-out.sql,CZ05,DMo,weighted,rDXHP,Ex,dxHP_equip,,RB-dxHP_equip-spltHP-SEER-BA-rDXHP-LRM-LSC-Correct-7.5%UC-AOE,DMo&0&rDXHP&Ex&dxHP_equip,RB-dxHP_equip-spltHP-SEER-BA-rDXHP-LRM-LSC-Correct-7.5%UC-AOE,46.8,90.3,32403.13,62517.64,32403.13,2174.7,1405.15,3129.96,0.0,12980.689999999999,0.0,1273.73,0.0,0.0,0.0,0.0,11438.89,0.0,0.0,2174.7,1405.15,0.0,0.0,5167.03,7813.66,0.0,0.0,230.77,13478665.603050955
runs/CZ05/DMo&0&rDXHP&Ex&dxHP_equip/RB-dxHP_equip-spltHP-SEER-BA-rDXHP-LRM-LSC-Correct-30%UC-AOE/instance-out.sql,CZ05,DMo,weighted,rDXHP,Ex,dxHP_equip,,RB-dxHP_equip-spltHP-SEER-BA-rDXHP-LRM-LSC-Correct-30%UC-AOE,DMo&0&rDXHP&Ex&dxHP_equip,RB-dxHP_equip-spltHP-SEER-BA-rDXHP-LRM-LSC-Correct-30%UC-AOE,45.35,85.71,31398.56,59336.19,31398.57,1821.21,754.08,3129.96,0.0,12980.689999999999,0.0,1273.73,0.0,0.0,0.0,0.0,11438.89,0.0,0.0,1821.21,754.08,0.0,0.0,5167.03,7813.66,0.0,0.0,230.77,10680587.109698119
runs/CZ05/DMo&0&rDXGF&Ex&dxAC_equip/RB-dxAC_equip-spltAC-SEER-BA-rDXGF-NoLRM-NR/instance-out.sql,CZ05,DMo,weighted,rDXGF,Ex,dxAC_equip,,RB-dxAC_equip-spltAC-SEER-BA-rDXGF-NoLRM-NR,DMo&0&rDXGF&Ex&dxAC_equip,RB-dxAC_equip-spltAC-SEER-BA-rDXGF-NoLRM-NR,52.06,88.99,36043.56,61611.18,36043.55,5960.48,1462.17,3129.96,0.0,12980.689999999999,0.0,1061.75,0.0,0.0,0.0,0.0,11448.51,0.0,0.0,0.0,1462.17,5960.48,0.0,5167.03,7813.66,0.0,0.0,230.77,13729778.129714314
runs/CZ05/DMo&0&rDXHP&Ex&dxHP_equip/RB-dxHP_equip-spltHP-SEER-BA-rDXHP-LRM-LSC-Correct-0%UC-AOE/instance-out.sql,CZ05,DMo,weighted,rDXHP,Ex,dxHP_equip,,RB-dxHP_equip-spltHP-SEER-BA-rDXHP-LRM-LSC-Correct-0%UC-AOE,DMo&0&rDXHP&Ex&dxHP_equip,RB-dxHP_equip-spltHP-SEER-BA-rDXHP-LRM-LSC-Correct-0%UC-AOE,46.95,90.75,32501.35,62828.71,32501.35,2209.27,1468.81,3129.96,0.0,12980.689999999999,0.0,1273.73,0.0,0.0,0.0,0.0,11438.89,0.0,0.0,2209.27,1468.81,0.0,0.0,5167.03,7813.66,0.0,0.0,230.77,13752255.501023883
runs/CZ05/DMo&0&rDXGF&Ex&dxAC_equip/RB-dxAC_equip-spltAC-SEER-BA-rDXGF-LRM-LSC-Correct-7.5%UC-AOE/instance-out.sql,CZ05,DMo,weighted,rDXGF,Ex,dxAC_equip,,RB-dxAC_equip-spltAC-SEER-BA-rDXGF-LRM-LSC-Correct-7.5%UC-AOE,DMo&0&rDXGF&Ex&dxAC_equip,RB-dxAC_equip-spltAC-SEER-BA-rDXGF-LRM-LSC-Correct-7.5%UC-AOE,51.98,88.73,35985.18,61426.31,35985.18,5960.48,1403.8,3129.96,0.0,12980.689999999999,0.0,1061.75,0.0,0.0,0.0,0.0,11448.51,0.0,0.0,0.0,1403.8,5960.48,0.0,5167.03,7813.66,0.0,0.0,230.77,13478664.400036387
runs/CZ05/DMo&0&rDXGF&Ex&dxAC_equip/RB-dxAC_equip-spltAC-SEER-BA-rDXGF-NoLRM-AOE/instance-out.sql,CZ05,DMo,weighted,rDXGF,Ex,dxAC_equip,,RB-dxAC_equip-spltAC-SEER-BA-rDXGF-NoLRM-AOE,DMo&0&rDXGF&Ex&dxAC_equip,RB-dxAC_equip-spltAC-SEER-BA-rDXGF-NoLRM-AOE,52.29,89.72,36202.0,62112.96,36201.99,5960.48,1620.61,3129.96,0.0,12980.689999999999,0.0,1061.75,0.0,0.0,0.0,0.0,11448.51,0.0,0.0,0.0,1620.61,5960.48,0.0,5167.03,7813.66,0.0,0.0,230.77,14411357.04328188
runs/CZ06/DMo&0&rDXGF&Ex&dxAC_equip/RB-dxAC_equip-spltAC-SEER-BA-rDXGF-LRM-LSC-Correct-0%UC-NR/instance-out.sql,CZ06,DMo,weighted,rDXGF,Ex,dxAC_equip,,RB-dxAC_equip-spltAC-SEER-BA-rDXGF-LRM-LSC-Correct-0%UC-NR,DMo&0&rDXGF&Ex&dxAC_equip,RB-dxAC_equip-spltAC-SEER-BA-rDXGF-LRM-LSC-Correct-0%UC-NR,49.82,90.28,34489.19,62503.4,34489.2,3389.31,2277.4,3129.96,0.0,12980.689999999999,0.0,1483.76,0.0,0.0,0.0,0.0,11228.08,0.0,0.0,0.0,2277.4,3389.31,0.0,5167.03,7813.66,0.0,0.0,230.77,14181696.018259075
runs/CZ05/DMo&0&rDXHP&Ex&dxHP_equip/RB-dxHP_equip-spltHP-SEER-BA-rDXHP-LRM-LSC-Correct-22.5%UC-AOE/instance-out.sql,CZ05,DMo,weighted,rDXHP,Ex,dxHP_equip,,RB-dxHP_equip-spltHP-SEER-BA-rDXHP-LRM-LSC-Correct-22.5%UC-AOE,DMo&0&rDXHP&Ex&dxHP_equip,RB-dxHP_equip-spltHP-SEER-BA-rDXHP-LRM-LSC-Correct-22.5%UC-AOE,45.84,87.24,31733.42,60396.68,31733.420000000002,1939.04,971.11,3129.96,0.0,12980.689999999999,0.0,1273.73,0.0,0.0,0.0,0.0,11438.89,0.0,0.0,1939.04,971.11,0.0,0.0,5167.03,7813.66,0.0,0.0,230.77,11613279.94078892
runs/CZ06/DMo&0&rDXGF&Ex&dxAC_equip/RB-dxAC_equip-spltAC-SEER-BA-rDXGF-LRM-LSC-Correct-15%UC-AOE/instance-out.sql,CZ06,DMo,weighted,rDXGF,Ex,dxAC_equip,,RB-dxAC_equip-spltAC-SEER-BA-rDXGF-LRM-LSC-Correct-15%UC-AOE,DMo&0&rDXGF&Ex&dxAC_equip,RB-dxAC_equip-spltAC-SEER-BA-rDXGF-LRM-LSC-Correct-15%UC-AOE,49.48,89.2,34253.61,61757.32,34253.61,3389.31,2041.82,3129.96,0.0,12980.689999999999,0.0,1483.76,0.0,0.0,0.0,0.0,11228.08,0.0,0.0,0.0,2041.82,3389.31,0.0,5167.03,7813.66,0.0,0.0,230.77,13530115.91237087
runs/CZ05/DMo&0&rDXHP&Ex&dxHP_equip/RB-dxHP_equip-spltHP-SEER-BA-rDXHP-NoLRM-AOE/instance-out.sql,CZ05,DMo,weighted,rDXHP,Ex,dxHP_equip,,RB-dxHP_equip-spltHP-SEER-BA-rDXHP-NoLRM-AOE,DMo&0&rDXHP&Ex&dxHP_equip,RB-dxHP_equip-spltHP-SEER-BA-rDXHP-NoLRM-AOE,47.29,91.83,32737.98,63578.12,32737.98,2292.54,1622.17,3129.96,0.0,12980.689999999999,0.0,1273.73,0.0,0.0,0.0,0.0,11438.89,0.0,0.0,2292.54,1622.17,0.0,0.0,5167.03,7813.66,0.0,0.0,230.77,14411358.434206124
runs/CZ06/DMo&0&rDXGF&Ex&dxAC_equip/RB-dxAC_equip-spltAC-SEER-BA-rDXGF-NoLRM-NR/instance-out.sql,CZ06,DMo,weighted,rDXGF,Ex,dxAC_equip,,RB-dxAC_equip-spltAC-SEER-BA-rDXGF-NoLRM-NR,DMo&0&rDXGF&Ex&dxAC_equip,RB-dxAC_equip-spltAC-SEER-BA-rDXGF-NoLRM-NR,50.16,91.37,34726.98,63256.48,34726.979999999996,3389.31,2515.19,3129.96,0.0,12980.689999999999,0.0,1483.76,0.0,0.0,0.0,0.0,11228.08,0.0,0.0,0.0,2515.19,3389.31,0.0,5167.03,7813.66,0.0,0.0,230.77,14839385.995840047
runs/CZ06/DMo&0&rDXGF&Ex&dxAC_equip/RB-dxAC_equip-spltAC-SEER-BA-rDXGF-LRM-LSC-Correct-22.5%UC-AOE/instance-out.sql,CZ06,DMo,weighted,rDXGF,Ex,dxAC_equip,,RB-dxAC_equip-spltAC-SEER-BA-rDXGF-LRM-LSC-Correct-22.5%UC-AOE,DMo&0&rDXGF&Ex&dxAC_equip,RB-dxAC_equip-spltAC-SEER-BA-rDXGF-LRM-LSC-Correct-22.5%UC-AOE,48.94,87.5,33880.66,60576.16,33880.66,3389.31,1668.86,3129.96,0.0,12980.689999999999,0.0,1483.76,0.0,0.0,0.0,0.0,11228.08,0.0,0.0,0.0,1668.86,3389.31,0.0,5167.03,7813.66,0.0,0.0,230.77,12498573.420531355
runs/CZ06/DMo&0&rDXGF&Ex&dxAC_equip/RB-dxAC_equip-spltAC-SEER-BA-rDXGF-LRM-LSC-Correct-40%UC-AOE/instance-out.sql,CZ06,DMo,weighted,rDXGF,Ex,dxAC_equip,,RB-dxAC_equip-spltAC-SEER-BA-rDXGF-LRM-LSC-Correct-40%UC-AOE,DMo&0&rDXGF&Ex&dxAC_equip,RB-dxAC_equip-spltAC-SEER-BA-rDXGF-LRM-LSC-Correct-40%UC-AOE,47.68,83.52,33010.42,57820.13,33010.42,3389.31,798.63,3129.96,0.0,12980.689999999999,0.0,1483.76,0.0,0.0,0.0,0.0,11228.08,0.0,0.0,0.0,798.63,3389.31,0.0,5167.03,7813.66,0.0,0.0,230.77,10091640.940618789
runs/CZ06/DMo&0&rDXGF&Ex&dxAC_equip/RB-dxAC_equip-spltAC-SEER-BA-rDXGF-LRM-LSC-Correct-0%UC-AOE/instance-out.sql,CZ06,DMo,weighted,rDXGF,Ex,dxAC_equip,,RB-dxAC_equip-spltAC-SEER-BA-rDXGF-LRM-LSC-Correct-0%UC-AOE,DMo&0&rDXGF&Ex&dxAC_equip,RB-dxAC_equip-spltAC-SEER-BA-rDXGF-LRM-LSC-Correct-0%UC-AOE,50.17,91.41,34735.97,63284.95,34735.97,3389.31,2524.18,3129.96,0.0,12980.689999999999,0.0,1483.76,0.0,0.0,0.0,0.0,11228.08,0.0,0.0,0.0,2524.18,3389.31,0.0,5167.03,7813.66,0.0,0.0,230.77,14864244.20175603
runs/CZ06/DMo&0&rDXHP&Ex&dxHP_equip/RB-dxHP_equip-spltHP-SEER-BA-rDXHP-LRM-LSC-Correct-0%UC-NR/instance-out.sql,CZ06,DMo,weighted,rDXHP,Ex,dxHP_equip,,RB-dxHP_equip-spltHP-SEER-BA-rDXHP-LRM-LSC-Correct-0%UC-NR,DMo&0&rDXHP&Ex&dxHP_equip,RB-dxHP_equip-spltHP-SEER-BA-rDXHP-LRM-LSC-Correct-0%UC-NR,46.47,89.9,32172.74,62235.88,32172.74,959.64,2278.91,3129.96,0.0,12980.689999999999,0.0,1599.66,0.0,0.0,0.0,0.0,11223.88,0.0,0.0,959.64,2278.91,0.0,0.0,5167.03,7813.66,0.0,0.0,230.77,14181691.698606003
runs/CZ06/DMo&0&rDXHP&Ex&dxHP_equip/RB-dxHP_equip-spltHP-SEER-BA-rDXHP-NoLRM-AOE/instance-out.sql,CZ06,DMo,weighted,rDXHP,Ex,dxHP_equip,,RB-dxHP_equip-spltHP-SEER-BA-rDXHP-NoLRM-AOE,DMo&0&rDXHP&Ex&dxHP_equip,RB-dxHP_equip-spltHP-SEER-BA-rDXHP-NoLRM-AOE,47.63,93.56,32974.89,64776.3,32974.9,1251.12,2789.58,3129.96,0.0,12980.689999999999,0.0,1599.66,0.0,0.0,0.0,0.0,11223.88,0.0,0.0,1251.12,2789.58,0.0,0.0,5167.03,7813.66,0.0,0.0,230.77,15593196.021109631
runs/CZ06/DMo&0&rDXHP&Ex&dxHP_equip/RB-dxHP_equip-spltHP-SEER-BA-rDXHP-LRM-LSC-Correct-0%UC-NC/instance-out.sql,CZ06,DMo,weighted,rDXHP,Ex,dxHP_equip,,RB-dxHP_equip-spltHP-SEER-BA-rDXHP-LRM-LSC-Correct-0%UC-NC,DMo&0&rDXHP&Ex&dxHP_equip,RB-dxHP_equip-spltHP-SEER-BA-rDXHP-LRM-LSC-Correct-0%UC-NC,46.47,89.9,32172.74,62235.88,32172.74,959.64,2278.91,3129.96,0.0,12980.689999999999,0.0,1599.66,0.0,0.0,0.0,0.0,11223.88,0.0,0.0,959.64,2278.91,0.0,0.0,5167.03,7813.66,0.0,0.0,230.77,14181691.698606003
runs/CZ07/DMo&0&rDXGF&Ex&dxAC_equip/RB-dxAC_equip-spltAC-SEER-BA-rDXGF-LRM-LSC-Correct-0%UC-NR/instance-out.sql,CZ07,DMo,weighted,rDXGF,Ex,dxAC_equip,,RB-dxAC_equip-spltAC-SEER-BA-rDXGF-LRM-LSC-Correct-0%UC-NR,DMo&0&rDXGF&Ex&dxAC_equip,RB-dxAC_equip-spltAC-SEER-BA-rDXGF-LRM-LSC-Correct-0%UC-NR,48.31,86.84,33442.71,60123.56,33442.72,2972.17,1921.92,3129.96,0.0,12980.689999999999,0.0,1241.32,0.0,0.0,0.0,0.0,11196.66,0.0,0.0,0.0,1921.92,2972.17,0.0,5167.03,7813.66,0.0,1.17,230.77,15150326.408730647
runs/CZ06/DMo&0&rDXGF&Ex&dxAC_equip/RB-dxAC_equip-spltAC-SEER-BA-rDXGF-LRM-LSC-Correct-30%UC-AOE/instance-out.sql,CZ06,DMo,weighted,rDXGF,Ex,dxAC_equip,,RB-dxAC_equip-spltAC-SEER-BA-rDXGF-LRM-LSC-Correct-30%UC-AOE,DMo&0&rDXGF&Ex&dxAC_equip,RB-dxAC_equip-spltAC-SEER-BA-rDXGF-LRM-LSC-Correct-30%UC-AOE,48.4,85.79,33507.7,59395.01,33507.7,3389.31,1295.91,3129.96,0.0,12980.689999999999,0.0,1483.76,0.0,0.0,0.0,0.0,11228.08,0.0,0.0,0.0,1295.91,3389.31,0.0,5167.03,7813.66,0.0,0.0,230.77,11467030.92916841
runs/CZ06/DMo&0&rDXGF&Ex&dxAC_equip/RB-dxAC_equip-spltAC-SEER-BA-rDXGF-LRM-LSC-Correct-7.5%UC-AOE/instance-out.sql,CZ06,DMo,weighted,rDXGF,Ex,dxAC_equip,,RB-dxAC_equip-spltAC-SEER-BA-rDXGF-LRM-LSC-Correct-7.5%UC-AOE,DMo&0&rDXGF&Ex&dxAC_equip,RB-dxAC_equip-spltAC-SEER-BA-rDXGF-LRM-LSC-Correct-7.5%UC-AOE,50.02,90.91,34626.57,62938.47,34626.57,3389.31,2414.78,3129.96,0.0,12980.689999999999,0.0,1483.76,0.0,0.0,0.0,0.0,11228.08,0.0,0.0,0.0,2414.78,3389.31,0.0,5167.03,7813.66,0.0,0.0,230.77,14561658.403346207
runs/CZ06/DMo&0&rDXHP&Ex&dxHP_equip/RB-dxHP_equip-spltHP-SEER-BA-rDXHP-LRM-LSC-Correct-0%UC-AOE/instance-out.sql,CZ06,DMo,weighted,rDXHP,Ex,dxHP_equip,,RB-dxHP_equip-spltHP-SEER-BA-rDXHP-LRM-LSC-Correct-0%UC-AOE,DMo&0&rDXHP&Ex&dxHP_equip,RB-dxHP_equip-spltHP-SEER-BA-rDXHP-LRM-LSC-Correct-0%UC-AOE,47.18,92.14,32662.67,63787.5,32662.68,1202.63,2525.85,3129.96,0.0,12980.689999999999,0.0,1599.66,0.0,0.0,0.0,0.0,11223.88,0.0,0.0,1202.63,2525.85,0.0,0.0,5167.03,7813.66,0.0,0.0,230.77,14864239.61420184
runs/CZ06/DMo&0&rDXHP&Ex&dxHP_equip/RB-dxHP_equip-spltHP-SEER-BA-rDXHP-LRM-LSC-Correct-15%UC-AOE/instance-out.sql,CZ06,DMo,weighted,rDXHP,Ex,dxHP_equip,,RB-dxHP_equip-spltHP-SEER-BA-rDXHP-LRM-LSC-Correct-15%UC-AOE,DMo&0&rDXHP&Ex&dxHP_equip,RB-dxHP_equip-spltHP-SEER-BA-rDXHP-LRM-LSC-Correct-15%UC-AOE,46.35,89.52,32091.25,61977.8,32091.25,1113.89,2043.17,3129.96,0.0,12980.689999999999,0.0,1599.66,0.0,0.0,0.0,0.0,11223.88,0.0,0.0,1113.89,2043.17,0.0,0.0,5167.03,7813.66,0.0,0.0,230.77,13530111.848463902
runs/CZ06/DMo&0&rDXHP&Ex&dxHP_equip/RB-dxHP_equip-spltHP-SEER-BA-rDXHP-NoLRM-NR/instance-out.sql,CZ06,DMo,weighted,rDXHP,Ex,dxHP_equip,,RB-dxHP_equip-spltHP-SEER-BA-rDXHP-NoLRM-NR,DMo&0&rDXHP&Ex&dxHP_equip,RB-dxHP_equip-spltHP-SEER-BA-rDXHP-NoLRM-NR,46.87,91.16,32449.22,63111.48,32449.22,998.17,2516.86,3129.96,0.0,12980.689999999999,0.0,1599.66,0.0,0.0,0.0,0.0,11223.88,0.0,0.0,998.17,2516.86,0.0,0.0,5167.03,7813.66,0.0,0.0,230.77,14839381.418042738
runs/CZ06/DMo&0&rDXHP&Ex&dxHP_equip/RB-dxHP_equip-spltHP-SEER-BA-rDXHP-NoLRM-NC/instance-out.sql,CZ06,DMo,weighted,rDXHP,Ex,dxHP_equip,,RB-dxHP_equip-spltHP-SEER-BA-rDXHP-NoLRM-NC,DMo&0&rDXHP&Ex&dxHP_equip,RB-dxHP_equip-spltHP-SEER-BA-rDXHP-NoLRM-NC,46.87,91.16,32449.22,63111.48,32449.22,998.17,2516.86,3129.96,0.0,12980.689999999999,0.0,1599.66,0.0,0.0,0.0,0.0,11223.88,0.0,0.0,998.17,2516.86,0.0,0.0,5167.03,7813.66,0.0,0.0,230.77,14839381.418042738
runs/CZ07/DMo&0&rDXGF&Ex&dxAC_equip/RB-dxAC_equip-spltAC-SEER-BA-rDXGF-NoLRM-NR/instance-out.sql,CZ07,DMo,weighted,rDXGF,Ex,dxAC_equip,,RB-dxAC_equip-spltAC-SEER-BA-rDXGF-NoLRM-NR,DMo&0&rDXGF&Ex&dxAC_equip,RB-dxAC_equip-spltAC-SEER-BA-rDXGF-NoLRM-NR,48.6,87.76,33643.39,60759.09,33643.39,2972.17,2122.6,3129.96,0.0,12980.689999999999,0.0,1241.32,0.0,0.0,0.0,0.0,11196.66,0.0,0.0,0.0,2122.6,2972.17,0.0,5167.03,7813.66,0.0,1.17,230.77,15875243.88919577
runs/CZ06/DMo&0&rDXHP&Ex&dxHP_equip/RB-dxHP_equip-spltHP-SEER-BA-rDXHP-LRM-LSC-Correct-22.5%UC-AOE/instance-out.sql,CZ06,DMo,weighted,rDXHP,Ex,dxHP_equip,,RB-dxHP_equip-spltHP-SEER-BA-rDXHP-LRM-LSC-Correct-22.5%UC-AOE,DMo&0&rDXHP&Ex&dxHP_equip,RB-dxHP_equip-spltHP-SEER-BA-rDXHP-LRM-LSC-Correct-22.5%UC-AOE,45.72,87.5,31649.43,60578.55,31649.43,1045.27,1669.97,3129.96,0.0,12980.689999999999,0.0,1599.66,0.0,0.0,0.0,0.0,11223.88,0.0,0.0,1045.27,1669.97,0.0,0.0,5167.03,7813.66,0.0,0.0,230.77,12498569.76150626
runs/CZ07/DMo&0&rDXHP&Ex&dxHP_equip/RB-dxHP_equip-spltHP-SEER-BA-rDXHP-LRM-LSC-Correct-0%UC-NC/instance-out.sql,CZ07,DMo,weighted,rDXHP,Ex,dxHP_equip,,RB-dxHP_equip-spltHP-SEER-BA-rDXHP-LRM-LSC-Correct-0%UC-NC,DMo&0&rDXHP&Ex&dxHP_equip,RB-dxHP_equip-spltHP-SEER-BA-rDXHP-LRM-LSC-Correct-0%UC-NC,45.38,86.53,31415.68,59904.2,31415.68,844.11,1923.82,3129.96,0.0,12980.689999999999,0.0,1344.88,0.0,0.0,0.0,0.0,11192.22,0.0,0.0,844.11,1923.82,0.0,0.0,5167.03,7813.66,0.0,1.17,230.77,15150319.626033984
runs/CZ07/DMo&0&rDXGF&Ex&dxAC_equip/RB-dxAC_equip-spltAC-SEER-BA-rDXGF-LRM-LSC-Correct-40%UC-AOE/instance-out.sql,CZ07,DMo,weighted,rDXGF,Ex,dxAC_equip,,RB-dxAC_equip-spltAC-SEER-BA-rDXGF-LRM-LSC-Correct-40%UC-AOE,DMo&0&rDXGF&Ex&dxAC_equip,RB-dxAC_equip-spltAC-SEER-BA-rDXGF-LRM-LSC-Correct-40%UC-AOE,46.5,81.14,32194.76,56171.3,32194.77,2972.17,673.97,3129.96,0.0,12980.689999999999,0.0,1241.32,0.0,0.0,0.0,0.0,11196.66,0.0,0.0,0.0,673.97,2972.17,0.0,5167.03,7813.66,0.0,1.17,230.77,10642195.643606493
runs/CZ07/DMo&0&rDXGF&Ex&dxAC_equip/RB-dxAC_equip-spltAC-SEER-BA-rDXGF-LRM-LSC-Correct-15%UC-AOE/instance-out.sql,CZ07,DMo,weighted,rDXGF,Ex,dxAC_equip,,RB-dxAC_equip-spltAC-SEER-BA-rDXGF-LRM-LSC-Correct-15%UC-AOE,DMo&0&rDXGF&Ex&dxAC_equip,RB-dxAC_equip-spltAC-SEER-BA-rDXGF-LRM-LSC-Correct-15%UC-AOE,48.02,85.93,33243.9,59493.93,33243.91,2972.17,1723.11,3129.96,0.0,12980.689999999999,0.0,1241.32,0.0,0.0,0.0,0.0,11196.66,0.0,0.0,0.0,1723.11,2972.17,0.0,5167.03,7813.66,0.0,1.17,230.77,14432143.336488947
runs/CZ06/DMo&0&rDXGF&Ex&dxAC_equip/RB-dxAC_equip-spltAC-SEER-BA-rDXGF-NoLRM-AOE/instance-out.sql,CZ06,DMo,weighted,rDXGF,Ex,dxAC_equip,,RB-dxAC_equip-spltAC-SEER-BA-rDXGF-NoLRM-AOE,DMo&0&rDXGF&Ex&dxAC_equip,RB-dxAC_equip-spltAC-SEER-BA-rDXGF-NoLRM-AOE,50.55,92.62,34999.53,64119.63,34999.53,3389.31,2787.73,3129.96,0.0,12980.689999999999,0.0,1483.76,0.0,0.0,0.0,0.0,11228.08,0.0,0.0,0.0,2787.73,3389.31,0.0,5167.03,7813.66,0.0,0.0,230.77,15593200.89478034
runs/CZ06/DMo&0&rDXHP&Ex&dxHP_equip/RB-dxHP_equip-spltHP-SEER-BA-rDXHP-LRM-LSC-Correct-40%UC-AOE/instance-out.sql,CZ06,DMo,weighted,rDXHP,Ex,dxHP_equip,,RB-dxHP_equip-spltHP-SEER-BA-rDXHP-LRM-LSC-Correct-40%UC-AOE,DMo&0&rDXHP&Ex&dxHP_equip,RB-dxHP_equip-spltHP-SEER-BA-rDXHP-LRM-LSC-Correct-40%UC-AOE,44.23,82.79,30618.51,57313.64,30618.510000000002,885.16,799.16,3129.96,0.0,12980.689999999999,0.0,1599.66,0.0,0.0,0.0,0.0,11223.88,0.0,0.0,885.16,799.16,0.0,0.0,5167.03,7813.66,0.0,0.0,230.77,10091638.226318058
runs/CZ07/DMo&0&rDXGF&Ex&dxAC_equip/RB-dxAC_equip-spltAC-SEER-BA-rDXGF-LRM-LSC-Correct-7.5%UC-AOE/instance-out.sql,CZ07,DMo,weighted,rDXGF,Ex,dxAC_equip,,RB-dxAC_equip-spltAC-SEER-BA-rDXGF-LRM-LSC-Correct-7.5%UC-AOE,DMo&0&rDXGF&Ex&dxAC_equip,RB-dxAC_equip-spltAC-SEER-BA-rDXGF-LRM-LSC-Correct-7.5%UC-AOE,48.47,87.37,33558.65,60490.72,33558.65,2972.17,2037.86,3129.96,0.0,12980.689999999999,0.0,1241.32,0.0,0.0,0.0,0.0,11196.66,0.0,0.0,0.0,2037.86,2972.17,0.0,5167.03,7813.66,0.0,1.17,230.77,15569127.643747143
runs/CZ07/DMo&0&rDXGF&Ex&dxAC_equip/RB-dxAC_equip-spltAC-SEER-BA-rDXGF-NoLRM-AOE/instance-out.sql,CZ07,DMo,weighted,rDXGF,Ex,dxAC_equip,,RB-dxAC_equip-spltAC-SEER-BA-rDXGF-NoLRM-AOE,DMo&0&rDXGF&Ex&dxAC_equip,RB-dxAC_equip-spltAC-SEER-BA-rDXGF-NoLRM-AOE,48.93,88.81,33873.39,61487.51,33873.39,2972.17,2352.6,3129.96,0.0,12980.689999999999,0.0,1241.32,0.0,0.0,0.0,0.0,11196.66,0.0,0.0,0.0,2352.6,2972.17,0.0,5167.03,7813.66,0.0,1.17,230.77,16706111.951511038
runs/CZ06/DMo&0&rDXHP&Ex&dxHP_equip/RB-dxHP_equip-spltHP-SEER-BA-rDXHP-LRM-LSC-Correct-30%UC-AOE/instance-out.sql,CZ06,DMo,weighted,rDXHP,Ex,dxHP_equip,,RB-dxHP_equip-spltHP-SEER-BA-rDXHP-LRM-LSC-Correct-30%UC-AOE,DMo&0&rDXHP&Ex&dxHP_equip,RB-dxHP_equip-spltHP-SEER-BA-rDXHP-LRM-LSC-Correct-30%UC-AOE,45.08,85.48,31207.61,59179.3,31207.61,976.65,1296.76,3129.96,0.0,12980.689999999999,0.0,1599.66,0.0,0.0,0.0,0.0,11223.88,0.0,0.0,976.65,1296.76,0.0,0.0,5167.03,7813.66,0.0,0.0,230.77,11467027.675025184
runs/CZ06/DMo&0&rDXHP&Ex&dxHP_equip/RB-dxHP_equip-spltHP-SEER-BA-rDXHP-LRM-LSC-Correct-7.5%UC-AOE/instance-out.sql,CZ06,DMo,weighted,rDXHP,Ex,dxHP_equip,,RB-dxHP_equip-spltHP-SEER-BA-rDXHP-LRM-LSC-Correct-7.5%UC-AOE,DMo&0&rDXHP&Ex&dxHP_equip,RB-dxHP_equip-spltHP-SEER-BA-rDXHP-LRM-LSC-Correct-7.5%UC-AOE,46.99,91.54,32533.07,63377.05,32533.07,1182.51,2416.38,3129.96,0.0,12980.689999999999,0.0,1599.66,0.0,0.0,0.0,0.0,11223.88,0.0,0.0,1182.51,2416.38,0.0,0.0,5167.03,7813.66,0.0,0.0,230.77,14561653.934557367
runs/CZ07/DMo&0&rDXGF&Ex&dxAC_equip/RB-dxAC_equip-spltAC-SEER-BA-rDXGF-LRM-LSC-Correct-30%UC-AOE/instance-out.sql,CZ07,DMo,weighted,rDXGF,Ex,dxAC_equip,,RB-dxAC_equip-spltAC-SEER-BA-rDXGF-LRM-LSC-Correct-30%UC-AOE,DMo&0&rDXGF&Ex&dxAC_equip,RB-dxAC_equip-spltAC-SEER-BA-rDXGF-LRM-LSC-Correct-30%UC-AOE,47.11,83.06,32614.42,57500.35,32614.420000000002,2972.17,1093.63,3129.96,0.0,12980.689999999999,0.0,1241.32,0.0,0.0,0.0,0.0,11196.66,0.0,0.0,0.0,1093.63,2972.17,0.0,5167.03,7813.66,0.0,1.17,230.77,12158174.720592806
runs/CZ07/DMo&0&rDXHP&Ex&dxHP_equip/RB-dxHP_equip-spltHP-SEER-BA-rDXHP-LRM-LSC-Correct-0%UC-NR/instance-out.sql,CZ07,DMo,weighted,rDXHP,Ex,dxHP_equip,,RB-dxHP_equip-spltHP-SEER-BA-rDXHP-LRM-LSC-Correct-0%UC-NR,DMo&0&rDXHP&Ex&dxHP_equip,RB-dxHP_equip-spltHP-SEER-BA-rDXHP-LRM-LSC-Correct-0%UC-NR,45.38,86.53,31415.68,59904.2,31415.68,844.11,1923.82,3129.96,0.0,12980.689999999999,0.0,1344.88,0.0,0.0,0.0,0.0,11192.22,0.0,0.0,844.11,1923.82,0.0,0.0,5167.03,7813.66,0.0,1.17,230.77,15150319.626033984
runs/CZ07/DMo&0&rDXGF&Ex&dxAC_equip/RB-dxAC_equip-spltAC-SEER-BA-rDXGF-LRM-LSC-Correct-0%UC-AOE/instance-out.sql,CZ07,DMo,weighted,rDXGF,Ex,dxAC_equip,,RB-dxAC_equip-spltAC-SEER-BA-rDXGF-LRM-LSC-Correct-0%UC-AOE,DMo&0&rDXGF&Ex&dxAC_equip,RB-dxAC_equip-spltAC-SEER-BA-rDXGF-LRM-LSC-Correct-0%UC-AOE,48.61,87.8,33650.97,60783.11,33650.979999999996,2972.17,2130.18,3129.96,0.0,12980.689999999999,0.0,1241.32,0.0,0.0,0.0,0.0,11196.66,0.0,0.0,0.0,2130.18,2972.17,0.0,5167.03,7813.66,0.0,1.17,230.77,15902643.041707989
runs/CZ07/DMo&0&rDXHP&Ex&dxHP_equip/RB-dxHP_equip-spltHP-SEER-BA-rDXHP-LRM-LSC-Correct-22.5%UC-AOE/instance-out.sql,CZ07,DMo,weighted,rDXHP,Ex,dxHP_equip,,RB-dxHP_equip-spltHP-SEER-BA-rDXHP-LRM-LSC-Correct-22.5%UC-AOE,DMo&0&rDXHP&Ex&dxHP_equip,RB-dxHP_equip-spltHP-SEER-BA-rDXHP-LRM-LSC-Correct-22.5%UC-AOE,44.74,84.52,30977.04,58515.05,30977.04,919.54,1409.76,3129.96,0.0,12980.689999999999,0.0,1344.88,0.0,0.0,0.0,0.0,11192.22,0.0,0.0,919.54,1409.76,0.0,0.0,5167.03,7813.66,0.0,1.17,230.77,13295153.819493115
runs/CZ07/DMo&0&rDXHP&Ex&dxHP_equip/RB-dxHP_equip-spltHP-SEER-BA-rDXHP-LRM-LSC-Correct-15%UC-AOE/instance-out.sql,CZ07,DMo,weighted,rDXHP,Ex,dxHP_equip,,RB-dxHP_equip-spltHP-SEER-BA-rDXHP-LRM-LSC-Correct-15%UC-AOE,DMo&0&rDXHP&Ex&dxHP_equip,RB-dxHP_equip-spltHP-SEER-BA-rDXHP-LRM-LSC-Correct-15%UC-AOE,45.29,86.24,31352.53,59704.23,31352.530000000002,979.98,1724.81,3129.96,0.0,12980.689999999999,0.0,1344.88,0.0,0.0,0.0,0.0,11192.22,0.0,0.0,979.98,1724.81,0.0,0.0,5167.03,7813.66,0.0,1.17,230.77,14432137.163093977
runs/CZ07/DMo&0&rDXHP&Ex&dxHP_equip/RB-dxHP_equip-spltHP-SEER-BA-rDXHP-LRM-LSC-Correct-30%UC-AOE/instance-out.sql,CZ07,DMo,weighted,rDXHP,Ex,dxHP_equip,,RB-dxHP_equip-spltHP-SEER-BA-rDXHP-LRM-LSC-Correct-30%UC-AOE,DMo&0&rDXHP&Ex&dxHP_equip,RB-dxHP_equip-spltHP-SEER-BA-rDXHP-LRM-LSC-Correct-30%UC-AOE,44.2,82.8,30601.55,57325.86,30601.55,859.1,1094.71,3129.96,0.0,12980.689999999999,0.0,1344.88,0.0,0.0,0.0,0.0,11192.22,0.0,0.0,859.1,1094.71,0.0,0.0,5167.03,7813.66,0.0,1.17,230.77,12158170.476417534
runs/CZ07/DMo&0&rDXGF&Ex&dxAC_equip/RB-dxAC_equip-spltAC-SEER-BA-rDXGF-LRM-LSC-Correct-22.5%UC-AOE/instance-out.sql,CZ07,DMo,weighted,rDXGF,Ex,dxAC_equip,,RB-dxAC_equip-spltAC-SEER-BA-rDXGF-LRM-LSC-Correct-22.5%UC-AOE,DMo&0&rDXGF&Ex&dxAC_equip,RB-dxAC_equip-spltAC-SEER-BA-rDXGF-LRM-LSC-Correct-22.5%UC-AOE,47.56,84.5,32929.16,58497.14,32929.17,2972.17,1408.37,3129.96,0.0,12980.689999999999,0.0,1241.32,0.0,0.0,0.0,0.0,11196.66,0.0,0.0,0.0,1408.37,2972.17,0.0,5167.03,7813.66,0.0,1.17,230.77,13295159.028278235
runs/CZ07/DMo&0&rDXHP&Ex&dxHP_equip/RB-dxHP_equip-spltHP-SEER-BA-rDXHP-NoLRM-AOE/instance-out.sql,CZ07,DMo,weighted,rDXHP,Ex,dxHP_equip,,RB-dxHP_equip-spltHP-SEER-BA-rDXHP-NoLRM-AOE,DMo&0&rDXHP&Ex&dxHP_equip,RB-dxHP_equip-spltHP-SEER-BA-rDXHP-NoLRM-AOE,46.37,89.67,32103.52,62082.59,32103.52,1100.85,2354.92,3129.96,0.0,12980.689999999999,0.0,1344.88,0.0,0.0,0.0,0.0,11192.22,0.0,0.0,1100.85,2354.92,0.0,0.0,5167.03,7813.66,0.0,1.17,230.77,16706103.848896375
runs/CZ08/DMo&0&rDXGF&Ex&dxAC_equip/RB-dxAC_equip-spltAC-SEER-BA-rDXGF-LRM-LSC-Correct-22.5%UC-AOE/instance-out.sql,CZ08,DMo,weighted,rDXGF,Ex,dxAC_equip,,RB-dxAC_equip-spltAC-SEER-BA-rDXGF-LRM-LSC-Correct-22.5%UC-AOE,DMo&0&rDXGF&Ex&dxAC_equip,RB-dxAC_equip-spltAC-SEER-BA-rDXGF-LRM-LSC-Correct-22.5%UC-AOE,50.81,94.95,35173.16,65736.14,35173.16,2951.34,2742.52,3129.96,0.0,12980.689999999999,0.0,2214.66,0.0,0.0,0.0,0.0,11153.99,0.0,0.0,0.0,2742.52,2951.34,0.0,5167.03,7813.66,0.0,4.33,230.77,18925675.79048438
runs/CZ08/DMo&0&rDXGF&Ex&dxAC_equip/RB-dxAC_equip-spltAC-SEER-BA-rDXGF-LRM-LSC-Correct-7.5%UC-AOE/instance-out.sql,CZ08,DMo,weighted,rDXGF,Ex,dxAC_equip,,RB-dxAC_equip-spltAC-SEER-BA-rDXGF-LRM-LSC-Correct-7.5%UC-AOE,DMo&0&rDXGF&Ex&dxAC_equip,RB-dxAC_equip-spltAC-SEER-BA-rDXGF-LRM-LSC-Correct-7.5%UC-AOE,52.58,100.56,36398.95,69618.24,36398.96000000001,2951.34,3968.31,3129.96,0.0,12980.689999999999,0.0,2214.66,0.0,0.0,0.0,0.0,11153.99,0.0,0.0,0.0,3968.31,2951.34,0.0,5167.03,7813.66,0.0,4.33,230.77,23226520.952251732
runs/CZ07/DMo&0&rDXHP&Ex&dxHP_equip/RB-dxHP_equip-spltHP-SEER-BA-rDXHP-LRM-LSC-Correct-40%UC-AOE/instance-out.sql,CZ07,DMo,weighted,rDXHP,Ex,dxHP_equip,,RB-dxHP_equip-spltHP-SEER-BA-rDXHP-LRM-LSC-Correct-40%UC-AOE,DMo&0&rDXHP&Ex&dxHP_equip,RB-dxHP_equip-spltHP-SEER-BA-rDXHP-LRM-LSC-Correct-40%UC-AOE,43.48,80.51,30100.9,55740.29,30100.890000000003,778.51,674.64,3129.96,0.0,12980.689999999999,0.0,1344.88,0.0,0.0,0.0,0.0,11192.22,0.0,0.0,778.51,674.64,0.0,0.0,5167.03,7813.66,0.0,1.17,230.77,10642192.685577685
runs/CZ07/DMo&0&rDXHP&Ex&dxHP_equip/RB-dxHP_equip-spltHP-SEER-BA-rDXHP-LRM-LSC-Correct-0%UC-AOE/instance-out.sql,CZ07,DMo,weighted,rDXHP,Ex,dxHP_equip,,RB-dxHP_equip-spltHP-SEER-BA-rDXHP-LRM-LSC-Correct-0%UC-AOE,DMo&0&rDXHP&Ex&dxHP_equip,RB-dxHP_equip-spltHP-SEER-BA-rDXHP-LRM-LSC-Correct-0%UC-AOE,45.99,88.46,31838.17,61242.24,31838.170000000002,1058.14,2132.28,3129.96,0.0,12980.689999999999,0.0,1344.88,0.0,0.0,0.0,0.0,11192.22,0.0,0.0,1058.14,2132.28,0.0,0.0,5167.03,7813.66,0.0,1.17,230.77,15902635.620750953
runs/CZ08/DMo&0&rDXGF&Ex&dxAC_equip/RB-dxAC_equip-spltAC-SEER-BA-rDXGF-NoLRM-NR/instance-out.sql,CZ08,DMo,weighted,rDXGF,Ex,dxAC_equip,,RB-dxAC_equip-spltAC-SEER-BA-rDXGF-NoLRM-NR,DMo&0&rDXGF&Ex&dxAC_equip,RB-dxAC_equip-spltAC-SEER-BA-rDXGF-NoLRM-NR,52.81,101.31,36563.97,70140.83,36563.97,2951.34,4133.33,3129.96,0.0,12980.689999999999,0.0,2214.66,0.0,0.0,0.0,0.0,11153.99,0.0,0.0,0.0,4133.33,2951.34,0.0,5167.03,7813.66,0.0,4.33,230.77,23805490.49660696
runs/CZ08/DMo&0&rDXHP&Ex&dxHP_equip/RB-dxHP_equip-spltHP-SEER-BA-rDXHP-LRM-LSC-Correct-0%UC-NC/instance-out.sql,CZ08,DMo,weighted,rDXHP,Ex,dxHP_equip,,RB-dxHP_equip-spltHP-SEER-BA-rDXHP-LRM-LSC-Correct-0%UC-NC,DMo&0&rDXHP&Ex&dxHP_equip,RB-dxHP_equip-spltHP-SEER-BA-rDXHP-LRM-LSC-Correct-0%UC-NC,49.4,99.38,34197.24,68803.03,34197.24,868.81,3744.89,3129.96,0.0,12980.689999999999,0.0,2323.69,0.0,0.0,0.0,0.0,11149.2,0.0,0.0,868.81,3744.89,0.0,0.0,5167.03,7813.66,0.0,4.33,230.77,22434437.773229875
runs/CZ07/DMo&0&rDXHP&Ex&dxHP_equip/RB-dxHP_equip-spltHP-SEER-BA-rDXHP-NoLRM-NR/instance-out.sql,CZ07,DMo,weighted,rDXHP,Ex,dxHP_equip,,RB-dxHP_equip-spltHP-SEER-BA-rDXHP-NoLRM-NR,DMo&0&rDXHP&Ex&dxHP_equip,RB-dxHP_equip-spltHP-SEER-BA-rDXHP-NoLRM-NR,45.72,87.6,31650.48,60647.84,31650.48,878.05,2124.69,3129.96,0.0,12980.689999999999,0.0,1344.88,0.0,0.0,0.0,0.0,11192.22,0.0,0.0,878.05,2124.69,0.0,0.0,5167.03,7813.66,0.0,1.17,230.77,15875236.491483988
runs/CZ08/DMo&0&rDXHP&Ex&dxHP_equip/RB-dxHP_equip-spltHP-SEER-BA-rDXHP-LRM-LSC-Correct-0%UC-AOE/instance-out.sql,CZ08,DMo,weighted,rDXHP,Ex,dxHP_equip,,RB-dxHP_equip-spltHP-SEER-BA-rDXHP-LRM-LSC-Correct-0%UC-AOE,DMo&0&rDXHP&Ex&dxHP_equip,RB-dxHP_equip-spltHP-SEER-BA-rDXHP-LRM-LSC-Correct-0%UC-AOE,50.28,102.19,34811.78,70749.28,34811.78,1077.56,4150.68,3129.96,0.0,12980.689999999999,0.0,2323.69,0.0,0.0,0.0,0.0,11149.2,0.0,0.0,1077.56,4150.68,0.0,0.0,5167.03,7813.66,0.0,4.33,230.77,23857324.594035484
runs/CZ08/DMo&0&rDXHP&Ex&dxHP_equip/RB-dxHP_equip-spltHP-SEER-BA-rDXHP-LRM-LSC-Correct-7.5%UC-AOE/instance-out.sql,CZ08,DMo,weighted,rDXHP,Ex,dxHP_equip,,RB-dxHP_equip-spltHP-SEER-BA-rDXHP-LRM-LSC-Correct-7.5%UC-AOE,DMo&0&rDXHP&Ex&dxHP_equip,RB-dxHP_equip-spltHP-SEER-BA-rDXHP-LRM-LSC-Correct-7.5%UC-AOE,50.0,101.29,34614.6,70124.79,34614.59,1060.27,3970.78,3129.96,0.0,12980.689999999999,0.0,2323.69,0.0,0.0,0.0,0.0,11149.2,0.0,0.0,1060.27,3970.78,0.0,0.0,5167.03,7813.66,0.0,4.33,230.77,23226533.45704288
runs/CZ08/DMo&0&rDXGF&Ex&dxAC_equip/RB-dxAC_equip-spltAC-SEER-BA-rDXGF-LRM-LSC-Correct-0%UC-AOE/instance-out.sql,CZ08,DMo,weighted,rDXGF,Ex,dxAC_equip,,RB-dxAC_equip-spltAC-SEER-BA-rDXGF-LRM-LSC-Correct-0%UC-AOE,DMo&0&rDXGF&Ex&dxAC_equip,RB-dxAC_equip-spltAC-SEER-BA-rDXGF-LRM-LSC-Correct-0%UC-AOE,52.84,101.38,36578.74,70187.61,36578.740000000005,2951.34,4148.1,3129.96,0.0,12980.689999999999,0.0,2214.66,0.0,0.0,0.0,0.0,11153.99,0.0,0.0,0.0,4148.1,2951.34,0.0,5167.03,7813.66,0.0,4.33,230.77,23857311.577917002
runs/CZ08/DMo&0&rDXGF&Ex&dxAC_equip/RB-dxAC_equip-spltAC-SEER-BA-rDXGF-LRM-LSC-Correct-30%UC-AOE/instance-out.sql,CZ08,DMo,weighted,rDXGF,Ex,dxAC_equip,,RB-dxAC_equip-spltAC-SEER-BA-rDXGF-LRM-LSC-Correct-30%UC-AOE,DMo&0&rDXGF&Ex&dxAC_equip,RB-dxAC_equip-spltAC-SEER-BA-rDXGF-LRM-LSC-Correct-30%UC-AOE,49.92,92.15,34560.26,63795.1,34560.26,2951.34,2129.62,3129.96,0.0,12980.689999999999,0.0,2214.66,0.0,0.0,0.0,0.0,11153.99,0.0,0.0,0.0,2129.62,2951.34,0.0,5167.03,7813.66,0.0,4.33,230.77,16775253.20969343
runs/CZ08/DMo&0&rDXGF&Ex&dxAC_equip/RB-dxAC_equip-spltAC-SEER-BA-rDXGF-NoLRM-AOE/instance-out.sql,CZ08,DMo,weighted,rDXGF,Ex,dxAC_equip,,RB-dxAC_equip-spltAC-SEER-BA-rDXGF-NoLRM-AOE,DMo&0&rDXGF&Ex&dxAC_equip,RB-dxAC_equip-spltAC-SEER-BA-rDXGF-NoLRM-AOE,53.46,103.36,37011.85,71559.28,37011.850000000006,2951.34,4581.21,3129.96,0.0,12980.689999999999,0.0,2214.66,0.0,0.0,0.0,0.0,11153.99,0.0,0.0,0.0,4581.21,2951.34,0.0,5167.03,7813.66,0.0,4.33,230.77,25376943.533191092
runs/CZ08/DMo&0&rDXGF&Ex&dxAC_equip/RB-dxAC_equip-spltAC-SEER-BA-rDXGF-LRM-LSC-Correct-15%UC-AOE/instance-out.sql,CZ08,DMo,weighted,rDXGF,Ex,dxAC_equip,,RB-dxAC_equip-spltAC-SEER-BA-rDXGF-LRM-LSC-Correct-15%UC-AOE,DMo&0&rDXGF&Ex&dxAC_equip,RB-dxAC_equip-spltAC-SEER-BA-rDXGF-LRM-LSC-Correct-15%UC-AOE,51.69,97.76,35786.06,67677.19,35786.06,2951.34,3355.42,3129.96,0.0,12980.689999999999,0.0,2214.66,0.0,0.0,0.0,0.0,11153.99,0.0,0.0,0.0,3355.42,2951.34,0.0,5167.03,7813.66,0.0,4.33,230.77,21076098.37226882
runs/CZ08/DMo&0&rDXHP&Ex&dxHP_equip/RB-dxHP_equip-spltHP-SEER-BA-rDXHP-NoLRM-AOE/instance-out.sql,CZ08,DMo,weighted,rDXHP,Ex,dxHP_equip,,RB-dxHP_equip-spltHP-SEER-BA-rDXHP-NoLRM-AOE,DMo&0&rDXHP&Ex&dxHP_equip,RB-dxHP_equip-spltHP-SEER-BA-rDXHP-NoLRM-AOE,50.97,104.37,35286.82,72253.73,35286.82,1119.22,4584.06,3129.96,0.0,12980.689999999999,0.0,2323.69,0.0,0.0,0.0,0.0,11149.2,0.0,0.0,1119.22,4584.06,0.0,0.0,5167.03,7813.66,0.0,4.33,230.77,25376957.7811436
runs/CZ08/DMo&0&rDXHP&Ex&dxHP_equip/RB-dxHP_equip-spltHP-SEER-BA-rDXHP-NoLRM-NC/instance-out.sql,CZ08,DMo,weighted,rDXHP,Ex,dxHP_equip,,RB-dxHP_equip-spltHP-SEER-BA-rDXHP-NoLRM-NC,DMo&0&rDXHP&Ex&dxHP_equip,RB-dxHP_equip-spltHP-SEER-BA-rDXHP-NoLRM-NC,50.01,101.32,34621.36,70146.19,34621.35,901.91,4135.9,3129.96,0.0,12980.689999999999,0.0,2323.69,0.0,0.0,0.0,0.0,11149.2,0.0,0.0,901.91,4135.9,0.0,0.0,5167.03,7813.66,0.0,4.33,230.77,23805503.470718578
runs/CZ07/DMo&0&rDXHP&Ex&dxHP_equip/RB-dxHP_equip-spltHP-SEER-BA-rDXHP-NoLRM-NC/instance-out.sql,CZ07,DMo,weighted,rDXHP,Ex,dxHP_equip,,RB-dxHP_equip-spltHP-SEER-BA-rDXHP-NoLRM-NC,DMo&0&rDXHP&Ex&dxHP_equip,RB-dxHP_equip-spltHP-SEER-BA-rDXHP-NoLRM-NC,45.72,87.6,31650.48,60647.84,31650.48,878.05,2124.69,3129.96,0.0,12980.689999999999,0.0,1344.88,0.0,0.0,0.0,0.0,11192.22,0.0,0.0,878.05,2124.69,0.0,0.0,5167.03,7813.66,0.0,1.17,230.77,15875236.491483988
runs/CZ08/DMo&0&rDXGF&Ex&dxAC_equip/RB-dxAC_equip-spltAC-SEER-BA-rDXGF-LRM-LSC-Correct-0%UC-NR/instance-out.sql,CZ08,DMo,weighted,rDXGF,Ex,dxAC_equip,,RB-dxAC_equip-spltAC-SEER-BA-rDXGF-LRM-LSC-Correct-0%UC-NR,DMo&0&rDXGF&Ex&dxAC_equip,RB-dxAC_equip-spltAC-SEER-BA-rDXGF-LRM-LSC-Correct-0%UC-NR,52.25,99.53,36173.2,68903.26,36173.2,2951.34,3742.56,3129.96,0.0,12980.689999999999,0.0,2214.66,0.0,0.0,0.0,0.0,11153.99,0.0,0.0,0.0,3742.56,2951.34,0.0,5167.03,7813.66,0.0,4.33,230.77,22434425.91052158
runs/CZ08/DMo&0&rDXHP&Ex&dxHP_equip/RB-dxHP_equip-spltHP-SEER-BA-rDXHP-LRM-LSC-Correct-30%UC-AOE/instance-out.sql,CZ08,DMo,weighted,rDXHP,Ex,dxHP_equip,,RB-dxHP_equip-spltHP-SEER-BA-rDXHP-LRM-LSC-Correct-30%UC-AOE,DMo&0&rDXHP&Ex&dxHP_equip,RB-dxHP_equip-spltHP-SEER-BA-rDXHP-LRM-LSC-Correct-30%UC-AOE,47.09,92.07,32597.92,63737.97,32597.92,883.43,2130.95,3129.96,0.0,12980.689999999999,0.0,2323.69,0.0,0.0,0.0,0.0,11149.2,0.0,0.0,883.43,2130.95,0.0,0.0,5167.03,7813.66,0.0,4.33,230.77,16775260.48500051
runs/CZ09/DMo&0&rDXGF&Ex&dxAC_equip/RB-dxAC_equip-spltAC-SEER-BA-rDXGF-LRM-LSC-Correct-0%UC-AOE/instance-out.sql,CZ09,DMo,weighted,rDXGF,Ex,dxAC_equip,,RB-dxAC_equip-spltAC-SEER-BA-rDXGF-LRM-LSC-Correct-0%UC-AOE,DMo&0&rDXGF&Ex&dxAC_equip,RB-dxAC_equip-spltAC-SEER-BA-rDXGF-LRM-LSC-Correct-0%UC-AOE,57.92,109.32,40097.12,75684.26,40097.119999999995,5662.14,4614.97,3129.96,0.0,12980.689999999999,0.0,2555.62,0.0,0.0,0.0,0.0,11153.73,0.0,0.0,0.0,4614.97,5662.14,0.0,5167.03,7813.66,0.0,27.67,230.77,28206467.68040532
runs/CZ07/DMo&0&rDXHP&Ex&dxHP_equip/RB-dxHP_equip-spltHP-SEER-BA-rDXHP-LRM-LSC-Correct-7.5%UC-AOE/instance-out.sql,CZ07,DMo,weighted,rDXHP,Ex,dxHP_equip,,RB-dxHP_equip-spltHP-SEER-BA-rDXHP-LRM-LSC-Correct-7.5%UC-AOE,DMo&0&rDXHP&Ex&dxHP_equip,RB-dxHP_equip-spltHP-SEER-BA-rDXHP-LRM-LSC-Correct-7.5%UC-AOE,45.83,87.96,31728.03,60893.41,31728.030000000002,1040.41,2039.87,3129.96,0.0,12980.689999999999,0.0,1344.88,0.0,0.0,0.0,0.0,11192.22,0.0,0.0,1040.41,2039.87,0.0,0.0,5167.03,7813.66,0.0,1.17,230.77,15569120.505742326
runs/CZ08/DMo&0&rDXHP&Ex&dxHP_equip/RB-dxHP_equip-spltHP-SEER-BA-rDXHP-LRM-LSC-Correct-0%UC-NR/instance-out.sql,CZ08,DMo,weighted,rDXHP,Ex,dxHP_equip,,RB-dxHP_equip-spltHP-SEER-BA-rDXHP-LRM-LSC-Correct-0%UC-NR,DMo&0&rDXHP&Ex&dxHP_equip,RB-dxHP_equip-spltHP-SEER-BA-rDXHP-LRM-LSC-Correct-0%UC-NR,49.4,99.38,34197.24,68803.03,34197.24,868.81,3744.89,3129.96,0.0,12980.689999999999,0.0,2323.69,0.0,0.0,0.0,0.0,11149.2,0.0,0.0,868.81,3744.89,0.0,0.0,5167.03,7813.66,0.0,4.33,230.77,22434437.773229875
runs/CZ09/DMo&0&rDXGF&Ex&dxAC_equip/RB-dxAC_equip-spltAC-SEER-BA-rDXGF-LRM-LSC-Correct-0%UC-NR/instance-out.sql,CZ09,DMo,weighted,rDXGF,Ex,dxAC_equip,,RB-dxAC_equip-spltAC-SEER-BA-rDXGF-LRM-LSC-Correct-0%UC-NR,DMo&0&rDXGF&Ex&dxAC_equip,RB-dxAC_equip-spltAC-SEER-BA-rDXGF-LRM-LSC-Correct-0%UC-NR,57.27,107.26,39645.93,74255.36,39645.93,5662.14,4163.79,3129.96,0.0,12980.689999999999,0.0,2555.62,0.0,0.0,0.0,0.0,11153.73,0.0,0.0,0.0,4163.79,5662.14,0.0,5167.03,7813.66,0.0,27.67,230.77,26374137.421774898
runs/CZ08/DMo&0&rDXHP&Ex&dxHP_equip/RB-dxHP_equip-spltHP-SEER-BA-rDXHP-NoLRM-NR/instance-out.sql,CZ08,DMo,weighted,rDXHP,Ex,dxHP_equip,,RB-dxHP_equip-spltHP-SEER-BA-rDXHP-NoLRM-NR,DMo&0&rDXHP&Ex&dxHP_equip,RB-dxHP_equip-spltHP-SEER-BA-rDXHP-NoLRM-NR,50.01,101.32,34621.36,70146.19,34621.35,901.91,4135.9,3129.96,0.0,12980.689999999999,0.0,2323.69,0.0,0.0,0.0,0.0,11149.2,0.0,0.0,901.91,4135.9,0.0,0.0,5167.03,7813.66,0.0,4.33,230.77,23805503.470718578
runs/CZ08/DMo&0&rDXHP&Ex&dxHP_equip/RB-dxHP_equip-spltHP-SEER-BA-rDXHP-LRM-LSC-Correct-40%UC-AOE/instance-out.sql,CZ08,DMo,weighted,rDXHP,Ex,dxHP_equip,,RB-dxHP_equip-spltHP-SEER-BA-rDXHP-LRM-LSC-Correct-40%UC-AOE,DMo&0&rDXHP&Ex&dxHP_equip,RB-dxHP_equip-spltHP-SEER-BA-rDXHP-LRM-LSC-Correct-40%UC-AOE,45.79,87.97,31701.62,60899.38,31701.61,804.83,1313.24,3129.96,0.0,12980.689999999999,0.0,2323.69,0.0,0.0,0.0,0.0,11149.2,0.0,0.0,804.83,1313.24,0.0,0.0,5167.03,7813.66,0.0,4.33,230.77,13908028.052927153
runs/CZ08/DMo&0&rDXGF&Ex&dxAC_equip/RB-dxAC_equip-spltAC-SEER-BA-rDXGF-LRM-LSC-Correct-40%UC-AOE/instance-out.sql,CZ08,DMo,weighted,rDXGF,Ex,dxAC_equip,,RB-dxAC_equip-spltAC-SEER-BA-rDXGF-LRM-LSC-Correct-40%UC-AOE,DMo&0&rDXGF&Ex&dxAC_equip,RB-dxAC_equip-spltAC-SEER-BA-rDXGF-LRM-LSC-Correct-40%UC-AOE,48.74,88.41,33743.06,61207.04,33743.07000000001,2951.34,1312.43,3129.96,0.0,12980.689999999999,0.0,2214.66,0.0,0.0,0.0,0.0,11153.99,0.0,0.0,0.0,1312.43,2951.34,0.0,5167.03,7813.66,0.0,4.33,230.77,13908023.101835214
runs/CZ09/DMo&0&rDXGF&Ex&dxAC_equip/RB-dxAC_equip-spltAC-SEER-BA-rDXGF-LRM-LSC-Correct-30%UC-AOE/instance-out.sql,CZ09,DMo,weighted,rDXGF,Ex,dxAC_equip,,RB-dxAC_equip-spltAC-SEER-BA-rDXGF-LRM-LSC-Correct-30%UC-AOE,DMo&0&rDXGF&Ex&dxAC_equip,RB-dxAC_equip-spltAC-SEER-BA-rDXGF-LRM-LSC-Correct-30%UC-AOE,54.67,99.05,37851.46,68572.26,37851.46,5662.14,2369.32,3129.96,0.0,12980.689999999999,0.0,2555.62,0.0,0.0,0.0,0.0,11153.73,0.0,0.0,0.0,2369.32,5662.14,0.0,5167.03,7813.66,0.0,27.67,230.77,19086501.024731185
runs/CZ08/DMo&0&rDXHP&Ex&dxHP_equip/RB-dxHP_equip-spltHP-SEER-BA-rDXHP-LRM-LSC-Correct-15%UC-AOE/instance-out.sql,CZ08,DMo,weighted,rDXHP,Ex,dxHP_equip,,RB-dxHP_equip-spltHP-SEER-BA-rDXHP-LRM-LSC-Correct-15%UC-AOE,DMo&0&rDXHP&Ex&dxHP_equip,RB-dxHP_equip-spltHP-SEER-BA-rDXHP-LRM-LSC-Correct-15%UC-AOE,49.03,98.22,33942.37,67995.85,33942.37,1001.32,3357.5,3129.96,0.0,12980.689999999999,0.0,2323.69,0.0,0.0,0.0,0.0,11149.2,0.0,0.0,1001.32,3357.5,0.0,0.0,5167.03,7813.66,0.0,4.33,230.77,21076109.133898612
runs/CZ08/DMo&0&rDXHP&Ex&dxHP_equip/RB-dxHP_equip-spltHP-SEER-BA-rDXHP-LRM-LSC-Correct-22.5%UC-AOE/instance-out.sql,CZ08,DMo,weighted,rDXHP,Ex,dxHP_equip,,RB-dxHP_equip-spltHP-SEER-BA-rDXHP-LRM-LSC-Correct-22.5%UC-AOE,DMo&0&rDXHP&Ex&dxHP_equip,RB-dxHP_equip-spltHP-SEER-BA-rDXHP-LRM-LSC-Correct-22.5%UC-AOE,48.06,95.14,33270.15,65866.91,33270.14,942.37,2744.23,3129.96,0.0,12980.689999999999,0.0,2323.69,0.0,0.0,0.0,0.0,11149.2,0.0,0.0,942.37,2744.23,0.0,0.0,5167.03,7813.66,0.0,4.33,230.77,18925684.808952816
runs/CZ09/DMo&0&rDXGF&Ex&dxAC_equip/RB-dxAC_equip-spltAC-SEER-BA-rDXGF-LRM-LSC-Correct-22.5%UC-AOE/instance-out.sql,CZ09,DMo,weighted,rDXGF,Ex,dxAC_equip,,RB-dxAC_equip-spltAC-SEER-BA-rDXGF-LRM-LSC-Correct-22.5%UC-AOE,DMo&0&rDXGF&Ex&dxAC_equip,RB-dxAC_equip-spltAC-SEER-BA-rDXGF-LRM-LSC-Correct-22.5%UC-AOE,55.66,102.17,38533.34,70731.77,38533.34,5662.14,3051.2,3129.96,0.0,12980.689999999999,0.0,2555.62,0.0,0.0,0.0,0.0,11153.73,0.0,0.0,0.0,3051.2,5662.14,0.0,5167.03,7813.66,0.0,27.67,230.77,21855721.668325163
runs/CZ09/DMo&0&rDXHP&Ex&dxHP_equip/RB-dxHP_equip-spltHP-SEER-BA-rDXHP-LRM-LSC-Correct-15%UC-AOE/instance-out.sql,CZ09,DMo,weighted,rDXHP,Ex,dxHP_equip,,RB-dxHP_equip-spltHP-SEER-BA-rDXHP-LRM-LSC-Correct-15%UC-AOE,DMo&0&rDXHP&Ex&dxHP_equip,RB-dxHP_equip-spltHP-SEER-BA-rDXHP-LRM-LSC-Correct-15%UC-AOE,51.46,105.92,35624.24,73330.63,35624.24,1857.68,3735.39,3129.96,0.0,12980.689999999999,0.0,2775.31,0.0,0.0,0.0,0.0,11145.21,0.0,0.0,1857.68,3735.39,0.0,0.0,5167.03,7813.66,0.0,27.67,230.77,24624949.37045312
runs/CZ09/DMo&0&rDXHP&Ex&dxHP_equip/RB-dxHP_equip-spltHP-SEER-BA-rDXHP-LRM-LSC-Correct-40%UC-AOE/instance-out.sql,CZ09,DMo,weighted,rDXHP,Ex,dxHP_equip,,RB-dxHP_equip-spltHP-SEER-BA-rDXHP-LRM-LSC-Correct-40%UC-AOE,DMo&0&rDXHP&Ex&dxHP_equip,RB-dxHP_equip-spltHP-SEER-BA-rDXHP-LRM-LSC-Correct-40%UC-AOE,47.63,93.81,32977.09,64947.1,32977.08,1484.87,1461.05,3129.96,0.0,12980.689999999999,0.0,2775.31,0.0,0.0,0.0,0.0,11145.21,0.0,0.0,1484.87,1461.05,0.0,0.0,5167.03,7813.66,0.0,27.67,230.77,15394209.319951102
runs/CZ09/DMo&0&rDXHP&Ex&dxHP_equip/RB-dxHP_equip-spltHP-SEER-BA-rDXHP-LRM-LSC-Correct-22.5%UC-AOE/instance-out.sql,CZ09,DMo,weighted,rDXHP,Ex,dxHP_equip,,RB-dxHP_equip-spltHP-SEER-BA-rDXHP-LRM-LSC-Correct-22.5%UC-AOE,DMo&0&rDXHP&Ex&dxHP_equip,RB-dxHP_equip-spltHP-SEER-BA-rDXHP-LRM-LSC-Correct-22.5%UC-AOE,50.31,102.29,34830.09,70815.57,34830.09,1745.83,3053.08,3129.96,0.0,12980.689999999999,0.0,2775.31,0.0,0.0,0.0,0.0,11145.21,0.0,0.0,1745.83,3053.08,0.0,0.0,5167.03,7813.66,0.0,27.67,230.77,21855727.35445986
runs/CZ10/DMo&0&rDXGF&Ex&dxAC_equip/RB-dxAC_equip-spltAC-SEER-BA-rDXGF-LRM-LSC-Correct-0%UC-AOE/instance-out.sql,CZ10,DMo,weighted,rDXGF,Ex,dxAC_equip,,RB-dxAC_equip-spltAC-SEER-BA-rDXGF-LRM-LSC-Correct-0%UC-AOE,DMo&0&rDXGF&Ex&dxAC_equip,RB-dxAC_equip-spltAC-SEER-BA-rDXGF-LRM-LSC-Correct-0%UC-AOE,57.7,105.99,39943.07,73377.78,39943.08,6579.94,3923.53,3129.96,0.0,12980.689999999999,0.0,2219.95,0.0,0.0,0.0,0.0,11109.01,0.0,0.0,0.0,3923.53,6579.94,0.0,5167.03,7813.66,0.0,0.0,230.77,23757269.496401712
runs/CZ09/DMo&0&rDXGF&Ex&dxAC_equip/RB-dxAC_equip-spltAC-SEER-BA-rDXGF-LRM-LSC-Correct-40%UC-AOE/instance-out.sql,CZ09,DMo,weighted,rDXGF,Ex,dxAC_equip,,RB-dxAC_equip-spltAC-SEER-BA-rDXGF-LRM-LSC-Correct-40%UC-AOE,DMo&0&rDXGF&Ex&dxAC_equip,RB-dxAC_equip-spltAC-SEER-BA-rDXGF-LRM-LSC-Correct-40%UC-AOE,53.36,94.89,36942.28,65692.9,36942.28,5662.14,1460.14,3129.96,0.0,12980.689999999999,0.0,2555.62,0.0,0.0,0.0,0.0,11153.73,0.0,0.0,0.0,1460.14,5662.14,0.0,5167.03,7813.66,0.0,27.67,230.77,15394206.833096193
runs/CZ09/DMo&0&rDXHP&Ex&dxHP_equip/RB-dxHP_equip-spltHP-SEER-BA-rDXHP-LRM-LSC-Correct-30%UC-AOE/instance-out.sql,CZ09,DMo,weighted,rDXHP,Ex,dxHP_equip,,RB-dxHP_equip-spltHP-SEER-BA-rDXHP-LRM-LSC-Correct-30%UC-AOE,DMo&0&rDXHP&Ex&dxHP_equip,RB-dxHP_equip-spltHP-SEER-BA-rDXHP-LRM-LSC-Correct-30%UC-AOE,49.16,98.66,34035.95,68300.51,34035.94,1633.99,2370.78,3129.96,0.0,12980.689999999999,0.0,2775.31,0.0,0.0,0.0,0.0,11145.21,0.0,0.0,1633.99,2370.78,0.0,0.0,5167.03,7813.66,0.0,27.67,230.77,19086505.339745976
runs/CZ09/DMo&0&rDXGF&Ex&dxAC_equip/RB-dxAC_equip-spltAC-SEER-BA-rDXGF-LRM-LSC-Correct-15%UC-AOE/instance-out.sql,CZ09,DMo,weighted,rDXGF,Ex,dxAC_equip,,RB-dxAC_equip-spltAC-SEER-BA-rDXGF-LRM-LSC-Correct-15%UC-AOE,DMo&0&rDXGF&Ex&dxAC_equip,RB-dxAC_equip-spltAC-SEER-BA-rDXGF-LRM-LSC-Correct-15%UC-AOE,56.64,105.29,39215.22,72891.29,39215.22,5662.14,3733.08,3129.96,0.0,12980.689999999999,0.0,2555.62,0.0,0.0,0.0,0.0,11153.73,0.0,0.0,0.0,3733.08,5662.14,0.0,5167.03,7813.66,0.0,27.67,230.77,24624942.31319851
runs/CZ09/DMo&0&rDXGF&Ex&dxAC_equip/RB-dxAC_equip-spltAC-SEER-BA-rDXGF-NoLRM-NR/instance-out.sql,CZ09,DMo,weighted,rDXGF,Ex,dxAC_equip,,RB-dxAC_equip-spltAC-SEER-BA-rDXGF-NoLRM-NR,DMo&0&rDXGF&Ex&dxAC_equip,RB-dxAC_equip-spltAC-SEER-BA-rDXGF-NoLRM-NR,57.89,109.25,40080.68,75632.22,40080.68,5662.14,4598.54,3129.96,0.0,12980.689999999999,0.0,2555.62,0.0,0.0,0.0,0.0,11153.73,0.0,0.0,0.0,4598.54,5662.14,0.0,5167.03,7813.66,0.0,27.67,230.77,28139734.74641411
runs/CZ09/DMo&0&rDXGF&Ex&dxAC_equip/RB-dxAC_equip-spltAC-SEER-BA-rDXGF-LRM-LSC-Correct-7.5%UC-AOE/instance-out.sql,CZ09,DMo,weighted,rDXGF,Ex,dxAC_equip,,RB-dxAC_equip-spltAC-SEER-BA-rDXGF-LRM-LSC-Correct-7.5%UC-AOE,DMo&0&rDXGF&Ex&dxAC_equip,RB-dxAC_equip-spltAC-SEER-BA-rDXGF-LRM-LSC-Correct-7.5%UC-AOE,57.63,108.41,39897.1,75050.8,39897.1,5662.14,4414.96,3129.96,0.0,12980.689999999999,0.0,2555.62,0.0,0.0,0.0,0.0,11153.73,0.0,0.0,0.0,4414.96,5662.14,0.0,5167.03,7813.66,0.0,27.67,230.77,27394162.955751933
runs/CZ09/DMo&0&rDXHP&Ex&dxHP_equip/RB-dxHP_equip-spltHP-SEER-BA-rDXHP-LRM-LSC-Correct-0%UC-NC/instance-out.sql,CZ09,DMo,weighted,rDXHP,Ex,dxHP_equip,,RB-dxHP_equip-spltHP-SEER-BA-rDXHP-LRM-LSC-Correct-0%UC-NC,DMo&0&rDXHP&Ex&dxHP_equip,RB-dxHP_equip-spltHP-SEER-BA-rDXHP-LRM-LSC-Correct-0%UC-NC,51.72,106.74,35803.8,73899.31,35803.8,1606.26,4166.37,3129.96,0.0,12980.689999999999,0.0,2775.31,0.0,0.0,0.0,0.0,11145.21,0.0,0.0,1606.26,4166.37,0.0,0.0,5167.03,7813.66,0.0,27.67,230.77,26374145.34510576
runs/CZ09/DMo&0&rDXGF&Ex&dxAC_equip/RB-dxAC_equip-spltAC-SEER-BA-rDXGF-NoLRM-AOE/instance-out.sql,CZ09,DMo,weighted,rDXGF,Ex,dxAC_equip,,RB-dxAC_equip-spltAC-SEER-BA-rDXGF-NoLRM-AOE,DMo&0&rDXGF&Ex&dxAC_equip,RB-dxAC_equip-spltAC-SEER-BA-rDXGF-NoLRM-AOE,58.61,111.53,40578.98,77210.31,40578.979999999996,5662.14,5096.84,3129.96,0.0,12980.689999999999,0.0,2555.62,0.0,0.0,0.0,0.0,11153.73,0.0,0.0,0.0,5096.84,5662.14,0.0,5167.03,7813.66,0.0,27.67,230.77,30163383.599537022
runs/CZ09/DMo&0&rDXHP&Ex&dxHP_equip/RB-dxHP_equip-spltHP-SEER-BA-rDXHP-LRM-LSC-Correct-0%UC-NR/instance-out.sql,CZ09,DMo,weighted,rDXHP,Ex,dxHP_equip,,RB-dxHP_equip-spltHP-SEER-BA-rDXHP-LRM-LSC-Correct-0%UC-NR,DMo&0&rDXHP&Ex&dxHP_equip,RB-dxHP_equip-spltHP-SEER-BA-rDXHP-LRM-LSC-Correct-0%UC-NR,51.72,106.74,35803.8,73899.31,35803.8,1606.26,4166.37,3129.96,0.0,12980.689999999999,0.0,2775.31,0.0,0.0,0.0,0.0,11145.21,0.0,0.0,1606.26,4166.37,0.0,0.0,5167.03,7813.66,0.0,27.67,230.77,26374145.34510576
runs/CZ10/DMo&0&rDXGF&Ex&dxAC_equip/RB-dxAC_equip-spltAC-SEER-BA-rDXGF-LRM-LSC-Correct-0%UC-NR/instance-out.sql,CZ10,DMo,weighted,rDXGF,Ex,dxAC_equip,,RB-dxAC_equip-spltAC-SEER-BA-rDXGF-LRM-LSC-Correct-0%UC-NR,DMo&0&rDXGF&Ex&dxAC_equip,RB-dxAC_equip-spltAC-SEER-BA-rDXGF-LRM-LSC-Correct-0%UC-NR,57.14,104.23,39559.49,72162.96,39559.49,6579.94,3539.94,3129.96,0.0,12980.689999999999,0.0,2219.95,0.0,0.0,0.0,0.0,11109.01,0.0,0.0,0.0,3539.94,6579.94,0.0,5167.03,7813.66,0.0,0.0,230.77,22344994.84941639
runs/CZ09/DMo&0&rDXHP&Ex&dxHP_equip/RB-dxHP_equip-spltHP-SEER-BA-rDXHP-NoLRM-NR/instance-out.sql,CZ09,DMo,weighted,rDXHP,Ex,dxHP_equip,,RB-dxHP_equip-spltHP-SEER-BA-rDXHP-NoLRM-NR,DMo&0&rDXHP&Ex&dxHP_equip,RB-dxHP_equip-spltHP-SEER-BA-rDXHP-NoLRM-NR,52.44,109.02,36301.62,75475.91,36301.619999999995,1669.06,4601.39,3129.96,0.0,12980.689999999999,0.0,2775.31,0.0,0.0,0.0,0.0,11145.21,0.0,0.0,1669.06,4601.39,0.0,0.0,5167.03,7813.66,0.0,27.67,230.77,28139743.54394243
runs/CZ09/DMo&0&rDXHP&Ex&dxHP_equip/RB-dxHP_equip-spltHP-SEER-BA-rDXHP-NoLRM-NC/instance-out.sql,CZ09,DMo,weighted,rDXHP,Ex,dxHP_equip,,RB-dxHP_equip-spltHP-SEER-BA-rDXHP-NoLRM-NC,DMo&0&rDXHP&Ex&dxHP_equip,RB-dxHP_equip-spltHP-SEER-BA-rDXHP-NoLRM-NC,52.44,109.02,36301.62,75475.91,36301.619999999995,1669.06,4601.39,3129.96,0.0,12980.689999999999,0.0,2775.31,0.0,0.0,0.0,0.0,11145.21,0.0,0.0,1669.06,4601.39,0.0,0.0,5167.03,7813.66,0.0,27.67,230.77,28139743.54394243
runs/CZ09/DMo&0&rDXHP&Ex&dxHP_equip/RB-dxHP_equip-spltHP-SEER-BA-rDXHP-LRM-LSC-Correct-0%UC-AOE/instance-out.sql,CZ09,DMo,weighted,rDXHP,Ex,dxHP_equip,,RB-dxHP_equip-spltHP-SEER-BA-rDXHP-LRM-LSC-Correct-0%UC-AOE,DMo&0&rDXHP&Ex&dxHP_equip,RB-dxHP_equip-spltHP-SEER-BA-rDXHP-LRM-LSC-Correct-0%UC-AOE,52.94,110.62,36651.33,76583.44,36651.33,2002.33,4617.83,3129.96,0.0,12980.689999999999,0.0,2775.31,0.0,0.0,0.0,0.0,11145.21,0.0,0.0,2002.33,4617.83,0.0,0.0,5167.03,7813.66,0.0,27.67,230.77,28206476.510975014
runs/CZ09/DMo&0&rDXHP&Ex&dxHP_equip/RB-dxHP_equip-spltHP-SEER-BA-rDXHP-NoLRM-AOE/instance-out.sql,CZ09,DMo,weighted,rDXHP,Ex,dxHP_equip,,RB-dxHP_equip-spltHP-SEER-BA-rDXHP-NoLRM-AOE,DMo&0&rDXHP&Ex&dxHP_equip,RB-dxHP_equip-spltHP-SEER-BA-rDXHP-NoLRM-AOE,53.75,113.19,37212.53,78360.75,37212.53,2081.36,5099.99,3129.96,0.0,12980.689999999999,0.0,2775.31,0.0,0.0,0.0,0.0,11145.21,0.0,0.0,2081.36,5099.99,0.0,0.0,5167.03,7813.66,0.0,27.67,230.77,30163393.39903145
runs/CZ10/DMo&0&rDXGF&Ex&dxAC_equip/RB-dxAC_equip-spltAC-SEER-BA-rDXGF-LRM-LSC-Correct-22.5%UC-AOE/instance-out.sql,CZ10,DMo,weighted,rDXGF,Ex,dxAC_equip,,RB-dxAC_equip-spltAC-SEER-BA-rDXGF-LRM-LSC-Correct-22.5%UC-AOE,DMo&0&rDXGF&Ex&dxAC_equip,RB-dxAC_equip-spltAC-SEER-BA-rDXGF-LRM-LSC-Correct-22.5%UC-AOE,55.77,99.91,38613.59,69167.31,38613.59,6579.94,2594.05,3129.96,0.0,12980.689999999999,0.0,2219.95,0.0,0.0,0.0,0.0,11109.01,0.0,0.0,0.0,2594.05,6579.94,0.0,5167.03,7813.66,0.0,0.0,230.77,18862410.864853583
runs/CZ10/DMo&0&rDXGF&Ex&dxAC_equip/RB-dxAC_equip-spltAC-SEER-BA-rDXGF-LRM-LSC-Correct-30%UC-AOE/instance-out.sql,CZ10,DMo,weighted,rDXGF,Ex,dxAC_equip,,RB-dxAC_equip-spltAC-SEER-BA-rDXGF-LRM-LSC-Correct-30%UC-AOE,DMo&0&rDXGF&Ex&dxAC_equip,RB-dxAC_equip-spltAC-SEER-BA-rDXGF-LRM-LSC-Correct-30%UC-AOE,54.94,97.26,38033.87,67331.34,38033.880000000005,6579.94,2014.33,3129.96,0.0,12980.689999999999,0.0,2219.95,0.0,0.0,0.0,0.0,11109.01,0.0,0.0,0.0,2014.33,6579.94,0.0,5167.03,7813.66,0.0,0.0,230.77,16728024.834586663
runs/CZ10/DMo&0&rDXHP&Ex&dxHP_equip/RB-dxHP_equip-spltHP-SEER-BA-rDXHP-LRM-LSC-Correct-0%UC-NC/instance-out.sql,CZ10,DMo,weighted,rDXHP,Ex,dxHP_equip,,RB-dxHP_equip-spltHP-SEER-BA-rDXHP-LRM-LSC-Correct-0%UC-NC,DMo&0&rDXHP&Ex&dxHP_equip,RB-dxHP_equip-spltHP-SEER-BA-rDXHP-LRM-LSC-Correct-0%UC-NC,50.76,103.87,35145.08,71910.84,35145.08,1913.98,3541.17,3129.96,0.0,12980.689999999999,0.0,2480.98,0.0,0.0,0.0,0.0,11098.31,0.0,0.0,1913.98,3541.17,0.0,0.0,5167.03,7813.66,0.0,0.0,230.77,22344996.984868005
runs/CZ10/DMo&0&rDXGF&Ex&dxAC_equip/RB-dxAC_equip-spltAC-SEER-BA-rDXGF-LRM-LSC-Correct-7.5%UC-AOE/instance-out.sql,CZ10,DMo,weighted,rDXGF,Ex,dxAC_equip,,RB-dxAC_equip-spltAC-SEER-BA-rDXGF-LRM-LSC-Correct-7.5%UC-AOE,DMo&0&rDXGF&Ex&dxAC_equip,RB-dxAC_equip-spltAC-SEER-BA-rDXGF-LRM-LSC-Correct-7.5%UC-AOE,57.45,105.21,39773.02,72839.23,39773.03,6579.94,3753.48,3129.96,0.0,12980.689999999999,0.0,2219.95,0.0,0.0,0.0,0.0,11109.01,0.0,0.0,0.0,3753.48,6579.94,0.0,5167.03,7813.66,0.0,0.0,230.77,23131182.925571494
runs/CZ10/DMo&0&rDXHP&Ex&dxHP_equip/RB-dxHP_equip-spltHP-SEER-BA-rDXHP-LRM-LSC-Correct-15%UC-AOE/instance-out.sql,CZ10,DMo,weighted,rDXHP,Ex,dxHP_equip,,RB-dxHP_equip-spltHP-SEER-BA-rDXHP-LRM-LSC-Correct-15%UC-AOE,DMo&0&rDXHP&Ex&dxHP_equip,RB-dxHP_equip-spltHP-SEER-BA-rDXHP-LRM-LSC-Correct-15%UC-AOE,50.67,103.56,35077.78,71697.69,35077.78,2212.98,3174.86,3129.96,0.0,12980.689999999999,0.0,2480.98,0.0,0.0,0.0,0.0,11098.31,0.0,0.0,2212.98,3174.86,0.0,0.0,5167.03,7813.66,0.0,0.0,230.77,20996798.922372464
runs/CZ09/DMo&0&rDXHP&Ex&dxHP_equip/RB-dxHP_equip-spltHP-SEER-BA-rDXHP-LRM-LSC-Correct-7.5%UC-AOE/instance-out.sql,CZ09,DMo,weighted,rDXHP,Ex,dxHP_equip,,RB-dxHP_equip-spltHP-SEER-BA-rDXHP-LRM-LSC-Correct-7.5%UC-AOE,DMo&0&rDXHP&Ex&dxHP_equip,RB-dxHP_equip-spltHP-SEER-BA-rDXHP-LRM-LSC-Correct-7.5%UC-AOE,52.6,109.55,36418.38,75845.69,36418.38,1969.52,4417.69,3129.96,0.0,12980.689999999999,0.0,2775.31,0.0,0.0,0.0,0.0,11145.21,0.0,0.0,1969.52,4417.69,0.0,0.0,5167.03,7813.66,0.0,27.67,230.77,27394171.384126447
runs/CZ10/DMo&0&rDXGF&Ex&dxAC_equip/RB-dxAC_equip-spltAC-SEER-BA-rDXGF-NoLRM-NR/instance-out.sql,CZ10,DMo,weighted,rDXGF,Ex,dxAC_equip,,RB-dxAC_equip-spltAC-SEER-BA-rDXGF-NoLRM-NR,DMo&0&rDXGF&Ex&dxAC_equip,RB-dxAC_equip-spltAC-SEER-BA-rDXGF-NoLRM-NR,57.67,105.93,39929.1,73333.54,39929.11,6579.94,3909.56,3129.96,0.0,12980.689999999999,0.0,2219.95,0.0,0.0,0.0,0.0,11109.01,0.0,0.0,0.0,3909.56,6579.94,0.0,5167.03,7813.66,0.0,0.0,230.77,23705834.86536245
runs/CZ10/DMo&0&rDXHP&Ex&dxHP_equip/RB-dxHP_equip-spltHP-SEER-BA-rDXHP-LRM-LSC-Correct-7.5%UC-AOE/instance-out.sql,CZ10,DMo,weighted,rDXHP,Ex,dxHP_equip,,RB-dxHP_equip-spltHP-SEER-BA-rDXHP-LRM-LSC-Correct-7.5%UC-AOE,DMo&0&rDXHP&Ex&dxHP_equip,RB-dxHP_equip-spltHP-SEER-BA-rDXHP-LRM-LSC-Correct-7.5%UC-AOE,51.7,106.82,35790.71,73955.55,35790.71000000001,2346.0,3754.78,3129.96,0.0,12980.689999999999,0.0,2480.98,0.0,0.0,0.0,0.0,11098.31,0.0,0.0,2346.0,3754.78,0.0,0.0,5167.03,7813.66,0.0,0.0,230.77,23131185.124693666
runs/CZ10/DMo&0&rDXHP&Ex&dxHP_equip/RB-dxHP_equip-spltHP-SEER-BA-rDXHP-LRM-LSC-Correct-0%UC-NR/instance-out.sql,CZ10,DMo,weighted,rDXHP,Ex,dxHP_equip,,RB-dxHP_equip-spltHP-SEER-BA-rDXHP-LRM-LSC-Correct-0%UC-NR,DMo&0&rDXHP&Ex&dxHP_equip,RB-dxHP_equip-spltHP-SEER-BA-rDXHP-LRM-LSC-Correct-0%UC-NR,50.76,103.87,35145.08,71910.84,35145.08,1913.98,3541.17,3129.96,0.0,12980.689999999999,0.0,2480.98,0.0,0.0,0.0,0.0,11098.31,0.0,0.0,1913.98,3541.17,0.0,0.0,5167.03,7813.66,0.0,0.0,230.77,22344996.984868005
runs/CZ10/DMo&0&rDXGF&Ex&dxAC_equip/RB-dxAC_equip-spltAC-SEER-BA-rDXGF-NoLRM-AOE/instance-out.sql,CZ10,DMo,weighted,rDXGF,Ex,dxAC_equip,,RB-dxAC_equip-spltAC-SEER-BA-rDXGF-NoLRM-AOE,DMo&0&rDXGF&Ex&dxAC_equip,RB-dxAC_equip-spltAC-SEER-BA-rDXGF-NoLRM-AOE,58.29,107.86,40352.74,74675.19,40352.74,6579.94,4333.19,3129.96,0.0,12980.689999999999,0.0,2219.95,0.0,0.0,0.0,0.0,11109.01,0.0,0.0,0.0,4333.19,6579.94,0.0,5167.03,7813.66,0.0,0.0,230.77,25265568.95598571
runs/CZ11/DMo&0&rDXGF&Ex&dxAC_equip/RB-dxAC_equip-spltAC-SEER-BA-rDXGF-LRM-LSC-Correct-0%UC-AOE/instance-out.sql,CZ11,DMo,weighted,rDXGF,Ex,dxAC_equip,,RB-dxAC_equip-spltAC-SEER-BA-rDXGF-LRM-LSC-Correct-0%UC-AOE,DMo&0&rDXGF&Ex&dxAC_equip,RB-dxAC_equip-spltAC-SEER-BA-rDXGF-LRM-LSC-Correct-0%UC-AOE,70.4,128.7,48738.84,89101.83,48738.84,12274.32,5961.46,3129.96,0.0,12980.689999999999,0.0,3153.42,0.0,0.0,0.0,0.0,11238.99,0.0,0.0,0.0,5961.46,12274.32,0.0,5167.03,7813.66,0.0,6.67,230.77,26847941.362954922
runs/CZ10/DMo&0&rDXHP&Ex&dxHP_equip/RB-dxHP_equip-spltHP-SEER-BA-rDXHP-NoLRM-NR/instance-out.sql,CZ10,DMo,weighted,rDXHP,Ex,dxHP_equip,,RB-dxHP_equip-spltHP-SEER-BA-rDXHP-NoLRM-NR,DMo&0&rDXHP&Ex&dxHP_equip,RB-dxHP_equip-spltHP-SEER-BA-rDXHP-NoLRM-NR,51.41,105.9,35589.51,73318.35,35589.51,1988.66,3910.91,3129.96,0.0,12980.689999999999,0.0,2480.98,0.0,0.0,0.0,0.0,11098.31,0.0,0.0,1988.66,3910.91,0.0,0.0,5167.03,7813.66,0.0,0.0,230.77,23705837.111023635
runs/CZ10/DMo&0&rDXHP&Ex&dxHP_equip/RB-dxHP_equip-spltHP-SEER-BA-rDXHP-LRM-LSC-Correct-30%UC-AOE/instance-out.sql,CZ10,DMo,weighted,rDXHP,Ex,dxHP_equip,,RB-dxHP_equip-spltHP-SEER-BA-rDXHP-LRM-LSC-Correct-30%UC-AOE,DMo&0&rDXHP&Ex&dxHP_equip,RB-dxHP_equip-spltHP-SEER-BA-rDXHP-LRM-LSC-Correct-30%UC-AOE,48.61,97.04,33651.91,67181.98,33651.92,1946.95,2015.03,3129.96,0.0,12980.689999999999,0.0,2480.98,0.0,0.0,0.0,0.0,11098.31,0.0,0.0,1946.95,2015.03,0.0,0.0,5167.03,7813.66,0.0,0.0,230.77,16728026.515139949
runs/CZ10/DMo&0&rDXGF&Ex&dxAC_equip/RB-dxAC_equip-spltAC-SEER-BA-rDXGF-LRM-LSC-Correct-15%UC-AOE/instance-out.sql,CZ10,DMo,weighted,rDXGF,Ex,dxAC_equip,,RB-dxAC_equip-spltAC-SEER-BA-rDXGF-LRM-LSC-Correct-15%UC-AOE,DMo&0&rDXGF&Ex&dxAC_equip,RB-dxAC_equip-spltAC-SEER-BA-rDXGF-LRM-LSC-Correct-15%UC-AOE,56.61,102.56,39193.3,71003.27,39193.31,6579.94,3173.76,3129.96,0.0,12980.689999999999,0.0,2219.95,0.0,0.0,0.0,0.0,11109.01,0.0,0.0,0.0,3173.76,6579.94,0.0,5167.03,7813.66,0.0,0.0,230.77,20996796.896106582
runs/CZ11/DMo&0&rDXGF&Ex&dxAC_equip/RB-dxAC_equip-spltAC-SEER-BA-rDXGF-NoLRM-AOE/instance-out.sql,CZ11,DMo,weighted,rDXGF,Ex,dxAC_equip,,RB-dxAC_equip-spltAC-SEER-BA-rDXGF-NoLRM-AOE,DMo&0&rDXGF&Ex&dxAC_equip,RB-dxAC_equip-spltAC-SEER-BA-rDXGF-NoLRM-AOE,71.3,131.55,49361.29,91073.14,49361.29,12274.32,6583.91,3129.96,0.0,12980.689999999999,0.0,3153.42,0.0,0.0,0.0,0.0,11238.99,0.0,0.0,0.0,6583.91,12274.32,0.0,5167.03,7813.66,0.0,6.67,230.77,28657491.291821614
runs/CZ11/DMo&0&rDXGF&Ex&dxAC_equip/RB-dxAC_equip-spltAC-SEER-BA-rDXGF-LRM-LSC-Correct-0%UC-NR/instance-out.sql,CZ11,DMo,weighted,rDXGF,Ex,dxAC_equip,,RB-dxAC_equip-spltAC-SEER-BA-rDXGF-LRM-LSC-Correct-0%UC-NR,DMo&0&rDXGF&Ex&dxAC_equip,RB-dxAC_equip-spltAC-SEER-BA-rDXGF-LRM-LSC-Correct-0%UC-NR,69.56,126.04,48156.02,87256.03,48156.020000000004,12274.32,5378.63,3129.96,0.0,12980.689999999999,0.0,3153.42,0.0,0.0,0.0,0.0,11238.99,0.0,0.0,0.0,5378.63,12274.32,0.0,5167.03,7813.66,0.0,6.67,230.77,25153595.14360577
runs/CZ11/DMo&0&rDXGF&Ex&dxAC_equip/RB-dxAC_equip-spltAC-SEER-BA-rDXGF-LRM-LSC-Correct-40%UC-AOE/instance-out.sql,CZ11,DMo,weighted,rDXGF,Ex,dxAC_equip,,RB-dxAC_equip-spltAC-SEER-BA-rDXGF-LRM-LSC-Correct-40%UC-AOE,DMo&0&rDXGF&Ex&dxAC_equip,RB-dxAC_equip-spltAC-SEER-BA-rDXGF-LRM-LSC-Correct-40%UC-AOE,64.51,110.06,44663.54,76195.36,44663.54,12274.32,1886.16,3129.96,0.0,12980.689999999999,0.0,3153.42,0.0,0.0,0.0,0.0,11238.99,0.0,0.0,0.0,1886.16,12274.32,0.0,5167.03,7813.66,0.0,6.67,230.77,15000510.67970061
runs/CZ10/DMo&0&rDXHP&Ex&dxHP_equip/RB-dxHP_equip-spltHP-SEER-BA-rDXHP-NoLRM-NC/instance-out.sql,CZ10,DMo,weighted,rDXHP,Ex,dxHP_equip,,RB-dxHP_equip-spltHP-SEER-BA-rDXHP-NoLRM-NC,DMo&0&rDXHP&Ex&dxHP_equip,RB-dxHP_equip-spltHP-SEER-BA-rDXHP-NoLRM-NC,51.41,105.9,35589.51,73318.35,35589.51,1988.66,3910.91,3129.96,0.0,12980.689999999999,0.0,2480.98,0.0,0.0,0.0,0.0,11098.31,0.0,0.0,1988.66,3910.91,0.0,0.0,5167.03,7813.66,0.0,0.0,230.77,23705837.111023635
runs/CZ10/DMo&0&rDXHP&Ex&dxHP_equip/RB-dxHP_equip-spltHP-SEER-BA-rDXHP-LRM-LSC-Correct-40%UC-AOE/instance-out.sql,CZ10,DMo,weighted,rDXHP,Ex,dxHP_equip,,RB-dxHP_equip-spltHP-SEER-BA-rDXHP-LRM-LSC-Correct-40%UC-AOE,DMo&0&rDXHP&Ex&dxHP_equip,RB-dxHP_equip-spltHP-SEER-BA-rDXHP-LRM-LSC-Correct-40%UC-AOE,47.23,92.69,32701.34,64171.51,32701.340000000004,1769.6,1241.8,3129.96,0.0,12980.689999999999,0.0,2480.98,0.0,0.0,0.0,0.0,11098.31,0.0,0.0,1769.6,1241.8,0.0,0.0,5167.03,7813.66,0.0,0.0,230.77,13882178.244173065
runs/CZ10/DMo&0&rDXHP&Ex&dxHP_equip/RB-dxHP_equip-spltHP-SEER-BA-rDXHP-LRM-LSC-Correct-22.5%UC-AOE/instance-out.sql,CZ10,DMo,weighted,rDXHP,Ex,dxHP_equip,,RB-dxHP_equip-spltHP-SEER-BA-rDXHP-LRM-LSC-Correct-22.5%UC-AOE,DMo&0&rDXHP&Ex&dxHP_equip,RB-dxHP_equip-spltHP-SEER-BA-rDXHP-LRM-LSC-Correct-22.5%UC-AOE,49.64,100.3,34364.85,69439.84,34364.85,2079.97,2594.94,3129.96,0.0,12980.689999999999,0.0,2480.98,0.0,0.0,0.0,0.0,11098.31,0.0,0.0,2079.97,2594.94,0.0,0.0,5167.03,7813.66,0.0,0.0,230.77,18862412.718263164
runs/CZ11/DMo&0&rDXGF&Ex&dxAC_equip/RB-dxAC_equip-spltAC-SEER-BA-rDXGF-LRM-LSC-Correct-15%UC-AOE/instance-out.sql,CZ11,DMo,weighted,rDXGF,Ex,dxAC_equip,,RB-dxAC_equip-spltAC-SEER-BA-rDXGF-LRM-LSC-Correct-15%UC-AOE,DMo&0&rDXGF&Ex&dxAC_equip,RB-dxAC_equip-spltAC-SEER-BA-rDXGF-LRM-LSC-Correct-15%UC-AOE,68.75,123.49,47599.64,85493.97,47599.64,12274.32,4822.25,3129.96,0.0,12980.689999999999,0.0,3153.42,0.0,0.0,0.0,0.0,11238.99,0.0,0.0,0.0,4822.25,12274.32,0.0,5167.03,7813.66,0.0,6.67,230.77,23536123.563271947
runs/CZ11/DMo&0&rDXHP&Ex&dxHP_equip/RB-dxHP_equip-spltHP-SEER-BA-rDXHP-LRM-LSC-Correct-15%UC-AOE/instance-out.sql,CZ11,DMo,weighted,rDXHP,Ex,dxHP_equip,,RB-dxHP_equip-spltHP-SEER-BA-rDXHP-LRM-LSC-Correct-15%UC-AOE,DMo&0&rDXHP&Ex&dxHP_equip,RB-dxHP_equip-spltHP-SEER-BA-rDXHP-LRM-LSC-Correct-15%UC-AOE,57.68,125.39,39930.32,86807.02,39930.32,4122.84,4823.55,3129.96,0.0,12980.689999999999,0.0,3650.8,0.0,0.0,0.0,0.0,11222.49,0.0,0.0,4122.84,4823.55,0.0,0.0,5167.03,7813.66,0.0,6.67,230.77,23536122.843504466
runs/CZ10/DMo&0&rDXHP&Ex&dxHP_equip/RB-dxHP_equip-spltHP-SEER-BA-rDXHP-LRM-LSC-Correct-0%UC-AOE/instance-out.sql,CZ10,DMo,weighted,rDXHP,Ex,dxHP_equip,,RB-dxHP_equip-spltHP-SEER-BA-rDXHP-LRM-LSC-Correct-0%UC-AOE,DMo&0&rDXHP&Ex&dxHP_equip,RB-dxHP_equip-spltHP-SEER-BA-rDXHP-LRM-LSC-Correct-0%UC-AOE,52.0,107.78,35999.83,74617.85,35999.84,2385.01,3924.89,3129.96,0.0,12980.689999999999,0.0,2480.98,0.0,0.0,0.0,0.0,11098.31,0.0,0.0,2385.01,3924.89,0.0,0.0,5167.03,7813.66,0.0,0.0,230.77,23757271.746228404
runs/CZ10/DMo&0&rDXHP&Ex&dxHP_equip/RB-dxHP_equip-spltHP-SEER-BA-rDXHP-NoLRM-AOE/instance-out.sql,CZ10,DMo,weighted,rDXHP,Ex,dxHP_equip,,RB-dxHP_equip-spltHP-SEER-BA-rDXHP-NoLRM-AOE,DMo&0&rDXHP&Ex&dxHP_equip,RB-dxHP_equip-spltHP-SEER-BA-rDXHP-NoLRM-AOE,52.73,110.09,36503.64,76213.4,36503.64,2479.01,4334.7,3129.96,0.0,12980.689999999999,0.0,2480.98,0.0,0.0,0.0,0.0,11098.31,0.0,0.0,2479.01,4334.7,0.0,0.0,5167.03,7813.66,0.0,0.0,230.77,25265571.327964183
runs/CZ10/DMo&0&rDXGF&Ex&dxAC_equip/RB-dxAC_equip-spltAC-SEER-BA-rDXGF-LRM-LSC-Correct-40%UC-AOE/instance-out.sql,CZ10,DMo,weighted,rDXGF,Ex,dxAC_equip,,RB-dxAC_equip-spltAC-SEER-BA-rDXGF-LRM-LSC-Correct-40%UC-AOE,DMo&0&rDXGF&Ex&dxAC_equip,RB-dxAC_equip-spltAC-SEER-BA-rDXGF-LRM-LSC-Correct-40%UC-AOE,53.82,93.72,37260.92,64883.39,37260.92,6579.94,1241.37,3129.96,0.0,12980.689999999999,0.0,2219.95,0.0,0.0,0.0,0.0,11109.01,0.0,0.0,0.0,1241.37,6579.94,0.0,5167.03,7813.66,0.0,0.0,230.77,13882176.794094842
runs/CZ11/DMo&0&rDXGF&Ex&dxAC_equip/RB-dxAC_equip-spltAC-SEER-BA-rDXGF-LRM-LSC-Correct-22.5%UC-AOE/instance-out.sql,CZ11,DMo,weighted,rDXGF,Ex,dxAC_equip,,RB-dxAC_equip-spltAC-SEER-BA-rDXGF-LRM-LSC-Correct-22.5%UC-AOE,DMo&0&rDXGF&Ex&dxAC_equip,RB-dxAC_equip-spltAC-SEER-BA-rDXGF-LRM-LSC-Correct-22.5%UC-AOE,67.48,119.46,46718.81,82704.39,46718.81,12274.32,3941.43,3129.96,0.0,12980.689999999999,0.0,3153.42,0.0,0.0,0.0,0.0,11238.99,0.0,0.0,0.0,3941.43,12274.32,0.0,5167.03,7813.66,0.0,6.67,230.77,20975439.69742135
runs/CZ11/DMo&0&rDXHP&Ex&dxHP_equip/RB-dxHP_equip-spltHP-SEER-BA-rDXHP-LRM-LSC-Correct-30%UC-AOE/instance-out.sql,CZ11,DMo,weighted,rDXHP,Ex,dxHP_equip,,RB-dxHP_equip-spltHP-SEER-BA-rDXHP-LRM-LSC-Correct-30%UC-AOE,DMo&0&rDXHP&Ex&dxHP_equip,RB-dxHP_equip-spltHP-SEER-BA-rDXHP-LRM-LSC-Correct-30%UC-AOE,54.43,115.12,37685.15,79696.58,37685.16,3639.8,3061.42,3129.96,0.0,12980.689999999999,0.0,3650.8,0.0,0.0,0.0,0.0,11222.49,0.0,0.0,3639.8,3061.42,0.0,0.0,5167.03,7813.66,0.0,6.67,230.77,18414755.368234936
runs/CZ11/DMo&0&rDXHP&Ex&dxHP_equip/RB-dxHP_equip-spltHP-SEER-BA-rDXHP-LRM-LSC-Correct-22.5%UC-AOE/instance-out.sql,CZ11,DMo,weighted,rDXHP,Ex,dxHP_equip,,RB-dxHP_equip-spltHP-SEER-BA-rDXHP-LRM-LSC-Correct-22.5%UC-AOE,DMo&0&rDXHP&Ex&dxHP_equip,RB-dxHP_equip-spltHP-SEER-BA-rDXHP-LRM-LSC-Correct-22.5%UC-AOE,56.06,120.25,38807.73,83251.8,38807.740000000005,3881.32,3942.48,3129.96,0.0,12980.689999999999,0.0,3650.8,0.0,0.0,0.0,0.0,11222.49,0.0,0.0,3881.32,3942.48,0.0,0.0,5167.03,7813.66,0.0,6.67,230.77,20975439.105278187
runs/CZ11/DMo&0&rDXGF&Ex&dxAC_equip/RB-dxAC_equip-spltAC-SEER-BA-rDXGF-LRM-LSC-Correct-7.5%UC-AOE/instance-out.sql,CZ11,DMo,weighted,rDXGF,Ex,dxAC_equip,,RB-dxAC_equip-spltAC-SEER-BA-rDXGF-LRM-LSC-Correct-7.5%UC-AOE,DMo&0&rDXGF&Ex&dxAC_equip,RB-dxAC_equip-spltAC-SEER-BA-rDXGF-LRM-LSC-Correct-7.5%UC-AOE,70.03,127.52,48480.47,88283.55,48480.46000000001,12274.32,5703.08,3129.96,0.0,12980.689999999999,0.0,3153.42,0.0,0.0,0.0,0.0,11238.99,0.0,0.0,0.0,5703.08,12274.32,0.0,5167.03,7813.66,0.0,6.67,230.77,26096807.42697732
runs/CZ11/DMo&0&rDXGF&Ex&dxAC_equip/RB-dxAC_equip-spltAC-SEER-BA-rDXGF-LRM-LSC-Correct-30%UC-AOE/instance-out.sql,CZ11,DMo,weighted,rDXGF,Ex,dxAC_equip,,RB-dxAC_equip-spltAC-SEER-BA-rDXGF-LRM-LSC-Correct-30%UC-AOE,DMo&0&rDXGF&Ex&dxAC_equip,RB-dxAC_equip-spltAC-SEER-BA-rDXGF-LRM-LSC-Correct-30%UC-AOE,66.21,115.43,45837.98,79914.8,45837.98,12274.32,3060.6,3129.96,0.0,12980.689999999999,0.0,3153.42,0.0,0.0,0.0,0.0,11238.99,0.0,0.0,0.0,3060.6,12274.32,0.0,5167.03,7813.66,0.0,6.67,230.77,18414755.832753778
runs/CZ11/DMo&0&rDXGF&Ex&dxAC_equip/RB-dxAC_equip-spltAC-SEER-BA-rDXGF-NoLRM-NR/instance-out.sql,CZ11,DMo,weighted,rDXGF,Ex,dxAC_equip,,RB-dxAC_equip-spltAC-SEER-BA-rDXGF-NoLRM-NR,DMo&0&rDXGF&Ex&dxAC_equip,RB-dxAC_equip-spltAC-SEER-BA-rDXGF-NoLRM-NR,70.37,128.6,48717.62,89034.61,48717.61,12274.32,5940.23,3129.96,0.0,12980.689999999999,0.0,3153.42,0.0,0.0,0.0,0.0,11238.99,0.0,0.0,0.0,5940.23,12274.32,0.0,5167.03,7813.66,0.0,6.67,230.77,26786233.76745923
runs/CZ11/DMo&0&rDXHP&Ex&dxHP_equip/RB-dxHP_equip-spltHP-SEER-BA-rDXHP-NoLRM-NC/instance-out.sql,CZ11,DMo,weighted,rDXHP,Ex,dxHP_equip,,RB-dxHP_equip-spltHP-SEER-BA-rDXHP-NoLRM-NC,DMo&0&rDXHP&Ex&dxHP_equip,RB-dxHP_equip-spltHP-SEER-BA-rDXHP-NoLRM-NC,58.7,128.64,40641.29,89058.68,40641.3,3715.54,5941.82,3129.96,0.0,12980.689999999999,0.0,3650.8,0.0,0.0,0.0,0.0,11222.49,0.0,0.0,3715.54,5941.82,0.0,0.0,5167.03,7813.66,0.0,6.67,230.77,26786232.88570647
runs/CZ11/DMo&0&rDXHP&Ex&dxHP_equip/RB-dxHP_equip-spltHP-SEER-BA-rDXHP-LRM-LSC-Correct-7.5%UC-AOE/instance-out.sql,CZ11,DMo,weighted,rDXHP,Ex,dxHP_equip,,RB-dxHP_equip-spltHP-SEER-BA-rDXHP-LRM-LSC-Correct-7.5%UC-AOE,DMo&0&rDXHP&Ex&dxHP_equip,RB-dxHP_equip-spltHP-SEER-BA-rDXHP-LRM-LSC-Correct-7.5%UC-AOE,59.3,130.52,41052.9,90362.24,41052.9,4364.36,5704.61,3129.96,0.0,12980.689999999999,0.0,3650.8,0.0,0.0,0.0,0.0,11222.49,0.0,0.0,4364.36,5704.61,0.0,0.0,5167.03,7813.66,0.0,6.67,230.77,26096806.57958553
runs/CZ11/DMo&0&rDXHP&Ex&dxHP_equip/RB-dxHP_equip-spltHP-SEER-BA-rDXHP-LRM-LSC-Correct-40%UC-AOE/instance-out.sql,CZ11,DMo,weighted,rDXHP,Ex,dxHP_equip,,RB-dxHP_equip-spltHP-SEER-BA-rDXHP-LRM-LSC-Correct-40%UC-AOE,DMo&0&rDXHP&Ex&dxHP_equip,RB-dxHP_equip-spltHP-SEER-BA-rDXHP-LRM-LSC-Correct-40%UC-AOE,52.27,108.27,36188.38,74956.29,36188.380000000005,3317.78,1886.66,3129.96,0.0,12980.689999999999,0.0,3650.8,0.0,0.0,0.0,0.0,11222.49,0.0,0.0,3317.78,1886.66,0.0,0.0,5167.03,7813.66,0.0,6.67,230.77,15000510.385347517
runs/CZ11/DMo&0&rDXHP&Ex&dxHP_equip/RB-dxHP_equip-spltHP-SEER-BA-rDXHP-LRM-LSC-Correct-0%UC-AOE/instance-out.sql,CZ11,DMo,weighted,rDXHP,Ex,dxHP_equip,,RB-dxHP_equip-spltHP-SEER-BA-rDXHP-LRM-LSC-Correct-0%UC-AOE,DMo&0&rDXHP&Ex&dxHP_equip,RB-dxHP_equip-spltHP-SEER-BA-rDXHP-LRM-LSC-Correct-0%UC-AOE,59.77,132.03,41382.19,91405.1,41382.19,4435.2,5963.06,3129.96,0.0,12980.689999999999,0.0,3650.8,0.0,0.0,0.0,0.0,11222.49,0.0,0.0,4435.2,5963.06,0.0,0.0,5167.03,7813.66,0.0,6.67,230.77,26847940.47812666
runs/CZ11/DMo&0&rDXHP&Ex&dxHP_equip/RB-dxHP_equip-spltHP-SEER-BA-rDXHP-LRM-LSC-Correct-0%UC-NR/instance-out.sql,CZ11,DMo,weighted,rDXHP,Ex,dxHP_equip,,RB-dxHP_equip-spltHP-SEER-BA-rDXHP-LRM-LSC-Correct-0%UC-NR,DMo&0&rDXHP&Ex&dxHP_equip,RB-dxHP_equip-spltHP-SEER-BA-rDXHP-LRM-LSC-Correct-0%UC-NR,57.7,125.45,39943.93,86850.14,39943.94,3579.92,5380.08,3129.96,0.0,12980.689999999999,0.0,3650.8,0.0,0.0,0.0,0.0,11222.49,0.0,0.0,3579.92,5380.08,0.0,0.0,5167.03,7813.66,0.0,6.67,230.77,25153594.343223616
runs/CZ12/DMo&0&rDXGF&Ex&dxAC_equip/RB-dxAC_equip-spltAC-SEER-BA-rDXGF-LRM-LSC-Correct-0%UC-NR/instance-out.sql,CZ12,DMo,weighted,rDXGF,Ex,dxAC_equip,,RB-dxAC_equip-spltAC-SEER-BA-rDXGF-LRM-LSC-Correct-0%UC-NR,DMo&0&rDXGF&Ex&dxAC_equip,RB-dxAC_equip-spltAC-SEER-BA-rDXGF-LRM-LSC-Correct-0%UC-NR,65.49,112.78,45337.95,78078.58,45337.95,12366.78,3291.87,3129.96,0.0,12980.689999999999,0.0,2300.84,0.0,0.0,0.0,0.0,11267.82,0.0,0.0,0.0,3291.87,12366.78,0.0,5167.03,7813.66,0.0,0.17,230.77,21599612.624980316
runs/CZ11/DMo&0&rDXHP&Ex&dxHP_equip/RB-dxHP_equip-spltHP-SEER-BA-rDXHP-LRM-LSC-Correct-0%UC-NC/instance-out.sql,CZ11,DMo,weighted,rDXHP,Ex,dxHP_equip,,RB-dxHP_equip-spltHP-SEER-BA-rDXHP-LRM-LSC-Correct-0%UC-NC,DMo&0&rDXHP&Ex&dxHP_equip,RB-dxHP_equip-spltHP-SEER-BA-rDXHP-LRM-LSC-Correct-0%UC-NC,57.7,125.45,39943.93,86850.14,39943.94,3579.92,5380.08,3129.96,0.0,12980.689999999999,0.0,3650.8,0.0,0.0,0.0,0.0,11222.49,0.0,0.0,3579.92,5380.08,0.0,0.0,5167.03,7813.66,0.0,6.67,230.77,25153594.343223616
runs/CZ12/DMo&0&rDXGF&Ex&dxAC_equip/RB-dxAC_equip-spltAC-SEER-BA-rDXGF-LRM-LSC-Correct-0%UC-AOE/instance-out.sql,CZ12,DMo,weighted,rDXGF,Ex,dxAC_equip,,RB-dxAC_equip-spltAC-SEER-BA-rDXGF-LRM-LSC-Correct-0%UC-AOE,DMo&0&rDXGF&Ex&dxAC_equip,RB-dxAC_equip-spltAC-SEER-BA-rDXGF-LRM-LSC-Correct-0%UC-AOE,66.0,114.41,45694.66,79208.26,45694.65,12366.78,3648.57,3129.96,0.0,12980.689999999999,0.0,2300.84,0.0,0.0,0.0,0.0,11267.82,0.0,0.0,0.0,3648.57,12366.78,0.0,5167.03,7813.66,0.0,0.17,230.77,22933823.68459455
runs/CZ12/DMo&0&rDXGF&Ex&dxAC_equip/RB-dxAC_equip-spltAC-SEER-BA-rDXGF-NoLRM-AOE/instance-out.sql,CZ12,DMo,weighted,rDXGF,Ex,dxAC_equip,,RB-dxAC_equip-spltAC-SEER-BA-rDXGF-NoLRM-AOE,DMo&0&rDXGF&Ex&dxAC_equip,RB-dxAC_equip-spltAC-SEER-BA-rDXGF-NoLRM-AOE,66.55,116.15,46075.61,80414.75,46075.61,12366.78,4029.53,3129.96,0.0,12980.689999999999,0.0,2300.84,0.0,0.0,0.0,0.0,11267.82,0.0,0.0,0.0,4029.53,12366.78,0.0,5167.03,7813.66,0.0,0.17,230.77,24358751.778066203
runs/CZ11/DMo&0&rDXHP&Ex&dxHP_equip/RB-dxHP_equip-spltHP-SEER-BA-rDXHP-NoLRM-NR/instance-out.sql,CZ11,DMo,weighted,rDXHP,Ex,dxHP_equip,,RB-dxHP_equip-spltHP-SEER-BA-rDXHP-NoLRM-NR,DMo&0&rDXHP&Ex&dxHP_equip,RB-dxHP_equip-spltHP-SEER-BA-rDXHP-NoLRM-NR,58.7,128.64,40641.29,89058.68,40641.3,3715.54,5941.82,3129.96,0.0,12980.689999999999,0.0,3650.8,0.0,0.0,0.0,0.0,11222.49,0.0,0.0,3715.54,5941.82,0.0,0.0,5167.03,7813.66,0.0,6.67,230.77,26786232.88570647
runs/CZ12/DMo&0&rDXHP&Ex&dxHP_equip/RB-dxHP_equip-spltHP-SEER-BA-rDXHP-LRM-LSC-Correct-0%UC-NC/instance-out.sql,CZ12,DMo,weighted,rDXHP,Ex,dxHP_equip,,RB-dxHP_equip-spltHP-SEER-BA-rDXHP-LRM-LSC-Correct-0%UC-NC,DMo&0&rDXHP&Ex&dxHP_equip,RB-dxHP_equip-spltHP-SEER-BA-rDXHP-LRM-LSC-Correct-0%UC-NC,53.54,112.2,37065.32,77677.34,37065.32,3633.66,3293.18,3129.96,0.0,12980.689999999999,0.0,2778.35,0.0,0.0,0.0,0.0,11249.48,0.0,0.0,3633.66,3293.18,0.0,0.0,5167.03,7813.66,0.0,0.17,230.77,21599628.6658557
runs/CZ11/DMo&0&rDXHP&Ex&dxHP_equip/RB-dxHP_equip-spltHP-SEER-BA-rDXHP-NoLRM-AOE/instance-out.sql,CZ11,DMo,weighted,rDXHP,Ex,dxHP_equip,,RB-dxHP_equip-spltHP-SEER-BA-rDXHP-NoLRM-AOE,DMo&0&rDXHP&Ex&dxHP_equip,RB-dxHP_equip-spltHP-SEER-BA-rDXHP-NoLRM-AOE,60.92,135.66,42175.48,93917.46,42175.490000000005,4605.87,6585.67,3129.96,0.0,12980.689999999999,0.0,3650.8,0.0,0.0,0.0,0.0,11222.49,0.0,0.0,4605.87,6585.67,0.0,0.0,5167.03,7813.66,0.0,6.67,230.77,28657490.316805504
runs/CZ12/DMo&0&rDXHP&Ex&dxHP_equip/RB-dxHP_equip-spltHP-SEER-BA-rDXHP-LRM-LSC-Correct-7.5%UC-AOE/instance-out.sql,CZ12,DMo,weighted,rDXHP,Ex,dxHP_equip,,RB-dxHP_equip-spltHP-SEER-BA-rDXHP-LRM-LSC-Correct-7.5%UC-AOE,DMo&0&rDXHP&Ex&dxHP_equip,RB-dxHP_equip-spltHP-SEER-BA-rDXHP-LRM-LSC-Correct-7.5%UC-AOE,54.99,116.78,38067.46,80851.11,38067.46,4437.15,3491.83,3129.96,0.0,12980.689999999999,0.0,2778.35,0.0,0.0,0.0,0.0,11249.48,0.0,0.0,4437.15,3491.83,0.0,0.0,5167.03,7813.66,0.0,0.17,230.77,22342360.868771553
runs/CZ12/DMo&0&rDXGF&Ex&dxAC_equip/RB-dxAC_equip-spltAC-SEER-BA-rDXGF-LRM-LSC-Correct-7.5%UC-AOE/instance-out.sql,CZ12,DMo,weighted,rDXGF,Ex,dxAC_equip,,RB-dxAC_equip-spltAC-SEER-BA-rDXGF-LRM-LSC-Correct-7.5%UC-AOE,DMo&0&rDXGF&Ex&dxAC_equip,RB-dxAC_equip-spltAC-SEER-BA-rDXGF-LRM-LSC-Correct-7.5%UC-AOE,65.77,113.69,45536.52,78707.45,45536.520000000004,12366.78,3490.44,3129.96,0.0,12980.689999999999,0.0,2300.84,0.0,0.0,0.0,0.0,11267.82,0.0,0.0,0.0,3490.44,12366.78,0.0,5167.03,7813.66,0.0,0.17,230.77,22342344.096073464
runs/CZ12/DMo&0&rDXHP&Ex&dxHP_equip/RB-dxHP_equip-spltHP-SEER-BA-rDXHP-NoLRM-AOE/instance-out.sql,CZ12,DMo,weighted,rDXHP,Ex,dxHP_equip,,RB-dxHP_equip-spltHP-SEER-BA-rDXHP-NoLRM-AOE,DMo&0&rDXHP&Ex&dxHP_equip,RB-dxHP_equip-spltHP-SEER-BA-rDXHP-NoLRM-AOE,56.12,120.38,38854.14,83342.56,38854.149999999994,4684.53,4031.13,3129.96,0.0,12980.689999999999,0.0,2778.35,0.0,0.0,0.0,0.0,11249.48,0.0,0.0,4684.53,4031.13,0.0,0.0,5167.03,7813.66,0.0,0.17,230.77,24358770.537556253
runs/CZ12/DMo&0&rDXGF&Ex&dxAC_equip/RB-dxAC_equip-spltAC-SEER-BA-rDXGF-LRM-LSC-Correct-30%UC-AOE/instance-out.sql,CZ12,DMo,weighted,rDXGF,Ex,dxAC_equip,,RB-dxAC_equip-spltAC-SEER-BA-rDXGF-LRM-LSC-Correct-30%UC-AOE,DMo&0&rDXGF&Ex&dxAC_equip,RB-dxAC_equip-spltAC-SEER-BA-rDXGF-LRM-LSC-Correct-30%UC-AOE,63.44,106.29,43919.25,73585.55,43919.25,12366.78,1873.17,3129.96,0.0,12980.689999999999,0.0,2300.84,0.0,0.0,0.0,0.0,11267.82,0.0,0.0,0.0,1873.17,12366.78,0.0,5167.03,7813.66,0.0,0.17,230.77,16293121.050338842
runs/CZ12/DMo&0&rDXHP&Ex&dxHP_equip/RB-dxHP_equip-spltHP-SEER-BA-rDXHP-NoLRM-NC/instance-out.sql,CZ12,DMo,weighted,rDXHP,Ex,dxHP_equip,,RB-dxHP_equip-spltHP-SEER-BA-rDXHP-NoLRM-NC,DMo&0&rDXHP&Ex&dxHP_equip,RB-dxHP_equip-spltHP-SEER-BA-rDXHP-NoLRM-NC,54.24,114.41,37548.07,79206.23,37548.07,3772.57,3637.03,3129.96,0.0,12980.689999999999,0.0,2778.35,0.0,0.0,0.0,0.0,11249.48,0.0,0.0,3772.57,3637.03,0.0,0.0,5167.03,7813.66,0.0,0.17,230.77,22885249.414268404
runs/CZ12/DMo&0&rDXGF&Ex&dxAC_equip/RB-dxAC_equip-spltAC-SEER-BA-rDXGF-LRM-LSC-Correct-40%UC-AOE/instance-out.sql,CZ12,DMo,weighted,rDXGF,Ex,dxAC_equip,,RB-dxAC_equip-spltAC-SEER-BA-rDXGF-LRM-LSC-Correct-40%UC-AOE,DMo&0&rDXGF&Ex&dxAC_equip,RB-dxAC_equip-spltAC-SEER-BA-rDXGF-LRM-LSC-Correct-40%UC-AOE,62.4,103.0,43200.46,71309.15,43200.46,12366.78,1154.38,3129.96,0.0,12980.689999999999,0.0,2300.84,0.0,0.0,0.0,0.0,11267.82,0.0,0.0,0.0,1154.38,12366.78,0.0,5167.03,7813.66,0.0,0.17,230.77,13604577.474405656
runs/CZ12/DMo&0&rDXHP&Ex&dxHP_equip/RB-dxHP_equip-spltHP-SEER-BA-rDXHP-LRM-LSC-Correct-0%UC-NR/instance-out.sql,CZ12,DMo,weighted,rDXHP,Ex,dxHP_equip,,RB-dxHP_equip-spltHP-SEER-BA-rDXHP-LRM-LSC-Correct-0%UC-NR,DMo&0&rDXHP&Ex&dxHP_equip,RB-dxHP_equip-spltHP-SEER-BA-rDXHP-LRM-LSC-Correct-0%UC-NR,53.54,112.2,37065.32,77677.34,37065.32,3633.66,3293.18,3129.96,0.0,12980.689999999999,0.0,2778.35,0.0,0.0,0.0,0.0,11249.48,0.0,0.0,3633.66,3293.18,0.0,0.0,5167.03,7813.66,0.0,0.17,230.77,21599628.6658557
runs/CZ12/DMo&0&rDXGF&Ex&dxAC_equip/RB-dxAC_equip-spltAC-SEER-BA-rDXGF-LRM-LSC-Correct-15%UC-AOE/instance-out.sql,CZ12,DMo,weighted,rDXGF,Ex,dxAC_equip,,RB-dxAC_equip-spltAC-SEER-BA-rDXGF-LRM-LSC-Correct-15%UC-AOE,DMo&0&rDXGF&Ex&dxAC_equip,RB-dxAC_equip-spltAC-SEER-BA-rDXGF-LRM-LSC-Correct-15%UC-AOE,65.0,111.22,44997.43,77000.15,44997.43,12366.78,2951.35,3129.96,0.0,12980.689999999999,0.0,2300.84,0.0,0.0,0.0,0.0,11267.82,0.0,0.0,0.0,2951.35,12366.78,0.0,5167.03,7813.66,0.0,0.17,230.77,20325936.41497757
runs/CZ12/DMo&0&rDXGF&Ex&dxAC_equip/RB-dxAC_equip-spltAC-SEER-BA-rDXGF-LRM-LSC-Correct-22.5%UC-AOE/instance-out.sql,CZ12,DMo,weighted,rDXGF,Ex,dxAC_equip,,RB-dxAC_equip-spltAC-SEER-BA-rDXGF-LRM-LSC-Correct-22.5%UC-AOE,DMo&0&rDXGF&Ex&dxAC_equip,RB-dxAC_equip-spltAC-SEER-BA-rDXGF-LRM-LSC-Correct-22.5%UC-AOE,64.22,108.76,44458.34,75292.85,44458.34,12366.78,2412.26,3129.96,0.0,12980.689999999999,0.0,2300.84,0.0,0.0,0.0,0.0,11267.82,0.0,0.0,0.0,2412.26,12366.78,0.0,5167.03,7813.66,0.0,0.17,230.77,18309528.73219242
runs/CZ13/DMo&0&rDXGF&Ex&dxAC_equip/RB-dxAC_equip-spltAC-SEER-BA-rDXGF-LRM-LSC-Correct-0%UC-NR/instance-out.sql,CZ13,DMo,weighted,rDXGF,Ex,dxAC_equip,,RB-dxAC_equip-spltAC-SEER-BA-rDXGF-LRM-LSC-Correct-0%UC-NR,DMo&0&rDXGF&Ex&dxAC_equip,RB-dxAC_equip-spltAC-SEER-BA-rDXGF-LRM-LSC-Correct-0%UC-NR,67.36,124.98,46631.86,86526.22,46631.86,10408.51,5734.81,3129.96,0.0,12980.689999999999,0.0,3240.06,0.0,0.0,0.0,0.0,11137.83,0.0,0.0,0.0,5734.81,10408.51,0.0,5167.03,7813.66,0.0,5.17,230.77,26865652.220641136
runs/CZ12/DMo&0&rDXHP&Ex&dxHP_equip/RB-dxHP_equip-spltHP-SEER-BA-rDXHP-LRM-LSC-Correct-30%UC-AOE/instance-out.sql,CZ12,DMo,weighted,rDXHP,Ex,dxHP_equip,,RB-dxHP_equip-spltHP-SEER-BA-rDXHP-LRM-LSC-Correct-30%UC-AOE,DMo&0&rDXHP&Ex&dxHP_equip,RB-dxHP_equip-spltHP-SEER-BA-rDXHP-LRM-LSC-Correct-30%UC-AOE,51.58,105.99,35707.39,73376.77,35707.39,3694.99,1873.91,3129.96,0.0,12980.689999999999,0.0,2778.35,0.0,0.0,0.0,0.0,11249.48,0.0,0.0,3694.99,1873.91,0.0,0.0,5167.03,7813.66,0.0,0.17,230.77,16293131.862661043
runs/CZ13/DMo&0&rDXGF&Ex&dxAC_equip/RB-dxAC_equip-spltAC-SEER-BA-rDXGF-LRM-LSC-Correct-30%UC-AOE/instance-out.sql,CZ13,DMo,weighted,rDXGF,Ex,dxAC_equip,,RB-dxAC_equip-spltAC-SEER-BA-rDXGF-LRM-LSC-Correct-30%UC-AOE,DMo&0&rDXGF&Ex&dxAC_equip,RB-dxAC_equip-spltAC-SEER-BA-rDXGF-LRM-LSC-Correct-30%UC-AOE,63.79,113.68,44160.32,78698.86,44160.32,10408.51,3263.27,3129.96,0.0,12980.689999999999,0.0,3240.06,0.0,0.0,0.0,0.0,11137.83,0.0,0.0,0.0,3263.27,10408.51,0.0,5167.03,7813.66,0.0,5.17,230.77,19389587.06512122
runs/CZ12/DMo&0&rDXGF&Ex&dxAC_equip/RB-dxAC_equip-spltAC-SEER-BA-rDXGF-NoLRM-NR/instance-out.sql,CZ12,DMo,weighted,rDXGF,Ex,dxAC_equip,,RB-dxAC_equip-spltAC-SEER-BA-rDXGF-NoLRM-NR,DMo&0&rDXGF&Ex&dxAC_equip,RB-dxAC_equip-spltAC-SEER-BA-rDXGF-NoLRM-NR,65.98,114.35,45681.66,79167.12,45681.66,12366.78,3635.58,3129.96,0.0,12980.689999999999,0.0,2300.84,0.0,0.0,0.0,0.0,11267.82,0.0,0.0,0.0,3635.58,12366.78,0.0,5167.03,7813.66,0.0,0.17,230.77,22885232.106655903
runs/CZ12/DMo&0&rDXHP&Ex&dxHP_equip/RB-dxHP_equip-spltHP-SEER-BA-rDXHP-LRM-LSC-Correct-22.5%UC-AOE/instance-out.sql,CZ12,DMo,weighted,rDXHP,Ex,dxHP_equip,,RB-dxHP_equip-spltHP-SEER-BA-rDXHP-LRM-LSC-Correct-22.5%UC-AOE,DMo&0&rDXHP&Ex&dxHP_equip,RB-dxHP_equip-spltHP-SEER-BA-rDXHP-LRM-LSC-Correct-22.5%UC-AOE,52.71,109.59,36494.08,75868.22,36494.08,3942.38,2413.22,3129.96,0.0,12980.689999999999,0.0,2778.35,0.0,0.0,0.0,0.0,11249.48,0.0,0.0,3942.38,2413.22,0.0,0.0,5167.03,7813.66,0.0,0.17,230.77,18309541.53130658
runs/CZ12/DMo&0&rDXHP&Ex&dxHP_equip/RB-dxHP_equip-spltHP-SEER-BA-rDXHP-LRM-LSC-Correct-0%UC-AOE/instance-out.sql,CZ12,DMo,weighted,rDXHP,Ex,dxHP_equip,,RB-dxHP_equip-spltHP-SEER-BA-rDXHP-LRM-LSC-Correct-0%UC-AOE,DMo&0&rDXHP&Ex&dxHP_equip,RB-dxHP_equip-spltHP-SEER-BA-rDXHP-LRM-LSC-Correct-0%UC-AOE,55.32,117.84,38298.22,81581.94,38298.22,4509.71,3650.02,3129.96,0.0,12980.689999999999,0.0,2778.35,0.0,0.0,0.0,0.0,11249.48,0.0,0.0,4509.71,3650.02,0.0,0.0,5167.03,7813.66,0.0,0.17,230.77,22933841.040084943
runs/CZ13/DMo&0&rDXGF&Ex&dxAC_equip/RB-dxAC_equip-spltAC-SEER-BA-rDXGF-LRM-LSC-Correct-22.5%UC-AOE/instance-out.sql,CZ13,DMo,weighted,rDXGF,Ex,dxAC_equip,,RB-dxAC_equip-spltAC-SEER-BA-rDXGF-LRM-LSC-Correct-22.5%UC-AOE,DMo&0&rDXGF&Ex&dxAC_equip,RB-dxAC_equip-spltAC-SEER-BA-rDXGF-LRM-LSC-Correct-22.5%UC-AOE,65.14,117.97,45099.48,81673.17,45099.479999999996,10408.51,4202.43,3129.96,0.0,12980.689999999999,0.0,3240.06,0.0,0.0,0.0,0.0,11137.83,0.0,0.0,0.0,4202.43,10408.51,0.0,5167.03,7813.66,0.0,5.17,230.77,22230408.537761874
runs/CZ12/DMo&0&rDXHP&Ex&dxHP_equip/RB-dxHP_equip-spltHP-SEER-BA-rDXHP-LRM-LSC-Correct-15%UC-AOE/instance-out.sql,CZ12,DMo,weighted,rDXHP,Ex,dxHP_equip,,RB-dxHP_equip-spltHP-SEER-BA-rDXHP-LRM-LSC-Correct-15%UC-AOE,DMo&0&rDXHP&Ex&dxHP_equip,RB-dxHP_equip-spltHP-SEER-BA-rDXHP-LRM-LSC-Correct-15%UC-AOE,53.85,113.19,37280.77,78359.67,37280.770000000004,4189.76,2952.52,3129.96,0.0,12980.689999999999,0.0,2778.35,0.0,0.0,0.0,0.0,11249.48,0.0,0.0,4189.76,2952.52,0.0,0.0,5167.03,7813.66,0.0,0.17,230.77,20325951.200883694
runs/CZ13/DMo&0&rDXGF&Ex&dxAC_equip/RB-dxAC_equip-spltAC-SEER-BA-rDXGF-LRM-LSC-Correct-7.5%UC-AOE/instance-out.sql,CZ13,DMo,weighted,rDXGF,Ex,dxAC_equip,,RB-dxAC_equip-spltAC-SEER-BA-rDXGF-LRM-LSC-Correct-7.5%UC-AOE,DMo&0&rDXGF&Ex&dxAC_equip,RB-dxAC_equip-spltAC-SEER-BA-rDXGF-LRM-LSC-Correct-7.5%UC-AOE,67.86,126.56,46977.79,87621.79,46977.79,10408.51,6080.74,3129.96,0.0,12980.689999999999,0.0,3240.06,0.0,0.0,0.0,0.0,11137.83,0.0,0.0,0.0,6080.74,10408.51,0.0,5167.03,7813.66,0.0,5.17,230.77,27912051.483288176
runs/CZ13/DMo&0&rDXGF&Ex&dxAC_equip/RB-dxAC_equip-spltAC-SEER-BA-rDXGF-LRM-LSC-Correct-40%UC-AOE/instance-out.sql,CZ13,DMo,weighted,rDXGF,Ex,dxAC_equip,,RB-dxAC_equip-spltAC-SEER-BA-rDXGF-LRM-LSC-Correct-40%UC-AOE,DMo&0&rDXGF&Ex&dxAC_equip,RB-dxAC_equip-spltAC-SEER-BA-rDXGF-LRM-LSC-Correct-40%UC-AOE,61.98,107.95,42908.11,74733.11,42908.11,10408.51,2011.06,3129.96,0.0,12980.689999999999,0.0,3240.06,0.0,0.0,0.0,0.0,11137.83,0.0,0.0,0.0,2011.06,10408.51,0.0,5167.03,7813.66,0.0,5.17,230.77,15601825.101419423
runs/CZ13/DMo&0&rDXHP&Ex&dxHP_equip/RB-dxHP_equip-spltHP-SEER-BA-rDXHP-LRM-LSC-Correct-0%UC-AOE/instance-out.sql,CZ13,DMo,weighted,rDXHP,Ex,dxHP_equip,,RB-dxHP_equip-spltHP-SEER-BA-rDXHP-LRM-LSC-Correct-0%UC-AOE,DMo&0&rDXHP&Ex&dxHP_equip,RB-dxHP_equip-spltHP-SEER-BA-rDXHP-LRM-LSC-Correct-0%UC-AOE,59.3,130.83,41053.36,90573.17,41053.369999999995,3801.43,6357.46,3129.96,0.0,12980.689999999999,0.0,3661.9,0.0,0.0,0.0,0.0,11121.93,0.0,0.0,3801.43,6357.46,0.0,0.0,5167.03,7813.66,0.0,5.17,230.77,28745318.135099456
runs/CZ12/DMo&0&rDXHP&Ex&dxHP_equip/RB-dxHP_equip-spltHP-SEER-BA-rDXHP-NoLRM-NR/instance-out.sql,CZ12,DMo,weighted,rDXHP,Ex,dxHP_equip,,RB-dxHP_equip-spltHP-SEER-BA-rDXHP-NoLRM-NR,DMo&0&rDXHP&Ex&dxHP_equip,RB-dxHP_equip-spltHP-SEER-BA-rDXHP-NoLRM-NR,54.24,114.41,37548.07,79206.23,37548.07,3772.57,3637.03,3129.96,0.0,12980.689999999999,0.0,2778.35,0.0,0.0,0.0,0.0,11249.48,0.0,0.0,3772.57,3637.03,0.0,0.0,5167.03,7813.66,0.0,0.17,230.77,22885249.414268404
runs/CZ13/DMo&0&rDXHP&Ex&dxHP_equip/RB-dxHP_equip-spltHP-SEER-BA-rDXHP-LRM-LSC-Correct-15%UC-AOE/instance-out.sql,CZ13,DMo,weighted,rDXHP,Ex,dxHP_equip,,RB-dxHP_equip-spltHP-SEER-BA-rDXHP-LRM-LSC-Correct-15%UC-AOE,DMo&0&rDXHP&Ex&dxHP_equip,RB-dxHP_equip-spltHP-SEER-BA-rDXHP-LRM-LSC-Correct-15%UC-AOE,57.15,124.04,39569.16,85872.7,39569.16,3532.1,5142.58,3129.96,0.0,12980.689999999999,0.0,3661.9,0.0,0.0,0.0,0.0,11121.93,0.0,0.0,3532.1,5142.58,0.0,0.0,5167.03,7813.66,0.0,5.17,230.77,25071196.860553958
runs/CZ13/DMo&0&rDXHP&Ex&dxHP_equip/RB-dxHP_equip-spltHP-SEER-BA-rDXHP-LRM-LSC-Correct-0%UC-NC/instance-out.sql,CZ13,DMo,weighted,rDXHP,Ex,dxHP_equip,,RB-dxHP_equip-spltHP-SEER-BA-rDXHP-LRM-LSC-Correct-0%UC-NC,DMo&0&rDXHP&Ex&dxHP_equip,RB-dxHP_equip-spltHP-SEER-BA-rDXHP-LRM-LSC-Correct-0%UC-NC,57.34,124.61,39694.38,86269.29,39694.39,3063.99,5735.92,3129.96,0.0,12980.689999999999,0.0,3661.9,0.0,0.0,0.0,0.0,11121.93,0.0,0.0,3063.99,5735.92,0.0,0.0,5167.03,7813.66,0.0,5.17,230.77,26865615.244574387
runs/CZ13/DMo&0&rDXGF&Ex&dxAC_equip/RB-dxAC_equip-spltAC-SEER-BA-rDXGF-LRM-LSC-Correct-0%UC-AOE/instance-out.sql,CZ13,DMo,weighted,rDXGF,Ex,dxAC_equip,,RB-dxAC_equip-spltAC-SEER-BA-rDXGF-LRM-LSC-Correct-0%UC-AOE,DMo&0&rDXGF&Ex&dxAC_equip,RB-dxAC_equip-spltAC-SEER-BA-rDXGF-LRM-LSC-Correct-0%UC-AOE,68.25,127.82,47253.28,88494.25,47253.28,10408.51,6356.23,3129.96,0.0,12980.689999999999,0.0,3240.06,0.0,0.0,0.0,0.0,11137.83,0.0,0.0,0.0,6356.23,10408.51,0.0,5167.03,7813.66,0.0,5.17,230.77,28745359.11786074
runs/CZ13/DMo&0&rDXGF&Ex&dxAC_equip/RB-dxAC_equip-spltAC-SEER-BA-rDXGF-LRM-LSC-Correct-15%UC-AOE/instance-out.sql,CZ13,DMo,weighted,rDXGF,Ex,dxAC_equip,,RB-dxAC_equip-spltAC-SEER-BA-rDXGF-LRM-LSC-Correct-15%UC-AOE,DMo&0&rDXGF&Ex&dxAC_equip,RB-dxAC_equip-spltAC-SEER-BA-rDXGF-LRM-LSC-Correct-15%UC-AOE,66.5,122.27,46038.64,84647.48,46038.630000000005,10408.51,5141.58,3129.96,0.0,12980.689999999999,0.0,3240.06,0.0,0.0,0.0,0.0,11137.83,0.0,0.0,0.0,5141.58,10408.51,0.0,5167.03,7813.66,0.0,5.17,230.77,25071230.011714984
runs/CZ13/DMo&0&rDXGF&Ex&dxAC_equip/RB-dxAC_equip-spltAC-SEER-BA-rDXGF-NoLRM-NR/instance-out.sql,CZ13,DMo,weighted,rDXGF,Ex,dxAC_equip,,RB-dxAC_equip-spltAC-SEER-BA-rDXGF-NoLRM-NR,DMo&0&rDXGF&Ex&dxAC_equip,RB-dxAC_equip-spltAC-SEER-BA-rDXGF-NoLRM-NR,68.22,127.72,47230.65,88422.58,47230.65,10408.51,6333.59,3129.96,0.0,12980.689999999999,0.0,3240.06,0.0,0.0,0.0,0.0,11137.83,0.0,0.0,0.0,6333.59,10408.51,0.0,5167.03,7813.66,0.0,5.17,230.77,28676900.740499914
runs/CZ12/DMo&0&rDXHP&Ex&dxHP_equip/RB-dxHP_equip-spltHP-SEER-BA-rDXHP-LRM-LSC-Correct-40%UC-AOE/instance-out.sql,CZ12,DMo,weighted,rDXHP,Ex,dxHP_equip,,RB-dxHP_equip-spltHP-SEER-BA-rDXHP-LRM-LSC-Correct-40%UC-AOE,DMo&0&rDXHP&Ex&dxHP_equip,RB-dxHP_equip-spltHP-SEER-BA-rDXHP-LRM-LSC-Correct-40%UC-AOE,50.06,101.19,34658.47,70054.85,34658.47,3365.15,1154.84,3129.96,0.0,12980.689999999999,0.0,2778.35,0.0,0.0,0.0,0.0,11249.48,0.0,0.0,3365.15,1154.84,0.0,0.0,5167.03,7813.66,0.0,0.17,230.77,13604585.637671907
runs/CZ13/DMo&0&rDXHP&Ex&dxHP_equip/RB-dxHP_equip-spltHP-SEER-BA-rDXHP-LRM-LSC-Correct-7.5%UC-AOE/instance-out.sql,CZ13,DMo,weighted,rDXHP,Ex,dxHP_equip,,RB-dxHP_equip-spltHP-SEER-BA-rDXHP-LRM-LSC-Correct-7.5%UC-AOE,DMo&0&rDXHP&Ex&dxHP_equip,RB-dxHP_equip-spltHP-SEER-BA-rDXHP-LRM-LSC-Correct-7.5%UC-AOE,58.81,129.29,40716.74,89507.09,40716.740000000005,3740.34,6081.92,3129.96,0.0,12980.689999999999,0.0,3661.9,0.0,0.0,0.0,0.0,11121.93,0.0,0.0,3740.34,6081.92,0.0,0.0,5167.03,7813.66,0.0,5.17,230.77,27912012.27676613
runs/CZ13/DMo&0&rDXGF&Ex&dxAC_equip/RB-dxAC_equip-spltAC-SEER-BA-rDXGF-NoLRM-AOE/instance-out.sql,CZ13,DMo,weighted,rDXGF,Ex,dxAC_equip,,RB-dxAC_equip-spltAC-SEER-BA-rDXGF-NoLRM-AOE,DMo&0&rDXGF&Ex&dxAC_equip,RB-dxAC_equip-spltAC-SEER-BA-rDXGF-NoLRM-AOE,69.21,130.86,47916.95,90596.1,47916.95,10408.51,7019.9,3129.96,0.0,12980.689999999999,0.0,3240.06,0.0,0.0,0.0,0.0,11137.83,0.0,0.0,0.0,7019.9,10408.51,0.0,5167.03,7813.66,0.0,5.17,230.77,30752872.956124887
runs/CZ13/DMo&0&rDXHP&Ex&dxHP_equip/RB-dxHP_equip-spltHP-SEER-BA-rDXHP-LRM-LSC-Correct-0%UC-NR/instance-out.sql,CZ13,DMo,weighted,rDXHP,Ex,dxHP_equip,,RB-dxHP_equip-spltHP-SEER-BA-rDXHP-LRM-LSC-Correct-0%UC-NR,DMo&0&rDXHP&Ex&dxHP_equip,RB-dxHP_equip-spltHP-SEER-BA-rDXHP-LRM-LSC-Correct-0%UC-NR,57.34,124.61,39694.38,86269.29,39694.39,3063.99,5735.92,3129.96,0.0,12980.689999999999,0.0,3661.9,0.0,0.0,0.0,0.0,11121.93,0.0,0.0,3063.99,5735.92,0.0,0.0,5167.03,7813.66,0.0,5.17,230.77,26865615.244574387
runs/CZ13/DMo&0&rDXHP&Ex&dxHP_equip/RB-dxHP_equip-spltHP-SEER-BA-rDXHP-NoLRM-AOE/instance-out.sql,CZ13,DMo,weighted,rDXHP,Ex,dxHP_equip,,RB-dxHP_equip-spltHP-SEER-BA-rDXHP-NoLRM-AOE,DMo&0&rDXHP&Ex&dxHP_equip,RB-dxHP_equip-spltHP-SEER-BA-rDXHP-NoLRM-AOE,60.47,134.54,41864.32,93141.48,41864.32,3948.58,7021.26,3129.96,0.0,12980.689999999999,0.0,3661.9,0.0,0.0,0.0,0.0,11121.93,0.0,0.0,3948.58,7021.26,0.0,0.0,5167.03,7813.66,0.0,5.17,230.77,30752827.694241814
runs/CZ13/DMo&0&rDXHP&Ex&dxHP_equip/RB-dxHP_equip-spltHP-SEER-BA-rDXHP-NoLRM-NR/instance-out.sql,CZ13,DMo,weighted,rDXHP,Ex,dxHP_equip,,RB-dxHP_equip-spltHP-SEER-BA-rDXHP-NoLRM-NR,DMo&0&rDXHP&Ex&dxHP_equip,RB-dxHP_equip-spltHP-SEER-BA-rDXHP-NoLRM-NR,58.37,127.88,40410.22,88536.33,40410.22,3180.92,6334.82,3129.96,0.0,12980.689999999999,0.0,3661.9,0.0,0.0,0.0,0.0,11121.93,0.0,0.0,3180.92,6334.82,0.0,0.0,5167.03,7813.66,0.0,5.17,230.77,28676859.903661277
runs/CZ13/DMo&0&rDXHP&Ex&dxHP_equip/RB-dxHP_equip-spltHP-SEER-BA-rDXHP-LRM-LSC-Correct-22.5%UC-AOE/instance-out.sql,CZ13,DMo,weighted,rDXHP,Ex,dxHP_equip,,RB-dxHP_equip-spltHP-SEER-BA-rDXHP-LRM-LSC-Correct-22.5%UC-AOE,DMo&0&rDXHP&Ex&dxHP_equip,RB-dxHP_equip-spltHP-SEER-BA-rDXHP-LRM-LSC-Correct-22.5%UC-AOE,55.5,118.79,38421.58,82238.31,38421.58,3323.86,4203.24,3129.96,0.0,12980.689999999999,0.0,3661.9,0.0,0.0,0.0,0.0,11121.93,0.0,0.0,3323.86,4203.24,0.0,0.0,5167.03,7813.66,0.0,5.17,230.77,22230381.44196188
runs/CZ13/DMo&0&rDXHP&Ex&dxHP_equip/RB-dxHP_equip-spltHP-SEER-BA-rDXHP-LRM-LSC-Correct-40%UC-AOE/instance-out.sql,CZ13,DMo,weighted,rDXHP,Ex,dxHP_equip,,RB-dxHP_equip-spltHP-SEER-BA-rDXHP-LRM-LSC-Correct-40%UC-AOE,DMo&0&rDXHP&Ex&dxHP_equip,RB-dxHP_equip-spltHP-SEER-BA-rDXHP-LRM-LSC-Correct-40%UC-AOE,51.63,106.54,35743.89,73758.07,35743.89,2837.96,2011.45,3129.96,0.0,12980.689999999999,0.0,3661.9,0.0,0.0,0.0,0.0,11121.93,0.0,0.0,2837.96,2011.45,0.0,0.0,5167.03,7813.66,0.0,5.17,230.77,15601812.13479516
runs/CZ13/DMo&0&rDXHP&Ex&dxHP_equip/RB-dxHP_equip-spltHP-SEER-BA-rDXHP-LRM-LSC-Correct-30%UC-AOE/instance-out.sql,CZ13,DMo,weighted,rDXHP,Ex,dxHP_equip,,RB-dxHP_equip-spltHP-SEER-BA-rDXHP-LRM-LSC-Correct-30%UC-AOE,DMo&0&rDXHP&Ex&dxHP_equip,RB-dxHP_equip-spltHP-SEER-BA-rDXHP-LRM-LSC-Correct-30%UC-AOE,53.84,113.54,37274.0,78603.92,37274.0,3115.62,3263.9,3129.96,0.0,12980.689999999999,0.0,3661.9,0.0,0.0,0.0,0.0,11121.93,0.0,0.0,3115.62,3263.9,0.0,0.0,5167.03,7813.66,0.0,5.17,230.77,19389566.02468225
runs/CZ14/DMo&0&rDXHP&Ex&dxHP_equip/RB-dxHP_equip-spltHP-SEER-BA-rDXHP-LRM-LSC-Correct-0%UC-AOE/instance-out.sql,CZ14,DMo,weighted,rDXHP,Ex,dxHP_equip,,RB-dxHP_equip-spltHP-SEER-BA-rDXHP-LRM-LSC-Correct-0%UC-AOE,DMo&0&rDXHP&Ex&dxHP_equip,RB-dxHP_equip-spltHP-SEER-BA-rDXHP-LRM-LSC-Correct-0%UC-AOE,63.04,142.85,43641.82,98898.37,43641.82,7356.62,4931.07,3129.96,0.0,12980.689999999999,0.0,4182.78,0.0,0.0,0.0,0.0,11060.69,0.0,0.0,7356.62,4931.07,0.0,0.0,5167.03,7813.66,0.0,0.0,230.77,21920454.53948552
runs/CZ14/DMo&0&rDXGF&Ex&dxAC_equip/RB-dxAC_equip-spltAC-SEER-BA-rDXGF-LRM-LSC-Correct-0%UC-AOE/instance-out.sql,CZ14,DMo,weighted,rDXGF,Ex,dxAC_equip,,RB-dxAC_equip-spltAC-SEER-BA-rDXGF-LRM-LSC-Correct-0%UC-AOE,DMo&0&rDXGF&Ex&dxAC_equip,RB-dxAC_equip-spltAC-SEER-BA-rDXGF-LRM-LSC-Correct-0%UC-AOE,78.82,135.34,54565.45,93694.9,54565.45,19077.03,4929.52,3129.96,0.0,12980.689999999999,0.0,3358.21,0.0,0.0,0.0,0.0,11090.04,0.0,0.0,0.0,4929.52,19077.03,0.0,5167.03,7813.66,0.0,0.0,230.77,21920455.16510892
runs/CZ14/DMo&0&rDXGF&Ex&dxAC_equip/RB-dxAC_equip-spltAC-SEER-BA-rDXGF-LRM-LSC-Correct-22.5%UC-AOE/instance-out.sql,CZ14,DMo,weighted,rDXGF,Ex,dxAC_equip,,RB-dxAC_equip-spltAC-SEER-BA-rDXGF-LRM-LSC-Correct-22.5%UC-AOE,DMo&0&rDXGF&Ex&dxAC_equip,RB-dxAC_equip-spltAC-SEER-BA-rDXGF-LRM-LSC-Correct-22.5%UC-AOE,76.4,127.69,52895.09,88404.87,52895.09,19077.03,3259.15,3129.96,0.0,12980.689999999999,0.0,3358.21,0.0,0.0,0.0,0.0,11090.04,0.0,0.0,0.0,3259.15,19077.03,0.0,5167.03,7813.66,0.0,0.0,230.77,17672536.506338194
runs/CZ14/DMo&0&rDXGF&Ex&dxAC_equip/RB-dxAC_equip-spltAC-SEER-BA-rDXGF-LRM-LSC-Correct-0%UC-NR/instance-out.sql,CZ14,DMo,weighted,rDXGF,Ex,dxAC_equip,,RB-dxAC_equip-spltAC-SEER-BA-rDXGF-LRM-LSC-Correct-0%UC-NR,DMo&0&rDXGF&Ex&dxAC_equip,RB-dxAC_equip-spltAC-SEER-BA-rDXGF-LRM-LSC-Correct-0%UC-NR,78.12,133.13,54083.51,92168.61,54083.52,19077.03,4447.58,3129.96,0.0,12980.689999999999,0.0,3358.21,0.0,0.0,0.0,0.0,11090.04,0.0,0.0,0.0,4447.58,19077.03,0.0,5167.03,7813.66,0.0,0.0,230.77,20694836.965316217
runs/CZ14/DMo&0&rDXGF&Ex&dxAC_equip/RB-dxAC_equip-spltAC-SEER-BA-rDXGF-LRM-LSC-Correct-15%UC-AOE/instance-out.sql,CZ14,DMo,weighted,rDXGF,Ex,dxAC_equip,,RB-dxAC_equip-spltAC-SEER-BA-rDXGF-LRM-LSC-Correct-15%UC-AOE,DMo&0&rDXGF&Ex&dxAC_equip,RB-dxAC_equip-spltAC-SEER-BA-rDXGF-LRM-LSC-Correct-15%UC-AOE,77.46,131.03,53623.44,90711.57,53623.45,19077.03,3987.51,3129.96,0.0,12980.689999999999,0.0,3358.21,0.0,0.0,0.0,0.0,11090.04,0.0,0.0,0.0,3987.51,19077.03,0.0,5167.03,7813.66,0.0,0.0,230.77,19524826.619221725
runs/CZ13/DMo&0&rDXHP&Ex&dxHP_equip/RB-dxHP_equip-spltHP-SEER-BA-rDXHP-NoLRM-NC/instance-out.sql,CZ13,DMo,weighted,rDXHP,Ex,dxHP_equip,,RB-dxHP_equip-spltHP-SEER-BA-rDXHP-NoLRM-NC,DMo&0&rDXHP&Ex&dxHP_equip,RB-dxHP_equip-spltHP-SEER-BA-rDXHP-NoLRM-NC,58.37,127.88,40410.22,88536.33,40410.22,3180.92,6334.82,3129.96,0.0,12980.689999999999,0.0,3661.9,0.0,0.0,0.0,0.0,11121.93,0.0,0.0,3180.92,6334.82,0.0,0.0,5167.03,7813.66,0.0,5.17,230.77,28676859.903661277
runs/CZ14/DMo&0&rDXHP&Ex&dxHP_equip/RB-dxHP_equip-spltHP-SEER-BA-rDXHP-LRM-LSC-Correct-0%UC-NR/instance-out.sql,CZ14,DMo,weighted,rDXHP,Ex,dxHP_equip,,RB-dxHP_equip-spltHP-SEER-BA-rDXHP-LRM-LSC-Correct-0%UC-NR,DMo&0&rDXHP&Ex&dxHP_equip,RB-dxHP_equip-spltHP-SEER-BA-rDXHP-LRM-LSC-Correct-0%UC-NR,60.3,134.17,41743.56,92886.59,41743.56,5940.46,4448.98,3129.96,0.0,12980.689999999999,0.0,4182.78,0.0,0.0,0.0,0.0,11060.69,0.0,0.0,5940.46,4448.98,0.0,0.0,5167.03,7813.66,0.0,0.0,230.77,20694836.264385678
runs/CZ14/DMo&0&rDXHP&Ex&dxHP_equip/RB-dxHP_equip-spltHP-SEER-BA-rDXHP-LRM-LSC-Correct-0%UC-NC/instance-out.sql,CZ14,DMo,weighted,rDXHP,Ex,dxHP_equip,,RB-dxHP_equip-spltHP-SEER-BA-rDXHP-LRM-LSC-Correct-0%UC-NC,DMo&0&rDXHP&Ex&dxHP_equip,RB-dxHP_equip-spltHP-SEER-BA-rDXHP-LRM-LSC-Correct-0%UC-NC,60.3,134.17,41743.56,92886.59,41743.56,5940.46,4448.98,3129.96,0.0,12980.689999999999,0.0,4182.78,0.0,0.0,0.0,0.0,11060.69,0.0,0.0,5940.46,4448.98,0.0,0.0,5167.03,7813.66,0.0,0.0,230.77,20694836.264385678
runs/CZ14/DMo&0&rDXGF&Ex&dxAC_equip/RB-dxAC_equip-spltAC-SEER-BA-rDXGF-LRM-LSC-Correct-40%UC-AOE/instance-out.sql,CZ14,DMo,weighted,rDXGF,Ex,dxAC_equip,,RB-dxAC_equip-spltAC-SEER-BA-rDXGF-LRM-LSC-Correct-40%UC-AOE,DMo&0&rDXGF&Ex&dxAC_equip,RB-dxAC_equip-spltAC-SEER-BA-rDXGF-LRM-LSC-Correct-40%UC-AOE,73.95,119.92,51195.59,83022.57,51195.6,19077.03,1559.66,3129.96,0.0,12980.689999999999,0.0,3358.21,0.0,0.0,0.0,0.0,11090.04,0.0,0.0,0.0,1559.66,19077.03,0.0,5167.03,7813.66,0.0,0.0,230.77,13350526.244822077
runs/CZ14/DMo&0&rDXGF&Ex&dxAC_equip/RB-dxAC_equip-spltAC-SEER-BA-rDXGF-NoLRM-AOE/instance-out.sql,CZ14,DMo,weighted,rDXGF,Ex,dxAC_equip,,RB-dxAC_equip-spltAC-SEER-BA-rDXGF-NoLRM-AOE,DMo&0&rDXGF&Ex&dxAC_equip,RB-dxAC_equip-spltAC-SEER-BA-rDXGF-NoLRM-AOE,79.56,137.69,55080.15,95324.97,55080.159999999996,19077.03,5444.22,3129.96,0.0,12980.689999999999,0.0,3358.21,0.0,0.0,0.0,0.0,11090.04,0.0,0.0,0.0,5444.22,19077.03,0.0,5167.03,7813.66,0.0,0.0,230.77,23229406.84270911
runs/CZ14/DMo&0&rDXHP&Ex&dxHP_equip/RB-dxHP_equip-spltHP-SEER-BA-rDXHP-LRM-LSC-Correct-30%UC-AOE/instance-out.sql,CZ14,DMo,weighted,rDXHP,Ex,dxHP_equip,,RB-dxHP_equip-spltHP-SEER-BA-rDXHP-LRM-LSC-Correct-30%UC-AOE,DMo&0&rDXHP&Ex&dxHP_equip,RB-dxHP_equip-spltHP-SEER-BA-rDXHP-LRM-LSC-Correct-30%UC-AOE,57.67,125.85,39925.33,87128.24,39925.32,6039.6,2531.6,3129.96,0.0,12980.689999999999,0.0,4182.78,0.0,0.0,0.0,0.0,11060.69,0.0,0.0,6039.6,2531.6,0.0,0.0,5167.03,7813.66,0.0,0.0,230.77,15820245.393864516
runs/CZ14/DMo&0&rDXHP&Ex&dxHP_equip/RB-dxHP_equip-spltHP-SEER-BA-rDXHP-LRM-LSC-Correct-22.5%UC-AOE/instance-out.sql,CZ14,DMo,weighted,rDXHP,Ex,dxHP_equip,,RB-dxHP_equip-spltHP-SEER-BA-rDXHP-LRM-LSC-Correct-22.5%UC-AOE,DMo&0&rDXHP&Ex&dxHP_equip,RB-dxHP_equip-spltHP-SEER-BA-rDXHP-LRM-LSC-Correct-22.5%UC-AOE,59.3,131.01,41053.82,90702.16,41053.81,6439.51,3260.18,3129.96,0.0,12980.689999999999,0.0,4182.78,0.0,0.0,0.0,0.0,11060.69,0.0,0.0,6439.51,3260.18,0.0,0.0,5167.03,7813.66,0.0,0.0,230.77,17672535.619704794
runs/CZ14/DMo&0&rDXHP&Ex&dxHP_equip/RB-dxHP_equip-spltHP-SEER-BA-rDXHP-LRM-LSC-Correct-15%UC-AOE/instance-out.sql,CZ14,DMo,weighted,rDXHP,Ex,dxHP_equip,,RB-dxHP_equip-spltHP-SEER-BA-rDXHP-LRM-LSC-Correct-15%UC-AOE,DMo&0&rDXHP&Ex&dxHP_equip,RB-dxHP_equip-spltHP-SEER-BA-rDXHP-LRM-LSC-Correct-15%UC-AOE,60.93,136.18,42182.31,94276.09,42182.3,6839.41,3988.77,3129.96,0.0,12980.689999999999,0.0,4182.78,0.0,0.0,0.0,0.0,11060.69,0.0,0.0,6839.41,3988.77,0.0,0.0,5167.03,7813.66,0.0,0.0,230.77,19524825.846400827
runs/CZ14/DMo&0&rDXHP&Ex&dxHP_equip/RB-dxHP_equip-spltHP-SEER-BA-rDXHP-NoLRM-NC/instance-out.sql,CZ14,DMo,weighted,rDXHP,Ex,dxHP_equip,,RB-dxHP_equip-spltHP-SEER-BA-rDXHP-NoLRM-NC,DMo&0&rDXHP&Ex&dxHP_equip,RB-dxHP_equip-spltHP-SEER-BA-rDXHP-NoLRM-NC,61.29,137.32,42432.64,95068.89,42432.64,6165.0,4913.51,3129.96,0.0,12980.689999999999,0.0,4182.78,0.0,0.0,0.0,0.0,11060.69,0.0,0.0,6165.0,4913.51,0.0,0.0,5167.03,7813.66,0.0,0.0,230.77,21875817.87910979
runs/CZ14/DMo&0&rDXGF&Ex&dxAC_equip/RB-dxAC_equip-spltAC-SEER-BA-rDXGF-LRM-LSC-Correct-7.5%UC-AOE/instance-out.sql,CZ14,DMo,weighted,rDXGF,Ex,dxAC_equip,,RB-dxAC_equip-spltAC-SEER-BA-rDXGF-LRM-LSC-Correct-7.5%UC-AOE,DMo&0&rDXGF&Ex&dxAC_equip,RB-dxAC_equip-spltAC-SEER-BA-rDXGF-LRM-LSC-Correct-7.5%UC-AOE,78.51,134.36,54351.8,93018.27,54351.799999999996,19077.03,4715.86,3129.96,0.0,12980.689999999999,0.0,3358.21,0.0,0.0,0.0,0.0,11090.04,0.0,0.0,0.0,4715.86,19077.03,0.0,5167.03,7813.66,0.0,0.0,230.77,21377116.730553493
runs/CZ14/DMo&0&rDXHP&Ex&dxHP_equip/RB-dxHP_equip-spltHP-SEER-BA-rDXHP-LRM-LSC-Correct-40%UC-AOE/instance-out.sql,CZ14,DMo,weighted,rDXHP,Ex,dxHP_equip,,RB-dxHP_equip-spltHP-SEER-BA-rDXHP-LRM-LSC-Correct-40%UC-AOE,DMo&0&rDXHP&Ex&dxHP_equip,RB-dxHP_equip-spltHP-SEER-BA-rDXHP-LRM-LSC-Correct-40%UC-AOE,55.5,118.97,38420.68,82363.0,38420.67,5506.4,1560.15,3129.96,0.0,12980.689999999999,0.0,4182.78,0.0,0.0,0.0,0.0,11060.69,0.0,0.0,5506.4,1560.15,0.0,0.0,5167.03,7813.66,0.0,0.0,230.77,13350525.09262618
runs/CZ14/DMo&0&rDXGF&Ex&dxAC_equip/RB-dxAC_equip-spltAC-SEER-BA-rDXGF-LRM-LSC-Correct-30%UC-AOE/instance-out.sql,CZ14,DMo,weighted,rDXGF,Ex,dxAC_equip,,RB-dxAC_equip-spltAC-SEER-BA-rDXGF-LRM-LSC-Correct-30%UC-AOE,DMo&0&rDXGF&Ex&dxAC_equip,RB-dxAC_equip-spltAC-SEER-BA-rDXGF-LRM-LSC-Correct-30%UC-AOE,75.35,124.36,52166.73,86098.17,52166.74,19077.03,2530.8,3129.96,0.0,12980.689999999999,0.0,3358.21,0.0,0.0,0.0,0.0,11090.04,0.0,0.0,0.0,2530.8,19077.03,0.0,5167.03,7813.66,0.0,0.0,230.77,15820246.394310415
runs/CZ15/DMo&0&rDXGF&Ex&dxAC_equip/RB-dxAC_equip-spltAC-SEER-BA-rDXGF-LRM-LSC-Correct-22.5%UC-AOE/instance-out.sql,CZ15,DMo,weighted,rDXGF,Ex,dxAC_equip,,RB-dxAC_equip-spltAC-SEER-BA-rDXGF-LRM-LSC-Correct-22.5%UC-AOE,DMo&0&rDXGF&Ex&dxAC_equip,RB-dxAC_equip-spltAC-SEER-BA-rDXGF-LRM-LSC-Correct-22.5%UC-AOE,63.27,131.76,43804.34,91216.17,43804.34,4117.19,7862.55,3129.96,0.0,12980.689999999999,0.0,4835.3,0.0,0.0,0.0,0.0,10878.65,0.0,0.0,0.0,7862.55,4117.19,0.0,5167.03,7813.66,0.0,95.33,230.77,25731853.49183715
runs/CZ15/DMo&0&rDXGF&Ex&dxAC_equip/RB-dxAC_equip-spltAC-SEER-BA-rDXGF-LRM-LSC-Correct-0%UC-AOE/instance-out.sql,CZ15,DMo,weighted,rDXGF,Ex,dxAC_equip,,RB-dxAC_equip-spltAC-SEER-BA-rDXGF-LRM-LSC-Correct-0%UC-AOE,DMo&0&rDXGF&Ex&dxAC_equip,RB-dxAC_equip-spltAC-SEER-BA-rDXGF-LRM-LSC-Correct-0%UC-AOE,69.09,150.19,47834.01,103978.11,47834.009999999995,4117.19,11892.21,3129.96,0.0,12980.689999999999,0.0,4835.3,0.0,0.0,0.0,0.0,10878.65,0.0,0.0,0.0,11892.21,4117.19,0.0,5167.03,7813.66,0.0,95.33,230.77,34041341.622560695
runs/CZ14/DMo&0&rDXGF&Ex&dxAC_equip/RB-dxAC_equip-spltAC-SEER-BA-rDXGF-NoLRM-NR/instance-out.sql,CZ14,DMo,weighted,rDXGF,Ex,dxAC_equip,,RB-dxAC_equip-spltAC-SEER-BA-rDXGF-NoLRM-NR,DMo&0&rDXGF&Ex&dxAC_equip,RB-dxAC_equip-spltAC-SEER-BA-rDXGF-NoLRM-NR,78.79,135.26,54547.9,93639.31,54547.9,19077.03,4911.96,3129.96,0.0,12980.689999999999,0.0,3358.21,0.0,0.0,0.0,0.0,11090.04,0.0,0.0,0.0,4911.96,19077.03,0.0,5167.03,7813.66,0.0,0.0,230.77,21875818.507475853
runs/CZ15/DMo&0&rDXGF&Ex&dxAC_equip/RB-dxAC_equip-spltAC-SEER-BA-rDXGF-LRM-LSC-Correct-7.5%UC-AOE/instance-out.sql,CZ15,DMo,weighted,rDXGF,Ex,dxAC_equip,,RB-dxAC_equip-spltAC-SEER-BA-rDXGF-LRM-LSC-Correct-7.5%UC-AOE,DMo&0&rDXGF&Ex&dxAC_equip,RB-dxAC_equip-spltAC-SEER-BA-rDXGF-LRM-LSC-Correct-7.5%UC-AOE,68.35,147.83,47318.59,102345.77,47318.59,4117.19,11376.79,3129.96,0.0,12980.689999999999,0.0,4835.3,0.0,0.0,0.0,0.0,10878.65,0.0,0.0,0.0,11376.79,4117.19,0.0,5167.03,7813.66,0.0,95.33,230.77,32978500.11461837
runs/CZ14/DMo&0&rDXHP&Ex&dxHP_equip/RB-dxHP_equip-spltHP-SEER-BA-rDXHP-NoLRM-AOE/instance-out.sql,CZ14,DMo,weighted,rDXHP,Ex,dxHP_equip,,RB-dxHP_equip-spltHP-SEER-BA-rDXHP-NoLRM-AOE,DMo&0&rDXHP&Ex&dxHP_equip,RB-dxHP_equip-spltHP-SEER-BA-rDXHP-NoLRM-AOE,64.19,146.5,44439.29,101423.94,44439.28,7639.22,5445.94,3129.96,0.0,12980.689999999999,0.0,4182.78,0.0,0.0,0.0,0.0,11060.69,0.0,0.0,7639.22,5445.94,0.0,0.0,5167.03,7813.66,0.0,0.0,230.77,23229406.297513206
runs/CZ15/DMo&0&rDXGF&Ex&dxAC_equip/RB-dxAC_equip-spltAC-SEER-BA-rDXGF-NoLRM-NR/instance-out.sql,CZ15,DMo,weighted,rDXGF,Ex,dxAC_equip,,RB-dxAC_equip-spltAC-SEER-BA-rDXGF-NoLRM-NR,DMo&0&rDXGF&Ex&dxAC_equip,RB-dxAC_equip-spltAC-SEER-BA-rDXGF-NoLRM-NR,69.03,150.0,47791.66,103844.01,47791.66,4117.19,11849.87,3129.96,0.0,12980.689999999999,0.0,4835.3,0.0,0.0,0.0,0.0,10878.65,0.0,0.0,0.0,11849.87,4117.19,0.0,5167.03,7813.66,0.0,95.33,230.77,33954026.443859875
runs/CZ15/DMo&0&rDXHP&Ex&dxHP_equip/RB-dxHP_equip-spltHP-SEER-BA-rDXHP-LRM-LSC-Correct-0%UC-NR/instance-out.sql,CZ15,DMo,weighted,rDXHP,Ex,dxHP_equip,,RB-dxHP_equip-spltHP-SEER-BA-rDXHP-LRM-LSC-Correct-0%UC-NR,DMo&0&rDXHP&Ex&dxHP_equip,RB-dxHP_equip-spltHP-SEER-BA-rDXHP-LRM-LSC-Correct-0%UC-NR,63.59,145.17,44023.43,100503.58,44023.43,1265.79,10732.28,3129.96,0.0,12980.689999999999,0.0,5044.44,0.0,0.0,0.0,0.0,10870.27,0.0,0.0,1265.79,10732.28,0.0,0.0,5167.03,7813.66,0.0,95.33,230.77,31643895.183511857
runs/CZ15/DMo&0&rDXGF&Ex&dxAC_equip/RB-dxAC_equip-spltAC-SEER-BA-rDXGF-LRM-LSC-Correct-15%UC-AOE/instance-out.sql,CZ15,DMo,weighted,rDXGF,Ex,dxAC_equip,,RB-dxAC_equip-spltAC-SEER-BA-rDXGF-LRM-LSC-Correct-15%UC-AOE,DMo&0&rDXGF&Ex&dxAC_equip,RB-dxAC_equip-spltAC-SEER-BA-rDXGF-LRM-LSC-Correct-15%UC-AOE,65.81,139.79,45561.46,96780.97,45561.46,4117.19,9619.67,3129.96,0.0,12980.689999999999,0.0,4835.3,0.0,0.0,0.0,0.0,10878.65,0.0,0.0,0.0,9619.67,4117.19,0.0,5167.03,7813.66,0.0,95.33,230.77,29355176.804745488
runs/CZ14/DMo&0&rDXHP&Ex&dxHP_equip/RB-dxHP_equip-spltHP-SEER-BA-rDXHP-LRM-LSC-Correct-7.5%UC-AOE/instance-out.sql,CZ14,DMo,weighted,rDXHP,Ex,dxHP_equip,,RB-dxHP_equip-spltHP-SEER-BA-rDXHP-LRM-LSC-Correct-7.5%UC-AOE,DMo&0&rDXHP&Ex&dxHP_equip,RB-dxHP_equip-spltHP-SEER-BA-rDXHP-LRM-LSC-Correct-7.5%UC-AOE,62.56,141.34,43310.8,97850.02,43310.78999999999,7239.32,4717.35,3129.96,0.0,12980.689999999999,0.0,4182.78,0.0,0.0,0.0,0.0,11060.69,0.0,0.0,7239.32,4717.35,0.0,0.0,5167.03,7813.66,0.0,0.0,230.77,21377116.071545094
runs/CZ15/DMo&0&rDXHP&Ex&dxHP_equip/RB-dxHP_equip-spltHP-SEER-BA-rDXHP-LRM-LSC-Correct-22.5%UC-AOE/instance-out.sql,CZ15,DMo,weighted,rDXHP,Ex,dxHP_equip,,RB-dxHP_equip-spltHP-SEER-BA-rDXHP-LRM-LSC-Correct-22.5%UC-AOE,DMo&0&rDXHP&Ex&dxHP_equip,RB-dxHP_equip-spltHP-SEER-BA-rDXHP-LRM-LSC-Correct-22.5%UC-AOE,59.61,132.56,41267.17,91774.52,41267.18,1377.27,7864.54,3129.96,0.0,12980.689999999999,0.0,5044.44,0.0,0.0,0.0,0.0,10870.27,0.0,0.0,1377.27,7864.54,0.0,0.0,5167.03,7813.66,0.0,95.33,230.77,25731871.160305694
runs/CZ15/DMo&0&rDXHP&Ex&dxHP_equip/RB-dxHP_equip-spltHP-SEER-BA-rDXHP-LRM-LSC-Correct-7.5%UC-AOE/instance-out.sql,CZ15,DMo,weighted,rDXHP,Ex,dxHP_equip,,RB-dxHP_equip-spltHP-SEER-BA-rDXHP-LRM-LSC-Correct-7.5%UC-AOE,DMo&0&rDXHP&Ex&dxHP_equip,RB-dxHP_equip-spltHP-SEER-BA-rDXHP-LRM-LSC-Correct-7.5%UC-AOE,64.94,149.46,44960.98,103472.81,44960.990000000005,1555.95,11379.67,3129.96,0.0,12980.689999999999,0.0,5044.44,0.0,0.0,0.0,0.0,10870.27,0.0,0.0,1555.95,11379.67,0.0,0.0,5167.03,7813.66,0.0,95.33,230.77,32978525.680174716
runs/CZ15/DMo&0&rDXGF&Ex&dxAC_equip/RB-dxAC_equip-spltAC-SEER-BA-rDXGF-NoLRM-AOE/instance-out.sql,CZ15,DMo,weighted,rDXGF,Ex,dxAC_equip,,RB-dxAC_equip-spltAC-SEER-BA-rDXGF-NoLRM-AOE,DMo&0&rDXGF&Ex&dxAC_equip,RB-dxAC_equip-spltAC-SEER-BA-rDXGF-NoLRM-AOE,70.89,155.87,49075.71,107910.57,49075.71,4117.19,13133.91,3129.96,0.0,12980.689999999999,0.0,4835.3,0.0,0.0,0.0,0.0,10878.65,0.0,0.0,0.0,13133.91,4117.19,0.0,5167.03,7813.66,0.0,95.33,230.77,36601823.4261028
runs/CZ14/DMo&0&rDXHP&Ex&dxHP_equip/RB-dxHP_equip-spltHP-SEER-BA-rDXHP-NoLRM-NR/instance-out.sql,CZ14,DMo,weighted,rDXHP,Ex,dxHP_equip,,RB-dxHP_equip-spltHP-SEER-BA-rDXHP-NoLRM-NR,DMo&0&rDXHP&Ex&dxHP_equip,RB-dxHP_equip-spltHP-SEER-BA-rDXHP-NoLRM-NR,61.29,137.32,42432.64,95068.89,42432.64,6165.0,4913.51,3129.96,0.0,12980.689999999999,0.0,4182.78,0.0,0.0,0.0,0.0,11060.69,0.0,0.0,6165.0,4913.51,0.0,0.0,5167.03,7813.66,0.0,0.0,230.77,21875817.87910979
runs/CZ15/DMo&0&rDXGF&Ex&dxAC_equip/RB-dxAC_equip-spltAC-SEER-BA-rDXGF-LRM-LSC-Correct-30%UC-AOE/instance-out.sql,CZ15,DMo,weighted,rDXGF,Ex,dxAC_equip,,RB-dxAC_equip-spltAC-SEER-BA-rDXGF-LRM-LSC-Correct-30%UC-AOE,DMo&0&rDXGF&Ex&dxAC_equip,RB-dxAC_equip-spltAC-SEER-BA-rDXGF-LRM-LSC-Correct-30%UC-AOE,60.73,123.72,42047.22,85651.37,42047.22,4117.19,6105.43,3129.96,0.0,12980.689999999999,0.0,4835.3,0.0,0.0,0.0,0.0,10878.65,0.0,0.0,0.0,6105.43,4117.19,0.0,5167.03,7813.66,0.0,95.33,230.77,22108530.180602774
runs/CZ15/DMo&0&rDXHP&Ex&dxHP_equip/RB-dxHP_equip-spltHP-SEER-BA-rDXHP-NoLRM-AOE/instance-out.sql,CZ15,DMo,weighted,rDXHP,Ex,dxHP_equip,,RB-dxHP_equip-spltHP-SEER-BA-rDXHP-NoLRM-AOE,DMo&0&rDXHP&Ex&dxHP_equip,RB-dxHP_equip-spltHP-SEER-BA-rDXHP-NoLRM-AOE,67.61,157.91,46807.89,109321.96,46807.89,1645.29,13137.24,3129.96,0.0,12980.689999999999,0.0,5044.44,0.0,0.0,0.0,0.0,10870.27,0.0,0.0,1645.29,13137.24,0.0,0.0,5167.03,7813.66,0.0,95.33,230.77,36601852.940203056
runs/CZ15/DMo&0&rDXGF&Ex&dxAC_equip/RB-dxAC_equip-spltAC-SEER-BA-rDXGF-LRM-LSC-Correct-0%UC-NR/instance-out.sql,CZ15,DMo,weighted,rDXGF,Ex,dxAC_equip,,RB-dxAC_equip-spltAC-SEER-BA-rDXGF-LRM-LSC-Correct-0%UC-NR,DMo&0&rDXGF&Ex&dxAC_equip,RB-dxAC_equip-spltAC-SEER-BA-rDXGF-LRM-LSC-Correct-0%UC-NR,67.41,144.87,46671.36,100296.01,46671.36,4117.19,10729.57,3129.96,0.0,12980.689999999999,0.0,4835.3,0.0,0.0,0.0,0.0,10878.65,0.0,0.0,0.0,10729.57,4117.19,0.0,5167.03,7813.66,0.0,95.33,230.77,31643871.07237757
runs/CZ15/DMo&0&rDXGF&Ex&dxAC_equip/RB-dxAC_equip-spltAC-SEER-BA-rDXGF-LRM-LSC-Correct-40%UC-AOE/instance-out.sql,CZ15,DMo,weighted,rDXGF,Ex,dxAC_equip,,RB-dxAC_equip-spltAC-SEER-BA-rDXGF-LRM-LSC-Correct-40%UC-AOE,DMo&0&rDXGF&Ex&dxAC_equip,RB-dxAC_equip-spltAC-SEER-BA-rDXGF-LRM-LSC-Correct-40%UC-AOE,57.35,113.0,39704.4,78231.63,39704.4,4117.19,3762.6,3129.96,0.0,12980.689999999999,0.0,4835.3,0.0,0.0,0.0,0.0,10878.65,0.0,0.0,0.0,3762.6,4117.19,0.0,5167.03,7813.66,0.0,95.33,230.77,17277432.432059526
runs/CZ15/DMo&0&rDXHP&Ex&dxHP_equip/RB-dxHP_equip-spltHP-SEER-BA-rDXHP-LRM-LSC-Correct-40%UC-AOE/instance-out.sql,CZ15,DMo,weighted,rDXHP,Ex,dxHP_equip,,RB-dxHP_equip-spltHP-SEER-BA-rDXHP-LRM-LSC-Correct-40%UC-AOE,DMo&0&rDXHP&Ex&dxHP_equip,RB-dxHP_equip-spltHP-SEER-BA-rDXHP-LRM-LSC-Correct-40%UC-AOE,53.38,112.85,36957.73,78126.52,36957.740000000005,1168.82,3763.56,3129.96,0.0,12980.689999999999,0.0,5044.44,0.0,0.0,0.0,0.0,10870.27,0.0,0.0,1168.82,3763.56,0.0,0.0,5167.03,7813.66,0.0,95.33,230.77,17277440.887258966
runs/CZ16/DMo&0&rDXGF&Ex&dxAC_equip/RB-dxAC_equip-spltAC-SEER-BA-rDXGF-LRM-LSC-Correct-0%UC-NR/instance-out.sql,CZ16,DMo,weighted,rDXGF,Ex,dxAC_equip,,RB-dxAC_equip-spltAC-SEER-BA-rDXGF-LRM-LSC-Correct-0%UC-NR,DMo&0&rDXGF&Ex&dxAC_equip,RB-dxAC_equip-spltAC-SEER-BA-rDXGF-LRM-LSC-Correct-0%UC-NR,58.27,98.93,40343.11,68492.98,40343.11,9080.67,1837.5,3129.96,0.0,12980.689999999999,0.0,1752.71,0.0,0.0,0.0,0.0,11561.57,0.0,0.0,0.0,1837.5,9080.67,0.0,5167.03,7813.66,0.0,0.0,230.77,17290495.814882934
runs/CZ15/DMo&0&rDXHP&Ex&dxHP_equip/RB-dxHP_equip-spltHP-SEER-BA-rDXHP-LRM-LSC-Correct-15%UC-AOE/instance-out.sql,CZ15,DMo,weighted,rDXHP,Ex,dxHP_equip,,RB-dxHP_equip-spltHP-SEER-BA-rDXHP-LRM-LSC-Correct-15%UC-AOE,DMo&0&rDXHP&Ex&dxHP_equip,RB-dxHP_equip-spltHP-SEER-BA-rDXHP-LRM-LSC-Correct-15%UC-AOE,62.28,141.01,43114.08,97623.67,43114.08,1466.61,9622.11,3129.96,0.0,12980.689999999999,0.0,5044.44,0.0,0.0,0.0,0.0,10870.27,0.0,0.0,1466.61,9622.11,0.0,0.0,5167.03,7813.66,0.0,95.33,230.77,29355198.421757936
runs/CZ15/DMo&0&rDXHP&Ex&dxHP_equip/RB-dxHP_equip-spltHP-SEER-BA-rDXHP-NoLRM-NC/instance-out.sql,CZ15,DMo,weighted,rDXHP,Ex,dxHP_equip,,RB-dxHP_equip-spltHP-SEER-BA-rDXHP-NoLRM-NC,DMo&0&rDXHP&Ex&dxHP_equip,RB-dxHP_equip-spltHP-SEER-BA-rDXHP-NoLRM-NC,65.28,150.53,45194.18,104211.35,45194.18,1315.95,11852.87,3129.96,0.0,12980.689999999999,0.0,5044.44,0.0,0.0,0.0,0.0,10870.27,0.0,0.0,1315.95,11852.87,0.0,0.0,5167.03,7813.66,0.0,95.33,230.77,33954053.072503395
runs/CZ15/DMo&0&rDXHP&Ex&dxHP_equip/RB-dxHP_equip-spltHP-SEER-BA-rDXHP-LRM-LSC-Correct-0%UC-AOE/instance-out.sql,CZ15,DMo,weighted,rDXHP,Ex,dxHP_equip,,RB-dxHP_equip-spltHP-SEER-BA-rDXHP-LRM-LSC-Correct-0%UC-AOE,DMo&0&rDXHP&Ex&dxHP_equip,RB-dxHP_equip-spltHP-SEER-BA-rDXHP-LRM-LSC-Correct-0%UC-AOE,65.73,151.94,45502.74,105188.56,45502.75,1582.16,11895.23,3129.96,0.0,12980.689999999999,0.0,5044.44,0.0,0.0,0.0,0.0,10870.27,0.0,0.0,1582.16,11895.23,0.0,0.0,5167.03,7813.66,0.0,95.33,230.77,34041368.34635659
runs/CZ15/DMo&0&rDXHP&Ex&dxHP_equip/RB-dxHP_equip-spltHP-SEER-BA-rDXHP-LRM-LSC-Correct-0%UC-NC/instance-out.sql,CZ15,DMo,weighted,rDXHP,Ex,dxHP_equip,,RB-dxHP_equip-spltHP-SEER-BA-rDXHP-LRM-LSC-Correct-0%UC-NC,DMo&0&rDXHP&Ex&dxHP_equip,RB-dxHP_equip-spltHP-SEER-BA-rDXHP-LRM-LSC-Correct-0%UC-NC,63.59,145.17,44023.43,100503.58,44023.43,1265.79,10732.28,3129.96,0.0,12980.689999999999,0.0,5044.44,0.0,0.0,0.0,0.0,10870.27,0.0,0.0,1265.79,10732.28,0.0,0.0,5167.03,7813.66,0.0,95.33,230.77,31643895.183511857
runs/CZ16/DMo&0&rDXGF&Ex&dxAC_equip/RB-dxAC_equip-spltAC-SEER-BA-rDXGF-LRM-LSC-Correct-30%UC-AOE/instance-out.sql,CZ16,DMo,weighted,rDXGF,Ex,dxAC_equip,,RB-dxAC_equip-spltAC-SEER-BA-rDXGF-LRM-LSC-Correct-30%UC-AOE,DMo&0&rDXGF&Ex&dxAC_equip,RB-dxAC_equip-spltAC-SEER-BA-rDXGF-LRM-LSC-Correct-30%UC-AOE,57.13,95.31,39551.2,65985.0,39551.2,9080.67,1045.59,3129.96,0.0,12980.689999999999,0.0,1752.71,0.0,0.0,0.0,0.0,11561.57,0.0,0.0,0.0,1045.59,9080.67,0.0,5167.03,7813.66,0.0,0.0,230.77,13785029.091992464
runs/CZ15/DMo&0&rDXHP&Ex&dxHP_equip/RB-dxHP_equip-spltHP-SEER-BA-rDXHP-NoLRM-NR/instance-out.sql,CZ15,DMo,weighted,rDXHP,Ex,dxHP_equip,,RB-dxHP_equip-spltHP-SEER-BA-rDXHP-NoLRM-NR,DMo&0&rDXHP&Ex&dxHP_equip,RB-dxHP_equip-spltHP-SEER-BA-rDXHP-NoLRM-NR,65.28,150.53,45194.18,104211.35,45194.18,1315.95,11852.87,3129.96,0.0,12980.689999999999,0.0,5044.44,0.0,0.0,0.0,0.0,10870.27,0.0,0.0,1315.95,11852.87,0.0,0.0,5167.03,7813.66,0.0,95.33,230.77,33954053.072503395
runs/CZ16/DMo&0&rDXHP&Ex&dxHP_equip/RB-dxHP_equip-spltHP-SEER-BA-rDXHP-LRM-LSC-Correct-0%UC-AOE/instance-out.sql,CZ16,DMo,weighted,rDXHP,Ex,dxHP_equip,,RB-dxHP_equip-spltHP-SEER-BA-rDXHP-LRM-LSC-Correct-0%UC-AOE,DMo&0&rDXHP&Ex&dxHP_equip,RB-dxHP_equip-spltHP-SEER-BA-rDXHP-LRM-LSC-Correct-0%UC-AOE,51.76,105.67,35832.8,73160.06,35832.8,3891.03,2036.89,3129.96,0.0,12980.689999999999,0.0,2250.04,0.0,0.0,0.0,0.0,11544.19,0.0,0.0,3891.03,2036.89,0.0,0.0,5167.03,7813.66,0.17,0.0,230.77,18172320.496937208
runs/CZ15/DMo&0&rDXHP&Ex&dxHP_equip/RB-dxHP_equip-spltHP-SEER-BA-rDXHP-LRM-LSC-Correct-30%UC-AOE/instance-out.sql,CZ15,DMo,weighted,rDXHP,Ex,dxHP_equip,,RB-dxHP_equip-spltHP-SEER-BA-rDXHP-LRM-LSC-Correct-30%UC-AOE,DMo&0&rDXHP&Ex&dxHP_equip,RB-dxHP_equip-spltHP-SEER-BA-rDXHP-LRM-LSC-Correct-30%UC-AOE,56.94,124.11,39420.27,85925.38,39420.270000000004,1287.93,6106.98,3129.96,0.0,12980.689999999999,0.0,5044.44,0.0,0.0,0.0,0.0,10870.27,0.0,0.0,1287.93,6106.98,0.0,0.0,5167.03,7813.66,0.0,95.33,230.77,22108543.900527418
runs/CZ16/DMo&0&rDXHP&Ex&dxHP_equip/RB-dxHP_equip-spltHP-SEER-BA-rDXHP-LRM-LSC-Correct-0%UC-NC/instance-out.sql,CZ16,DMo,weighted,rDXHP,Ex,dxHP_equip,,RB-dxHP_equip-spltHP-SEER-BA-rDXHP-LRM-LSC-Correct-0%UC-NC,DMo&0&rDXHP&Ex&dxHP_equip,RB-dxHP_equip-spltHP-SEER-BA-rDXHP-LRM-LSC-Correct-0%UC-NC,50.59,101.97,35022.49,70593.83,35022.49,3279.87,1837.75,3129.96,0.0,12980.689999999999,0.0,2250.04,0.0,0.0,0.0,0.0,11544.19,0.0,0.0,3279.87,1837.75,0.0,0.0,5167.03,7813.66,0.17,0.0,230.77,17290905.77343745
runs/CZ16/DMo&0&rDXGF&Ex&dxAC_equip/RB-dxAC_equip-spltAC-SEER-BA-rDXGF-LRM-LSC-Correct-40%UC-AOE/instance-out.sql,CZ16,DMo,weighted,rDXGF,Ex,dxAC_equip,,RB-dxAC_equip-spltAC-SEER-BA-rDXGF-LRM-LSC-Correct-40%UC-AOE,DMo&0&rDXGF&Ex&dxAC_equip,RB-dxAC_equip-spltAC-SEER-BA-rDXGF-LRM-LSC-Correct-40%UC-AOE,56.55,93.48,39149.97,64714.32,39149.97,9080.67,644.37,3129.96,0.0,12980.689999999999,0.0,1752.71,0.0,0.0,0.0,0.0,11561.57,0.0,0.0,0.0,644.37,9080.67,0.0,5167.03,7813.66,0.0,0.0,230.77,12008978.02210803
runs/CZ16/DMo&0&rDXGF&Ex&dxAC_equip/RB-dxAC_equip-spltAC-SEER-BA-rDXGF-NoLRM-NR/instance-out.sql,CZ16,DMo,weighted,rDXGF,Ex,dxAC_equip,,RB-dxAC_equip-spltAC-SEER-BA-rDXGF-NoLRM-NR,DMo&0&rDXGF&Ex&dxAC_equip,RB-dxAC_equip-spltAC-SEER-BA-rDXGF-NoLRM-NR,58.55,99.81,40534.97,69100.6,40534.97,9080.67,2029.36,3129.96,0.0,12980.689999999999,0.0,1752.71,0.0,0.0,0.0,0.0,11561.57,0.0,0.0,0.0,2029.36,9080.67,0.0,5167.03,7813.66,0.0,0.0,230.77,18139775.654099107
runs/CZ16/DMo&0&rDXHP&Ex&dxHP_equip/RB-dxHP_equip-spltHP-SEER-BA-rDXHP-LRM-LSC-Correct-30%UC-AOE/instance-out.sql,CZ16,DMo,weighted,rDXHP,Ex,dxHP_equip,,RB-dxHP_equip-spltHP-SEER-BA-rDXHP-LRM-LSC-Correct-30%UC-AOE,DMo&0&rDXHP&Ex&dxHP_equip,RB-dxHP_equip-spltHP-SEER-BA-rDXHP-LRM-LSC-Correct-30%UC-AOE,49.51,98.54,34273.26,68221.03,34273.259999999995,3322.66,1045.73,3129.96,0.0,12980.689999999999,0.0,2250.04,0.0,0.0,0.0,0.0,11544.19,0.0,0.0,3322.66,1045.73,0.0,0.0,5167.03,7813.66,0.17,0.0,230.77,13785298.643056784
runs/CZ16/DMo&0&rDXGF&Ex&dxAC_equip/RB-dxAC_equip-spltAC-SEER-BA-rDXGF-LRM-LSC-Correct-7.5%UC-AOE/instance-out.sql,CZ16,DMo,weighted,rDXGF,Ex,dxAC_equip,,RB-dxAC_equip-spltAC-SEER-BA-rDXGF-LRM-LSC-Correct-7.5%UC-AOE,DMo&0&rDXGF&Ex&dxAC_equip,RB-dxAC_equip-spltAC-SEER-BA-rDXGF-LRM-LSC-Correct-7.5%UC-AOE,58.43,99.44,40453.95,68844.02,40453.95,9080.67,1948.35,3129.96,0.0,12980.689999999999,0.0,1752.71,0.0,0.0,0.0,0.0,11561.57,0.0,0.0,0.0,1948.35,9080.67,0.0,5167.03,7813.66,0.0,0.0,230.77,17781143.999156453
runs/CZ16/DMo&0&rDXHP&Ex&dxHP_equip/RB-dxHP_equip-spltHP-SEER-BA-rDXHP-NoLRM-NC/instance-out.sql,CZ16,DMo,weighted,rDXHP,Ex,dxHP_equip,,RB-dxHP_equip-spltHP-SEER-BA-rDXHP-NoLRM-NC,DMo&0&rDXHP&Ex&dxHP_equip,RB-dxHP_equip-spltHP-SEER-BA-rDXHP-NoLRM-NC,51.0,103.29,35311.28,71508.43,35311.28,3376.77,2029.63,3129.96,0.0,12980.689999999999,0.0,2250.04,0.0,0.0,0.0,0.0,11544.19,0.0,0.0,3376.77,2029.63,0.0,0.0,5167.03,7813.66,0.17,0.0,230.77,18140219.629593484
runs/CZ16/DMo&0&rDXGF&Ex&dxAC_equip/RB-dxAC_equip-spltAC-SEER-BA-rDXGF-LRM-LSC-Correct-22.5%UC-AOE/instance-out.sql,CZ16,DMo,weighted,rDXGF,Ex,dxAC_equip,,RB-dxAC_equip-spltAC-SEER-BA-rDXGF-LRM-LSC-Correct-22.5%UC-AOE,DMo&0&rDXGF&Ex&dxAC_equip,RB-dxAC_equip-spltAC-SEER-BA-rDXGF-LRM-LSC-Correct-22.5%UC-AOE,57.56,96.69,39852.11,66938.0,39852.11,9080.67,1346.51,3129.96,0.0,12980.689999999999,0.0,1752.71,0.0,0.0,0.0,0.0,11561.57,0.0,0.0,0.0,1346.51,9080.67,0.0,5167.03,7813.66,0.0,0.0,230.77,15117067.39434217
runs/CZ16/DMo&0&rDXGF&Ex&dxAC_equip/RB-dxAC_equip-spltAC-SEER-BA-rDXGF-LRM-LSC-Correct-0%UC-AOE/instance-out.sql,CZ16,DMo,weighted,rDXGF,Ex,dxAC_equip,,RB-dxAC_equip-spltAC-SEER-BA-rDXGF-LRM-LSC-Correct-0%UC-AOE,DMo&0&rDXGF&Ex&dxAC_equip,RB-dxAC_equip-spltAC-SEER-BA-rDXGF-LRM-LSC-Correct-0%UC-AOE,58.56,99.84,40542.22,69123.56,40542.22,9080.67,2036.61,3129.96,0.0,12980.689999999999,0.0,1752.71,0.0,0.0,0.0,0.0,11561.57,0.0,0.0,0.0,2036.61,9080.67,0.0,5167.03,7813.66,0.0,0.0,230.77,18171875.235730533
runs/CZ16/DMo&0&rDXGF&Ex&dxAC_equip/RB-dxAC_equip-spltAC-SEER-BA-rDXGF-LRM-LSC-Correct-15%UC-AOE/instance-out.sql,CZ16,DMo,weighted,rDXGF,Ex,dxAC_equip,,RB-dxAC_equip-spltAC-SEER-BA-rDXGF-LRM-LSC-Correct-15%UC-AOE,DMo&0&rDXGF&Ex&dxAC_equip,RB-dxAC_equip-spltAC-SEER-BA-rDXGF-LRM-LSC-Correct-15%UC-AOE,58.0,98.06,40153.03,67891.01,40153.03,9080.67,1647.43,3129.96,0.0,12980.689999999999,0.0,1752.71,0.0,0.0,0.0,0.0,11561.57,0.0,0.0,0.0,1647.43,9080.67,0.0,5167.03,7813.66,0.0,0.0,230.77,16449105.697307272
runs/CZ16/DMo&0&rDXGF&Ex&dxAC_equip/RB-dxAC_equip-spltAC-SEER-BA-rDXGF-NoLRM-AOE/instance-out.sql,CZ16,DMo,weighted,rDXGF,Ex,dxAC_equip,,RB-dxAC_equip-spltAC-SEER-BA-rDXGF-NoLRM-AOE,DMo&0&rDXGF&Ex&dxAC_equip,RB-dxAC_equip-spltAC-SEER-BA-rDXGF-NoLRM-AOE,58.87,100.82,40754.87,69797.02,40754.87,9080.67,2249.26,3129.96,0.0,12980.689999999999,0.0,1752.71,0.0,0.0,0.0,0.0,11561.57,0.0,0.0,0.0,2249.26,9080.67,0.0,5167.03,7813.66,0.0,0.0,230.77,19113182.301598083
runs/CZ16/DMo&0&rDXHP&Ex&dxHP_equip/RB-dxHP_equip-spltHP-SEER-BA-rDXHP-LRM-LSC-Correct-22.5%UC-AOE/instance-out.sql,CZ16,DMo,weighted,rDXHP,Ex,dxHP_equip,,RB-dxHP_equip-spltHP-SEER-BA-rDXHP-LRM-LSC-Correct-22.5%UC-AOE,DMo&0&rDXHP&Ex&dxHP_equip,RB-dxHP_equip-spltHP-SEER-BA-rDXHP-LRM-LSC-Correct-22.5%UC-AOE,50.19,100.71,34746.81,69720.73,34746.81,3495.24,1346.69,3129.96,0.0,12980.689999999999,0.0,2250.04,0.0,0.0,0.0,0.0,11544.19,0.0,0.0,3495.24,1346.69,0.0,0.0,5167.03,7813.66,0.17,0.0,230.77,15117390.298688564
runs/CZ16/DMo&0&rDXHP&Ex&dxHP_equip/RB-dxHP_equip-spltHP-SEER-BA-rDXHP-LRM-LSC-Correct-0%UC-NR/instance-out.sql,CZ16,DMo,weighted,rDXHP,Ex,dxHP_equip,,RB-dxHP_equip-spltHP-SEER-BA-rDXHP-LRM-LSC-Correct-0%UC-NR,DMo&0&rDXHP&Ex&dxHP_equip,RB-dxHP_equip-spltHP-SEER-BA-rDXHP-LRM-LSC-Correct-0%UC-NR,50.59,101.97,35022.49,70593.83,35022.49,3279.87,1837.75,3129.96,0.0,12980.689999999999,0.0,2250.04,0.0,0.0,0.0,0.0,11544.19,0.0,0.0,3279.87,1837.75,0.0,0.0,5167.03,7813.66,0.17,0.0,230.77,17290905.77343745
runs/CZ16/DMo&0&rDXHP&Ex&dxHP_equip/RB-dxHP_equip-spltHP-SEER-BA-rDXHP-LRM-LSC-Correct-7.5%UC-AOE/instance-out.sql,CZ16,DMo,weighted,rDXHP,Ex,dxHP_equip,,RB-dxHP_equip-spltHP-SEER-BA-rDXHP-LRM-LSC-Correct-7.5%UC-AOE,DMo&0&rDXHP&Ex&dxHP_equip,RB-dxHP_equip-spltHP-SEER-BA-rDXHP-LRM-LSC-Correct-7.5%UC-AOE,51.56,105.04,35693.89,72720.15,35693.89,3840.41,1948.61,3129.96,0.0,12980.689999999999,0.0,2250.04,0.0,0.0,0.0,0.0,11544.19,0.0,0.0,3840.41,1948.61,0.0,0.0,5167.03,7813.66,0.17,0.0,230.77,17781573.610067002
runs/CZ16/DMo&0&rDXHP&Ex&dxHP_equip/RB-dxHP_equip-spltHP-SEER-BA-rDXHP-LRM-LSC-Correct-40%UC-AOE/instance-out.sql,CZ16,DMo,weighted,rDXHP,Ex,dxHP_equip,,RB-dxHP_equip-spltHP-SEER-BA-rDXHP-LRM-LSC-Correct-40%UC-AOE,DMo&0&rDXHP&Ex&dxHP_equip,RB-dxHP_equip-spltHP-SEER-BA-rDXHP-LRM-LSC-Correct-40%UC-AOE,48.59,95.65,33641.87,66221.41,33641.869999999995,3092.54,644.45,3129.96,0.0,12980.689999999999,0.0,2250.04,0.0,0.0,0.0,0.0,11544.19,0.0,0.0,3092.54,644.45,0.0,0.0,5167.03,7813.66,0.17,0.0,230.77,12009176.435462909
runs/CZ16/DMo&0&rDXHP&Ex&dxHP_equip/RB-dxHP_equip-spltHP-SEER-BA-rDXHP-NoLRM-AOE/instance-out.sql,CZ16,DMo,weighted,rDXHP,Ex,dxHP_equip,,RB-dxHP_equip-spltHP-SEER-BA-rDXHP-NoLRM-AOE,DMo&0&rDXHP&Ex&dxHP_equip,RB-dxHP_equip-spltHP-SEER-BA-rDXHP-NoLRM-AOE,52.24,107.21,36167.43,74219.86,36167.43,4012.99,2249.56,3129.96,0.0,12980.689999999999,0.0,2250.04,0.0,0.0,0.0,0.0,11544.19,0.0,0.0,4012.99,2249.56,0.0,0.0,5167.03,7813.66,0.17,0.0,230.77,19113665.26579072
runs/CZ16/DMo&0&rDXHP&Ex&dxHP_equip/RB-dxHP_equip-spltHP-SEER-BA-rDXHP-LRM-LSC-Correct-15%UC-AOE/instance-out.sql,CZ16,DMo,weighted,rDXHP,Ex,dxHP_equip,,RB-dxHP_equip-spltHP-SEER-BA-rDXHP-LRM-LSC-Correct-15%UC-AOE,DMo&0&rDXHP&Ex&dxHP_equip,RB-dxHP_equip-spltHP-SEER-BA-rDXHP-LRM-LSC-Correct-15%UC-AOE,50.87,102.87,35220.35,71220.44,35220.35,3667.82,1647.65,3129.96,0.0,12980.689999999999,0.0,2250.04,0.0,0.0,0.0,0.0,11544.19,0.0,0.0,3667.82,1647.65,0.0,0.0,5167.03,7813.66,0.17,0.0,230.77,16449481.954935769
runs/CZ16/DMo&0&rDXHP&Ex&dxHP_equip/RB-dxHP_equip-spltHP-SEER-BA-rDXHP-NoLRM-NR/instance-out.sql,CZ16,DMo,weighted,rDXHP,Ex,dxHP_equip,,RB-dxHP_equip-spltHP-SEER-BA-rDXHP-NoLRM-NR,DMo&0&rDXHP&Ex&dxHP_equip,RB-dxHP_equip-spltHP-SEER-BA-rDXHP-NoLRM-NR,51.0,103.29,35311.28,71508.43,35311.28,3376.77,2029.63,3129.96,0.0,12980.689999999999,0.0,2250.04,0.0,0.0,0.0,0.0,11544.19,0.0,0.0,3376.77,2029.63,0.0,0.0,5167.03,7813.66,0.17,0.0,230.77,18140219.629593484
