File Name,BldgLoc,BldgType,Story,BldgHVAC,BldgVint,TechGroup,TechType,TechID,Cohort,Case,Net Site EUI,Net Source EUI,Total Energy/Net Site Energy,Total Energy/Net Source Energy,Total,Heating,Cooling,Interior Lighting,Exterior Lighting,Interior Equipment,Exterior Equipment,Fans,Pumps,Heat Rejection,Humidification,Heat Recovery,Water Systems,Refrigeration,Generators,Heating Elec,Cooling Elec,Heating NG,Cooling NG,Interior Equipment Elec,Interior Equipment NG,Unmet Heating,Unmet Cooling,Conditioned Area,Electricity:Facility [J](Hourly)
runs/CZ01/SFm&1&rDXGF&Ex&dxAC_equip/RB-dxAC_equip-spltAC-SEER-BA-rDXGF-LRM-LSC-AOE/instance-out.sql,CZ01,SFm,1,rDXGF,Ex,dxAC_equip,,RB-dxAC_equip-spltAC-SEER-BA-rDXGF-LRM-LSC-AOE,SFm&1&rDXGF&Ex&dxAC_equip,RB-dxAC_equip-spltAC-SEER-BA-rDXGF-LRM-LSC-AOE,42.39,74.52,32602.15,57318.07,32602.14,7588.7,56.51,1557.5,457.71,10338.53,0.0,210.83,0.0,0.0,0.0,0.0,12392.37,0.0,0.0,0.0,56.51,7588.7,0.0,8268.27,2070.26,0.0,0.0,270.12,7347487.8839125745
runs/CZ01/SFm&1&rDXGF&Ex&dxAC_equip/RB-dxAC_equip-spltAC-SEER-BA-rDXGF-LRM-LSC-NR/instance-out.sql,CZ01,SFm,1,rDXGF,Ex,dxAC_equip,,RB-dxAC_equip-spltAC-SEER-BA-rDXGF-LRM-LSC-NR,SFm&1&rDXGF&Ex&dxAC_equip,RB-dxAC_equip-spltAC-SEER-BA-rDXGF-LRM-LSC-NR,42.38,74.5,32596.62,57300.58,32596.620000000003,7588.7,50.98,1557.5,457.71,10338.53,0.0,210.83,0.0,0.0,0.0,0.0,12392.37,0.0,0.0,0.0,50.98,7588.7,0.0,8268.27,2070.26,0.0,0.0,270.12,7253565.524796887
runs/CZ01/SFm&1&rDXGF&Ex&dxAC_equip/RB-dxAC_equip-spltAC-SEER-BA-rDXGF-NoLRM-0%UC-NR/instance-out.sql,CZ01,SFm,1,rDXGF,Ex,dxAC_equip,,RB-dxAC_equip-spltAC-SEER-BA-rDXGF-NoLRM-0%UC-NR,SFm&1&rDXGF&Ex&dxAC_equip,RB-dxAC_equip-spltAC-SEER-BA-rDXGF-NoLRM-0%UC-NR,42.39,74.52,32601.44,57315.84,32601.440000000002,7588.7,55.8,1557.5,457.71,10338.53,0.0,210.83,0.0,0.0,0.0,0.0,12392.37,0.0,0.0,0.0,55.8,7588.7,0.0,8268.27,2070.26,0.0,0.0,270.12,7335511.098310433
runs/CZ01/SFm&1&rDXGF&Ex&dxAC_equip/RB-dxAC_equip-spltAC-SEER-BA-rDXGF-NoLRM-0%UC-AOE/instance-out.sql,CZ01,SFm,1,rDXGF,Ex,dxAC_equip,,RB-dxAC_equip-spltAC-SEER-BA-rDXGF-NoLRM-0%UC-AOE,SFm&1&rDXGF&Ex&dxAC_equip,RB-dxAC_equip-spltAC-SEER-BA-rDXGF-NoLRM-0%UC-AOE,42.4,74.55,32607.49,57334.99,32607.49,7588.7,61.85,1557.5,457.71,10338.53,0.0,210.83,0.0,0.0,0.0,0.0,12392.37,0.0,0.0,0.0,61.85,7588.7,0.0,8268.27,2070.26,0.0,0.0,270.12,7438313.008940676
runs/CZ01/SFm&1&rDXGF&Ex&dxAC_equip/RB-dxAC_equip-spltAC-SEER-BA-rDXGF-NoLRM-22.5%UC-AOE/instance-out.sql,CZ01,SFm,1,rDXGF,Ex,dxAC_equip,,RB-dxAC_equip-spltAC-SEER-BA-rDXGF-NoLRM-22.5%UC-AOE,SFm&1&rDXGF&Ex&dxAC_equip,RB-dxAC_equip-spltAC-SEER-BA-rDXGF-NoLRM-22.5%UC-AOE,42.43,74.64,32630.17,57406.82,32630.170000000002,7588.7,84.53,1557.5,457.71,10338.53,0.0,210.83,0.0,0.0,0.0,0.0,12392.37,0.0,0.0,0.0,84.53,7588.7,0.0,8268.27,2070.26,0.0,0.0,270.12,7823891.369760217
runs/CZ01/SFm&1&rDXGF&Ex&dxAC_equip/RB-dxAC_equip-spltAC-SEER-BA-rDXGF-NoLRM-15%UC-AOE/instance-out.sql,CZ01,SFm,1,rDXGF,Ex,dxAC_equip,,RB-dxAC_equip-spltAC-SEER-BA-rDXGF-NoLRM-15%UC-AOE,SFm&1&rDXGF&Ex&dxAC_equip,RB-dxAC_equip-spltAC-SEER-BA-rDXGF-NoLRM-15%UC-AOE,42.42,74.61,32622.61,57382.88,32622.61,7588.7,76.97,1557.5,457.71,10338.53,0.0,210.83,0.0,0.0,0.0,0.0,12392.37,0.0,0.0,0.0,76.97,7588.7,0.0,8268.27,2070.26,0.0,0.0,270.12,7695365.24928575
runs/CZ01/SFm&1&rDXGF&Ex&dxAC_equip/RB-dxAC_equip-spltAC-SEER-BA-rDXGF-NoLRM-30%UC-AOE/instance-out.sql,CZ01,SFm,1,rDXGF,Ex,dxAC_equip,,RB-dxAC_equip-spltAC-SEER-BA-rDXGF-NoLRM-30%UC-AOE,SFm&1&rDXGF&Ex&dxAC_equip,RB-dxAC_equip-spltAC-SEER-BA-rDXGF-NoLRM-30%UC-AOE,42.43,74.67,32637.73,57430.76,32637.730000000003,7588.7,92.09,1557.5,457.71,10338.53,0.0,210.83,0.0,0.0,0.0,0.0,12392.37,0.0,0.0,0.0,92.09,7588.7,0.0,8268.27,2070.26,0.0,0.0,270.12,7952417.489380029
runs/CZ01/SFm&1&rDXHP&Ex&dxHP_equip/RB-dxHP_equip-spltHP-SEER-BA-rDXHP-NoLRM-0%UC-NC/instance-out.sql,CZ01,SFm,1,rDXHP,Ex,dxHP_equip,,RB-dxHP_equip-spltHP-SEER-BA-rDXHP-NoLRM-0%UC-NC,SFm&1&rDXHP&Ex&dxHP_equip,RB-dxHP_equip-spltHP-SEER-BA-rDXHP-NoLRM-0%UC-NC,35.74,74.03,27491.2,56938.34,27491.2,2367.61,55.78,1557.5,457.71,10338.53,0.0,321.39,0.0,0.0,0.0,0.0,12392.67,0.0,0.0,2367.61,55.78,0.0,0.0,8268.27,2070.26,0.0,0.0,270.12,7335550.308202644
runs/CZ01/SFm&1&rDXGF&Ex&dxAC_equip/RB-dxAC_equip-spltAC-SEER-BA-rDXGF-NoLRM-7.5%UC-AOE/instance-out.sql,CZ01,SFm,1,rDXGF,Ex,dxAC_equip,,RB-dxAC_equip-spltAC-SEER-BA-rDXGF-NoLRM-7.5%UC-AOE,SFm&1&rDXGF&Ex&dxAC_equip,RB-dxAC_equip-spltAC-SEER-BA-rDXGF-NoLRM-7.5%UC-AOE,42.41,74.58,32615.05,57358.93,32615.050000000003,7588.7,69.41,1557.5,457.71,10338.53,0.0,210.83,0.0,0.0,0.0,0.0,12392.37,0.0,0.0,0.0,69.41,7588.7,0.0,8268.27,2070.26,0.0,0.0,270.12,7566839.128901882
runs/CZ01/SFm&1&rDXGF&Ex&dxAC_equip/RB-dxAC_equip-spltAC-SEER-BA-rDXGF-NoLRM-40%UC-AOE/instance-out.sql,CZ01,SFm,1,rDXGF,Ex,dxAC_equip,,RB-dxAC_equip-spltAC-SEER-BA-rDXGF-NoLRM-40%UC-AOE,SFm&1&rDXGF&Ex&dxAC_equip,RB-dxAC_equip-spltAC-SEER-BA-rDXGF-NoLRM-40%UC-AOE,42.45,74.71,32647.81,57462.69,32647.81,7588.7,102.17,1557.5,457.71,10338.53,0.0,210.83,0.0,0.0,0.0,0.0,12392.37,0.0,0.0,0.0,102.17,7588.7,0.0,8268.27,2070.26,0.0,0.0,270.12,8123785.64984696
runs/CZ01/SFm&1&rDXHP&Ex&dxHP_equip/RB-dxHP_equip-spltHP-SEER-BA-rDXHP-NoLRM-15%UC-AOE/instance-out.sql,CZ01,SFm,1,rDXHP,Ex,dxHP_equip,,RB-dxHP_equip-spltHP-SEER-BA-rDXHP-NoLRM-15%UC-AOE,SFm&1&rDXHP&Ex&dxHP_equip,RB-dxHP_equip-spltHP-SEER-BA-rDXHP-NoLRM-15%UC-AOE,36.2,75.46,27839.33,58040.87,27839.34,2694.58,76.94,1557.5,457.71,10338.53,0.0,321.39,0.0,0.0,0.0,0.0,12392.67,0.0,0.0,2694.58,76.94,0.0,0.0,8268.27,2070.26,0.0,0.0,270.12,7695416.568863308
runs/CZ01/SFm&1&rDXHP&Ex&dxHP_equip/RB-dxHP_equip-spltHP-SEER-BA-rDXHP-NoLRM-0%UC-NR/instance-out.sql,CZ01,SFm,1,rDXHP,Ex,dxHP_equip,,RB-dxHP_equip-spltHP-SEER-BA-rDXHP-NoLRM-0%UC-NR,SFm&1&rDXHP&Ex&dxHP_equip,RB-dxHP_equip-spltHP-SEER-BA-rDXHP-NoLRM-0%UC-NR,35.74,74.03,27491.2,56938.34,27491.2,2367.61,55.78,1557.5,457.71,10338.53,0.0,321.39,0.0,0.0,0.0,0.0,12392.67,0.0,0.0,2367.61,55.78,0.0,0.0,8268.27,2070.26,0.0,0.0,270.12,7335550.308202644
runs/CZ01/SFm&1&rDXHP&Ex&dxHP_equip/RB-dxHP_equip-spltHP-SEER-BA-rDXHP-LRM-LSC-AOE/instance-out.sql,CZ01,SFm,1,rDXHP,Ex,dxHP_equip,,RB-dxHP_equip-spltHP-SEER-BA-rDXHP-LRM-LSC-AOE,SFm&1&rDXHP&Ex&dxHP_equip,RB-dxHP_equip-spltHP-SEER-BA-rDXHP-LRM-LSC-AOE,36.55,76.58,28109.79,58897.4,28109.79,2985.49,56.49,1557.5,457.71,10338.53,0.0,321.39,0.0,0.0,0.0,0.0,12392.67,0.0,0.0,2985.49,56.49,0.0,0.0,8268.27,2070.26,0.0,0.0,270.12,7347527.496843362
runs/CZ01/SFm&1&rDXHP&Ex&dxHP_equip/RB-dxHP_equip-spltHP-SEER-BA-rDXHP-LRM-LSC-NR/instance-out.sql,CZ01,SFm,1,rDXHP,Ex,dxHP_equip,,RB-dxHP_equip-spltHP-SEER-BA-rDXHP-LRM-LSC-NR,SFm&1&rDXHP&Ex&dxHP_equip,RB-dxHP_equip-spltHP-SEER-BA-rDXHP-LRM-LSC-NR,35.84,74.35,27568.06,57181.74,27568.06,2449.29,50.96,1557.5,457.71,10338.53,0.0,321.39,0.0,0.0,0.0,0.0,12392.67,0.0,0.0,2449.29,50.96,0.0,0.0,8268.27,2070.26,0.0,0.0,270.12,7253601.977085472
runs/CZ01/SFm&1&rDXHP&Ex&dxHP_equip/RB-dxHP_equip-spltHP-SEER-BA-rDXHP-LRM-LSC-NC/instance-out.sql,CZ01,SFm,1,rDXHP,Ex,dxHP_equip,,RB-dxHP_equip-spltHP-SEER-BA-rDXHP-LRM-LSC-NC,SFm&1&rDXHP&Ex&dxHP_equip,RB-dxHP_equip-spltHP-SEER-BA-rDXHP-LRM-LSC-NC,35.84,74.35,27568.06,57181.74,27568.06,2449.29,50.96,1557.5,457.71,10338.53,0.0,321.39,0.0,0.0,0.0,0.0,12392.67,0.0,0.0,2449.29,50.96,0.0,0.0,8268.27,2070.26,0.0,0.0,270.12,7253601.977085472
runs/CZ01/SFm&1&rDXHP&Ex&dxHP_equip/RB-dxHP_equip-spltHP-SEER-BA-rDXHP-NoLRM-0%UC-AOE/instance-out.sql,CZ01,SFm,1,rDXHP,Ex,dxHP_equip,,RB-dxHP_equip-spltHP-SEER-BA-rDXHP-NoLRM-0%UC-AOE,SFm&1&rDXHP&Ex&dxHP_equip,RB-dxHP_equip-spltHP-SEER-BA-rDXHP-NoLRM-0%UC-AOE,36.42,76.18,28012.34,58588.78,28012.34,2882.71,61.83,1557.5,457.71,10338.53,0.0,321.39,0.0,0.0,0.0,0.0,12392.67,0.0,0.0,2882.71,61.83,0.0,0.0,8268.27,2070.26,0.0,0.0,270.12,7438355.6782866325
runs/CZ01/SFm&1&rDXHP&Ex&dxHP_equip/RB-dxHP_equip-spltHP-SEER-BA-rDXHP-NoLRM-22.5%UC-AOE/instance-out.sql,CZ01,SFm,1,rDXHP,Ex,dxHP_equip,,RB-dxHP_equip-spltHP-SEER-BA-rDXHP-NoLRM-22.5%UC-AOE,SFm&1&rDXHP&Ex&dxHP_equip,RB-dxHP_equip-spltHP-SEER-BA-rDXHP-NoLRM-22.5%UC-AOE,36.02,74.9,27701.44,57604.15,27701.440000000002,2549.13,84.5,1557.5,457.71,10338.53,0.0,321.39,0.0,0.0,0.0,0.0,12392.67,0.0,0.0,2549.13,84.5,0.0,0.0,8268.27,2070.26,0.0,0.0,270.12,7823947.014453585
runs/CZ01/SFm&1&rDXHP&Ex&dxHP_equip/RB-dxHP_equip-spltHP-SEER-BA-rDXHP-NoLRM-40%UC-AOE/instance-out.sql,CZ01,SFm,1,rDXHP,Ex,dxHP_equip,,RB-dxHP_equip-spltHP-SEER-BA-rDXHP-NoLRM-40%UC-AOE,SFm&1&rDXHP&Ex&dxHP_equip,RB-dxHP_equip-spltHP-SEER-BA-rDXHP-NoLRM-40%UC-AOE,35.6,73.57,27379.67,56585.13,27379.68,2209.73,102.13,1557.5,457.71,10338.53,0.0,321.39,0.0,0.0,0.0,0.0,12392.67,0.0,0.0,2209.73,102.13,0.0,0.0,8268.27,2070.26,0.0,0.0,270.12,8123851.386477187
runs/CZ01/SFm&1&rDXHP&Ex&dxHP_equip/RB-dxHP_equip-spltHP-SEER-BA-rDXHP-NoLRM-7.5%UC-AOE/instance-out.sql,CZ01,SFm,1,rDXHP,Ex,dxHP_equip,,RB-dxHP_equip-spltHP-SEER-BA-rDXHP-NoLRM-7.5%UC-AOE,SFm&1&rDXHP&Ex&dxHP_equip,RB-dxHP_equip-spltHP-SEER-BA-rDXHP-NoLRM-7.5%UC-AOE,36.38,76.03,27977.23,58477.59,27977.230000000003,2840.04,69.38,1557.5,457.71,10338.53,0.0,321.39,0.0,0.0,0.0,0.0,12392.67,0.0,0.0,2840.04,69.38,0.0,0.0,8268.27,2070.26,0.0,0.0,270.12,7566886.123363632
runs/CZ01/SFm&2&rDXGF&Ex&dxAC_equip/RB-dxAC_equip-spltAC-SEER-BA-rDXGF-NoLRM-0%UC-NR/instance-out.sql,CZ01,SFm,2,rDXGF,Ex,dxAC_equip,,RB-dxAC_equip-spltAC-SEER-BA-rDXGF-NoLRM-0%UC-NR,SFm&2&rDXGF&Ex&dxAC_equip,RB-dxAC_equip-spltAC-SEER-BA-rDXGF-NoLRM-0%UC-NR,34.89,63.8,45230.96,82702.87,45230.95,13459.2,156.26,1774.64,457.71,16701.91,0.0,336.49,0.0,0.0,0.0,0.0,12344.73,0.0,0.0,0.0,156.26,13459.2,0.0,13440.28,3261.63,0.0,0.0,540.12,11730958.828642037
runs/CZ01/SFm&1&rDXHP&Ex&dxHP_equip/RB-dxHP_equip-spltHP-SEER-BA-rDXHP-NoLRM-30%UC-AOE/instance-out.sql,CZ01,SFm,1,rDXHP,Ex,dxHP_equip,,RB-dxHP_equip-spltHP-SEER-BA-rDXHP-NoLRM-30%UC-AOE,SFm&1&rDXHP&Ex&dxHP_equip,RB-dxHP_equip-spltHP-SEER-BA-rDXHP-NoLRM-30%UC-AOE,35.84,74.33,27563.54,57167.42,27563.54,2403.67,92.06,1557.5,457.71,10338.53,0.0,321.39,0.0,0.0,0.0,0.0,12392.67,0.0,0.0,2403.67,92.06,0.0,0.0,8268.27,2070.26,0.0,0.0,270.12,7952477.45918918
runs/CZ01/SFm&2&rDXGF&Ex&dxAC_equip/RB-dxAC_equip-spltAC-SEER-BA-rDXGF-NoLRM-0%UC-AOE/instance-out.sql,CZ01,SFm,2,rDXGF,Ex,dxAC_equip,,RB-dxAC_equip-spltAC-SEER-BA-rDXGF-NoLRM-0%UC-AOE,SFm&2&rDXGF&Ex&dxAC_equip,RB-dxAC_equip-spltAC-SEER-BA-rDXGF-NoLRM-0%UC-AOE,34.91,63.84,45247.89,82756.49,45247.89,13459.2,173.19,1774.64,457.71,16701.91,0.0,336.49,0.0,0.0,0.0,0.0,12344.73,0.0,0.0,0.0,173.19,13459.2,0.0,13440.28,3261.63,0.0,0.0,540.12,11960611.33057545
runs/CZ01/SFm&2&rDXGF&Ex&dxAC_equip/RB-dxAC_equip-spltAC-SEER-BA-rDXGF-LRM-LSC-NR/instance-out.sql,CZ01,SFm,2,rDXGF,Ex,dxAC_equip,,RB-dxAC_equip-spltAC-SEER-BA-rDXGF-LRM-LSC-NR,SFm&2&rDXGF&Ex&dxAC_equip,RB-dxAC_equip-spltAC-SEER-BA-rDXGF-LRM-LSC-NR,34.88,63.77,45217.46,82660.13,45217.46000000001,13459.2,142.76,1774.64,457.71,16701.91,0.0,336.49,0.0,0.0,0.0,0.0,12344.73,0.0,0.0,0.0,142.76,13459.2,0.0,13440.28,3261.63,0.0,0.0,540.12,11547897.970488895
runs/CZ01/SFm&2&rDXGF&Ex&dxAC_equip/RB-dxAC_equip-spltAC-SEER-BA-rDXGF-NoLRM-7.5%UC-AOE/instance-out.sql,CZ01,SFm,2,rDXGF,Ex,dxAC_equip,,RB-dxAC_equip-spltAC-SEER-BA-rDXGF-NoLRM-7.5%UC-AOE,SFm&2&rDXGF&Ex&dxAC_equip,RB-dxAC_equip-spltAC-SEER-BA-rDXGF-NoLRM-7.5%UC-AOE,34.92,63.9,45269.06,82823.54,45269.05,13459.2,194.36,1774.64,457.71,16701.91,0.0,336.49,0.0,0.0,0.0,0.0,12344.73,0.0,0.0,0.0,194.36,13459.2,0.0,13440.28,3261.63,0.0,0.0,540.12,12247729.972942412
runs/CZ01/SFm&2&rDXGF&Ex&dxAC_equip/RB-dxAC_equip-spltAC-SEER-BA-rDXGF-LRM-LSC-AOE/instance-out.sql,CZ01,SFm,2,rDXGF,Ex,dxAC_equip,,RB-dxAC_equip-spltAC-SEER-BA-rDXGF-LRM-LSC-AOE,SFm&2&rDXGF&Ex&dxAC_equip,RB-dxAC_equip-spltAC-SEER-BA-rDXGF-LRM-LSC-AOE,34.9,63.81,45232.93,82709.12,45232.93000000001,13459.2,158.23,1774.64,457.71,16701.91,0.0,336.49,0.0,0.0,0.0,0.0,12344.73,0.0,0.0,0.0,158.23,13459.2,0.0,13440.28,3261.63,0.0,0.0,540.12,11757714.156065322
runs/CZ01/SFm&2&rDXGF&Ex&dxAC_equip/RB-dxAC_equip-spltAC-SEER-BA-rDXGF-NoLRM-15%UC-AOE/instance-out.sql,CZ01,SFm,2,rDXGF,Ex,dxAC_equip,,RB-dxAC_equip-spltAC-SEER-BA-rDXGF-NoLRM-15%UC-AOE,SFm&2&rDXGF&Ex&dxAC_equip,RB-dxAC_equip-spltAC-SEER-BA-rDXGF-NoLRM-15%UC-AOE,34.94,63.95,45290.23,82890.58,45290.22,13459.2,215.53,1774.64,457.71,16701.91,0.0,336.49,0.0,0.0,0.0,0.0,12344.73,0.0,0.0,0.0,215.53,13459.2,0.0,13440.28,3261.63,0.0,0.0,540.12,12534848.616253579
runs/CZ01/SFm&2&rDXGF&Ex&dxAC_equip/RB-dxAC_equip-spltAC-SEER-BA-rDXGF-NoLRM-22.5%UC-AOE/instance-out.sql,CZ01,SFm,2,rDXGF,Ex,dxAC_equip,,RB-dxAC_equip-spltAC-SEER-BA-rDXGF-NoLRM-22.5%UC-AOE,SFm&2&rDXGF&Ex&dxAC_equip,RB-dxAC_equip-spltAC-SEER-BA-rDXGF-NoLRM-22.5%UC-AOE,34.96,64.0,45311.39,82957.62,45311.39,13459.2,236.7,1774.64,457.71,16701.91,0.0,336.49,0.0,0.0,0.0,0.0,12344.73,0.0,0.0,0.0,236.7,13459.2,0.0,13440.28,3261.63,0.0,0.0,540.12,12821967.259767132
runs/CZ01/SFm&2&rDXHP&Ex&dxHP_equip/RB-dxHP_equip-spltHP-SEER-BA-rDXHP-LRM-LSC-NC/instance-out.sql,CZ01,SFm,2,rDXHP,Ex,dxHP_equip,,RB-dxHP_equip-spltHP-SEER-BA-rDXHP-LRM-LSC-NC,SFm&2&rDXHP&Ex&dxHP_equip,RB-dxHP_equip-spltHP-SEER-BA-rDXHP-LRM-LSC-NC,28.0,63.6,36295.21,82438.93,36295.21,4356.45,142.75,1774.64,457.71,16701.91,0.0,517.03,0.0,0.0,0.0,0.0,12344.71,0.0,0.0,4356.45,142.75,0.0,0.0,13440.28,3261.63,0.0,0.0,540.12,11548009.681752656
runs/CZ01/SFm&2&rDXHP&Ex&dxHP_equip/RB-dxHP_equip-spltHP-SEER-BA-rDXHP-NoLRM-0%UC-NC/instance-out.sql,CZ01,SFm,2,rDXHP,Ex,dxHP_equip,,RB-dxHP_equip-spltHP-SEER-BA-rDXHP-NoLRM-0%UC-NC,SFm&2&rDXHP&Ex&dxHP_equip,RB-dxHP_equip-spltHP-SEER-BA-rDXHP-NoLRM-0%UC-NC,27.89,63.26,36154.84,81994.37,36154.84,4202.58,156.24,1774.64,457.71,16701.91,0.0,517.03,0.0,0.0,0.0,0.0,12344.71,0.0,0.0,4202.58,156.24,0.0,0.0,13440.28,3261.63,0.0,0.0,540.12,11731079.239132442
runs/CZ01/SFm&2&rDXGF&Ex&dxAC_equip/RB-dxAC_equip-spltAC-SEER-BA-rDXGF-NoLRM-30%UC-AOE/instance-out.sql,CZ01,SFm,2,rDXGF,Ex,dxAC_equip,,RB-dxAC_equip-spltAC-SEER-BA-rDXGF-NoLRM-30%UC-AOE,SFm&2&rDXGF&Ex&dxAC_equip,RB-dxAC_equip-spltAC-SEER-BA-rDXGF-NoLRM-30%UC-AOE,34.97,64.05,45332.56,83024.66,45332.56,13459.2,257.87,1774.64,457.71,16701.91,0.0,336.49,0.0,0.0,0.0,0.0,12344.73,0.0,0.0,0.0,257.87,13459.2,0.0,13440.28,3261.63,0.0,0.0,540.12,13109085.901371446
runs/CZ01/SFm&2&rDXHP&Ex&dxHP_equip/RB-dxHP_equip-spltHP-SEER-BA-rDXHP-LRM-LSC-AOE/instance-out.sql,CZ01,SFm,2,rDXHP,Ex,dxHP_equip,,RB-dxHP_equip-spltHP-SEER-BA-rDXHP-LRM-LSC-AOE,SFm&2&rDXHP&Ex&dxHP_equip,RB-dxHP_equip-spltHP-SEER-BA-rDXHP-LRM-LSC-AOE,28.79,66.1,37320.87,85687.18,37320.869999999995,5366.64,158.22,1774.64,457.71,16701.91,0.0,517.03,0.0,0.0,0.0,0.0,12344.71,0.0,0.0,5366.64,158.22,0.0,0.0,13440.28,3261.63,0.0,0.0,540.12,11757835.837994415
runs/CZ01/SFm&2&rDXGF&Ex&dxAC_equip/RB-dxAC_equip-spltAC-SEER-BA-rDXGF-NoLRM-40%UC-AOE/instance-out.sql,CZ01,SFm,2,rDXGF,Ex,dxAC_equip,,RB-dxAC_equip-spltAC-SEER-BA-rDXGF-NoLRM-40%UC-AOE,SFm&2&rDXGF&Ex&dxAC_equip,RB-dxAC_equip-spltAC-SEER-BA-rDXGF-NoLRM-40%UC-AOE,34.99,64.12,45360.79,83114.05,45360.79,13459.2,286.09,1774.64,457.71,16701.91,0.0,336.49,0.0,0.0,0.0,0.0,12344.73,0.0,0.0,0.0,286.09,13459.2,0.0,13440.28,3261.63,0.0,0.0,540.12,13491910.759019375
runs/CZ01/SFm&2&rDXHP&Ex&dxHP_equip/RB-dxHP_equip-spltHP-SEER-BA-rDXHP-NoLRM-0%UC-AOE/instance-out.sql,CZ01,SFm,2,rDXHP,Ex,dxHP_equip,,RB-dxHP_equip-spltHP-SEER-BA-rDXHP-NoLRM-0%UC-AOE,SFm&2&rDXHP&Ex&dxHP_equip,RB-dxHP_equip-spltHP-SEER-BA-rDXHP-NoLRM-0%UC-AOE,28.65,65.67,37142.18,85121.27,37142.18,5172.99,173.17,1774.64,457.71,16701.91,0.0,517.03,0.0,0.0,0.0,0.0,12344.71,0.0,0.0,5172.99,173.17,0.0,0.0,13440.28,3261.63,0.0,0.0,540.12,11960742.654371869
runs/CZ01/SFm&2&rDXHP&Ex&dxHP_equip/RB-dxHP_equip-spltHP-SEER-BA-rDXHP-LRM-LSC-NR/instance-out.sql,CZ01,SFm,2,rDXHP,Ex,dxHP_equip,,RB-dxHP_equip-spltHP-SEER-BA-rDXHP-LRM-LSC-NR,SFm&2&rDXHP&Ex&dxHP_equip,RB-dxHP_equip-spltHP-SEER-BA-rDXHP-LRM-LSC-NR,28.0,63.6,36295.21,82438.93,36295.21,4356.45,142.75,1774.64,457.71,16701.91,0.0,517.03,0.0,0.0,0.0,0.0,12344.71,0.0,0.0,4356.45,142.75,0.0,0.0,13440.28,3261.63,0.0,0.0,540.12,11548009.681752656
runs/CZ01/SFm&2&rDXHP&Ex&dxHP_equip/RB-dxHP_equip-spltHP-SEER-BA-rDXHP-NoLRM-0%UC-NR/instance-out.sql,CZ01,SFm,2,rDXHP,Ex,dxHP_equip,,RB-dxHP_equip-spltHP-SEER-BA-rDXHP-NoLRM-0%UC-NR,SFm&2&rDXHP&Ex&dxHP_equip,RB-dxHP_equip-spltHP-SEER-BA-rDXHP-NoLRM-0%UC-NR,27.89,63.26,36154.84,81994.37,36154.84,4202.58,156.24,1774.64,457.71,16701.91,0.0,517.03,0.0,0.0,0.0,0.0,12344.71,0.0,0.0,4202.58,156.24,0.0,0.0,13440.28,3261.63,0.0,0.0,540.12,11731079.239132442
runs/CZ01/SFm&2&rDXHP&Ex&dxHP_equip/RB-dxHP_equip-spltHP-SEER-BA-rDXHP-NoLRM-7.5%UC-AOE/instance-out.sql,CZ01,SFm,2,rDXHP,Ex,dxHP_equip,,RB-dxHP_equip-spltHP-SEER-BA-rDXHP-NoLRM-7.5%UC-AOE,SFm&2&rDXHP&Ex&dxHP_equip,RB-dxHP_equip-spltHP-SEER-BA-rDXHP-NoLRM-7.5%UC-AOE,28.61,65.52,37082.96,84933.74,37082.96,5092.61,194.34,1774.64,457.71,16701.91,0.0,517.03,0.0,0.0,0.0,0.0,12344.71,0.0,0.0,5092.61,194.34,0.0,0.0,13440.28,3261.63,0.0,0.0,540.12,12247874.940890668
runs/CZ01/SFm&2&rDXHP&Ex&dxHP_equip/RB-dxHP_equip-spltHP-SEER-BA-rDXHP-NoLRM-15%UC-AOE/instance-out.sql,CZ01,SFm,2,rDXHP,Ex,dxHP_equip,,RB-dxHP_equip-spltHP-SEER-BA-rDXHP-NoLRM-15%UC-AOE,SFm&2&rDXHP&Ex&dxHP_equip,RB-dxHP_equip-spltHP-SEER-BA-rDXHP-NoLRM-15%UC-AOE,28.41,64.91,36830.1,84132.93,36830.1,4818.58,215.51,1774.64,457.71,16701.91,0.0,517.03,0.0,0.0,0.0,0.0,12344.71,0.0,0.0,4818.58,215.51,0.0,0.0,13440.28,3261.63,0.0,0.0,540.12,12535007.228353716
runs/CZ01/SFm&2&rDXHP&Ex&dxHP_equip/RB-dxHP_equip-spltHP-SEER-BA-rDXHP-NoLRM-22.5%UC-AOE/instance-out.sql,CZ01,SFm,2,rDXHP,Ex,dxHP_equip,,RB-dxHP_equip-spltHP-SEER-BA-rDXHP-NoLRM-22.5%UC-AOE,SFm&2&rDXHP&Ex&dxHP_equip,RB-dxHP_equip-spltHP-SEER-BA-rDXHP-NoLRM-22.5%UC-AOE,28.22,64.29,36577.24,83332.11,36577.240000000005,4544.55,236.68,1774.64,457.71,16701.91,0.0,517.03,0.0,0.0,0.0,0.0,12344.71,0.0,0.0,4544.55,236.68,0.0,0.0,13440.28,3261.63,0.0,0.0,540.12,12822139.516019162
runs/CZ01/SFm&2&rDXHP&Ex&dxHP_equip/RB-dxHP_equip-spltHP-SEER-BA-rDXHP-NoLRM-30%UC-AOE/instance-out.sql,CZ01,SFm,2,rDXHP,Ex,dxHP_equip,,RB-dxHP_equip-spltHP-SEER-BA-rDXHP-NoLRM-30%UC-AOE,SFm&2&rDXHP&Ex&dxHP_equip,RB-dxHP_equip-spltHP-SEER-BA-rDXHP-NoLRM-30%UC-AOE,28.02,63.67,36324.38,82531.3,36324.380000000005,4270.52,257.84,1774.64,457.71,16701.91,0.0,517.03,0.0,0.0,0.0,0.0,12344.71,0.0,0.0,4270.52,257.84,0.0,0.0,13440.28,3261.63,0.0,0.0,540.12,13109271.801775277
runs/CZ01/SFm&2&rDXHP&Ex&dxHP_equip/RB-dxHP_equip-spltHP-SEER-BA-rDXHP-NoLRM-40%UC-AOE/instance-out.sql,CZ01,SFm,2,rDXHP,Ex,dxHP_equip,,RB-dxHP_equip-spltHP-SEER-BA-rDXHP-NoLRM-40%UC-AOE,SFm&2&rDXHP&Ex&dxHP_equip,RB-dxHP_equip-spltHP-SEER-BA-rDXHP-NoLRM-40%UC-AOE,27.76,62.85,35987.23,81463.55,35987.229999999996,3905.15,286.07,1774.64,457.71,16701.91,0.0,517.03,0.0,0.0,0.0,0.0,12344.71,0.0,0.0,3905.15,286.07,0.0,0.0,13440.28,3261.63,0.0,0.0,540.12,13492114.85162571
runs/CZ02/SFm&1&rDXGF&Ex&dxAC_equip/RB-dxAC_equip-spltAC-SEER-BA-rDXGF-LRM-LSC-AOE/instance-out.sql,CZ02,SFm,1,rDXGF,Ex,dxAC_equip,,RB-dxAC_equip-spltAC-SEER-BA-rDXGF-LRM-LSC-AOE,SFm&1&rDXGF&Ex&dxAC_equip,RB-dxAC_equip-spltAC-SEER-BA-rDXGF-LRM-LSC-AOE,51.86,87.49,39887.66,67290.16,39887.66,14096.04,719.55,1557.5,457.71,10338.53,0.0,543.74,0.0,0.0,0.0,0.0,12174.59,0.0,0.0,0.0,719.55,14096.04,0.0,8268.27,2070.26,0.0,0.0,270.12,12203934.529929278
runs/CZ02/SFm&1&rDXGF&Ex&dxAC_equip/RB-dxAC_equip-spltAC-SEER-BA-rDXGF-NoLRM-0%UC-AOE/instance-out.sql,CZ02,SFm,1,rDXGF,Ex,dxAC_equip,,RB-dxAC_equip-spltAC-SEER-BA-rDXGF-NoLRM-0%UC-AOE,SFm&1&rDXGF&Ex&dxAC_equip,RB-dxAC_equip-spltAC-SEER-BA-rDXGF-NoLRM-0%UC-AOE,51.95,87.77,39955.69,67505.6,39955.69,14096.04,787.58,1557.5,457.71,10338.53,0.0,543.74,0.0,0.0,0.0,0.0,12174.59,0.0,0.0,0.0,787.58,14096.04,0.0,8268.27,2070.26,0.0,0.0,270.12,12676810.303036595
runs/CZ02/SFm&1&rDXGF&Ex&dxAC_equip/RB-dxAC_equip-spltAC-SEER-BA-rDXGF-LRM-LSC-NR/instance-out.sql,CZ02,SFm,1,rDXGF,Ex,dxAC_equip,,RB-dxAC_equip-spltAC-SEER-BA-rDXGF-LRM-LSC-NR,SFm&1&rDXGF&Ex&dxAC_equip,RB-dxAC_equip-spltAC-SEER-BA-rDXGF-LRM-LSC-NR,51.77,87.2,39817.32,67067.37,39817.32,14096.04,649.21,1557.5,457.71,10338.53,0.0,543.74,0.0,0.0,0.0,0.0,12174.59,0.0,0.0,0.0,649.21,14096.04,0.0,8268.27,2070.26,0.0,0.0,270.12,11714933.186246542
runs/CZ02/SFm&1&rDXGF&Ex&dxAC_equip/RB-dxAC_equip-spltAC-SEER-BA-rDXGF-NoLRM-22.5%UC-AOE/instance-out.sql,CZ02,SFm,1,rDXGF,Ex,dxAC_equip,,RB-dxAC_equip-spltAC-SEER-BA-rDXGF-NoLRM-22.5%UC-AOE,SFm&1&rDXGF&Ex&dxAC_equip,RB-dxAC_equip-spltAC-SEER-BA-rDXGF-NoLRM-22.5%UC-AOE,52.33,88.96,40244.49,68420.22,40244.49,14096.04,1076.38,1557.5,457.71,10338.53,0.0,543.74,0.0,0.0,0.0,0.0,12174.59,0.0,0.0,0.0,1076.38,14096.04,0.0,8268.27,2070.26,0.0,0.0,270.12,14684301.79186834
runs/CZ02/SFm&1&rDXGF&Ex&dxAC_equip/RB-dxAC_equip-spltAC-SEER-BA-rDXGF-NoLRM-40%UC-AOE/instance-out.sql,CZ02,SFm,1,rDXGF,Ex,dxAC_equip,,RB-dxAC_equip-spltAC-SEER-BA-rDXGF-NoLRM-40%UC-AOE,SFm&1&rDXGF&Ex&dxAC_equip,RB-dxAC_equip-spltAC-SEER-BA-rDXGF-NoLRM-40%UC-AOE,52.62,89.88,40469.11,69131.59,40469.11,14096.04,1301.0,1557.5,457.71,10338.53,0.0,543.74,0.0,0.0,0.0,0.0,12174.59,0.0,0.0,0.0,1301.0,14096.04,0.0,8268.27,2070.26,0.0,0.0,270.12,16245684.058092628
runs/CZ02/SFm&1&rDXGF&Ex&dxAC_equip/RB-dxAC_equip-spltAC-SEER-BA-rDXGF-NoLRM-0%UC-NR/instance-out.sql,CZ02,SFm,1,rDXGF,Ex,dxAC_equip,,RB-dxAC_equip-spltAC-SEER-BA-rDXGF-NoLRM-0%UC-NR,SFm&1&rDXGF&Ex&dxAC_equip,RB-dxAC_equip-spltAC-SEER-BA-rDXGF-NoLRM-0%UC-NR,51.85,87.45,39878.69,67261.75,39878.69,14096.04,710.58,1557.5,457.71,10338.53,0.0,543.74,0.0,0.0,0.0,0.0,12174.59,0.0,0.0,0.0,710.58,14096.04,0.0,8268.27,2070.26,0.0,0.0,270.12,12141578.086718213
runs/CZ02/SFm&1&rDXHP&Ex&dxHP_equip/RB-dxHP_equip-spltHP-SEER-BA-rDXHP-NoLRM-0%UC-AOE/instance-out.sql,CZ02,SFm,1,rDXHP,Ex,dxHP_equip,,RB-dxHP_equip-spltHP-SEER-BA-rDXHP-NoLRM-0%UC-AOE,SFm&1&rDXHP&Ex&dxHP_equip,RB-dxHP_equip-spltHP-SEER-BA-rDXHP-NoLRM-0%UC-AOE,40.54,89.82,31181.36,69079.72,31181.36,5104.1,787.58,1557.5,457.71,10338.53,0.0,761.53,0.0,0.0,0.0,0.0,12174.41,0.0,0.0,5104.1,787.58,0.0,0.0,8268.27,2070.26,0.0,0.0,270.12,12676812.14175909
runs/CZ02/SFm&1&rDXHP&Ex&dxHP_equip/RB-dxHP_equip-spltHP-SEER-BA-rDXHP-NoLRM-0%UC-NR/instance-out.sql,CZ02,SFm,1,rDXHP,Ex,dxHP_equip,,RB-dxHP_equip-spltHP-SEER-BA-rDXHP-NoLRM-0%UC-NR,SFm&1&rDXHP&Ex&dxHP_equip,RB-dxHP_equip-spltHP-SEER-BA-rDXHP-NoLRM-0%UC-NR,39.18,85.49,30131.78,65755.69,30131.78,4131.51,710.58,1557.5,457.71,10338.53,0.0,761.53,0.0,0.0,0.0,0.0,12174.41,0.0,0.0,4131.51,710.58,0.0,0.0,8268.27,2070.26,0.0,0.0,270.12,12141579.775806915
runs/CZ02/SFm&1&rDXGF&Ex&dxAC_equip/RB-dxAC_equip-spltAC-SEER-BA-rDXGF-NoLRM-15%UC-AOE/instance-out.sql,CZ02,SFm,1,rDXGF,Ex,dxAC_equip,,RB-dxAC_equip-spltAC-SEER-BA-rDXGF-NoLRM-15%UC-AOE,SFm&1&rDXGF&Ex&dxAC_equip,RB-dxAC_equip-spltAC-SEER-BA-rDXGF-NoLRM-15%UC-AOE,52.2,88.56,40148.22,68115.34,40148.22,14096.04,980.11,1557.5,457.71,10338.53,0.0,543.74,0.0,0.0,0.0,0.0,12174.59,0.0,0.0,0.0,980.11,14096.04,0.0,8268.27,2070.26,0.0,0.0,270.12,14015137.961209778
runs/CZ02/SFm&1&rDXHP&Ex&dxHP_equip/RB-dxHP_equip-spltHP-SEER-BA-rDXHP-LRM-LSC-NR/instance-out.sql,CZ02,SFm,1,rDXHP,Ex,dxHP_equip,,RB-dxHP_equip-spltHP-SEER-BA-rDXHP-LRM-LSC-NR,SFm&1&rDXHP&Ex&dxHP_equip,RB-dxHP_equip-spltHP-SEER-BA-rDXHP-LRM-LSC-NR,39.3,85.88,30224.61,66049.7,30224.61,4285.73,649.21,1557.5,457.71,10338.53,0.0,761.53,0.0,0.0,0.0,0.0,12174.41,0.0,0.0,4285.73,649.21,0.0,0.0,8268.27,2070.26,0.0,0.0,270.12,11714934.756058991
runs/CZ02/SFm&1&rDXGF&Ex&dxAC_equip/RB-dxAC_equip-spltAC-SEER-BA-rDXGF-NoLRM-30%UC-AOE/instance-out.sql,CZ02,SFm,1,rDXGF,Ex,dxAC_equip,,RB-dxAC_equip-spltAC-SEER-BA-rDXGF-NoLRM-30%UC-AOE,SFm&1&rDXGF&Ex&dxAC_equip,RB-dxAC_equip-spltAC-SEER-BA-rDXGF-NoLRM-30%UC-AOE,52.45,89.35,40340.75,68725.09,40340.75,14096.04,1172.64,1557.5,457.71,10338.53,0.0,543.74,0.0,0.0,0.0,0.0,12174.59,0.0,0.0,0.0,1172.64,14096.04,0.0,8268.27,2070.26,0.0,0.0,270.12,15353465.6180772
runs/CZ02/SFm&1&rDXHP&Ex&dxHP_equip/RB-dxHP_equip-spltHP-SEER-BA-rDXHP-LRM-LSC-AOE/instance-out.sql,CZ02,SFm,1,rDXHP,Ex,dxHP_equip,,RB-dxHP_equip-spltHP-SEER-BA-rDXHP-LRM-LSC-AOE,SFm&1&rDXHP&Ex&dxHP_equip,RB-dxHP_equip-spltHP-SEER-BA-rDXHP-LRM-LSC-AOE,40.71,90.34,31307.42,69478.93,31307.410000000003,5298.18,719.55,1557.5,457.71,10338.53,0.0,761.53,0.0,0.0,0.0,0.0,12174.41,0.0,0.0,5298.18,719.55,0.0,0.0,8268.27,2070.26,0.0,0.0,270.12,12203936.236450845
runs/CZ02/SFm&1&rDXGF&Ex&dxAC_equip/RB-dxAC_equip-spltAC-SEER-BA-rDXGF-NoLRM-7.5%UC-AOE/instance-out.sql,CZ02,SFm,1,rDXGF,Ex,dxAC_equip,,RB-dxAC_equip-spltAC-SEER-BA-rDXGF-NoLRM-7.5%UC-AOE,SFm&1&rDXGF&Ex&dxAC_equip,RB-dxAC_equip-spltAC-SEER-BA-rDXGF-NoLRM-7.5%UC-AOE,52.07,88.17,40051.96,67810.47,40051.96,14096.04,883.85,1557.5,457.71,10338.53,0.0,543.74,0.0,0.0,0.0,0.0,12174.59,0.0,0.0,0.0,883.85,14096.04,0.0,8268.27,2070.26,0.0,0.0,270.12,13345974.131022898
runs/CZ02/SFm&1&rDXHP&Ex&dxHP_equip/RB-dxHP_equip-spltHP-SEER-BA-rDXHP-NoLRM-22.5%UC-AOE/instance-out.sql,CZ02,SFm,1,rDXHP,Ex,dxHP_equip,,RB-dxHP_equip-spltHP-SEER-BA-rDXHP-NoLRM-22.5%UC-AOE,SFm&1&rDXHP&Ex&dxHP_equip,RB-dxHP_equip-spltHP-SEER-BA-rDXHP-NoLRM-22.5%UC-AOE,40.1,88.41,30840.31,67999.61,30840.309999999998,4474.25,1076.38,1557.5,457.71,10338.53,0.0,761.53,0.0,0.0,0.0,0.0,12174.41,0.0,0.0,4474.25,1076.38,0.0,0.0,8268.27,2070.26,0.0,0.0,270.12,14684304.191821188
runs/CZ02/SFm&1&rDXHP&Ex&dxHP_equip/RB-dxHP_equip-spltHP-SEER-BA-rDXHP-NoLRM-15%UC-AOE/instance-out.sql,CZ02,SFm,1,rDXHP,Ex,dxHP_equip,,RB-dxHP_equip-spltHP-SEER-BA-rDXHP-NoLRM-15%UC-AOE,SFm&1&rDXHP&Ex&dxHP_equip,RB-dxHP_equip-spltHP-SEER-BA-rDXHP-NoLRM-15%UC-AOE,40.33,89.15,31018.69,68564.53,31018.68,4748.89,980.11,1557.5,457.71,10338.53,0.0,761.53,0.0,0.0,0.0,0.0,12174.41,0.0,0.0,4748.89,980.11,0.0,0.0,8268.27,2070.26,0.0,0.0,270.12,14015140.17408584
runs/CZ02/SFm&1&rDXHP&Ex&dxHP_equip/RB-dxHP_equip-spltHP-SEER-BA-rDXHP-LRM-LSC-NC/instance-out.sql,CZ02,SFm,1,rDXHP,Ex,dxHP_equip,,RB-dxHP_equip-spltHP-SEER-BA-rDXHP-LRM-LSC-NC,SFm&1&rDXHP&Ex&dxHP_equip,RB-dxHP_equip-spltHP-SEER-BA-rDXHP-LRM-LSC-NC,39.3,85.88,30224.61,66049.7,30224.61,4285.73,649.21,1557.5,457.71,10338.53,0.0,761.53,0.0,0.0,0.0,0.0,12174.41,0.0,0.0,4285.73,649.21,0.0,0.0,8268.27,2070.26,0.0,0.0,270.12,11714934.756058991
runs/CZ02/SFm&1&rDXHP&Ex&dxHP_equip/RB-dxHP_equip-spltHP-SEER-BA-rDXHP-NoLRM-7.5%UC-AOE/instance-out.sql,CZ02,SFm,1,rDXHP,Ex,dxHP_equip,,RB-dxHP_equip-spltHP-SEER-BA-rDXHP-NoLRM-7.5%UC-AOE,SFm&1&rDXHP&Ex&dxHP_equip,RB-dxHP_equip-spltHP-SEER-BA-rDXHP-NoLRM-7.5%UC-AOE,40.56,89.88,31197.06,69129.45,31197.059999999998,5023.54,883.85,1557.5,457.71,10338.53,0.0,761.53,0.0,0.0,0.0,0.0,12174.41,0.0,0.0,5023.54,883.85,0.0,0.0,8268.27,2070.26,0.0,0.0,270.12,13345976.156822177
runs/CZ02/SFm&1&rDXHP&Ex&dxHP_equip/RB-dxHP_equip-spltHP-SEER-BA-rDXHP-NoLRM-0%UC-NC/instance-out.sql,CZ02,SFm,1,rDXHP,Ex,dxHP_equip,,RB-dxHP_equip-spltHP-SEER-BA-rDXHP-NoLRM-0%UC-NC,SFm&1&rDXHP&Ex&dxHP_equip,RB-dxHP_equip-spltHP-SEER-BA-rDXHP-NoLRM-0%UC-NC,39.18,85.49,30131.78,65755.69,30131.78,4131.51,710.58,1557.5,457.71,10338.53,0.0,761.53,0.0,0.0,0.0,0.0,12174.41,0.0,0.0,4131.51,710.58,0.0,0.0,8268.27,2070.26,0.0,0.0,270.12,12141579.775806915
runs/CZ02/SFm&1&rDXHP&Ex&dxHP_equip/RB-dxHP_equip-spltHP-SEER-BA-rDXHP-NoLRM-40%UC-AOE/instance-out.sql,CZ02,SFm,1,rDXHP,Ex,dxHP_equip,,RB-dxHP_equip-spltHP-SEER-BA-rDXHP-NoLRM-40%UC-AOE,SFm&1&rDXHP&Ex&dxHP_equip,RB-dxHP_equip-spltHP-SEER-BA-rDXHP-NoLRM-40%UC-AOE,39.56,86.7,30424.09,66681.45,30424.09,3833.42,1301.0,1557.5,457.71,10338.53,0.0,761.53,0.0,0.0,0.0,0.0,12174.41,0.0,0.0,3833.42,1301.0,0.0,0.0,8268.27,2070.26,0.0,0.0,270.12,16245686.894557972
runs/CZ02/SFm&1&rDXHP&Ex&dxHP_equip/RB-dxHP_equip-spltHP-SEER-BA-rDXHP-NoLRM-30%UC-AOE/instance-out.sql,CZ02,SFm,1,rDXHP,Ex,dxHP_equip,,RB-dxHP_equip-spltHP-SEER-BA-rDXHP-NoLRM-30%UC-AOE,SFm&1&rDXHP&Ex&dxHP_equip,RB-dxHP_equip-spltHP-SEER-BA-rDXHP-NoLRM-30%UC-AOE,39.87,87.68,30661.93,67434.68,30661.93,4199.61,1172.64,1557.5,457.71,10338.53,0.0,761.53,0.0,0.0,0.0,0.0,12174.41,0.0,0.0,4199.61,1172.64,0.0,0.0,8268.27,2070.26,0.0,0.0,270.12,15353468.20510683
runs/CZ02/SFm&2&rDXGF&Ex&dxAC_equip/RB-dxAC_equip-spltAC-SEER-BA-rDXGF-LRM-LSC-AOE/instance-out.sql,CZ02,SFm,2,rDXGF,Ex,dxAC_equip,,RB-dxAC_equip-spltAC-SEER-BA-rDXGF-LRM-LSC-AOE,SFm&2&rDXGF&Ex&dxAC_equip,RB-dxAC_equip-spltAC-SEER-BA-rDXGF-LRM-LSC-AOE,48.04,83.08,62269.08,107693.03,62269.08,27564.03,2226.67,1774.64,457.71,16701.91,0.0,1396.58,0.0,0.0,0.0,0.0,12147.53,0.0,0.0,0.0,2226.67,27564.03,0.0,13440.28,3261.63,0.0,0.0,540.12,22949617.76071337
runs/CZ02/SFm&2&rDXGF&Ex&dxAC_equip/RB-dxAC_equip-spltAC-SEER-BA-rDXGF-LRM-LSC-NR/instance-out.sql,CZ02,SFm,2,rDXGF,Ex,dxAC_equip,,RB-dxAC_equip-spltAC-SEER-BA-rDXGF-LRM-LSC-NR,SFm&2&rDXGF&Ex&dxAC_equip,RB-dxAC_equip-spltAC-SEER-BA-rDXGF-LRM-LSC-NR,47.87,82.55,62051.39,107003.61,62051.39,27564.03,2008.98,1774.64,457.71,16701.91,0.0,1396.58,0.0,0.0,0.0,0.0,12147.53,0.0,0.0,0.0,2008.98,27564.03,0.0,13440.28,3261.63,0.0,0.0,540.12,21859385.814816795
runs/CZ02/SFm&2&rDXGF&Ex&dxAC_equip/RB-dxAC_equip-spltAC-SEER-BA-rDXGF-NoLRM-22.5%UC-AOE/instance-out.sql,CZ02,SFm,2,rDXGF,Ex,dxAC_equip,,RB-dxAC_equip-spltAC-SEER-BA-rDXGF-NoLRM-22.5%UC-AOE,SFm&2&rDXGF&Ex&dxAC_equip,RB-dxAC_equip-spltAC-SEER-BA-rDXGF-NoLRM-22.5%UC-AOE,48.89,85.78,63373.28,111190.03,63373.28,27564.03,3330.87,1774.64,457.71,16701.91,0.0,1396.58,0.0,0.0,0.0,0.0,12147.53,0.0,0.0,0.0,3330.87,27564.03,0.0,13440.28,3261.63,0.0,0.0,540.12,28479614.07147292
runs/CZ02/SFm&2&rDXGF&Ex&dxAC_equip/RB-dxAC_equip-spltAC-SEER-BA-rDXGF-NoLRM-0%UC-AOE/instance-out.sql,CZ02,SFm,2,rDXGF,Ex,dxAC_equip,,RB-dxAC_equip-spltAC-SEER-BA-rDXGF-NoLRM-0%UC-AOE,SFm&2&rDXGF&Ex&dxAC_equip,RB-dxAC_equip-spltAC-SEER-BA-rDXGF-NoLRM-0%UC-AOE,48.2,83.6,62479.6,108359.73,62479.600000000006,27564.03,2437.19,1774.64,457.71,16701.91,0.0,1396.58,0.0,0.0,0.0,0.0,12147.53,0.0,0.0,0.0,2437.19,27564.03,0.0,13440.28,3261.63,0.0,0.0,540.12,24003897.633237857
runs/CZ02/SFm&2&rDXHP&Ex&dxHP_equip/RB-dxHP_equip-spltHP-SEER-BA-rDXHP-NoLRM-0%UC-NC/instance-out.sql,CZ02,SFm,2,rDXHP,Ex,dxHP_equip,,RB-dxHP_equip-spltHP-SEER-BA-rDXHP-NoLRM-0%UC-NC,SFm&2&rDXHP&Ex&dxHP_equip,RB-dxHP_equip-spltHP-SEER-BA-rDXHP-NoLRM-0%UC-NC,33.02,79.83,42806.33,103471.62,42806.33,7675.49,2199.1,1774.64,457.71,16701.91,0.0,1850.54,0.0,0.0,0.0,0.0,12146.93,0.0,0.0,7675.49,2199.1,0.0,0.0,13440.28,3261.63,0.0,0.0,540.12,22810594.456629314
runs/CZ02/SFm&2&rDXGF&Ex&dxAC_equip/RB-dxAC_equip-spltAC-SEER-BA-rDXGF-NoLRM-0%UC-NR/instance-out.sql,CZ02,SFm,2,rDXGF,Ex,dxAC_equip,,RB-dxAC_equip-spltAC-SEER-BA-rDXGF-NoLRM-0%UC-NR,SFm&2&rDXGF&Ex&dxAC_equip,RB-dxAC_equip-spltAC-SEER-BA-rDXGF-NoLRM-0%UC-NR,48.02,83.01,62241.32,107605.12,62241.32000000001,27564.03,2198.91,1774.64,457.71,16701.91,0.0,1396.58,0.0,0.0,0.0,0.0,12147.53,0.0,0.0,0.0,2198.91,27564.03,0.0,13440.28,3261.63,0.0,0.0,540.12,22810593.63061753
runs/CZ02/SFm&2&rDXGF&Ex&dxAC_equip/RB-dxAC_equip-spltAC-SEER-BA-rDXGF-NoLRM-40%UC-AOE/instance-out.sql,CZ02,SFm,2,rDXGF,Ex,dxAC_equip,,RB-dxAC_equip-spltAC-SEER-BA-rDXGF-NoLRM-40%UC-AOE,SFm&2&rDXGF&Ex&dxAC_equip,RB-dxAC_equip-spltAC-SEER-BA-rDXGF-NoLRM-40%UC-AOE,49.43,87.48,64068.37,113391.38,64068.37,27564.03,4025.96,1774.64,457.71,16701.91,0.0,1396.58,0.0,0.0,0.0,0.0,12147.53,0.0,0.0,0.0,4025.96,27564.03,0.0,13440.28,3261.63,0.0,0.0,540.12,31960726.85037471
runs/CZ02/SFm&2&rDXGF&Ex&dxAC_equip/RB-dxAC_equip-spltAC-SEER-BA-rDXGF-NoLRM-15%UC-AOE/instance-out.sql,CZ02,SFm,2,rDXGF,Ex,dxAC_equip,,RB-dxAC_equip-spltAC-SEER-BA-rDXGF-NoLRM-15%UC-AOE,SFm&2&rDXGF&Ex&dxAC_equip,RB-dxAC_equip-spltAC-SEER-BA-rDXGF-NoLRM-15%UC-AOE,48.66,85.05,63075.39,110246.6,63075.39,27564.03,3032.98,1774.64,457.71,16701.91,0.0,1396.58,0.0,0.0,0.0,0.0,12147.53,0.0,0.0,0.0,3032.98,27564.03,0.0,13440.28,3261.63,0.0,0.0,540.12,26987708.58972475
runs/CZ02/SFm&2&rDXHP&Ex&dxHP_equip/RB-dxHP_equip-spltHP-SEER-BA-rDXHP-LRM-LSC-AOE/instance-out.sql,CZ02,SFm,2,rDXHP,Ex,dxHP_equip,,RB-dxHP_equip-spltHP-SEER-BA-rDXHP-LRM-LSC-AOE,SFm&2&rDXHP&Ex&dxHP_equip,RB-dxHP_equip-spltHP-SEER-BA-rDXHP-LRM-LSC-AOE,34.76,85.33,45057.88,110602.28,45057.88,9899.28,2226.86,1774.64,457.71,16701.91,0.0,1850.54,0.0,0.0,0.0,0.0,12146.93,0.0,0.0,9899.28,2226.86,0.0,0.0,13440.28,3261.63,0.0,0.0,540.12,22949618.594804484
runs/CZ02/SFm&2&rDXGF&Ex&dxAC_equip/RB-dxAC_equip-spltAC-SEER-BA-rDXGF-NoLRM-30%UC-AOE/instance-out.sql,CZ02,SFm,2,rDXGF,Ex,dxAC_equip,,RB-dxAC_equip-spltAC-SEER-BA-rDXGF-NoLRM-30%UC-AOE,SFm&2&rDXGF&Ex&dxAC_equip,RB-dxAC_equip-spltAC-SEER-BA-rDXGF-NoLRM-30%UC-AOE,49.12,86.51,63671.18,112133.47,63671.18000000001,27564.03,3628.77,1774.64,457.71,16701.91,0.0,1396.58,0.0,0.0,0.0,0.0,12147.53,0.0,0.0,0.0,3628.77,27564.03,0.0,13440.28,3261.63,0.0,0.0,540.12,29971519.54330045
runs/CZ02/SFm&2&rDXHP&Ex&dxHP_equip/RB-dxHP_equip-spltHP-SEER-BA-rDXHP-LRM-LSC-NR/instance-out.sql,CZ02,SFm,2,rDXHP,Ex,dxHP_equip,,RB-dxHP_equip-spltHP-SEER-BA-rDXHP-LRM-LSC-NR,SFm&2&rDXHP&Ex&dxHP_equip,RB-dxHP_equip-spltHP-SEER-BA-rDXHP-LRM-LSC-NR,33.1,80.08,42910.33,103800.98,42910.33,7969.43,2009.15,1774.64,457.71,16701.91,0.0,1850.54,0.0,0.0,0.0,0.0,12146.93,0.0,0.0,7969.43,2009.15,0.0,0.0,13440.28,3261.63,0.0,0.0,540.12,21859386.585549477
runs/CZ02/SFm&2&rDXHP&Ex&dxHP_equip/RB-dxHP_equip-spltHP-SEER-BA-rDXHP-NoLRM-30%UC-AOE/instance-out.sql,CZ02,SFm,2,rDXHP,Ex,dxHP_equip,,RB-dxHP_equip-spltHP-SEER-BA-rDXHP-NoLRM-30%UC-AOE,SFm&2&rDXHP&Ex&dxHP_equip,RB-dxHP_equip-spltHP-SEER-BA-rDXHP-NoLRM-30%UC-AOE,34.23,83.64,44366.09,108411.4,44366.1,7805.28,3629.07,1774.64,457.71,16701.91,0.0,1850.54,0.0,0.0,0.0,0.0,12146.93,0.0,0.0,7805.28,3629.07,0.0,0.0,13440.28,3261.63,0.0,0.0,540.12,29971520.785466794
runs/CZ02/SFm&2&rDXHP&Ex&dxHP_equip/RB-dxHP_equip-spltHP-SEER-BA-rDXHP-NoLRM-22.5%UC-AOE/instance-out.sql,CZ02,SFm,2,rDXHP,Ex,dxHP_equip,,RB-dxHP_equip-spltHP-SEER-BA-rDXHP-NoLRM-22.5%UC-AOE,SFm&2&rDXHP&Ex&dxHP_equip,RB-dxHP_equip-spltHP-SEER-BA-rDXHP-NoLRM-22.5%UC-AOE,34.4,84.19,44591.67,109125.81,44591.68,8328.78,3331.15,1774.64,457.71,16701.91,0.0,1850.54,0.0,0.0,0.0,0.0,12146.93,0.0,0.0,8328.78,3331.15,0.0,0.0,13440.28,3261.63,0.0,0.0,540.12,28479615.226937734
runs/CZ02/SFm&2&rDXGF&Ex&dxAC_equip/RB-dxAC_equip-spltAC-SEER-BA-rDXGF-NoLRM-7.5%UC-AOE/instance-out.sql,CZ02,SFm,2,rDXGF,Ex,dxAC_equip,,RB-dxAC_equip-spltAC-SEER-BA-rDXGF-NoLRM-7.5%UC-AOE,SFm&2&rDXGF&Ex&dxAC_equip,RB-dxAC_equip-spltAC-SEER-BA-rDXGF-NoLRM-7.5%UC-AOE,48.43,84.32,62777.49,109303.16,62777.490000000005,27564.03,2735.08,1774.64,457.71,16701.91,0.0,1396.58,0.0,0.0,0.0,0.0,12147.53,0.0,0.0,0.0,2735.08,27564.03,0.0,13440.28,3261.63,0.0,0.0,540.12,25495803.109028205
runs/CZ02/SFm&2&rDXHP&Ex&dxHP_equip/RB-dxHP_equip-spltHP-SEER-BA-rDXHP-LRM-LSC-NC/instance-out.sql,CZ02,SFm,2,rDXHP,Ex,dxHP_equip,,RB-dxHP_equip-spltHP-SEER-BA-rDXHP-LRM-LSC-NC,SFm&2&rDXHP&Ex&dxHP_equip,RB-dxHP_equip-spltHP-SEER-BA-rDXHP-LRM-LSC-NC,33.1,80.08,42910.33,103800.98,42910.33,7969.43,2009.15,1774.64,457.71,16701.91,0.0,1850.54,0.0,0.0,0.0,0.0,12146.93,0.0,0.0,7969.43,2009.15,0.0,0.0,13440.28,3261.63,0.0,0.0,540.12,21859386.585549477
runs/CZ03/SFm&1&rDXGF&Ex&dxAC_equip/RB-dxAC_equip-spltAC-SEER-BA-rDXGF-LRM-LSC-AOE/instance-out.sql,CZ03,SFm,1,rDXGF,Ex,dxAC_equip,,RB-dxAC_equip-spltAC-SEER-BA-rDXGF-LRM-LSC-AOE,SFm&1&rDXGF&Ex&dxAC_equip,RB-dxAC_equip-spltAC-SEER-BA-rDXGF-LRM-LSC-AOE,47.74,82.44,36714.95,63409.46,36714.94,11149.34,686.8,1557.5,457.71,10338.53,0.0,364.56,0.0,0.0,0.0,0.0,12160.51,0.0,0.0,0.0,686.8,11149.34,0.0,8268.27,2070.26,0.0,0.0,270.12,13364913.288980799
runs/CZ02/SFm&2&rDXHP&Ex&dxHP_equip/RB-dxHP_equip-spltHP-SEER-BA-rDXHP-NoLRM-15%UC-AOE/instance-out.sql,CZ02,SFm,2,rDXHP,Ex,dxHP_equip,,RB-dxHP_equip-spltHP-SEER-BA-rDXHP-NoLRM-15%UC-AOE,SFm&2&rDXHP&Ex&dxHP_equip,RB-dxHP_equip-spltHP-SEER-BA-rDXHP-NoLRM-15%UC-AOE,34.58,84.74,44817.25,109840.22,44817.26,8852.28,3033.23,1774.64,457.71,16701.91,0.0,1850.54,0.0,0.0,0.0,0.0,12146.93,0.0,0.0,8852.28,3033.23,0.0,0.0,13440.28,3261.63,0.0,0.0,540.12,26987709.658488028
runs/CZ02/SFm&2&rDXHP&Ex&dxHP_equip/RB-dxHP_equip-spltHP-SEER-BA-rDXHP-NoLRM-0%UC-NR/instance-out.sql,CZ02,SFm,2,rDXHP,Ex,dxHP_equip,,RB-dxHP_equip-spltHP-SEER-BA-rDXHP-NoLRM-0%UC-NR,SFm&2&rDXHP&Ex&dxHP_equip,RB-dxHP_equip-spltHP-SEER-BA-rDXHP-NoLRM-0%UC-NR,33.02,79.83,42806.33,103471.62,42806.33,7675.49,2199.1,1774.64,457.71,16701.91,0.0,1850.54,0.0,0.0,0.0,0.0,12146.93,0.0,0.0,7675.49,2199.1,0.0,0.0,13440.28,3261.63,0.0,0.0,540.12,22810594.456629314
runs/CZ02/SFm&2&rDXHP&Ex&dxHP_equip/RB-dxHP_equip-spltHP-SEER-BA-rDXHP-NoLRM-0%UC-AOE/instance-out.sql,CZ02,SFm,2,rDXHP,Ex,dxHP_equip,,RB-dxHP_equip-spltHP-SEER-BA-rDXHP-NoLRM-0%UC-AOE,SFm&2&rDXHP&Ex&dxHP_equip,RB-dxHP_equip-spltHP-SEER-BA-rDXHP-NoLRM-0%UC-AOE,34.64,84.94,44898.47,110097.43,44898.47,9529.34,2437.39,1774.64,457.71,16701.91,0.0,1850.54,0.0,0.0,0.0,0.0,12146.93,0.0,0.0,9529.34,2437.39,0.0,0.0,13440.28,3261.63,0.0,0.0,540.12,24003898.52859806
runs/CZ03/SFm&1&rDXGF&Ex&dxAC_equip/RB-dxAC_equip-spltAC-SEER-BA-rDXGF-LRM-LSC-NR/instance-out.sql,CZ03,SFm,1,rDXGF,Ex,dxAC_equip,,RB-dxAC_equip-spltAC-SEER-BA-rDXGF-LRM-LSC-NR,SFm&1&rDXGF&Ex&dxAC_equip,RB-dxAC_equip-spltAC-SEER-BA-rDXGF-LRM-LSC-NR,47.65,82.17,36647.8,63196.81,36647.8,11149.34,619.65,1557.5,457.71,10338.53,0.0,364.56,0.0,0.0,0.0,0.0,12160.51,0.0,0.0,0.0,619.65,11149.34,0.0,8268.27,2070.26,0.0,0.0,270.12,12765026.577831775
runs/CZ02/SFm&2&rDXHP&Ex&dxHP_equip/RB-dxHP_equip-spltHP-SEER-BA-rDXHP-NoLRM-40%UC-AOE/instance-out.sql,CZ02,SFm,2,rDXHP,Ex,dxHP_equip,,RB-dxHP_equip-spltHP-SEER-BA-rDXHP-NoLRM-40%UC-AOE,SFm&2&rDXHP&Ex&dxHP_equip,RB-dxHP_equip-spltHP-SEER-BA-rDXHP-NoLRM-40%UC-AOE,34.0,82.9,44065.32,107458.85,44065.33,7107.28,4026.3,1774.64,457.71,16701.91,0.0,1850.54,0.0,0.0,0.0,0.0,12146.93,0.0,0.0,7107.28,4026.3,0.0,0.0,13440.28,3261.63,0.0,0.0,540.12,31960728.208143104
runs/CZ03/SFm&1&rDXGF&Ex&dxAC_equip/RB-dxAC_equip-spltAC-SEER-BA-rDXGF-NoLRM-0%UC-NR/instance-out.sql,CZ03,SFm,1,rDXGF,Ex,dxAC_equip,,RB-dxAC_equip-spltAC-SEER-BA-rDXGF-NoLRM-0%UC-NR,SFm&1&rDXGF&Ex&dxAC_equip,RB-dxAC_equip-spltAC-SEER-BA-rDXGF-NoLRM-0%UC-NR,47.72,82.41,36706.38,63382.34,36706.380000000005,11149.34,678.24,1557.5,457.71,10338.53,0.0,364.56,0.0,0.0,0.0,0.0,12160.51,0.0,0.0,0.0,678.24,11149.34,0.0,8268.27,2070.26,0.0,0.0,270.12,13288416.972314015
runs/CZ02/SFm&2&rDXHP&Ex&dxHP_equip/RB-dxHP_equip-spltHP-SEER-BA-rDXHP-NoLRM-7.5%UC-AOE/instance-out.sql,CZ02,SFm,2,rDXHP,Ex,dxHP_equip,,RB-dxHP_equip-spltHP-SEER-BA-rDXHP-NoLRM-7.5%UC-AOE,SFm&2&rDXHP&Ex&dxHP_equip,RB-dxHP_equip-spltHP-SEER-BA-rDXHP-NoLRM-7.5%UC-AOE,34.75,85.29,45042.83,110554.62,45042.84,9375.78,2735.31,1774.64,457.71,16701.91,0.0,1850.54,0.0,0.0,0.0,0.0,12146.93,0.0,0.0,9375.78,2735.31,0.0,0.0,13440.28,3261.63,0.0,0.0,540.12,25495804.09108994
runs/CZ03/SFm&1&rDXGF&Ex&dxAC_equip/RB-dxAC_equip-spltAC-SEER-BA-rDXGF-NoLRM-30%UC-AOE/instance-out.sql,CZ03,SFm,1,rDXGF,Ex,dxAC_equip,,RB-dxAC_equip-spltAC-SEER-BA-rDXGF-NoLRM-30%UC-AOE,SFm&1&rDXGF&Ex&dxAC_equip,RB-dxAC_equip-spltAC-SEER-BA-rDXGF-NoLRM-30%UC-AOE,48.3,84.22,37147.41,64779.07,37147.41,11149.34,1119.26,1557.5,457.71,10338.53,0.0,364.56,0.0,0.0,0.0,0.0,12160.51,0.0,0.0,0.0,1119.26,11149.34,0.0,8268.27,2070.26,0.0,0.0,270.12,17228628.328906097
runs/CZ03/SFm&1&rDXGF&Ex&dxAC_equip/RB-dxAC_equip-spltAC-SEER-BA-rDXGF-NoLRM-0%UC-AOE/instance-out.sql,CZ03,SFm,1,rDXGF,Ex,dxAC_equip,,RB-dxAC_equip-spltAC-SEER-BA-rDXGF-NoLRM-0%UC-AOE,SFm&1&rDXGF&Ex&dxAC_equip,RB-dxAC_equip-spltAC-SEER-BA-rDXGF-NoLRM-0%UC-AOE,47.82,82.71,36779.88,63615.1,36779.87,11149.34,751.73,1557.5,457.71,10338.53,0.0,364.56,0.0,0.0,0.0,0.0,12160.51,0.0,0.0,0.0,751.73,11149.34,0.0,8268.27,2070.26,0.0,0.0,270.12,13945017.814205676
runs/CZ03/SFm&1&rDXHP&Ex&dxHP_equip/RB-dxHP_equip-spltHP-SEER-BA-rDXHP-LRM-LSC-NR/instance-out.sql,CZ03,SFm,1,rDXHP,Ex,dxHP_equip,,RB-dxHP_equip-spltHP-SEER-BA-rDXHP-LRM-LSC-NR,SFm&1&rDXHP&Ex&dxHP_equip,RB-dxHP_equip-spltHP-SEER-BA-rDXHP-LRM-LSC-NR,38.05,81.96,29263.83,63035.87,29263.83,3626.34,619.66,1557.5,457.71,10338.53,0.0,503.59,0.0,0.0,0.0,0.0,12160.49,0.0,0.0,3626.34,619.66,0.0,0.0,8268.27,2070.26,0.0,0.0,270.12,12765025.539420694
runs/CZ03/SFm&1&rDXGF&Ex&dxAC_equip/RB-dxAC_equip-spltAC-SEER-BA-rDXGF-NoLRM-22.5%UC-AOE/instance-out.sql,CZ03,SFm,1,rDXGF,Ex,dxAC_equip,,RB-dxAC_equip-spltAC-SEER-BA-rDXGF-NoLRM-22.5%UC-AOE,SFm&1&rDXGF&Ex&dxAC_equip,RB-dxAC_equip-spltAC-SEER-BA-rDXGF-NoLRM-22.5%UC-AOE,48.18,83.85,37055.53,64488.08,37055.520000000004,11149.34,1027.38,1557.5,457.71,10338.53,0.0,364.56,0.0,0.0,0.0,0.0,12160.51,0.0,0.0,0.0,1027.38,11149.34,0.0,8268.27,2070.26,0.0,0.0,270.12,16407725.703360813
runs/CZ03/SFm&1&rDXGF&Ex&dxAC_equip/RB-dxAC_equip-spltAC-SEER-BA-rDXGF-NoLRM-15%UC-AOE/instance-out.sql,CZ03,SFm,1,rDXGF,Ex,dxAC_equip,,RB-dxAC_equip-spltAC-SEER-BA-rDXGF-NoLRM-15%UC-AOE,SFm&1&rDXGF&Ex&dxAC_equip,RB-dxAC_equip-spltAC-SEER-BA-rDXGF-NoLRM-15%UC-AOE,48.06,83.47,36963.64,64197.09,36963.64,11149.34,935.5,1557.5,457.71,10338.53,0.0,364.56,0.0,0.0,0.0,0.0,12160.51,0.0,0.0,0.0,935.5,11149.34,0.0,8268.27,2070.26,0.0,0.0,270.12,15586823.072356813
runs/CZ03/SFm&1&rDXHP&Ex&dxHP_equip/RB-dxHP_equip-spltHP-SEER-BA-rDXHP-LRM-LSC-NC/instance-out.sql,CZ03,SFm,1,rDXHP,Ex,dxHP_equip,,RB-dxHP_equip-spltHP-SEER-BA-rDXHP-LRM-LSC-NC,SFm&1&rDXHP&Ex&dxHP_equip,RB-dxHP_equip-spltHP-SEER-BA-rDXHP-LRM-LSC-NC,38.05,81.96,29263.83,63035.87,29263.83,3626.34,619.66,1557.5,457.71,10338.53,0.0,503.59,0.0,0.0,0.0,0.0,12160.49,0.0,0.0,3626.34,619.66,0.0,0.0,8268.27,2070.26,0.0,0.0,270.12,12765025.539420694
runs/CZ03/SFm&1&rDXHP&Ex&dxHP_equip/RB-dxHP_equip-spltHP-SEER-BA-rDXHP-NoLRM-22.5%UC-AOE/instance-out.sql,CZ03,SFm,1,rDXHP,Ex,dxHP_equip,,RB-dxHP_equip-spltHP-SEER-BA-rDXHP-NoLRM-22.5%UC-AOE,SFm&1&rDXHP&Ex&dxHP_equip,RB-dxHP_equip-spltHP-SEER-BA-rDXHP-NoLRM-22.5%UC-AOE,38.8,84.33,29839.67,64859.55,29839.67,3794.45,1027.39,1557.5,457.71,10338.53,0.0,503.59,0.0,0.0,0.0,0.0,12160.49,0.0,0.0,3794.45,1027.39,0.0,0.0,8268.27,2070.26,0.0,0.0,270.12,16407724.092281913
runs/CZ03/SFm&1&rDXGF&Ex&dxAC_equip/RB-dxAC_equip-spltAC-SEER-BA-rDXGF-NoLRM-40%UC-AOE/instance-out.sql,CZ03,SFm,1,rDXGF,Ex,dxAC_equip,,RB-dxAC_equip-spltAC-SEER-BA-rDXGF-NoLRM-40%UC-AOE,SFm&1&rDXGF&Ex&dxAC_equip,RB-dxAC_equip-spltAC-SEER-BA-rDXGF-NoLRM-40%UC-AOE,48.46,84.73,37269.92,65167.07,37269.92,11149.34,1241.77,1557.5,457.71,10338.53,0.0,364.56,0.0,0.0,0.0,0.0,12160.51,0.0,0.0,0.0,1241.77,11149.34,0.0,8268.27,2070.26,0.0,0.0,270.12,18323165.16918649
runs/CZ03/SFm&1&rDXHP&Ex&dxHP_equip/RB-dxHP_equip-spltHP-SEER-BA-rDXHP-NoLRM-7.5%UC-AOE/instance-out.sql,CZ03,SFm,1,rDXHP,Ex,dxHP_equip,,RB-dxHP_equip-spltHP-SEER-BA-rDXHP-NoLRM-7.5%UC-AOE,SFm&1&rDXHP&Ex&dxHP_equip,RB-dxHP_equip-spltHP-SEER-BA-rDXHP-NoLRM-7.5%UC-AOE,39.19,85.59,30145.71,65828.78,30145.71,4284.26,843.62,1557.5,457.71,10338.53,0.0,503.59,0.0,0.0,0.0,0.0,12160.49,0.0,0.0,4284.26,843.62,0.0,0.0,8268.27,2070.26,0.0,0.0,270.12,14765919.088960351
runs/CZ03/SFm&1&rDXHP&Ex&dxHP_equip/RB-dxHP_equip-spltHP-SEER-BA-rDXHP-NoLRM-15%UC-AOE/instance-out.sql,CZ03,SFm,1,rDXHP,Ex,dxHP_equip,,RB-dxHP_equip-spltHP-SEER-BA-rDXHP-NoLRM-15%UC-AOE,SFm&1&rDXHP&Ex&dxHP_equip,RB-dxHP_equip-spltHP-SEER-BA-rDXHP-NoLRM-15%UC-AOE,39.0,84.96,29992.69,65344.17,29992.690000000002,4039.35,935.51,1557.5,457.71,10338.53,0.0,503.59,0.0,0.0,0.0,0.0,12160.49,0.0,0.0,4039.35,935.51,0.0,0.0,8268.27,2070.26,0.0,0.0,270.12,15586821.590331813
runs/CZ03/SFm&1&rDXHP&Ex&dxHP_equip/RB-dxHP_equip-spltHP-SEER-BA-rDXHP-LRM-LSC-AOE/instance-out.sql,CZ03,SFm,1,rDXHP,Ex,dxHP_equip,,RB-dxHP_equip-spltHP-SEER-BA-rDXHP-LRM-LSC-AOE,SFm&1&rDXHP&Ex&dxHP_equip,RB-dxHP_equip-spltHP-SEER-BA-rDXHP-LRM-LSC-AOE,39.31,85.95,30233.79,66107.75,30233.79,4529.16,686.81,1557.5,457.71,10338.53,0.0,503.59,0.0,0.0,0.0,0.0,12160.49,0.0,0.0,4529.16,686.81,0.0,0.0,8268.27,2070.26,0.0,0.0,270.12,13364912.156261679
runs/CZ03/SFm&1&rDXHP&Ex&dxHP_equip/RB-dxHP_equip-spltHP-SEER-BA-rDXHP-NoLRM-0%UC-NC/instance-out.sql,CZ03,SFm,1,rDXHP,Ex,dxHP_equip,,RB-dxHP_equip-spltHP-SEER-BA-rDXHP-NoLRM-0%UC-NC,SFm&1&rDXHP&Ex&dxHP_equip,RB-dxHP_equip-spltHP-SEER-BA-rDXHP-NoLRM-0%UC-NC,37.95,81.63,29184.9,62785.9,29184.9,3488.83,678.24,1557.5,457.71,10338.53,0.0,503.59,0.0,0.0,0.0,0.0,12160.49,0.0,0.0,3488.83,678.24,0.0,0.0,8268.27,2070.26,0.0,0.0,270.12,13288415.851620864
runs/CZ03/SFm&1&rDXHP&Ex&dxHP_equip/RB-dxHP_equip-spltHP-SEER-BA-rDXHP-NoLRM-0%UC-AOE/instance-out.sql,CZ03,SFm,1,rDXHP,Ex,dxHP_equip,,RB-dxHP_equip-spltHP-SEER-BA-rDXHP-NoLRM-0%UC-AOE,SFm&1&rDXHP&Ex&dxHP_equip,RB-dxHP_equip-spltHP-SEER-BA-rDXHP-NoLRM-0%UC-AOE,39.17,85.51,30125.66,65765.29,30125.66,4356.1,751.74,1557.5,457.71,10338.53,0.0,503.59,0.0,0.0,0.0,0.0,12160.49,0.0,0.0,4356.1,751.74,0.0,0.0,8268.27,2070.26,0.0,0.0,270.12,13945016.59028847
runs/CZ03/SFm&1&rDXHP&Ex&dxHP_equip/RB-dxHP_equip-spltHP-SEER-BA-rDXHP-NoLRM-0%UC-NR/instance-out.sql,CZ03,SFm,1,rDXHP,Ex,dxHP_equip,,RB-dxHP_equip-spltHP-SEER-BA-rDXHP-NoLRM-0%UC-NR,SFm&1&rDXHP&Ex&dxHP_equip,RB-dxHP_equip-spltHP-SEER-BA-rDXHP-NoLRM-0%UC-NR,37.95,81.63,29184.9,62785.9,29184.9,3488.83,678.24,1557.5,457.71,10338.53,0.0,503.59,0.0,0.0,0.0,0.0,12160.49,0.0,0.0,3488.83,678.24,0.0,0.0,8268.27,2070.26,0.0,0.0,270.12,13288415.851620864
runs/CZ03/SFm&1&rDXGF&Ex&dxAC_equip/RB-dxAC_equip-spltAC-SEER-BA-rDXGF-NoLRM-7.5%UC-AOE/instance-out.sql,CZ03,SFm,1,rDXGF,Ex,dxAC_equip,,RB-dxAC_equip-spltAC-SEER-BA-rDXGF-NoLRM-7.5%UC-AOE,SFm&1&rDXGF&Ex&dxAC_equip,RB-dxAC_equip-spltAC-SEER-BA-rDXGF-NoLRM-7.5%UC-AOE,47.94,83.09,36871.76,63906.09,36871.76,11149.34,843.61,1557.5,457.71,10338.53,0.0,364.56,0.0,0.0,0.0,0.0,12160.51,0.0,0.0,0.0,843.61,11149.34,0.0,8268.27,2070.26,0.0,0.0,270.12,14765920.441931456
runs/CZ03/SFm&2&rDXGF&Ex&dxAC_equip/RB-dxAC_equip-spltAC-SEER-BA-rDXGF-NoLRM-22.5%UC-AOE/instance-out.sql,CZ03,SFm,2,rDXGF,Ex,dxAC_equip,,RB-dxAC_equip-spltAC-SEER-BA-rDXGF-NoLRM-22.5%UC-AOE,SFm&2&rDXGF&Ex&dxAC_equip,RB-dxAC_equip-spltAC-SEER-BA-rDXGF-NoLRM-22.5%UC-AOE,43.57,79.06,56471.17,102479.1,56471.17,21262.5,3309.32,1774.64,457.71,16701.91,0.0,828.09,0.0,0.0,0.0,0.0,12136.98,0.0,0.0,0.0,3309.32,21262.5,0.0,13440.28,3261.63,0.0,0.0,540.12,32783925.28556968
runs/CZ03/SFm&1&rDXHP&Ex&dxHP_equip/RB-dxHP_equip-spltHP-SEER-BA-rDXHP-NoLRM-30%UC-AOE/instance-out.sql,CZ03,SFm,1,rDXHP,Ex,dxHP_equip,,RB-dxHP_equip-spltHP-SEER-BA-rDXHP-NoLRM-30%UC-AOE,SFm&1&rDXHP&Ex&dxHP_equip,RB-dxHP_equip-spltHP-SEER-BA-rDXHP-NoLRM-30%UC-AOE,38.6,83.7,29686.65,64374.94,29686.65,3549.54,1119.28,1557.5,457.71,10338.53,0.0,503.59,0.0,0.0,0.0,0.0,12160.49,0.0,0.0,3549.54,1119.28,0.0,0.0,8268.27,2070.26,0.0,0.0,270.12,17228626.588773303
runs/CZ03/SFm&1&rDXHP&Ex&dxHP_equip/RB-dxHP_equip-spltHP-SEER-BA-rDXHP-NoLRM-40%UC-AOE/instance-out.sql,CZ03,SFm,1,rDXHP,Ex,dxHP_equip,,RB-dxHP_equip-spltHP-SEER-BA-rDXHP-NoLRM-40%UC-AOE,SFm&1&rDXHP&Ex&dxHP_equip,RB-dxHP_equip-spltHP-SEER-BA-rDXHP-NoLRM-40%UC-AOE,38.33,82.86,29482.62,63728.79,29482.620000000003,3223.01,1241.79,1557.5,457.71,10338.53,0.0,503.59,0.0,0.0,0.0,0.0,12160.49,0.0,0.0,3223.01,1241.79,0.0,0.0,8268.27,2070.26,0.0,0.0,270.12,18323163.256981835
runs/CZ03/SFm&2&rDXGF&Ex&dxAC_equip/RB-dxAC_equip-spltAC-SEER-BA-rDXGF-NoLRM-30%UC-AOE/instance-out.sql,CZ03,SFm,2,rDXGF,Ex,dxAC_equip,,RB-dxAC_equip-spltAC-SEER-BA-rDXGF-NoLRM-30%UC-AOE,SFm&2&rDXGF&Ex&dxAC_equip,RB-dxAC_equip-spltAC-SEER-BA-rDXGF-NoLRM-30%UC-AOE,43.79,79.78,56767.14,103416.43,56767.14,21262.5,3605.29,1774.64,457.71,16701.91,0.0,828.09,0.0,0.0,0.0,0.0,12136.98,0.0,0.0,0.0,3605.29,21262.5,0.0,13440.28,3261.63,0.0,0.0,540.12,34683280.487354144
runs/CZ03/SFm&2&rDXGF&Ex&dxAC_equip/RB-dxAC_equip-spltAC-SEER-BA-rDXGF-NoLRM-40%UC-AOE/instance-out.sql,CZ03,SFm,2,rDXGF,Ex,dxAC_equip,,RB-dxAC_equip-spltAC-SEER-BA-rDXGF-NoLRM-40%UC-AOE,SFm&2&rDXGF&Ex&dxAC_equip,RB-dxAC_equip-spltAC-SEER-BA-rDXGF-NoLRM-40%UC-AOE,44.1,80.75,57161.76,104666.2,57161.76,21262.5,3999.92,1774.64,457.71,16701.91,0.0,828.09,0.0,0.0,0.0,0.0,12136.98,0.0,0.0,0.0,3999.92,21262.5,0.0,13440.28,3261.63,0.0,0.0,540.12,37215754.10412492
runs/CZ03/SFm&2&rDXGF&Ex&dxAC_equip/RB-dxAC_equip-spltAC-SEER-BA-rDXGF-NoLRM-0%UC-AOE/instance-out.sql,CZ03,SFm,2,rDXGF,Ex,dxAC_equip,,RB-dxAC_equip-spltAC-SEER-BA-rDXGF-NoLRM-0%UC-AOE,SFm&2&rDXGF&Ex&dxAC_equip,RB-dxAC_equip-spltAC-SEER-BA-rDXGF-NoLRM-0%UC-AOE,42.88,76.89,55583.26,99667.1,55583.26,21262.5,2421.42,1774.64,457.71,16701.91,0.0,828.09,0.0,0.0,0.0,0.0,12136.98,0.0,0.0,0.0,2421.42,21262.5,0.0,13440.28,3261.63,0.0,0.0,540.12,27085859.651249953
runs/CZ03/SFm&2&rDXGF&Ex&dxAC_equip/RB-dxAC_equip-spltAC-SEER-BA-rDXGF-LRM-LSC-NR/instance-out.sql,CZ03,SFm,2,rDXGF,Ex,dxAC_equip,,RB-dxAC_equip-spltAC-SEER-BA-rDXGF-LRM-LSC-NR,SFm&2&rDXGF&Ex&dxAC_equip,RB-dxAC_equip-spltAC-SEER-BA-rDXGF-LRM-LSC-NR,42.55,75.85,55157.83,98319.75,55157.83,21262.5,1995.99,1774.64,457.71,16701.91,0.0,828.09,0.0,0.0,0.0,0.0,12136.98,0.0,0.0,0.0,1995.99,21262.5,0.0,13440.28,3261.63,0.0,0.0,540.12,24355666.784126267
runs/CZ03/SFm&2&rDXGF&Ex&dxAC_equip/RB-dxAC_equip-spltAC-SEER-BA-rDXGF-NoLRM-0%UC-NR/instance-out.sql,CZ03,SFm,2,rDXGF,Ex,dxAC_equip,,RB-dxAC_equip-spltAC-SEER-BA-rDXGF-NoLRM-0%UC-NR,SFm&2&rDXGF&Ex&dxAC_equip,RB-dxAC_equip-spltAC-SEER-BA-rDXGF-NoLRM-0%UC-NR,42.7,76.31,55346.53,98917.37,55346.53,21262.5,2184.69,1774.64,457.71,16701.91,0.0,828.09,0.0,0.0,0.0,0.0,12136.98,0.0,0.0,0.0,2184.69,21262.5,0.0,13440.28,3261.63,0.0,0.0,540.12,25566656.05056153
runs/CZ03/SFm&2&rDXGF&Ex&dxAC_equip/RB-dxAC_equip-spltAC-SEER-BA-rDXGF-LRM-LSC-AOE/instance-out.sql,CZ03,SFm,2,rDXGF,Ex,dxAC_equip,,RB-dxAC_equip-spltAC-SEER-BA-rDXGF-LRM-LSC-AOE,SFm&2&rDXGF&Ex&dxAC_equip,RB-dxAC_equip-spltAC-SEER-BA-rDXGF-LRM-LSC-AOE,42.72,76.38,55374.11,99004.72,55374.11,21262.5,2212.27,1774.64,457.71,16701.91,0.0,828.09,0.0,0.0,0.0,0.0,12136.98,0.0,0.0,0.0,2212.27,21262.5,0.0,13440.28,3261.63,0.0,0.0,540.12,25743648.634647727
runs/CZ03/SFm&2&rDXGF&Ex&dxAC_equip/RB-dxAC_equip-spltAC-SEER-BA-rDXGF-NoLRM-15%UC-AOE/instance-out.sql,CZ03,SFm,2,rDXGF,Ex,dxAC_equip,,RB-dxAC_equip-spltAC-SEER-BA-rDXGF-NoLRM-15%UC-AOE,SFm&2&rDXGF&Ex&dxAC_equip,RB-dxAC_equip-spltAC-SEER-BA-rDXGF-NoLRM-15%UC-AOE,43.34,78.34,56175.2,101541.76,56175.2,21262.5,3013.36,1774.64,457.71,16701.91,0.0,828.09,0.0,0.0,0.0,0.0,12136.98,0.0,0.0,0.0,3013.36,21262.5,0.0,13440.28,3261.63,0.0,0.0,540.12,30884570.07115518
runs/CZ03/SFm&2&rDXGF&Ex&dxAC_equip/RB-dxAC_equip-spltAC-SEER-BA-rDXGF-NoLRM-7.5%UC-AOE/instance-out.sql,CZ03,SFm,2,rDXGF,Ex,dxAC_equip,,RB-dxAC_equip-spltAC-SEER-BA-rDXGF-NoLRM-7.5%UC-AOE,SFm&2&rDXGF&Ex&dxAC_equip,RB-dxAC_equip-spltAC-SEER-BA-rDXGF-NoLRM-7.5%UC-AOE,43.11,77.61,55879.23,100604.43,55879.229999999996,21262.5,2717.39,1774.64,457.71,16701.91,0.0,828.09,0.0,0.0,0.0,0.0,12136.98,0.0,0.0,0.0,2717.39,21262.5,0.0,13440.28,3261.63,0.0,0.0,540.12,28985214.858079508
runs/CZ03/SFm&2&rDXHP&Ex&dxHP_equip/RB-dxHP_equip-spltHP-SEER-BA-rDXHP-LRM-LSC-NC/instance-out.sql,CZ03,SFm,2,rDXHP,Ex,dxHP_equip,,RB-dxHP_equip-spltHP-SEER-BA-rDXHP-LRM-LSC-NC,SFm&2&rDXHP&Ex&dxHP_equip,RB-dxHP_equip-spltHP-SEER-BA-rDXHP-LRM-LSC-NC,31.72,75.73,41122.76,98161.26,41122.76,6972.3,1996.03,1774.64,457.71,16701.91,0.0,1083.56,0.0,0.0,0.0,0.0,12136.61,0.0,0.0,6972.3,1996.03,0.0,0.0,13440.28,3261.63,0.0,0.0,540.12,24355669.91530477
runs/CZ03/SFm&2&rDXHP&Ex&dxHP_equip/RB-dxHP_equip-spltHP-SEER-BA-rDXHP-LRM-LSC-AOE/instance-out.sql,CZ03,SFm,2,rDXHP,Ex,dxHP_equip,,RB-dxHP_equip-spltHP-SEER-BA-rDXHP-LRM-LSC-AOE,SFm&2&rDXHP&Ex&dxHP_equip,RB-dxHP_equip-spltHP-SEER-BA-rDXHP-LRM-LSC-AOE,33.25,80.57,43104.5,104437.42,43104.5,8737.75,2212.32,1774.64,457.71,16701.91,0.0,1083.56,0.0,0.0,0.0,0.0,12136.61,0.0,0.0,8737.75,2212.32,0.0,0.0,13440.28,3261.63,0.0,0.0,540.12,25743652.045586504
runs/CZ03/SFm&2&rDXHP&Ex&dxHP_equip/RB-dxHP_equip-spltHP-SEER-BA-rDXHP-NoLRM-22.5%UC-AOE/instance-out.sql,CZ03,SFm,2,rDXHP,Ex,dxHP_equip,,RB-dxHP_equip-spltHP-SEER-BA-rDXHP-NoLRM-22.5%UC-AOE,SFm&2&rDXHP&Ex&dxHP_equip,RB-dxHP_equip-spltHP-SEER-BA-rDXHP-NoLRM-22.5%UC-AOE,32.99,79.74,42764.86,103361.79,42764.87,7301.04,3309.39,1774.64,457.71,16701.91,0.0,1083.56,0.0,0.0,0.0,0.0,12136.61,0.0,0.0,7301.04,3309.39,0.0,0.0,13440.28,3261.63,0.0,0.0,540.12,32783930.11553981
runs/CZ03/SFm&2&rDXHP&Ex&dxHP_equip/RB-dxHP_equip-spltHP-SEER-BA-rDXHP-NoLRM-30%UC-AOE/instance-out.sql,CZ03,SFm,2,rDXHP,Ex,dxHP_equip,,RB-dxHP_equip-spltHP-SEER-BA-rDXHP-NoLRM-30%UC-AOE,SFm&2&rDXHP&Ex&dxHP_equip,RB-dxHP_equip-spltHP-SEER-BA-rDXHP-NoLRM-30%UC-AOE,32.85,79.29,42581.93,102782.45,42581.94,6822.13,3605.37,1774.64,457.71,16701.91,0.0,1083.56,0.0,0.0,0.0,0.0,12136.61,0.0,0.0,6822.13,3605.37,0.0,0.0,13440.28,3261.63,0.0,0.0,540.12,34683285.700156465
runs/CZ03/SFm&2&rDXHP&Ex&dxHP_equip/RB-dxHP_equip-spltHP-SEER-BA-rDXHP-NoLRM-0%UC-AOE/instance-out.sql,CZ03,SFm,2,rDXHP,Ex,dxHP_equip,,RB-dxHP_equip-spltHP-SEER-BA-rDXHP-NoLRM-0%UC-AOE,SFm&2&rDXHP&Ex&dxHP_equip,RB-dxHP_equip-spltHP-SEER-BA-rDXHP-NoLRM-0%UC-AOE,33.15,80.25,42975.23,104028.02,42975.23,8399.32,2421.47,1774.64,457.71,16701.91,0.0,1083.56,0.0,0.0,0.0,0.0,12136.61,0.0,0.0,8399.32,2421.47,0.0,0.0,13440.28,3261.63,0.0,0.0,540.12,27085863.332723487
runs/CZ03/SFm&2&rDXHP&Ex&dxHP_equip/RB-dxHP_equip-spltHP-SEER-BA-rDXHP-LRM-LSC-NR/instance-out.sql,CZ03,SFm,2,rDXHP,Ex,dxHP_equip,,RB-dxHP_equip-spltHP-SEER-BA-rDXHP-LRM-LSC-NR,SFm&2&rDXHP&Ex&dxHP_equip,RB-dxHP_equip-spltHP-SEER-BA-rDXHP-LRM-LSC-NR,31.72,75.73,41122.76,98161.26,41122.76,6972.3,1996.03,1774.64,457.71,16701.91,0.0,1083.56,0.0,0.0,0.0,0.0,12136.61,0.0,0.0,6972.3,1996.03,0.0,0.0,13440.28,3261.63,0.0,0.0,540.12,24355669.91530477
runs/CZ03/SFm&2&rDXHP&Ex&dxHP_equip/RB-dxHP_equip-spltHP-SEER-BA-rDXHP-NoLRM-0%UC-NC/instance-out.sql,CZ03,SFm,2,rDXHP,Ex,dxHP_equip,,RB-dxHP_equip-spltHP-SEER-BA-rDXHP-NoLRM-0%UC-NC,SFm&2&rDXHP&Ex&dxHP_equip,RB-dxHP_equip-spltHP-SEER-BA-rDXHP-NoLRM-0%UC-NC,31.66,75.53,41042.56,97907.27,41042.57,6703.4,2184.73,1774.64,457.71,16701.91,0.0,1083.56,0.0,0.0,0.0,0.0,12136.61,0.0,0.0,6703.4,2184.73,0.0,0.0,13440.28,3261.63,0.0,0.0,540.12,25566659.425825857
runs/CZ03/SFm&2&rDXHP&Ex&dxHP_equip/RB-dxHP_equip-spltHP-SEER-BA-rDXHP-NoLRM-40%UC-AOE/instance-out.sql,CZ03,SFm,2,rDXHP,Ex,dxHP_equip,,RB-dxHP_equip-spltHP-SEER-BA-rDXHP-NoLRM-40%UC-AOE,SFm&2&rDXHP&Ex&dxHP_equip,RB-dxHP_equip-spltHP-SEER-BA-rDXHP-NoLRM-40%UC-AOE,32.66,78.7,42338.02,102010.0,42338.03,6183.59,4000.0,1774.64,457.71,16701.91,0.0,1083.56,0.0,0.0,0.0,0.0,12136.61,0.0,0.0,6183.59,4000.0,0.0,0.0,13440.28,3261.63,0.0,0.0,540.12,37215759.82737017
runs/CZ04/SFm&1&rDXGF&Ex&dxAC_equip/RB-dxAC_equip-spltAC-SEER-BA-rDXGF-LRM-LSC-NR/instance-out.sql,CZ04,SFm,1,rDXGF,Ex,dxAC_equip,,RB-dxAC_equip-spltAC-SEER-BA-rDXGF-LRM-LSC-NR,SFm&1&rDXGF&Ex&dxAC_equip,RB-dxAC_equip-spltAC-SEER-BA-rDXGF-LRM-LSC-NR,53.7,93.84,41305.34,72176.45,41305.34,14024.77,1881.31,1557.5,457.71,10338.53,0.0,990.02,0.0,0.0,0.0,0.0,12055.5,0.0,0.0,0.0,1881.31,14024.77,0.0,8268.27,2070.26,0.0,0.0,270.12,18199174.48414626
runs/CZ03/SFm&2&rDXHP&Ex&dxHP_equip/RB-dxHP_equip-spltHP-SEER-BA-rDXHP-NoLRM-15%UC-AOE/instance-out.sql,CZ03,SFm,2,rDXHP,Ex,dxHP_equip,,RB-dxHP_equip-spltHP-SEER-BA-rDXHP-NoLRM-15%UC-AOE,SFm&2&rDXHP&Ex&dxHP_equip,RB-dxHP_equip-spltHP-SEER-BA-rDXHP-NoLRM-15%UC-AOE,33.13,80.19,42947.79,103941.13,42947.8,7779.94,3013.42,1774.64,457.71,16701.91,0.0,1083.56,0.0,0.0,0.0,0.0,12136.61,0.0,0.0,7779.94,3013.42,0.0,0.0,13440.28,3261.63,0.0,0.0,540.12,30884574.518293113
runs/CZ03/SFm&2&rDXHP&Ex&dxHP_equip/RB-dxHP_equip-spltHP-SEER-BA-rDXHP-NoLRM-0%UC-NR/instance-out.sql,CZ03,SFm,2,rDXHP,Ex,dxHP_equip,,RB-dxHP_equip-spltHP-SEER-BA-rDXHP-NoLRM-0%UC-NR,SFm&2&rDXHP&Ex&dxHP_equip,RB-dxHP_equip-spltHP-SEER-BA-rDXHP-NoLRM-0%UC-NR,31.66,75.53,41042.56,97907.27,41042.57,6703.4,2184.73,1774.64,457.71,16701.91,0.0,1083.56,0.0,0.0,0.0,0.0,12136.61,0.0,0.0,6703.4,2184.73,0.0,0.0,13440.28,3261.63,0.0,0.0,540.12,25566659.425825857
runs/CZ03/SFm&2&rDXHP&Ex&dxHP_equip/RB-dxHP_equip-spltHP-SEER-BA-rDXHP-NoLRM-7.5%UC-AOE/instance-out.sql,CZ03,SFm,2,rDXHP,Ex,dxHP_equip,,RB-dxHP_equip-spltHP-SEER-BA-rDXHP-NoLRM-7.5%UC-AOE,SFm&2&rDXHP&Ex&dxHP_equip,RB-dxHP_equip-spltHP-SEER-BA-rDXHP-NoLRM-7.5%UC-AOE,33.27,80.63,43130.72,104520.47,43130.73,8258.85,2717.45,1774.64,457.71,16701.91,0.0,1083.56,0.0,0.0,0.0,0.0,12136.61,0.0,0.0,8258.85,2717.45,0.0,0.0,13440.28,3261.63,0.0,0.0,540.12,28985218.922385234
runs/CZ04/SFm&1&rDXGF&Ex&dxAC_equip/RB-dxAC_equip-spltAC-SEER-BA-rDXGF-NoLRM-15%UC-AOE/instance-out.sql,CZ04,SFm,1,rDXGF,Ex,dxAC_equip,,RB-dxAC_equip-spltAC-SEER-BA-rDXGF-NoLRM-15%UC-AOE,SFm&1&rDXGF&Ex&dxAC_equip,RB-dxAC_equip-spltAC-SEER-BA-rDXGF-NoLRM-15%UC-AOE,54.95,97.79,42264.26,75213.36,42264.259999999995,14024.77,2840.23,1557.5,457.71,10338.53,0.0,990.02,0.0,0.0,0.0,0.0,12055.5,0.0,0.0,0.0,2840.23,14024.77,0.0,8268.27,2070.26,0.0,0.0,270.12,23032196.015871733
runs/CZ04/SFm&1&rDXGF&Ex&dxAC_equip/RB-dxAC_equip-spltAC-SEER-BA-rDXGF-NoLRM-30%UC-AOE/instance-out.sql,CZ04,SFm,1,rDXGF,Ex,dxAC_equip,,RB-dxAC_equip-spltAC-SEER-BA-rDXGF-NoLRM-30%UC-AOE,SFm&1&rDXGF&Ex&dxAC_equip,RB-dxAC_equip-spltAC-SEER-BA-rDXGF-NoLRM-30%UC-AOE,55.68,100.09,42822.19,76980.32,42822.19,14024.77,3398.16,1557.5,457.71,10338.53,0.0,990.02,0.0,0.0,0.0,0.0,12055.5,0.0,0.0,0.0,3398.16,14024.77,0.0,8268.27,2070.26,0.0,0.0,270.12,25844191.90969269
runs/CZ04/SFm&1&rDXGF&Ex&dxAC_equip/RB-dxAC_equip-spltAC-SEER-BA-rDXGF-NoLRM-0%UC-AOE/instance-out.sql,CZ04,SFm,1,rDXGF,Ex,dxAC_equip,,RB-dxAC_equip-spltAC-SEER-BA-rDXGF-NoLRM-0%UC-AOE,SFm&1&rDXGF&Ex&dxAC_equip,RB-dxAC_equip-spltAC-SEER-BA-rDXGF-NoLRM-0%UC-AOE,54.23,95.49,41706.33,73446.4,41706.33,14024.77,2282.31,1557.5,457.71,10338.53,0.0,990.02,0.0,0.0,0.0,0.0,12055.5,0.0,0.0,0.0,2282.31,14024.77,0.0,8268.27,2070.26,0.0,0.0,270.12,20220200.11930722
runs/CZ04/SFm&1&rDXGF&Ex&dxAC_equip/RB-dxAC_equip-spltAC-SEER-BA-rDXGF-LRM-LSC-AOE/instance-out.sql,CZ04,SFm,1,rDXGF,Ex,dxAC_equip,,RB-dxAC_equip-spltAC-SEER-BA-rDXGF-LRM-LSC-AOE,SFm&1&rDXGF&Ex&dxAC_equip,RB-dxAC_equip-spltAC-SEER-BA-rDXGF-LRM-LSC-AOE,53.97,94.68,41509.2,72822.07,41509.19,14024.77,2085.17,1557.5,457.71,10338.53,0.0,990.02,0.0,0.0,0.0,0.0,12055.5,0.0,0.0,0.0,2085.17,14024.77,0.0,8268.27,2070.26,0.0,0.0,270.12,19226628.23469294
runs/CZ04/SFm&1&rDXHP&Ex&dxHP_equip/RB-dxHP_equip-spltHP-SEER-BA-rDXHP-LRM-LSC-NC/instance-out.sql,CZ04,SFm,1,rDXHP,Ex,dxHP_equip,,RB-dxHP_equip-spltHP-SEER-BA-rDXHP-LRM-LSC-NC,SFm&1&rDXHP&Ex&dxHP_equip,RB-dxHP_equip-spltHP-SEER-BA-rDXHP-LRM-LSC-NC,41.27,92.45,31743.23,71106.99,31743.24,4201.44,1881.33,1557.5,457.71,10338.53,0.0,1251.28,0.0,0.0,0.0,0.0,12055.43,0.0,0.0,4201.44,1881.33,0.0,0.0,8268.27,2070.26,0.0,0.0,270.12,18199173.254647225
runs/CZ04/SFm&1&rDXHP&Ex&dxHP_equip/RB-dxHP_equip-spltHP-SEER-BA-rDXHP-NoLRM-0%UC-AOE/instance-out.sql,CZ04,SFm,1,rDXHP,Ex,dxHP_equip,,RB-dxHP_equip-spltHP-SEER-BA-rDXHP-NoLRM-0%UC-AOE,SFm&1&rDXHP&Ex&dxHP_equip,RB-dxHP_equip-spltHP-SEER-BA-rDXHP-NoLRM-0%UC-AOE,42.83,97.38,32940.31,74898.13,32940.31,4997.52,2282.33,1557.5,457.71,10338.53,0.0,1251.28,0.0,0.0,0.0,0.0,12055.43,0.0,0.0,4997.52,2282.33,0.0,0.0,8268.27,2070.26,0.0,0.0,270.12,20220198.686434366
runs/CZ04/SFm&1&rDXGF&Ex&dxAC_equip/RB-dxAC_equip-spltAC-SEER-BA-rDXGF-NoLRM-0%UC-NR/instance-out.sql,CZ04,SFm,1,rDXGF,Ex,dxAC_equip,,RB-dxAC_equip-spltAC-SEER-BA-rDXGF-NoLRM-0%UC-NR,SFm&1&rDXGF&Ex&dxAC_equip,RB-dxAC_equip-spltAC-SEER-BA-rDXGF-NoLRM-0%UC-NR,53.94,94.57,41483.2,72739.74,41483.2,14024.77,2059.17,1557.5,457.71,10338.53,0.0,990.02,0.0,0.0,0.0,0.0,12055.5,0.0,0.0,0.0,2059.17,14024.77,0.0,8268.27,2070.26,0.0,0.0,270.12,19095609.450643286
runs/CZ04/SFm&1&rDXGF&Ex&dxAC_equip/RB-dxAC_equip-spltAC-SEER-BA-rDXGF-NoLRM-22.5%UC-AOE/instance-out.sql,CZ04,SFm,1,rDXGF,Ex,dxAC_equip,,RB-dxAC_equip-spltAC-SEER-BA-rDXGF-NoLRM-22.5%UC-AOE,SFm&1&rDXGF&Ex&dxAC_equip,RB-dxAC_equip-spltAC-SEER-BA-rDXGF-NoLRM-22.5%UC-AOE,55.31,98.94,42543.23,76096.84,42543.22,14024.77,3119.2,1557.5,457.71,10338.53,0.0,990.02,0.0,0.0,0.0,0.0,12055.5,0.0,0.0,0.0,3119.2,14024.77,0.0,8268.27,2070.26,0.0,0.0,270.12,24438193.96745691
runs/CZ04/SFm&1&rDXGF&Ex&dxAC_equip/RB-dxAC_equip-spltAC-SEER-BA-rDXGF-NoLRM-7.5%UC-AOE/instance-out.sql,CZ04,SFm,1,rDXGF,Ex,dxAC_equip,,RB-dxAC_equip-spltAC-SEER-BA-rDXGF-NoLRM-7.5%UC-AOE,SFm&1&rDXGF&Ex&dxAC_equip,RB-dxAC_equip-spltAC-SEER-BA-rDXGF-NoLRM-7.5%UC-AOE,54.59,96.64,41985.3,74329.88,41985.29,14024.77,2561.27,1557.5,457.71,10338.53,0.0,990.02,0.0,0.0,0.0,0.0,12055.5,0.0,0.0,0.0,2561.27,14024.77,0.0,8268.27,2070.26,0.0,0.0,270.12,21626198.065277636
runs/CZ04/SFm&1&rDXGF&Ex&dxAC_equip/RB-dxAC_equip-spltAC-SEER-BA-rDXGF-NoLRM-40%UC-AOE/instance-out.sql,CZ04,SFm,1,rDXGF,Ex,dxAC_equip,,RB-dxAC_equip-spltAC-SEER-BA-rDXGF-NoLRM-40%UC-AOE,SFm&1&rDXGF&Ex&dxAC_equip,RB-dxAC_equip-spltAC-SEER-BA-rDXGF-NoLRM-40%UC-AOE,56.16,101.62,43194.14,78158.29,43194.14,14024.77,3770.12,1557.5,457.71,10338.53,0.0,990.02,0.0,0.0,0.0,0.0,12055.5,0.0,0.0,0.0,3770.12,14024.77,0.0,8268.27,2070.26,0.0,0.0,270.12,27718855.843327038
runs/CZ04/SFm&1&rDXHP&Ex&dxHP_equip/RB-dxHP_equip-spltHP-SEER-BA-rDXHP-LRM-LSC-AOE/instance-out.sql,CZ04,SFm,1,rDXHP,Ex,dxHP_equip,,RB-dxHP_equip-spltHP-SEER-BA-rDXHP-LRM-LSC-AOE,SFm&1&rDXHP&Ex&dxHP_equip,RB-dxHP_equip-spltHP-SEER-BA-rDXHP-LRM-LSC-AOE,42.82,97.35,32931.96,74871.7,32931.97,5186.31,2085.19,1557.5,457.71,10338.53,0.0,1251.28,0.0,0.0,0.0,0.0,12055.43,0.0,0.0,5186.31,2085.19,0.0,0.0,8268.27,2070.26,0.0,0.0,270.12,19226626.901802246
runs/CZ04/SFm&1&rDXHP&Ex&dxHP_equip/RB-dxHP_equip-spltHP-SEER-BA-rDXHP-NoLRM-0%UC-NC/instance-out.sql,CZ04,SFm,1,rDXHP,Ex,dxHP_equip,,RB-dxHP_equip-spltHP-SEER-BA-rDXHP-NoLRM-0%UC-NC,SFm&1&rDXHP&Ex&dxHP_equip,RB-dxHP_equip-spltHP-SEER-BA-rDXHP-NoLRM-0%UC-NC,41.31,92.57,31771.09,71195.2,31771.09,4051.43,2059.2,1557.5,457.71,10338.53,0.0,1251.28,0.0,0.0,0.0,0.0,12055.43,0.0,0.0,4051.43,2059.2,0.0,0.0,8268.27,2070.26,0.0,0.0,270.12,19095608.13093688
runs/CZ04/SFm&1&rDXHP&Ex&dxHP_equip/RB-dxHP_equip-spltHP-SEER-BA-rDXHP-LRM-LSC-NR/instance-out.sql,CZ04,SFm,1,rDXHP,Ex,dxHP_equip,,RB-dxHP_equip-spltHP-SEER-BA-rDXHP-LRM-LSC-NR,SFm&1&rDXHP&Ex&dxHP_equip,RB-dxHP_equip-spltHP-SEER-BA-rDXHP-LRM-LSC-NR,41.27,92.45,31743.23,71106.99,31743.24,4201.44,1881.33,1557.5,457.71,10338.53,0.0,1251.28,0.0,0.0,0.0,0.0,12055.43,0.0,0.0,4201.44,1881.33,0.0,0.0,8268.27,2070.26,0.0,0.0,270.12,18199173.254647225
runs/CZ04/SFm&1&rDXHP&Ex&dxHP_equip/RB-dxHP_equip-spltHP-SEER-BA-rDXHP-NoLRM-15%UC-AOE/instance-out.sql,CZ04,SFm,1,rDXHP,Ex,dxHP_equip,,RB-dxHP_equip-spltHP-SEER-BA-rDXHP-NoLRM-15%UC-AOE,SFm&1&rDXHP&Ex&dxHP_equip,RB-dxHP_equip-spltHP-SEER-BA-rDXHP-NoLRM-15%UC-AOE,43.1,98.26,33152.71,75570.82,33152.72,4651.99,2840.26,1557.5,457.71,10338.53,0.0,1251.28,0.0,0.0,0.0,0.0,12055.43,0.0,0.0,4651.99,2840.26,0.0,0.0,8268.27,2070.26,0.0,0.0,270.12,23032194.3000305
runs/CZ04/SFm&1&rDXHP&Ex&dxHP_equip/RB-dxHP_equip-spltHP-SEER-BA-rDXHP-NoLRM-22.5%UC-AOE/instance-out.sql,CZ04,SFm,1,rDXHP,Ex,dxHP_equip,,RB-dxHP_equip-spltHP-SEER-BA-rDXHP-NoLRM-22.5%UC-AOE,SFm&1&rDXHP&Ex&dxHP_equip,RB-dxHP_equip-spltHP-SEER-BA-rDXHP-NoLRM-22.5%UC-AOE,43.12,98.3,33164.52,75608.21,33164.520000000004,4384.83,3119.23,1557.5,457.71,10338.53,0.0,1251.28,0.0,0.0,0.0,0.0,12055.43,0.0,0.0,4384.83,3119.23,0.0,0.0,8268.27,2070.26,0.0,0.0,270.12,24438192.110131484
runs/CZ04/SFm&1&rDXHP&Ex&dxHP_equip/RB-dxHP_equip-spltHP-SEER-BA-rDXHP-NoLRM-0%UC-NR/instance-out.sql,CZ04,SFm,1,rDXHP,Ex,dxHP_equip,,RB-dxHP_equip-spltHP-SEER-BA-rDXHP-NoLRM-0%UC-NR,SFm&1&rDXHP&Ex&dxHP_equip,RB-dxHP_equip-spltHP-SEER-BA-rDXHP-NoLRM-0%UC-NR,41.31,92.57,31771.09,71195.2,31771.09,4051.43,2059.2,1557.5,457.71,10338.53,0.0,1251.28,0.0,0.0,0.0,0.0,12055.43,0.0,0.0,4051.43,2059.2,0.0,0.0,8268.27,2070.26,0.0,0.0,270.12,19095608.13093688
runs/CZ04/SFm&2&rDXGF&Ex&dxAC_equip/RB-dxAC_equip-spltAC-SEER-BA-rDXGF-LRM-LSC-NR/instance-out.sql,CZ04,SFm,2,rDXGF,Ex,dxAC_equip,,RB-dxAC_equip-spltAC-SEER-BA-rDXGF-LRM-LSC-NR,SFm&2&rDXGF&Ex&dxAC_equip,RB-dxAC_equip-spltAC-SEER-BA-rDXGF-LRM-LSC-NR,50.3,91.05,65200.23,118024.28,65200.229999999996,27165.16,4778.01,1774.64,457.71,16701.91,0.0,2279.65,0.0,0.0,0.0,0.0,12043.13,0.0,0.0,0.0,4778.01,27165.16,0.0,13440.28,3261.63,0.0,0.0,540.12,33908241.14517294
runs/CZ04/SFm&2&rDXGF&Ex&dxAC_equip/RB-dxAC_equip-spltAC-SEER-BA-rDXGF-NoLRM-22.5%UC-AOE/instance-out.sql,CZ04,SFm,2,rDXGF,Ex,dxAC_equip,,RB-dxAC_equip-spltAC-SEER-BA-rDXGF-NoLRM-22.5%UC-AOE,SFm&2&rDXGF&Ex&dxAC_equip,RB-dxAC_equip-spltAC-SEER-BA-rDXGF-NoLRM-22.5%UC-AOE,52.73,98.73,68344.12,127980.97,68344.11,27165.16,7921.9,1774.64,457.71,16701.91,0.0,2279.65,0.0,0.0,0.0,0.0,12043.13,0.0,0.0,0.0,7921.9,27165.16,0.0,13440.28,3261.63,0.0,0.0,540.12,46669231.849843636
runs/CZ04/SFm&1&rDXHP&Ex&dxHP_equip/RB-dxHP_equip-spltHP-SEER-BA-rDXHP-NoLRM-30%UC-AOE/instance-out.sql,CZ04,SFm,1,rDXHP,Ex,dxHP_equip,,RB-dxHP_equip-spltHP-SEER-BA-rDXHP-NoLRM-30%UC-AOE,SFm&1&rDXHP&Ex&dxHP_equip,RB-dxHP_equip-spltHP-SEER-BA-rDXHP-NoLRM-30%UC-AOE,43.14,98.35,33176.33,75645.6,33176.33,4117.67,3398.2,1557.5,457.71,10338.53,0.0,1251.28,0.0,0.0,0.0,0.0,12055.43,0.0,0.0,4117.67,3398.2,0.0,0.0,8268.27,2070.26,0.0,0.0,270.12,25844189.910883073
runs/CZ04/SFm&2&rDXGF&Ex&dxAC_equip/RB-dxAC_equip-spltAC-SEER-BA-rDXGF-NoLRM-30%UC-AOE/instance-out.sql,CZ04,SFm,2,rDXGF,Ex,dxAC_equip,,RB-dxAC_equip-spltAC-SEER-BA-rDXGF-NoLRM-30%UC-AOE,SFm&2&rDXGF&Ex&dxAC_equip,RB-dxAC_equip-spltAC-SEER-BA-rDXGF-NoLRM-30%UC-AOE,53.27,100.46,69052.61,130224.77,69052.61,27165.16,8630.39,1774.64,457.71,16701.91,0.0,2279.65,0.0,0.0,0.0,0.0,12043.13,0.0,0.0,0.0,8630.39,27165.16,0.0,13440.28,3261.63,0.0,0.0,540.12,49544992.49134371
runs/CZ04/SFm&1&rDXHP&Ex&dxHP_equip/RB-dxHP_equip-spltHP-SEER-BA-rDXHP-NoLRM-40%UC-AOE/instance-out.sql,CZ04,SFm,1,rDXHP,Ex,dxHP_equip,,RB-dxHP_equip-spltHP-SEER-BA-rDXHP-NoLRM-40%UC-AOE,SFm&1&rDXHP&Ex&dxHP_equip,RB-dxHP_equip-spltHP-SEER-BA-rDXHP-NoLRM-40%UC-AOE,43.16,98.42,33192.07,75695.45,33192.07,3761.45,3770.16,1557.5,457.71,10338.53,0.0,1251.28,0.0,0.0,0.0,0.0,12055.43,0.0,0.0,3761.45,3770.16,0.0,0.0,8268.27,2070.26,0.0,0.0,270.12,27718853.65587183
runs/CZ04/SFm&2&rDXGF&Ex&dxAC_equip/RB-dxAC_equip-spltAC-SEER-BA-rDXGF-LRM-LSC-AOE/instance-out.sql,CZ04,SFm,2,rDXGF,Ex,dxAC_equip,,RB-dxAC_equip-spltAC-SEER-BA-rDXGF-LRM-LSC-AOE,SFm&2&rDXGF&Ex&dxAC_equip,RB-dxAC_equip-spltAC-SEER-BA-rDXGF-LRM-LSC-AOE,50.7,92.32,65717.97,119663.97,65717.97,27165.16,5295.75,1774.64,457.71,16701.91,0.0,2279.65,0.0,0.0,0.0,0.0,12043.13,0.0,0.0,0.0,5295.75,27165.16,0.0,13440.28,3261.63,0.0,0.0,540.12,36009745.68371108
runs/CZ04/SFm&2&rDXHP&Ex&dxHP_equip/RB-dxHP_equip-spltHP-SEER-BA-rDXHP-LRM-LSC-NC/instance-out.sql,CZ04,SFm,2,rDXHP,Ex,dxHP_equip,,RB-dxHP_equip-spltHP-SEER-BA-rDXHP-LRM-LSC-NC,SFm&2&rDXHP&Ex&dxHP_equip,RB-dxHP_equip-spltHP-SEER-BA-rDXHP-LRM-LSC-NC,35.91,89.14,46549.9,115544.19,46549.9,8009.65,4777.96,1774.64,457.71,16701.91,0.0,2785.11,0.0,0.0,0.0,0.0,12042.9,0.0,0.0,8009.65,4777.96,0.0,0.0,13440.28,3261.63,0.0,0.0,540.12,33908225.72905211
runs/CZ04/SFm&1&rDXHP&Ex&dxHP_equip/RB-dxHP_equip-spltHP-SEER-BA-rDXHP-NoLRM-7.5%UC-AOE/instance-out.sql,CZ04,SFm,1,rDXHP,Ex,dxHP_equip,,RB-dxHP_equip-spltHP-SEER-BA-rDXHP-NoLRM-7.5%UC-AOE,SFm&1&rDXHP&Ex&dxHP_equip,RB-dxHP_equip-spltHP-SEER-BA-rDXHP-NoLRM-7.5%UC-AOE,43.09,98.21,33140.91,75533.43,33140.91,4919.15,2561.3,1557.5,457.71,10338.53,0.0,1251.28,0.0,0.0,0.0,0.0,12055.43,0.0,0.0,4919.15,2561.3,0.0,0.0,8268.27,2070.26,0.0,0.0,270.12,21626196.49092059
runs/CZ04/SFm&2&rDXGF&Ex&dxAC_equip/RB-dxAC_equip-spltAC-SEER-BA-rDXGF-NoLRM-0%UC-NR/instance-out.sql,CZ04,SFm,2,rDXGF,Ex,dxAC_equip,,RB-dxAC_equip-spltAC-SEER-BA-rDXGF-NoLRM-0%UC-NR,SFm&2&rDXGF&Ex&dxAC_equip,RB-dxAC_equip-spltAC-SEER-BA-rDXGF-NoLRM-0%UC-NR,50.65,92.16,65651.95,119454.88,65651.95,27165.16,5229.73,1774.64,457.71,16701.91,0.0,2279.65,0.0,0.0,0.0,0.0,12043.13,0.0,0.0,0.0,5229.73,27165.16,0.0,13440.28,3261.63,0.0,0.0,540.12,35741766.15746223
runs/CZ04/SFm&2&rDXHP&Ex&dxHP_equip/RB-dxHP_equip-spltHP-SEER-BA-rDXHP-LRM-LSC-AOE/instance-out.sql,CZ04,SFm,2,rDXHP,Ex,dxHP_equip,,RB-dxHP_equip-spltHP-SEER-BA-rDXHP-LRM-LSC-AOE,SFm&2&rDXHP&Ex&dxHP_equip,RB-dxHP_equip-spltHP-SEER-BA-rDXHP-LRM-LSC-AOE,37.8,95.11,48993.12,123281.85,48993.11,9935.13,5295.7,1774.64,457.71,16701.91,0.0,2785.11,0.0,0.0,0.0,0.0,12042.9,0.0,0.0,9935.13,5295.7,0.0,0.0,13440.28,3261.63,0.0,0.0,540.12,36009728.997641794
runs/CZ04/SFm&2&rDXGF&Ex&dxAC_equip/RB-dxAC_equip-spltAC-SEER-BA-rDXGF-NoLRM-15%UC-AOE/instance-out.sql,CZ04,SFm,2,rDXGF,Ex,dxAC_equip,,RB-dxAC_equip-spltAC-SEER-BA-rDXGF-NoLRM-15%UC-AOE,SFm&2&rDXGF&Ex&dxAC_equip,RB-dxAC_equip-spltAC-SEER-BA-rDXGF-NoLRM-15%UC-AOE,52.18,97.0,67635.63,125737.18,67635.62,27165.16,7213.41,1774.64,457.71,16701.91,0.0,2279.65,0.0,0.0,0.0,0.0,12043.13,0.0,0.0,0.0,7213.41,27165.16,0.0,13440.28,3261.63,0.0,0.0,540.12,43793471.18922076
runs/CZ04/SFm&2&rDXGF&Ex&dxAC_equip/RB-dxAC_equip-spltAC-SEER-BA-rDXGF-NoLRM-0%UC-AOE/instance-out.sql,CZ04,SFm,2,rDXGF,Ex,dxAC_equip,,RB-dxAC_equip-spltAC-SEER-BA-rDXGF-NoLRM-0%UC-AOE,SFm&2&rDXGF&Ex&dxAC_equip,RB-dxAC_equip-spltAC-SEER-BA-rDXGF-NoLRM-0%UC-AOE,51.09,93.54,66218.64,121249.59,66218.64,27165.16,5796.42,1774.64,457.71,16701.91,0.0,2279.65,0.0,0.0,0.0,0.0,12043.13,0.0,0.0,0.0,5796.42,27165.16,0.0,13440.28,3261.63,0.0,0.0,540.12,38041949.88148625
runs/CZ04/SFm&2&rDXGF&Ex&dxAC_equip/RB-dxAC_equip-spltAC-SEER-BA-rDXGF-NoLRM-40%UC-AOE/instance-out.sql,CZ04,SFm,2,rDXGF,Ex,dxAC_equip,,RB-dxAC_equip-spltAC-SEER-BA-rDXGF-NoLRM-40%UC-AOE,SFm&2&rDXGF&Ex&dxAC_equip,RB-dxAC_equip-spltAC-SEER-BA-rDXGF-NoLRM-40%UC-AOE,54.0,102.77,69997.27,133216.5,69997.26,27165.16,9575.05,1774.64,457.71,16701.91,0.0,2279.65,0.0,0.0,0.0,0.0,12043.13,0.0,0.0,0.0,9575.05,27165.16,0.0,13440.28,3261.63,0.0,0.0,540.12,53379340.03513357
runs/CZ04/SFm&2&rDXHP&Ex&dxHP_equip/RB-dxHP_equip-spltHP-SEER-BA-rDXHP-NoLRM-22.5%UC-AOE/instance-out.sql,CZ04,SFm,2,rDXHP,Ex,dxHP_equip,,RB-dxHP_equip-spltHP-SEER-BA-rDXHP-NoLRM-22.5%UC-AOE,SFm&2&rDXHP&Ex&dxHP_equip,RB-dxHP_equip-spltHP-SEER-BA-rDXHP-NoLRM-22.5%UC-AOE,38.61,97.7,50052.29,126636.25,50052.28,8368.18,7921.82,1774.64,457.71,16701.91,0.0,2785.11,0.0,0.0,0.0,0.0,12042.9,0.0,0.0,8368.18,7921.82,0.0,0.0,13440.28,3261.63,0.0,0.0,540.12,46669208.72219988
runs/CZ04/SFm&2&rDXGF&Ex&dxAC_equip/RB-dxAC_equip-spltAC-SEER-BA-rDXGF-NoLRM-7.5%UC-AOE/instance-out.sql,CZ04,SFm,2,rDXGF,Ex,dxAC_equip,,RB-dxAC_equip-spltAC-SEER-BA-rDXGF-NoLRM-7.5%UC-AOE,SFm&2&rDXGF&Ex&dxAC_equip,RB-dxAC_equip-spltAC-SEER-BA-rDXGF-NoLRM-7.5%UC-AOE,51.63,95.27,66927.13,123493.38,66927.13,27165.16,6504.91,1774.64,457.71,16701.91,0.0,2279.65,0.0,0.0,0.0,0.0,12043.13,0.0,0.0,0.0,6504.91,27165.16,0.0,13440.28,3261.63,0.0,0.0,540.12,40917710.53062497
runs/CZ04/SFm&2&rDXHP&Ex&dxHP_equip/RB-dxHP_equip-spltHP-SEER-BA-rDXHP-NoLRM-7.5%UC-AOE/instance-out.sql,CZ04,SFm,2,rDXHP,Ex,dxHP_equip,,RB-dxHP_equip-spltHP-SEER-BA-rDXHP-NoLRM-7.5%UC-AOE,SFm&2&rDXHP&Ex&dxHP_equip,RB-dxHP_equip-spltHP-SEER-BA-rDXHP-NoLRM-7.5%UC-AOE,38.33,96.79,49679.95,125457.05,49679.94,9412.81,6504.85,1774.64,457.71,16701.91,0.0,2785.11,0.0,0.0,0.0,0.0,12042.9,0.0,0.0,9412.81,6504.85,0.0,0.0,13440.28,3261.63,0.0,0.0,540.12,40917690.8786509
runs/CZ04/SFm&2&rDXHP&Ex&dxHP_equip/RB-dxHP_equip-spltHP-SEER-BA-rDXHP-LRM-LSC-NR/instance-out.sql,CZ04,SFm,2,rDXHP,Ex,dxHP_equip,,RB-dxHP_equip-spltHP-SEER-BA-rDXHP-LRM-LSC-NR,SFm&2&rDXHP&Ex&dxHP_equip,RB-dxHP_equip-spltHP-SEER-BA-rDXHP-LRM-LSC-NR,35.91,89.14,46549.9,115544.19,46549.9,8009.65,4777.96,1774.64,457.71,16701.91,0.0,2785.11,0.0,0.0,0.0,0.0,12042.9,0.0,0.0,8009.65,4777.96,0.0,0.0,13440.28,3261.63,0.0,0.0,540.12,33908225.72905211
runs/CZ04/SFm&2&rDXHP&Ex&dxHP_equip/RB-dxHP_equip-spltHP-SEER-BA-rDXHP-NoLRM-0%UC-AOE/instance-out.sql,CZ04,SFm,2,rDXHP,Ex,dxHP_equip,,RB-dxHP_equip-spltHP-SEER-BA-rDXHP-NoLRM-0%UC-AOE,SFm&2&rDXHP&Ex&dxHP_equip,RB-dxHP_equip-spltHP-SEER-BA-rDXHP-NoLRM-0%UC-AOE,37.9,95.43,49124.68,123698.5,49124.67,9566.03,5796.36,1774.64,457.71,16701.91,0.0,2785.11,0.0,0.0,0.0,0.0,12042.9,0.0,0.0,9566.03,5796.36,0.0,0.0,13440.28,3261.63,0.0,0.0,540.12,38041931.96734701
runs/CZ04/SFm&2&rDXHP&Ex&dxHP_equip/RB-dxHP_equip-spltHP-SEER-BA-rDXHP-NoLRM-15%UC-AOE/instance-out.sql,CZ04,SFm,2,rDXHP,Ex,dxHP_equip,,RB-dxHP_equip-spltHP-SEER-BA-rDXHP-NoLRM-15%UC-AOE,SFm&2&rDXHP&Ex&dxHP_equip,RB-dxHP_equip-spltHP-SEER-BA-rDXHP-NoLRM-15%UC-AOE,38.47,97.24,49866.12,126046.65,49866.11,8890.5,7213.33,1774.64,457.71,16701.91,0.0,2785.11,0.0,0.0,0.0,0.0,12042.9,0.0,0.0,8890.5,7213.33,0.0,0.0,13440.28,3261.63,0.0,0.0,540.12,43793449.79941185
runs/CZ04/SFm&2&rDXHP&Ex&dxHP_equip/RB-dxHP_equip-spltHP-SEER-BA-rDXHP-NoLRM-0%UC-NR/instance-out.sql,CZ04,SFm,2,rDXHP,Ex,dxHP_equip,,RB-dxHP_equip-spltHP-SEER-BA-rDXHP-NoLRM-0%UC-NR,SFm&2&rDXHP&Ex&dxHP_equip,RB-dxHP_equip-spltHP-SEER-BA-rDXHP-NoLRM-0%UC-NR,36.03,89.53,46708.33,116045.95,46708.33,7716.37,5229.68,1774.64,457.71,16701.91,0.0,2785.11,0.0,0.0,0.0,0.0,12042.9,0.0,0.0,7716.37,5229.68,0.0,0.0,13440.28,3261.63,0.0,0.0,540.12,35741749.63333416
runs/CZ04/SFm&2&rDXHP&Ex&dxHP_equip/RB-dxHP_equip-spltHP-SEER-BA-rDXHP-NoLRM-30%UC-AOE/instance-out.sql,CZ04,SFm,2,rDXHP,Ex,dxHP_equip,,RB-dxHP_equip-spltHP-SEER-BA-rDXHP-NoLRM-30%UC-AOE,SFm&2&rDXHP&Ex&dxHP_equip,RB-dxHP_equip-spltHP-SEER-BA-rDXHP-NoLRM-30%UC-AOE,38.76,98.15,50238.46,127225.85,50238.45,7845.87,8630.3,1774.64,457.71,16701.91,0.0,2785.11,0.0,0.0,0.0,0.0,12042.9,0.0,0.0,7845.87,8630.3,0.0,0.0,13440.28,3261.63,0.0,0.0,540.12,49544967.62586513
runs/CZ04/SFm&2&rDXHP&Ex&dxHP_equip/RB-dxHP_equip-spltHP-SEER-BA-rDXHP-NoLRM-40%UC-AOE/instance-out.sql,CZ04,SFm,2,rDXHP,Ex,dxHP_equip,,RB-dxHP_equip-spltHP-SEER-BA-rDXHP-NoLRM-40%UC-AOE,SFm&2&rDXHP&Ex&dxHP_equip,RB-dxHP_equip-spltHP-SEER-BA-rDXHP-NoLRM-40%UC-AOE,38.95,98.76,50486.68,128011.98,50486.68,7149.45,9574.95,1774.64,457.71,16701.91,0.0,2785.11,0.0,0.0,0.0,0.0,12042.9,0.0,0.0,7149.45,9574.95,0.0,0.0,13440.28,3261.63,0.0,0.0,540.12,53379312.85254187
runs/CZ04/SFm&2&rDXHP&Ex&dxHP_equip/RB-dxHP_equip-spltHP-SEER-BA-rDXHP-NoLRM-0%UC-NC/instance-out.sql,CZ04,SFm,2,rDXHP,Ex,dxHP_equip,,RB-dxHP_equip-spltHP-SEER-BA-rDXHP-NoLRM-0%UC-NC,SFm&2&rDXHP&Ex&dxHP_equip,RB-dxHP_equip-spltHP-SEER-BA-rDXHP-NoLRM-0%UC-NC,36.03,89.53,46708.33,116045.95,46708.33,7716.37,5229.68,1774.64,457.71,16701.91,0.0,2785.11,0.0,0.0,0.0,0.0,12042.9,0.0,0.0,7716.37,5229.68,0.0,0.0,13440.28,3261.63,0.0,0.0,540.12,35741749.63333416
runs/CZ05/SFm&1&rDXGF&Ex&dxAC_equip/RB-dxAC_equip-spltAC-SEER-BA-rDXGF-NoLRM-0%UC-AOE/instance-out.sql,CZ05,SFm,1,rDXGF,Ex,dxAC_equip,,RB-dxAC_equip-spltAC-SEER-BA-rDXGF-NoLRM-0%UC-AOE,SFm&1&rDXGF&Ex&dxAC_equip,RB-dxAC_equip-spltAC-SEER-BA-rDXGF-NoLRM-0%UC-AOE,47.55,82.08,36568.25,63130.63,36568.25,11056.42,620.13,1557.5,457.71,10338.53,0.0,373.7,0.0,0.0,0.0,0.0,12164.26,0.0,0.0,0.0,620.13,11056.42,0.0,8268.27,2070.26,0.0,0.0,270.12,12182398.222963827
runs/CZ05/SFm&1&rDXGF&Ex&dxAC_equip/RB-dxAC_equip-spltAC-SEER-BA-rDXGF-NoLRM-15%UC-AOE/instance-out.sql,CZ05,SFm,1,rDXGF,Ex,dxAC_equip,,RB-dxAC_equip-spltAC-SEER-BA-rDXGF-NoLRM-15%UC-AOE,SFm&1&rDXGF&Ex&dxAC_equip,RB-dxAC_equip-spltAC-SEER-BA-rDXGF-NoLRM-15%UC-AOE,47.74,82.71,36719.85,63610.73,36719.85,11056.42,771.72,1557.5,457.71,10338.53,0.0,373.7,0.0,0.0,0.0,0.0,12164.26,0.0,0.0,0.0,771.72,11056.42,0.0,8268.27,2070.26,0.0,0.0,270.12,13431897.67193196
runs/CZ05/SFm&1&rDXGF&Ex&dxAC_equip/RB-dxAC_equip-spltAC-SEER-BA-rDXGF-LRM-LSC-NR/instance-out.sql,CZ05,SFm,1,rDXGF,Ex,dxAC_equip,,RB-dxAC_equip-spltAC-SEER-BA-rDXGF-LRM-LSC-NR,SFm&1&rDXGF&Ex&dxAC_equip,RB-dxAC_equip-spltAC-SEER-BA-rDXGF-LRM-LSC-NR,47.4,81.63,36459.3,62785.57,36459.3,11056.42,511.17,1557.5,457.71,10338.53,0.0,373.7,0.0,0.0,0.0,0.0,12164.26,0.0,0.0,0.0,511.17,11056.42,0.0,8268.27,2070.26,0.0,0.0,270.12,11284363.33586841
runs/CZ05/SFm&1&rDXGF&Ex&dxAC_equip/RB-dxAC_equip-spltAC-SEER-BA-rDXGF-LRM-LSC-AOE/instance-out.sql,CZ05,SFm,1,rDXGF,Ex,dxAC_equip,,RB-dxAC_equip-spltAC-SEER-BA-rDXGF-LRM-LSC-AOE,SFm&1&rDXGF&Ex&dxAC_equip,RB-dxAC_equip-spltAC-SEER-BA-rDXGF-LRM-LSC-AOE,47.48,81.86,36514.69,62960.99,36514.69,11056.42,566.56,1557.5,457.71,10338.53,0.0,373.7,0.0,0.0,0.0,0.0,12164.26,0.0,0.0,0.0,566.56,11056.42,0.0,8268.27,2070.26,0.0,0.0,270.12,11740908.41714565
runs/CZ05/SFm&1&rDXGF&Ex&dxAC_equip/RB-dxAC_equip-spltAC-SEER-BA-rDXGF-NoLRM-40%UC-AOE/instance-out.sql,CZ05,SFm,1,rDXGF,Ex,dxAC_equip,,RB-dxAC_equip-spltAC-SEER-BA-rDXGF-NoLRM-40%UC-AOE,SFm&1&rDXGF&Ex&dxAC_equip,RB-dxAC_equip-spltAC-SEER-BA-rDXGF-NoLRM-40%UC-AOE,48.07,83.75,36972.51,64410.9,36972.509999999995,11056.42,1024.38,1557.5,457.71,10338.53,0.0,373.7,0.0,0.0,0.0,0.0,12164.26,0.0,0.0,0.0,1024.38,11056.42,0.0,8268.27,2070.26,0.0,0.0,270.12,15514396.753477875
runs/CZ05/SFm&1&rDXGF&Ex&dxAC_equip/RB-dxAC_equip-spltAC-SEER-BA-rDXGF-NoLRM-7.5%UC-AOE/instance-out.sql,CZ05,SFm,1,rDXGF,Ex,dxAC_equip,,RB-dxAC_equip-spltAC-SEER-BA-rDXGF-NoLRM-7.5%UC-AOE,SFm&1&rDXGF&Ex&dxAC_equip,RB-dxAC_equip-spltAC-SEER-BA-rDXGF-NoLRM-7.5%UC-AOE,47.64,82.39,36644.05,63370.68,36644.05,11056.42,695.93,1557.5,457.71,10338.53,0.0,373.7,0.0,0.0,0.0,0.0,12164.26,0.0,0.0,0.0,695.93,11056.42,0.0,8268.27,2070.26,0.0,0.0,270.12,12807147.946420634
runs/CZ05/SFm&1&rDXGF&Ex&dxAC_equip/RB-dxAC_equip-spltAC-SEER-BA-rDXGF-NoLRM-0%UC-NR/instance-out.sql,CZ05,SFm,1,rDXGF,Ex,dxAC_equip,,RB-dxAC_equip-spltAC-SEER-BA-rDXGF-NoLRM-0%UC-NR,SFm&1&rDXGF&Ex&dxAC_equip,RB-dxAC_equip-spltAC-SEER-BA-rDXGF-NoLRM-0%UC-NR,47.47,81.83,36507.63,62938.62,36507.619999999995,11056.42,559.5,1557.5,457.71,10338.53,0.0,373.7,0.0,0.0,0.0,0.0,12164.26,0.0,0.0,0.0,559.5,11056.42,0.0,8268.27,2070.26,0.0,0.0,270.12,11682690.729604028
runs/CZ05/SFm&1&rDXHP&Ex&dxHP_equip/RB-dxHP_equip-spltHP-SEER-BA-rDXHP-LRM-LSC-NC/instance-out.sql,CZ05,SFm,1,rDXHP,Ex,dxHP_equip,,RB-dxHP_equip-spltHP-SEER-BA-rDXHP-LRM-LSC-NC,SFm&1&rDXHP&Ex&dxHP_equip,RB-dxHP_equip-spltHP-SEER-BA-rDXHP-LRM-LSC-NC,37.74,80.98,29029.88,62287.18,29029.879999999997,3479.07,511.18,1557.5,457.71,10338.53,0.0,521.66,0.0,0.0,0.0,0.0,12164.23,0.0,0.0,3479.07,511.18,0.0,0.0,8268.27,2070.26,0.0,0.0,270.12,11284363.132785108
runs/CZ05/SFm&1&rDXGF&Ex&dxAC_equip/RB-dxAC_equip-spltAC-SEER-BA-rDXGF-NoLRM-22.5%UC-AOE/instance-out.sql,CZ05,SFm,1,rDXGF,Ex,dxAC_equip,,RB-dxAC_equip-spltAC-SEER-BA-rDXGF-NoLRM-22.5%UC-AOE,SFm&1&rDXGF&Ex&dxAC_equip,RB-dxAC_equip-spltAC-SEER-BA-rDXGF-NoLRM-22.5%UC-AOE,47.84,83.02,36795.65,63850.78,36795.64,11056.42,847.52,1557.5,457.71,10338.53,0.0,373.7,0.0,0.0,0.0,0.0,12164.26,0.0,0.0,0.0,847.52,11056.42,0.0,8268.27,2070.26,0.0,0.0,270.12,14056647.397883665
runs/CZ05/SFm&1&rDXHP&Ex&dxHP_equip/RB-dxHP_equip-spltHP-SEER-BA-rDXHP-NoLRM-0%UC-NC/instance-out.sql,CZ05,SFm,1,rDXHP,Ex,dxHP_equip,,RB-dxHP_equip-spltHP-SEER-BA-rDXHP-NoLRM-0%UC-NC,SFm&1&rDXHP&Ex&dxHP_equip,RB-dxHP_equip-spltHP-SEER-BA-rDXHP-NoLRM-0%UC-NC,37.64,80.65,28948.24,62028.62,28948.239999999998,3349.1,559.5,1557.5,457.71,10338.53,0.0,521.66,0.0,0.0,0.0,0.0,12164.23,0.0,0.0,3349.1,559.5,0.0,0.0,8268.27,2070.26,0.0,0.0,270.12,11682690.511793572
runs/CZ05/SFm&1&rDXHP&Ex&dxHP_equip/RB-dxHP_equip-spltHP-SEER-BA-rDXHP-NoLRM-0%UC-NR/instance-out.sql,CZ05,SFm,1,rDXHP,Ex,dxHP_equip,,RB-dxHP_equip-spltHP-SEER-BA-rDXHP-NoLRM-0%UC-NR,SFm&1&rDXHP&Ex&dxHP_equip,RB-dxHP_equip-spltHP-SEER-BA-rDXHP-NoLRM-0%UC-NR,37.64,80.65,28948.24,62028.62,28948.239999999998,3349.1,559.5,1557.5,457.71,10338.53,0.0,521.66,0.0,0.0,0.0,0.0,12164.23,0.0,0.0,3349.1,559.5,0.0,0.0,8268.27,2070.26,0.0,0.0,270.12,11682690.511793572
runs/CZ05/SFm&1&rDXGF&Ex&dxAC_equip/RB-dxAC_equip-spltAC-SEER-BA-rDXGF-NoLRM-30%UC-AOE/instance-out.sql,CZ05,SFm,1,rDXGF,Ex,dxAC_equip,,RB-dxAC_equip-spltAC-SEER-BA-rDXGF-NoLRM-30%UC-AOE,SFm&1&rDXGF&Ex&dxAC_equip,RB-dxAC_equip-spltAC-SEER-BA-rDXGF-NoLRM-30%UC-AOE,47.94,83.33,36871.45,64090.83,36871.44,11056.42,923.32,1557.5,457.71,10338.53,0.0,373.7,0.0,0.0,0.0,0.0,12164.26,0.0,0.0,0.0,923.32,11056.42,0.0,8268.27,2070.26,0.0,0.0,270.12,14681397.119681003
runs/CZ05/SFm&1&rDXHP&Ex&dxHP_equip/RB-dxHP_equip-spltHP-SEER-BA-rDXHP-LRM-LSC-AOE/instance-out.sql,CZ05,SFm,1,rDXHP,Ex,dxHP_equip,,RB-dxHP_equip-spltHP-SEER-BA-rDXHP-LRM-LSC-AOE,SFm&1&rDXHP&Ex&dxHP_equip,RB-dxHP_equip-spltHP-SEER-BA-rDXHP-LRM-LSC-AOE,38.93,84.73,29938.57,65164.98,29938.57,4332.36,566.57,1557.5,457.71,10338.53,0.0,521.66,0.0,0.0,0.0,0.0,12164.23,0.0,0.0,4332.36,566.57,0.0,0.0,8268.27,2070.26,0.0,0.0,270.12,11740908.197182741
runs/CZ05/SFm&1&rDXHP&Ex&dxHP_equip/RB-dxHP_equip-spltHP-SEER-BA-rDXHP-LRM-LSC-NR/instance-out.sql,CZ05,SFm,1,rDXHP,Ex,dxHP_equip,,RB-dxHP_equip-spltHP-SEER-BA-rDXHP-LRM-LSC-NR,SFm&1&rDXHP&Ex&dxHP_equip,RB-dxHP_equip-spltHP-SEER-BA-rDXHP-LRM-LSC-NR,37.74,80.98,29029.88,62287.18,29029.879999999997,3479.07,511.18,1557.5,457.71,10338.53,0.0,521.66,0.0,0.0,0.0,0.0,12164.23,0.0,0.0,3479.07,511.18,0.0,0.0,8268.27,2070.26,0.0,0.0,270.12,11284363.132785108
runs/CZ05/SFm&1&rDXHP&Ex&dxHP_equip/RB-dxHP_equip-spltHP-SEER-BA-rDXHP-NoLRM-0%UC-AOE/instance-out.sql,CZ05,SFm,1,rDXHP,Ex,dxHP_equip,,RB-dxHP_equip-spltHP-SEER-BA-rDXHP-NoLRM-0%UC-AOE,SFm&1&rDXHP&Ex&dxHP_equip,RB-dxHP_equip-spltHP-SEER-BA-rDXHP-NoLRM-0%UC-AOE,38.78,84.27,29828.56,64816.59,29828.559999999998,4168.79,620.13,1557.5,457.71,10338.53,0.0,521.66,0.0,0.0,0.0,0.0,12164.23,0.0,0.0,4168.79,620.13,0.0,0.0,8268.27,2070.26,0.0,0.0,270.12,12182397.986677941
runs/CZ05/SFm&1&rDXHP&Ex&dxHP_equip/RB-dxHP_equip-spltHP-SEER-BA-rDXHP-NoLRM-15%UC-AOE/instance-out.sql,CZ05,SFm,1,rDXHP,Ex,dxHP_equip,,RB-dxHP_equip-spltHP-SEER-BA-rDXHP-NoLRM-15%UC-AOE,SFm&1&rDXHP&Ex&dxHP_equip,RB-dxHP_equip-spltHP-SEER-BA-rDXHP-NoLRM-15%UC-AOE,38.59,83.66,29680.79,64348.6,29680.79,3869.43,771.73,1557.5,457.71,10338.53,0.0,521.66,0.0,0.0,0.0,0.0,12164.23,0.0,0.0,3869.43,771.73,0.0,0.0,8268.27,2070.26,0.0,0.0,270.12,13431897.389448967
runs/CZ05/SFm&2&rDXGF&Ex&dxAC_equip/RB-dxAC_equip-spltAC-SEER-BA-rDXGF-NoLRM-15%UC-AOE/instance-out.sql,CZ05,SFm,2,rDXGF,Ex,dxAC_equip,,RB-dxAC_equip-spltAC-SEER-BA-rDXGF-NoLRM-15%UC-AOE,SFm&2&rDXGF&Ex&dxAC_equip,RB-dxAC_equip-spltAC-SEER-BA-rDXGF-NoLRM-15%UC-AOE,44.03,78.8,57067.45,102144.25,57067.44,22328.66,2657.62,1774.64,457.71,16701.91,0.0,1008.74,0.0,0.0,0.0,0.0,12138.16,0.0,0.0,0.0,2657.62,22328.66,0.0,13440.28,3261.63,0.0,0.0,540.12,25928386.55965792
runs/CZ05/SFm&2&rDXGF&Ex&dxAC_equip/RB-dxAC_equip-spltAC-SEER-BA-rDXGF-NoLRM-0%UC-NR/instance-out.sql,CZ05,SFm,2,rDXGF,Ex,dxAC_equip,,RB-dxAC_equip-spltAC-SEER-BA-rDXGF-NoLRM-0%UC-NR,SFm&2&rDXGF&Ex&dxAC_equip,RB-dxAC_equip-spltAC-SEER-BA-rDXGF-NoLRM-0%UC-NR,43.46,77.02,56336.61,99829.68,56336.600000000006,22328.66,1926.78,1774.64,457.71,16701.91,0.0,1008.74,0.0,0.0,0.0,0.0,12138.16,0.0,0.0,0.0,1926.78,22328.66,0.0,13440.28,3261.63,0.0,0.0,540.12,21946304.462803118
runs/CZ05/SFm&2&rDXGF&Ex&dxAC_equip/RB-dxAC_equip-spltAC-SEER-BA-rDXGF-NoLRM-22.5%UC-AOE/instance-out.sql,CZ05,SFm,2,rDXGF,Ex,dxAC_equip,,RB-dxAC_equip-spltAC-SEER-BA-rDXGF-NoLRM-22.5%UC-AOE,SFm&2&rDXGF&Ex&dxAC_equip,RB-dxAC_equip-spltAC-SEER-BA-rDXGF-NoLRM-22.5%UC-AOE,44.23,79.44,57328.48,102970.93,57328.47,22328.66,2918.65,1774.64,457.71,16701.91,0.0,1008.74,0.0,0.0,0.0,0.0,12138.16,0.0,0.0,0.0,2918.65,22328.66,0.0,13440.28,3261.63,0.0,0.0,540.12,27350633.7726814
runs/CZ05/SFm&1&rDXHP&Ex&dxHP_equip/RB-dxHP_equip-spltHP-SEER-BA-rDXHP-NoLRM-22.5%UC-AOE/instance-out.sql,CZ05,SFm,1,rDXHP,Ex,dxHP_equip,,RB-dxHP_equip-spltHP-SEER-BA-rDXHP-NoLRM-22.5%UC-AOE,SFm&1&rDXHP&Ex&dxHP_equip,RB-dxHP_equip-spltHP-SEER-BA-rDXHP-NoLRM-22.5%UC-AOE,38.39,83.02,29525.12,63855.59,29525.120000000003,3637.96,847.53,1557.5,457.71,10338.53,0.0,521.66,0.0,0.0,0.0,0.0,12164.23,0.0,0.0,3637.96,847.53,0.0,0.0,8268.27,2070.26,0.0,0.0,270.12,14056647.092302117
runs/CZ05/SFm&1&rDXHP&Ex&dxHP_equip/RB-dxHP_equip-spltHP-SEER-BA-rDXHP-NoLRM-30%UC-AOE/instance-out.sql,CZ05,SFm,1,rDXHP,Ex,dxHP_equip,,RB-dxHP_equip-spltHP-SEER-BA-rDXHP-NoLRM-30%UC-AOE,SFm&1&rDXHP&Ex&dxHP_equip,RB-dxHP_equip-spltHP-SEER-BA-rDXHP-NoLRM-30%UC-AOE,38.19,82.38,29369.45,63362.59,29369.45,3406.49,923.32,1557.5,457.71,10338.53,0.0,521.66,0.0,0.0,0.0,0.0,12164.23,0.0,0.0,3406.49,923.32,0.0,0.0,8268.27,2070.26,0.0,0.0,270.12,14681396.791000905
runs/CZ05/SFm&2&rDXGF&Ex&dxAC_equip/RB-dxAC_equip-spltAC-SEER-BA-rDXGF-LRM-LSC-AOE/instance-out.sql,CZ05,SFm,2,rDXGF,Ex,dxAC_equip,,RB-dxAC_equip-spltAC-SEER-BA-rDXGF-LRM-LSC-AOE,SFm&2&rDXGF&Ex&dxAC_equip,RB-dxAC_equip-spltAC-SEER-BA-rDXGF-LRM-LSC-AOE,43.48,77.07,56360.93,99906.71,56360.92,22328.66,1951.11,1774.64,457.71,16701.91,0.0,1008.74,0.0,0.0,0.0,0.0,12138.16,0.0,0.0,0.0,1951.11,22328.66,0.0,13440.28,3261.63,0.0,0.0,540.12,22078837.444276005
runs/CZ05/SFm&1&rDXHP&Ex&dxHP_equip/RB-dxHP_equip-spltHP-SEER-BA-rDXHP-NoLRM-40%UC-AOE/instance-out.sql,CZ05,SFm,1,rDXHP,Ex,dxHP_equip,,RB-dxHP_equip-spltHP-SEER-BA-rDXHP-NoLRM-40%UC-AOE,SFm&1&rDXHP&Ex&dxHP_equip,RB-dxHP_equip-spltHP-SEER-BA-rDXHP-NoLRM-40%UC-AOE,37.92,81.53,29161.89,62705.24,29161.89,3097.87,1024.39,1557.5,457.71,10338.53,0.0,521.66,0.0,0.0,0.0,0.0,12164.23,0.0,0.0,3097.87,1024.39,0.0,0.0,8268.27,2070.26,0.0,0.0,270.12,15514396.393999703
runs/CZ05/SFm&1&rDXHP&Ex&dxHP_equip/RB-dxHP_equip-spltHP-SEER-BA-rDXHP-NoLRM-7.5%UC-AOE/instance-out.sql,CZ05,SFm,1,rDXHP,Ex,dxHP_equip,,RB-dxHP_equip-spltHP-SEER-BA-rDXHP-NoLRM-7.5%UC-AOE,SFm&1&rDXHP&Ex&dxHP_equip,RB-dxHP_equip-spltHP-SEER-BA-rDXHP-NoLRM-7.5%UC-AOE,38.79,84.31,29836.46,64841.61,29836.46,4100.89,695.93,1557.5,457.71,10338.53,0.0,521.66,0.0,0.0,0.0,0.0,12164.23,0.0,0.0,4100.89,695.93,0.0,0.0,8268.27,2070.26,0.0,0.0,270.12,12807147.687036194
runs/CZ05/SFm&2&rDXGF&Ex&dxAC_equip/RB-dxAC_equip-spltAC-SEER-BA-rDXGF-LRM-LSC-NR/instance-out.sql,CZ05,SFm,2,rDXGF,Ex,dxAC_equip,,RB-dxAC_equip-spltAC-SEER-BA-rDXGF-LRM-LSC-NR,SFm&2&rDXGF&Ex&dxAC_equip,RB-dxAC_equip-spltAC-SEER-BA-rDXGF-LRM-LSC-NR,43.33,76.61,56170.18,99302.61,56170.17,22328.66,1760.35,1774.64,457.71,16701.91,0.0,1008.74,0.0,0.0,0.0,0.0,12138.16,0.0,0.0,0.0,1760.35,22328.66,0.0,13440.28,3261.63,0.0,0.0,540.12,21039509.30615317
runs/CZ05/SFm&2&rDXGF&Ex&dxAC_equip/RB-dxAC_equip-spltAC-SEER-BA-rDXGF-NoLRM-0%UC-AOE/instance-out.sql,CZ05,SFm,2,rDXGF,Ex,dxAC_equip,,RB-dxAC_equip-spltAC-SEER-BA-rDXGF-NoLRM-0%UC-AOE,SFm&2&rDXGF&Ex&dxAC_equip,RB-dxAC_equip-spltAC-SEER-BA-rDXGF-NoLRM-0%UC-AOE,43.62,77.53,56545.39,100490.9,56545.380000000005,22328.66,2135.57,1774.64,457.71,16701.91,0.0,1008.74,0.0,0.0,0.0,0.0,12138.16,0.0,0.0,0.0,2135.57,22328.66,0.0,13440.28,3261.63,0.0,0.0,540.12,23083892.140293136
runs/CZ05/SFm&2&rDXHP&Ex&dxHP_equip/RB-dxHP_equip-spltHP-SEER-BA-rDXHP-LRM-LSC-AOE/instance-out.sql,CZ05,SFm,2,rDXHP,Ex,dxHP_equip,,RB-dxHP_equip-spltHP-SEER-BA-rDXHP-LRM-LSC-AOE,SFm&2&rDXHP&Ex&dxHP_equip,RB-dxHP_equip-spltHP-SEER-BA-rDXHP-LRM-LSC-AOE,32.89,79.4,42627.09,102922.45,42627.090000000004,8285.22,1950.89,1774.64,457.71,16701.91,0.0,1318.66,0.0,0.0,0.0,0.0,12138.06,0.0,0.0,8285.22,1950.89,0.0,0.0,13440.28,3261.63,0.0,0.0,540.12,22078831.489657033
runs/CZ05/SFm&2&rDXGF&Ex&dxAC_equip/RB-dxAC_equip-spltAC-SEER-BA-rDXGF-NoLRM-7.5%UC-AOE/instance-out.sql,CZ05,SFm,2,rDXGF,Ex,dxAC_equip,,RB-dxAC_equip-spltAC-SEER-BA-rDXGF-NoLRM-7.5%UC-AOE,SFm&2&rDXGF&Ex&dxAC_equip,RB-dxAC_equip-spltAC-SEER-BA-rDXGF-NoLRM-7.5%UC-AOE,43.82,78.16,56806.42,101317.58,56806.41,22328.66,2396.59,1774.64,457.71,16701.91,0.0,1008.74,0.0,0.0,0.0,0.0,12138.16,0.0,0.0,0.0,2396.59,22328.66,0.0,13440.28,3261.63,0.0,0.0,540.12,24506139.347636964
runs/CZ05/SFm&2&rDXHP&Ex&dxHP_equip/RB-dxHP_equip-spltHP-SEER-BA-rDXHP-LRM-LSC-NR/instance-out.sql,CZ05,SFm,2,rDXHP,Ex,dxHP_equip,,RB-dxHP_equip-spltHP-SEER-BA-rDXHP-LRM-LSC-NR,SFm&2&rDXHP&Ex&dxHP_equip,RB-dxHP_equip-spltHP-SEER-BA-rDXHP-LRM-LSC-NR,31.46,74.88,40776.99,97063.18,40776.99,6625.85,1760.16,1774.64,457.71,16701.91,0.0,1318.66,0.0,0.0,0.0,0.0,12138.06,0.0,0.0,6625.85,1760.16,0.0,0.0,13440.28,3261.63,0.0,0.0,540.12,21039503.82480838
runs/CZ05/SFm&2&rDXHP&Ex&dxHP_equip/RB-dxHP_equip-spltHP-SEER-BA-rDXHP-NoLRM-0%UC-NC/instance-out.sql,CZ05,SFm,2,rDXHP,Ex,dxHP_equip,,RB-dxHP_equip-spltHP-SEER-BA-rDXHP-NoLRM-0%UC-NC,SFm&2&rDXHP&Ex&dxHP_equip,RB-dxHP_equip-spltHP-SEER-BA-rDXHP-NoLRM-0%UC-NC,31.39,74.67,40690.65,96789.74,40690.65,6373.1,1926.56,1774.64,457.71,16701.91,0.0,1318.66,0.0,0.0,0.0,0.0,12138.06,0.0,0.0,6373.1,1926.56,0.0,0.0,13440.28,3261.63,0.0,0.0,540.12,21946298.5685351
runs/CZ05/SFm&2&rDXGF&Ex&dxAC_equip/RB-dxAC_equip-spltAC-SEER-BA-rDXGF-NoLRM-40%UC-AOE/instance-out.sql,CZ05,SFm,2,rDXGF,Ex,dxAC_equip,,RB-dxAC_equip-spltAC-SEER-BA-rDXGF-NoLRM-40%UC-AOE,SFm&2&rDXGF&Ex&dxAC_equip,RB-dxAC_equip-spltAC-SEER-BA-rDXGF-NoLRM-40%UC-AOE,44.7,80.93,57937.54,104899.85,57937.54,22328.66,3527.72,1774.64,457.71,16701.91,0.0,1008.74,0.0,0.0,0.0,0.0,12138.16,0.0,0.0,0.0,3527.72,22328.66,0.0,13440.28,3261.63,0.0,0.0,540.12,30669210.591778576
runs/CZ05/SFm&2&rDXHP&Ex&dxHP_equip/RB-dxHP_equip-spltHP-SEER-BA-rDXHP-NoLRM-0%UC-NR/instance-out.sql,CZ05,SFm,2,rDXHP,Ex,dxHP_equip,,RB-dxHP_equip-spltHP-SEER-BA-rDXHP-NoLRM-0%UC-NR,SFm&2&rDXHP&Ex&dxHP_equip,RB-dxHP_equip-spltHP-SEER-BA-rDXHP-NoLRM-0%UC-NR,31.39,74.67,40690.65,96789.74,40690.65,6373.1,1926.56,1774.64,457.71,16701.91,0.0,1318.66,0.0,0.0,0.0,0.0,12138.06,0.0,0.0,6373.1,1926.56,0.0,0.0,13440.28,3261.63,0.0,0.0,540.12,21946298.5685351
runs/CZ05/SFm&2&rDXHP&Ex&dxHP_equip/RB-dxHP_equip-spltHP-SEER-BA-rDXHP-LRM-LSC-NC/instance-out.sql,CZ05,SFm,2,rDXHP,Ex,dxHP_equip,,RB-dxHP_equip-spltHP-SEER-BA-rDXHP-LRM-LSC-NC,SFm&2&rDXHP&Ex&dxHP_equip,RB-dxHP_equip-spltHP-SEER-BA-rDXHP-LRM-LSC-NC,31.46,74.88,40776.99,97063.18,40776.99,6625.85,1760.16,1774.64,457.71,16701.91,0.0,1318.66,0.0,0.0,0.0,0.0,12138.06,0.0,0.0,6625.85,1760.16,0.0,0.0,13440.28,3261.63,0.0,0.0,540.12,21039503.82480838
runs/CZ05/SFm&2&rDXGF&Ex&dxAC_equip/RB-dxAC_equip-spltAC-SEER-BA-rDXGF-NoLRM-30%UC-AOE/instance-out.sql,CZ05,SFm,2,rDXGF,Ex,dxAC_equip,,RB-dxAC_equip-spltAC-SEER-BA-rDXGF-NoLRM-30%UC-AOE,SFm&2&rDXGF&Ex&dxAC_equip,RB-dxAC_equip-spltAC-SEER-BA-rDXGF-NoLRM-30%UC-AOE,44.43,80.08,57589.5,103797.61,57589.5,22328.66,3179.68,1774.64,457.71,16701.91,0.0,1008.74,0.0,0.0,0.0,0.0,12138.16,0.0,0.0,0.0,3179.68,22328.66,0.0,13440.28,3261.63,0.0,0.0,540.12,28772880.976247434
runs/CZ05/SFm&2&rDXHP&Ex&dxHP_equip/RB-dxHP_equip-spltHP-SEER-BA-rDXHP-NoLRM-15%UC-AOE/instance-out.sql,CZ05,SFm,2,rDXHP,Ex,dxHP_equip,,RB-dxHP_equip-spltHP-SEER-BA-rDXHP-NoLRM-15%UC-AOE,SFm&2&rDXHP&Ex&dxHP_equip,RB-dxHP_equip-spltHP-SEER-BA-rDXHP-NoLRM-15%UC-AOE,32.74,78.93,42433.27,102308.61,42433.270000000004,7384.96,2657.32,1774.64,457.71,16701.91,0.0,1318.66,0.0,0.0,0.0,0.0,12138.06,0.0,0.0,7384.96,2657.32,0.0,0.0,13440.28,3261.63,0.0,0.0,540.12,25928378.8520871
runs/CZ06/SFm&1&rDXGF&Ex&dxAC_equip/RB-dxAC_equip-spltAC-SEER-BA-rDXGF-LRM-LSC-NR/instance-out.sql,CZ06,SFm,1,rDXGF,Ex,dxAC_equip,,RB-dxAC_equip-spltAC-SEER-BA-rDXGF-LRM-LSC-NR,SFm&1&rDXGF&Ex&dxAC_equip,RB-dxAC_equip-spltAC-SEER-BA-rDXGF-LRM-LSC-NR,40.83,75.3,31404.76,57918.3,31404.76,5921.44,878.51,1557.5,457.71,10338.53,0.0,300.11,0.0,0.0,0.0,0.0,11950.96,0.0,0.0,0.0,878.51,5921.44,0.0,8268.27,2070.26,0.0,0.0,270.12,11618004.93335197
runs/CZ05/SFm&2&rDXHP&Ex&dxHP_equip/RB-dxHP_equip-spltHP-SEER-BA-rDXHP-NoLRM-0%UC-AOE/instance-out.sql,CZ05,SFm,2,rDXHP,Ex,dxHP_equip,,RB-dxHP_equip-spltHP-SEER-BA-rDXHP-NoLRM-0%UC-AOE,SFm&2&rDXHP&Ex&dxHP_equip,RB-dxHP_equip-spltHP-SEER-BA-rDXHP-NoLRM-0%UC-AOE,32.78,79.07,42493.44,102499.17,42493.44,7967.13,2135.32,1774.64,457.71,16701.91,0.0,1318.66,0.0,0.0,0.0,0.0,12138.06,0.0,0.0,7967.13,2135.32,0.0,0.0,13440.28,3261.63,0.0,0.0,540.12,23083885.728006937
runs/CZ06/SFm&1&rDXGF&Ex&dxAC_equip/RB-dxAC_equip-spltAC-SEER-BA-rDXGF-LRM-LSC-AOE/instance-out.sql,CZ06,SFm,1,rDXGF,Ex,dxAC_equip,,RB-dxAC_equip-spltAC-SEER-BA-rDXGF-LRM-LSC-AOE,SFm&1&rDXGF&Ex&dxAC_equip,RB-dxAC_equip-spltAC-SEER-BA-rDXGF-LRM-LSC-AOE,40.96,75.7,31499.96,58219.79,31499.96,5921.44,973.71,1557.5,457.71,10338.53,0.0,300.11,0.0,0.0,0.0,0.0,11950.96,0.0,0.0,0.0,973.71,5921.44,0.0,8268.27,2070.26,0.0,0.0,270.12,12114055.698905742
runs/CZ05/SFm&2&rDXHP&Ex&dxHP_equip/RB-dxHP_equip-spltHP-SEER-BA-rDXHP-NoLRM-22.5%UC-AOE/instance-out.sql,CZ05,SFm,2,rDXHP,Ex,dxHP_equip,,RB-dxHP_equip-spltHP-SEER-BA-rDXHP-NoLRM-22.5%UC-AOE,SFm&2&rDXHP&Ex&dxHP_equip,RB-dxHP_equip-spltHP-SEER-BA-rDXHP-NoLRM-22.5%UC-AOE,32.59,78.47,42244.14,101709.64,42244.14,6934.83,2918.32,1774.64,457.71,16701.91,0.0,1318.66,0.0,0.0,0.0,0.0,12138.06,0.0,0.0,6934.83,2918.32,0.0,0.0,13440.28,3261.63,0.0,0.0,540.12,27350625.417468265
runs/CZ05/SFm&2&rDXHP&Ex&dxHP_equip/RB-dxHP_equip-spltHP-SEER-BA-rDXHP-NoLRM-30%UC-AOE/instance-out.sql,CZ05,SFm,2,rDXHP,Ex,dxHP_equip,,RB-dxHP_equip-spltHP-SEER-BA-rDXHP-NoLRM-30%UC-AOE,SFm&2&rDXHP&Ex&dxHP_equip,RB-dxHP_equip-spltHP-SEER-BA-rDXHP-NoLRM-30%UC-AOE,32.44,78.0,42055.01,101110.66,42055.01,6484.7,3179.32,1774.64,457.71,16701.91,0.0,1318.66,0.0,0.0,0.0,0.0,12138.06,0.0,0.0,6484.7,3179.32,0.0,0.0,13440.28,3261.63,0.0,0.0,540.12,28772871.973391995
runs/CZ05/SFm&2&rDXHP&Ex&dxHP_equip/RB-dxHP_equip-spltHP-SEER-BA-rDXHP-NoLRM-40%UC-AOE/instance-out.sql,CZ05,SFm,2,rDXHP,Ex,dxHP_equip,,RB-dxHP_equip-spltHP-SEER-BA-rDXHP-NoLRM-40%UC-AOE,SFm&2&rDXHP&Ex&dxHP_equip,RB-dxHP_equip-spltHP-SEER-BA-rDXHP-NoLRM-40%UC-AOE,32.25,77.39,41802.84,100312.03,41802.840000000004,5884.53,3527.32,1774.64,457.71,16701.91,0.0,1318.66,0.0,0.0,0.0,0.0,12138.06,0.0,0.0,5884.53,3527.32,0.0,0.0,13440.28,3261.63,0.0,0.0,540.12,30669200.72540005
runs/CZ06/SFm&1&rDXHP&Ex&dxHP_equip/RB-dxHP_equip-spltHP-SEER-BA-rDXHP-LRM-LSC-AOE/instance-out.sql,CZ06,SFm,1,rDXHP,Ex,dxHP_equip,,RB-dxHP_equip-spltHP-SEER-BA-rDXHP-LRM-LSC-AOE,SFm&1&rDXHP&Ex&dxHP_equip,RB-dxHP_equip-spltHP-SEER-BA-rDXHP-LRM-LSC-AOE,36.52,77.69,28088.38,59749.73,28088.379999999997,2435.52,973.72,1557.5,457.71,10338.53,0.0,374.46,0.0,0.0,0.0,0.0,11950.94,0.0,0.0,2435.52,973.72,0.0,0.0,8268.27,2070.26,0.0,0.0,270.12,12114059.03636425
runs/CZ05/SFm&2&rDXHP&Ex&dxHP_equip/RB-dxHP_equip-spltHP-SEER-BA-rDXHP-NoLRM-7.5%UC-AOE/instance-out.sql,CZ05,SFm,2,rDXHP,Ex,dxHP_equip,,RB-dxHP_equip-spltHP-SEER-BA-rDXHP-NoLRM-7.5%UC-AOE,SFm&2&rDXHP&Ex&dxHP_equip,RB-dxHP_equip-spltHP-SEER-BA-rDXHP-NoLRM-7.5%UC-AOE,32.88,79.39,42622.4,102907.59,42622.4,7835.09,2396.32,1774.64,457.71,16701.91,0.0,1318.66,0.0,0.0,0.0,0.0,12138.06,0.0,0.0,7835.09,2396.32,0.0,0.0,13440.28,3261.63,0.0,0.0,540.12,24506132.287708458
runs/CZ06/SFm&1&rDXGF&Ex&dxAC_equip/RB-dxAC_equip-spltAC-SEER-BA-rDXGF-NoLRM-7.5%UC-AOE/instance-out.sql,CZ06,SFm,1,rDXGF,Ex,dxAC_equip,,RB-dxAC_equip-spltAC-SEER-BA-rDXGF-NoLRM-7.5%UC-AOE,SFm&1&rDXGF&Ex&dxAC_equip,RB-dxAC_equip-spltAC-SEER-BA-rDXGF-NoLRM-7.5%UC-AOE,41.24,76.61,31722.28,58923.88,31722.28,5921.44,1196.03,1557.5,457.71,10338.53,0.0,300.11,0.0,0.0,0.0,0.0,11950.96,0.0,0.0,0.0,1196.03,5921.44,0.0,8268.27,2070.26,0.0,0.0,270.12,13272558.892677676
runs/CZ06/SFm&1&rDXHP&Ex&dxHP_equip/RB-dxHP_equip-spltHP-SEER-BA-rDXHP-NoLRM-0%UC-AOE/instance-out.sql,CZ06,SFm,1,rDXHP,Ex,dxHP_equip,,RB-dxHP_equip-spltHP-SEER-BA-rDXHP-NoLRM-0%UC-AOE,SFm&1&rDXHP&Ex&dxHP_equip,RB-dxHP_equip-spltHP-SEER-BA-rDXHP-NoLRM-0%UC-AOE,36.52,77.67,28085.29,59739.95,28085.29,2340.37,1065.78,1557.5,457.71,10338.53,0.0,374.46,0.0,0.0,0.0,0.0,11950.94,0.0,0.0,2340.37,1065.78,0.0,0.0,8268.27,2070.26,0.0,0.0,270.12,12593752.03619847
runs/CZ06/SFm&1&rDXGF&Ex&dxAC_equip/RB-dxAC_equip-spltAC-SEER-BA-rDXGF-NoLRM-0%UC-AOE/instance-out.sql,CZ06,SFm,1,rDXGF,Ex,dxAC_equip,,RB-dxAC_equip-spltAC-SEER-BA-rDXGF-NoLRM-0%UC-AOE,SFm&1&rDXGF&Ex&dxAC_equip,RB-dxAC_equip-spltAC-SEER-BA-rDXGF-NoLRM-0%UC-AOE,41.08,76.08,31592.01,58511.33,31592.01,5921.44,1065.76,1557.5,457.71,10338.53,0.0,300.11,0.0,0.0,0.0,0.0,11950.96,0.0,0.0,0.0,1065.76,5921.44,0.0,8268.27,2070.26,0.0,0.0,270.12,12593748.42836766
runs/CZ06/SFm&1&rDXHP&Ex&dxHP_equip/RB-dxHP_equip-spltHP-SEER-BA-rDXHP-LRM-LSC-NC/instance-out.sql,CZ06,SFm,1,rDXHP,Ex,dxHP_equip,,RB-dxHP_equip-spltHP-SEER-BA-rDXHP-LRM-LSC-NC,SFm&1&rDXHP&Ex&dxHP_equip,RB-dxHP_equip-spltHP-SEER-BA-rDXHP-LRM-LSC-NC,35.75,75.25,27496.84,57876.32,27496.839999999997,1939.17,878.52,1557.5,457.71,10338.53,0.0,374.46,0.0,0.0,0.0,0.0,11950.94,0.0,0.0,1939.17,878.52,0.0,0.0,8268.27,2070.26,0.0,0.0,270.12,11618007.991218187
runs/CZ06/SFm&1&rDXGF&Ex&dxAC_equip/RB-dxAC_equip-spltAC-SEER-BA-rDXGF-NoLRM-40%UC-AOE/instance-out.sql,CZ06,SFm,1,rDXGF,Ex,dxAC_equip,,RB-dxAC_equip-spltAC-SEER-BA-rDXGF-NoLRM-40%UC-AOE,SFm&1&rDXGF&Ex&dxAC_equip,RB-dxAC_equip-spltAC-SEER-BA-rDXGF-NoLRM-40%UC-AOE,41.98,78.94,32286.77,60711.62,32286.769999999997,5921.44,1760.52,1557.5,457.71,10338.53,0.0,300.11,0.0,0.0,0.0,0.0,11950.96,0.0,0.0,0.0,1760.52,5921.44,0.0,8268.27,2070.26,0.0,0.0,270.12,16214070.910567047
runs/CZ06/SFm&1&rDXGF&Ex&dxAC_equip/RB-dxAC_equip-spltAC-SEER-BA-rDXGF-NoLRM-22.5%UC-AOE/instance-out.sql,CZ06,SFm,1,rDXGF,Ex,dxAC_equip,,RB-dxAC_equip-spltAC-SEER-BA-rDXGF-NoLRM-22.5%UC-AOE,SFm&1&rDXGF&Ex&dxAC_equip,RB-dxAC_equip-spltAC-SEER-BA-rDXGF-NoLRM-22.5%UC-AOE,41.58,77.68,31982.82,59748.99,31982.82,5921.44,1456.56,1557.5,457.71,10338.53,0.0,300.11,0.0,0.0,0.0,0.0,11950.96,0.0,0.0,0.0,1456.56,5921.44,0.0,8268.27,2070.26,0.0,0.0,270.12,14630179.82624079
runs/CZ06/SFm&1&rDXGF&Ex&dxAC_equip/RB-dxAC_equip-spltAC-SEER-BA-rDXGF-NoLRM-30%UC-AOE/instance-out.sql,CZ06,SFm,1,rDXGF,Ex,dxAC_equip,,RB-dxAC_equip-spltAC-SEER-BA-rDXGF-NoLRM-30%UC-AOE,SFm&1&rDXGF&Ex&dxAC_equip,RB-dxAC_equip-spltAC-SEER-BA-rDXGF-NoLRM-30%UC-AOE,41.75,78.22,32113.08,60161.55,32113.079999999998,5921.44,1586.83,1557.5,457.71,10338.53,0.0,300.11,0.0,0.0,0.0,0.0,11950.96,0.0,0.0,0.0,1586.83,5921.44,0.0,8268.27,2070.26,0.0,0.0,270.12,15308990.288747737
runs/CZ06/SFm&1&rDXGF&Ex&dxAC_equip/RB-dxAC_equip-spltAC-SEER-BA-rDXGF-NoLRM-0%UC-NR/instance-out.sql,CZ06,SFm,1,rDXGF,Ex,dxAC_equip,,RB-dxAC_equip-spltAC-SEER-BA-rDXGF-NoLRM-0%UC-NR,SFm&1&rDXGF&Ex&dxAC_equip,RB-dxAC_equip-spltAC-SEER-BA-rDXGF-NoLRM-0%UC-NR,40.94,75.65,31487.82,58181.34,31487.82,5921.44,961.57,1557.5,457.71,10338.53,0.0,300.11,0.0,0.0,0.0,0.0,11950.96,0.0,0.0,0.0,961.57,5921.44,0.0,8268.27,2070.26,0.0,0.0,270.12,12050800.327950917
runs/CZ06/SFm&1&rDXHP&Ex&dxHP_equip/RB-dxHP_equip-spltHP-SEER-BA-rDXHP-NoLRM-0%UC-NC/instance-out.sql,CZ06,SFm,1,rDXHP,Ex,dxHP_equip,,RB-dxHP_equip-spltHP-SEER-BA-rDXHP-NoLRM-0%UC-NC,SFm&1&rDXHP&Ex&dxHP_equip,RB-dxHP_equip-spltHP-SEER-BA-rDXHP-NoLRM-0%UC-NC,35.76,75.28,27504.3,57899.93,27504.3,1863.57,961.58,1557.5,457.71,10338.53,0.0,374.46,0.0,0.0,0.0,0.0,11950.94,0.0,0.0,1863.57,961.58,0.0,0.0,8268.27,2070.26,0.0,0.0,270.12,12050803.629756391
runs/CZ06/SFm&1&rDXGF&Ex&dxAC_equip/RB-dxAC_equip-spltAC-SEER-BA-rDXGF-NoLRM-15%UC-AOE/instance-out.sql,CZ06,SFm,1,rDXGF,Ex,dxAC_equip,,RB-dxAC_equip-spltAC-SEER-BA-rDXGF-NoLRM-15%UC-AOE,SFm&1&rDXGF&Ex&dxAC_equip,RB-dxAC_equip-spltAC-SEER-BA-rDXGF-NoLRM-15%UC-AOE,41.41,77.15,31852.55,59336.44,31852.549999999996,5921.44,1326.29,1557.5,457.71,10338.53,0.0,300.11,0.0,0.0,0.0,0.0,11950.96,0.0,0.0,0.0,1326.29,5921.44,0.0,8268.27,2070.26,0.0,0.0,270.12,13951369.35921999
runs/CZ06/SFm&1&rDXHP&Ex&dxHP_equip/RB-dxHP_equip-spltHP-SEER-BA-rDXHP-NoLRM-15%UC-AOE/instance-out.sql,CZ06,SFm,1,rDXHP,Ex,dxHP_equip,,RB-dxHP_equip-spltHP-SEER-BA-rDXHP-NoLRM-15%UC-AOE,SFm&1&rDXHP&Ex&dxHP_equip,RB-dxHP_equip-spltHP-SEER-BA-rDXHP-NoLRM-15%UC-AOE,36.63,78.03,28171.7,60013.58,28171.699999999997,2166.23,1326.32,1557.5,457.71,10338.53,0.0,374.46,0.0,0.0,0.0,0.0,11950.94,0.0,0.0,2166.23,1326.32,0.0,0.0,8268.27,2070.26,0.0,0.0,270.12,13951373.73225543
runs/CZ06/SFm&1&rDXHP&Ex&dxHP_equip/RB-dxHP_equip-spltHP-SEER-BA-rDXHP-LRM-LSC-NR/instance-out.sql,CZ06,SFm,1,rDXHP,Ex,dxHP_equip,,RB-dxHP_equip-spltHP-SEER-BA-rDXHP-LRM-LSC-NR,SFm&1&rDXHP&Ex&dxHP_equip,RB-dxHP_equip-spltHP-SEER-BA-rDXHP-LRM-LSC-NR,35.75,75.25,27496.84,57876.32,27496.839999999997,1939.17,878.52,1557.5,457.71,10338.53,0.0,374.46,0.0,0.0,0.0,0.0,11950.94,0.0,0.0,1939.17,878.52,0.0,0.0,8268.27,2070.26,0.0,0.0,270.12,11618007.991218187
runs/CZ06/SFm&1&rDXHP&Ex&dxHP_equip/RB-dxHP_equip-spltHP-SEER-BA-rDXHP-NoLRM-0%UC-NR/instance-out.sql,CZ06,SFm,1,rDXHP,Ex,dxHP_equip,,RB-dxHP_equip-spltHP-SEER-BA-rDXHP-NoLRM-0%UC-NR,SFm&1&rDXHP&Ex&dxHP_equip,RB-dxHP_equip-spltHP-SEER-BA-rDXHP-NoLRM-0%UC-NR,35.76,75.28,27504.3,57899.93,27504.3,1863.57,961.58,1557.5,457.71,10338.53,0.0,374.46,0.0,0.0,0.0,0.0,11950.94,0.0,0.0,1863.57,961.58,0.0,0.0,8268.27,2070.26,0.0,0.0,270.12,12050803.629756391
runs/CZ06/SFm&2&rDXGF&Ex&dxAC_equip/RB-dxAC_equip-spltAC-SEER-BA-rDXGF-LRM-LSC-NR/instance-out.sql,CZ06,SFm,2,rDXGF,Ex,dxAC_equip,,RB-dxAC_equip-spltAC-SEER-BA-rDXGF-LRM-LSC-NR,SFm&2&rDXGF&Ex&dxAC_equip,RB-dxAC_equip-spltAC-SEER-BA-rDXGF-LRM-LSC-NR,35.53,68.62,46055.23,88952.33,46055.229999999996,12112.88,2289.85,1774.64,457.71,16701.91,0.0,774.17,0.0,0.0,0.0,0.0,11944.06,0.0,0.0,0.0,2289.85,12112.88,0.0,13440.28,3261.63,0.0,0.0,540.12,20704341.31817822
runs/CZ06/SFm&1&rDXHP&Ex&dxHP_equip/RB-dxHP_equip-spltHP-SEER-BA-rDXHP-NoLRM-7.5%UC-AOE/instance-out.sql,CZ06,SFm,1,rDXHP,Ex,dxHP_equip,,RB-dxHP_equip-spltHP-SEER-BA-rDXHP-NoLRM-7.5%UC-AOE,SFm&1&rDXHP&Ex&dxHP_equip,RB-dxHP_equip-spltHP-SEER-BA-rDXHP-NoLRM-7.5%UC-AOE,36.63,78.05,28176.07,60027.43,28176.07,2300.88,1196.05,1557.5,457.71,10338.53,0.0,374.46,0.0,0.0,0.0,0.0,11950.94,0.0,0.0,2300.88,1196.05,0.0,0.0,8268.27,2070.26,0.0,0.0,270.12,13272562.883110799
runs/CZ06/SFm&1&rDXHP&Ex&dxHP_equip/RB-dxHP_equip-spltHP-SEER-BA-rDXHP-NoLRM-22.5%UC-AOE/instance-out.sql,CZ06,SFm,1,rDXHP,Ex,dxHP_equip,,RB-dxHP_equip-spltHP-SEER-BA-rDXHP-NoLRM-22.5%UC-AOE,SFm&1&rDXHP&Ex&dxHP_equip,RB-dxHP_equip-spltHP-SEER-BA-rDXHP-NoLRM-22.5%UC-AOE,36.62,78.01,28167.32,59999.73,28167.32,2031.59,1456.58,1557.5,457.71,10338.53,0.0,374.46,0.0,0.0,0.0,0.0,11950.94,0.0,0.0,2031.59,1456.58,0.0,0.0,8268.27,2070.26,0.0,0.0,270.12,14630184.581878545
runs/CZ06/SFm&1&rDXHP&Ex&dxHP_equip/RB-dxHP_equip-spltHP-SEER-BA-rDXHP-NoLRM-30%UC-AOE/instance-out.sql,CZ06,SFm,1,rDXHP,Ex,dxHP_equip,,RB-dxHP_equip-spltHP-SEER-BA-rDXHP-NoLRM-30%UC-AOE,SFm&1&rDXHP&Ex&dxHP_equip,RB-dxHP_equip-spltHP-SEER-BA-rDXHP-NoLRM-30%UC-AOE,36.62,77.99,28162.95,59985.89,28162.949999999997,1896.95,1586.85,1557.5,457.71,10338.53,0.0,374.46,0.0,0.0,0.0,0.0,11950.94,0.0,0.0,1896.95,1586.85,0.0,0.0,8268.27,2070.26,0.0,0.0,270.12,15308995.426987806
runs/CZ06/SFm&2&rDXGF&Ex&dxAC_equip/RB-dxAC_equip-spltAC-SEER-BA-rDXGF-NoLRM-22.5%UC-AOE/instance-out.sql,CZ06,SFm,2,rDXGF,Ex,dxAC_equip,,RB-dxAC_equip-spltAC-SEER-BA-rDXGF-NoLRM-22.5%UC-AOE,SFm&2&rDXGF&Ex&dxAC_equip,RB-dxAC_equip-spltAC-SEER-BA-rDXGF-NoLRM-22.5%UC-AOE,36.69,72.31,47561.93,93724.05,47561.93,12112.88,3796.55,1774.64,457.71,16701.91,0.0,774.17,0.0,0.0,0.0,0.0,11944.06,0.0,0.0,0.0,3796.55,12112.88,0.0,13440.28,3261.63,0.0,0.0,540.12,26980021.84527109
runs/CZ06/SFm&1&rDXHP&Ex&dxHP_equip/RB-dxHP_equip-spltHP-SEER-BA-rDXHP-NoLRM-40%UC-AOE/instance-out.sql,CZ06,SFm,1,rDXHP,Ex,dxHP_equip,,RB-dxHP_equip-spltHP-SEER-BA-rDXHP-NoLRM-40%UC-AOE,SFm&1&rDXHP&Ex&dxHP_equip,RB-dxHP_equip-spltHP-SEER-BA-rDXHP-NoLRM-40%UC-AOE,36.61,77.97,28157.12,59967.42,28157.12,1717.43,1760.55,1557.5,457.71,10338.53,0.0,374.46,0.0,0.0,0.0,0.0,11950.94,0.0,0.0,1717.43,1760.55,0.0,0.0,8268.27,2070.26,0.0,0.0,270.12,16214076.558943534
runs/CZ06/SFm&2&rDXGF&Ex&dxAC_equip/RB-dxAC_equip-spltAC-SEER-BA-rDXGF-LRM-LSC-AOE/instance-out.sql,CZ06,SFm,2,rDXGF,Ex,dxAC_equip,,RB-dxAC_equip-spltAC-SEER-BA-rDXGF-LRM-LSC-AOE,SFm&2&rDXGF&Ex&dxAC_equip,RB-dxAC_equip-spltAC-SEER-BA-rDXGF-LRM-LSC-AOE,35.72,69.23,46303.35,89738.14,46303.35,12112.88,2537.98,1774.64,457.71,16701.91,0.0,774.17,0.0,0.0,0.0,0.0,11944.06,0.0,0.0,0.0,2537.98,12112.88,0.0,13440.28,3261.63,0.0,0.0,540.12,21737832.480057523
runs/CZ06/SFm&2&rDXGF&Ex&dxAC_equip/RB-dxAC_equip-spltAC-SEER-BA-rDXGF-NoLRM-7.5%UC-AOE/instance-out.sql,CZ06,SFm,2,rDXGF,Ex,dxAC_equip,,RB-dxAC_equip-spltAC-SEER-BA-rDXGF-NoLRM-7.5%UC-AOE,SFm&2&rDXGF&Ex&dxAC_equip,RB-dxAC_equip-spltAC-SEER-BA-rDXGF-NoLRM-7.5%UC-AOE,36.17,70.65,46882.84,91573.38,46882.84,12112.88,3117.47,1774.64,457.71,16701.91,0.0,774.17,0.0,0.0,0.0,0.0,11944.06,0.0,0.0,0.0,3117.47,12112.88,0.0,13440.28,3261.63,0.0,0.0,540.12,24151502.400384344
runs/CZ06/SFm&2&rDXGF&Ex&dxAC_equip/RB-dxAC_equip-spltAC-SEER-BA-rDXGF-NoLRM-40%UC-AOE/instance-out.sql,CZ06,SFm,2,rDXGF,Ex,dxAC_equip,,RB-dxAC_equip-spltAC-SEER-BA-rDXGF-NoLRM-40%UC-AOE,SFm&2&rDXGF&Ex&dxAC_equip,RB-dxAC_equip-spltAC-SEER-BA-rDXGF-NoLRM-40%UC-AOE,37.3,74.24,48354.2,96233.16,48354.2,12112.88,4588.82,1774.64,457.71,16701.91,0.0,774.17,0.0,0.0,0.0,0.0,11944.06,0.0,0.0,0.0,4588.82,12112.88,0.0,13440.28,3261.63,0.0,0.0,540.12,30279961.18757447
runs/CZ06/SFm&2&rDXGF&Ex&dxAC_equip/RB-dxAC_equip-spltAC-SEER-BA-rDXGF-NoLRM-0%UC-AOE/instance-out.sql,CZ06,SFm,2,rDXGF,Ex,dxAC_equip,,RB-dxAC_equip-spltAC-SEER-BA-rDXGF-NoLRM-0%UC-AOE,SFm&2&rDXGF&Ex&dxAC_equip,RB-dxAC_equip-spltAC-SEER-BA-rDXGF-NoLRM-0%UC-AOE,35.91,69.82,46543.3,90498.05,46543.3,12112.88,2777.92,1774.64,457.71,16701.91,0.0,774.17,0.0,0.0,0.0,0.0,11944.06,0.0,0.0,0.0,2777.92,12112.88,0.0,13440.28,3261.63,0.0,0.0,540.12,22737242.683090277
runs/CZ06/SFm&2&rDXHP&Ex&dxHP_equip/RB-dxHP_equip-spltHP-SEER-BA-rDXHP-NoLRM-15%UC-AOE/instance-out.sql,CZ06,SFm,2,rDXHP,Ex,dxHP_equip,,RB-dxHP_equip-spltHP-SEER-BA-rDXHP-NoLRM-15%UC-AOE,SFm&2&rDXHP&Ex&dxHP_equip,RB-dxHP_equip-spltHP-SEER-BA-rDXHP-NoLRM-15%UC-AOE,30.49,72.14,39526.21,93505.8,39526.21,4259.87,3456.95,1774.64,457.71,16701.91,0.0,930.93,0.0,0.0,0.0,0.0,11944.18,0.0,0.0,4259.87,3456.95,0.0,0.0,13440.28,3261.63,0.0,0.0,540.12,25565766.332785763
runs/CZ06/SFm&2&rDXGF&Ex&dxAC_equip/RB-dxAC_equip-spltAC-SEER-BA-rDXGF-NoLRM-0%UC-NR/instance-out.sql,CZ06,SFm,2,rDXGF,Ex,dxAC_equip,,RB-dxAC_equip-spltAC-SEER-BA-rDXGF-NoLRM-0%UC-NR,SFm&2&rDXGF&Ex&dxAC_equip,RB-dxAC_equip-spltAC-SEER-BA-rDXGF-NoLRM-0%UC-NR,35.7,69.15,46271.71,89637.94,46271.71,12112.88,2506.34,1774.64,457.71,16701.91,0.0,774.17,0.0,0.0,0.0,0.0,11944.06,0.0,0.0,0.0,2506.34,12112.88,0.0,13440.28,3261.63,0.0,0.0,540.12,21606043.817761585
runs/CZ06/SFm&2&rDXGF&Ex&dxAC_equip/RB-dxAC_equip-spltAC-SEER-BA-rDXGF-NoLRM-15%UC-AOE/instance-out.sql,CZ06,SFm,2,rDXGF,Ex,dxAC_equip,,RB-dxAC_equip-spltAC-SEER-BA-rDXGF-NoLRM-15%UC-AOE,SFm&2&rDXGF&Ex&dxAC_equip,RB-dxAC_equip-spltAC-SEER-BA-rDXGF-NoLRM-15%UC-AOE,36.43,71.48,47222.39,92648.71,47222.39,12112.88,3457.01,1774.64,457.71,16701.91,0.0,774.17,0.0,0.0,0.0,0.0,11944.06,0.0,0.0,0.0,3457.01,12112.88,0.0,13440.28,3261.63,0.0,0.0,540.12,25565762.122329272
runs/CZ06/SFm&2&rDXHP&Ex&dxHP_equip/RB-dxHP_equip-spltHP-SEER-BA-rDXHP-NoLRM-0%UC-AOE/instance-out.sql,CZ06,SFm,2,rDXHP,Ex,dxHP_equip,,RB-dxHP_equip-spltHP-SEER-BA-rDXHP-NoLRM-0%UC-AOE,SFm&2&rDXHP&Ex&dxHP_equip,RB-dxHP_equip-spltHP-SEER-BA-rDXHP-NoLRM-0%UC-AOE,30.23,71.32,39191.1,92444.51,39191.1,4603.84,2777.88,1774.64,457.71,16701.91,0.0,930.93,0.0,0.0,0.0,0.0,11944.18,0.0,0.0,4603.84,2777.88,0.0,0.0,13440.28,3261.63,0.0,0.0,540.12,22737246.17694131
runs/CZ06/SFm&2&rDXGF&Ex&dxAC_equip/RB-dxAC_equip-spltAC-SEER-BA-rDXGF-NoLRM-30%UC-AOE/instance-out.sql,CZ06,SFm,2,rDXGF,Ex,dxAC_equip,,RB-dxAC_equip-spltAC-SEER-BA-rDXGF-NoLRM-30%UC-AOE,SFm&2&rDXGF&Ex&dxAC_equip,RB-dxAC_equip-spltAC-SEER-BA-rDXGF-NoLRM-30%UC-AOE,36.95,73.13,47901.47,94799.38,47901.47,12112.88,4136.1,1774.64,457.71,16701.91,0.0,774.17,0.0,0.0,0.0,0.0,11944.06,0.0,0.0,0.0,4136.1,12112.88,0.0,13440.28,3261.63,0.0,0.0,540.12,28394281.55880858
runs/CZ06/SFm&2&rDXHP&Ex&dxHP_equip/RB-dxHP_equip-spltHP-SEER-BA-rDXHP-NoLRM-30%UC-AOE/instance-out.sql,CZ06,SFm,2,rDXHP,Ex,dxHP_equip,,RB-dxHP_equip-spltHP-SEER-BA-rDXHP-NoLRM-30%UC-AOE,SFm&2&rDXHP&Ex&dxHP_equip,RB-dxHP_equip-spltHP-SEER-BA-rDXHP-NoLRM-30%UC-AOE,30.61,72.5,39673.38,93971.9,39673.38,3727.97,4136.03,1774.64,457.71,16701.91,0.0,930.93,0.0,0.0,0.0,0.0,11944.18,0.0,0.0,3727.97,4136.03,0.0,0.0,13440.28,3261.63,0.0,0.0,540.12,28394286.485870533
runs/CZ06/SFm&2&rDXHP&Ex&dxHP_equip/RB-dxHP_equip-spltHP-SEER-BA-rDXHP-LRM-LSC-NC/instance-out.sql,CZ06,SFm,2,rDXHP,Ex,dxHP_equip,,RB-dxHP_equip-spltHP-SEER-BA-rDXHP-LRM-LSC-NC,SFm&2&rDXHP&Ex&dxHP_equip,RB-dxHP_equip-spltHP-SEER-BA-rDXHP-LRM-LSC-NC,29.25,68.19,37910.56,88389.05,37910.56,3811.36,2289.81,1774.64,457.71,16701.91,0.0,930.93,0.0,0.0,0.0,0.0,11944.18,0.0,0.0,3811.36,2289.81,0.0,0.0,13440.28,3261.63,0.0,0.0,540.12,20704344.296993647
runs/CZ06/SFm&2&rDXHP&Ex&dxHP_equip/RB-dxHP_equip-spltHP-SEER-BA-rDXHP-LRM-LSC-AOE/instance-out.sql,CZ06,SFm,2,rDXHP,Ex,dxHP_equip,,RB-dxHP_equip-spltHP-SEER-BA-rDXHP-LRM-LSC-AOE,SFm&2&rDXHP&Ex&dxHP_equip,RB-dxHP_equip-spltHP-SEER-BA-rDXHP-LRM-LSC-AOE,30.19,71.19,39139.1,92279.82,39139.1,4791.78,2537.94,1774.64,457.71,16701.91,0.0,930.93,0.0,0.0,0.0,0.0,11944.18,0.0,0.0,4791.78,2537.94,0.0,0.0,13440.28,3261.63,0.0,0.0,540.12,21737835.720707953
runs/CZ06/SFm&2&rDXHP&Ex&dxHP_equip/RB-dxHP_equip-spltHP-SEER-BA-rDXHP-NoLRM-0%UC-NC/instance-out.sql,CZ06,SFm,2,rDXHP,Ex,dxHP_equip,,RB-dxHP_equip-spltHP-SEER-BA-rDXHP-NoLRM-0%UC-NC,SFm&2&rDXHP&Ex&dxHP_equip,RB-dxHP_equip-spltHP-SEER-BA-rDXHP-NoLRM-0%UC-NC,29.3,68.35,37977.71,88601.71,37977.71,3662.03,2506.3,1774.64,457.71,16701.91,0.0,930.93,0.0,0.0,0.0,0.0,11944.18,0.0,0.0,3662.03,2506.3,0.0,0.0,13440.28,3261.63,0.0,0.0,540.12,21606047.025023356
runs/CZ06/SFm&2&rDXHP&Ex&dxHP_equip/RB-dxHP_equip-spltHP-SEER-BA-rDXHP-LRM-LSC-NR/instance-out.sql,CZ06,SFm,2,rDXHP,Ex,dxHP_equip,,RB-dxHP_equip-spltHP-SEER-BA-rDXHP-LRM-LSC-NR,SFm&2&rDXHP&Ex&dxHP_equip,RB-dxHP_equip-spltHP-SEER-BA-rDXHP-LRM-LSC-NR,29.25,68.19,37910.56,88389.05,37910.56,3811.36,2289.81,1774.64,457.71,16701.91,0.0,930.93,0.0,0.0,0.0,0.0,11944.18,0.0,0.0,3811.36,2289.81,0.0,0.0,13440.28,3261.63,0.0,0.0,540.12,20704344.296993647
runs/CZ06/SFm&2&rDXHP&Ex&dxHP_equip/RB-dxHP_equip-spltHP-SEER-BA-rDXHP-NoLRM-22.5%UC-AOE/instance-out.sql,CZ06,SFm,2,rDXHP,Ex,dxHP_equip,,RB-dxHP_equip-spltHP-SEER-BA-rDXHP-NoLRM-22.5%UC-AOE,SFm&2&rDXHP&Ex&dxHP_equip,RB-dxHP_equip-spltHP-SEER-BA-rDXHP-NoLRM-22.5%UC-AOE,30.55,72.32,39599.8,93738.85,39599.8,3993.92,3796.49,1774.64,457.71,16701.91,0.0,930.93,0.0,0.0,0.0,0.0,11944.18,0.0,0.0,3993.92,3796.49,0.0,0.0,13440.28,3261.63,0.0,0.0,540.12,26980026.414030313
runs/CZ06/SFm&2&rDXHP&Ex&dxHP_equip/RB-dxHP_equip-spltHP-SEER-BA-rDXHP-NoLRM-0%UC-NR/instance-out.sql,CZ06,SFm,2,rDXHP,Ex,dxHP_equip,,RB-dxHP_equip-spltHP-SEER-BA-rDXHP-NoLRM-0%UC-NR,SFm&2&rDXHP&Ex&dxHP_equip,RB-dxHP_equip-spltHP-SEER-BA-rDXHP-NoLRM-0%UC-NR,29.3,68.35,37977.71,88601.71,37977.71,3662.03,2506.3,1774.64,457.71,16701.91,0.0,930.93,0.0,0.0,0.0,0.0,11944.18,0.0,0.0,3662.03,2506.3,0.0,0.0,13440.28,3261.63,0.0,0.0,540.12,21606047.025023356
runs/CZ07/SFm&1&rDXGF&Ex&dxAC_equip/RB-dxAC_equip-spltAC-SEER-BA-rDXGF-LRM-LSC-AOE/instance-out.sql,CZ07,SFm,1,rDXGF,Ex,dxAC_equip,,RB-dxAC_equip-spltAC-SEER-BA-rDXGF-LRM-LSC-AOE,SFm&1&rDXGF&Ex&dxAC_equip,RB-dxAC_equip-spltAC-SEER-BA-rDXGF-LRM-LSC-AOE,39.65,73.55,30498.79,56571.61,30498.79,5215.03,752.75,1557.5,457.71,10338.53,0.0,250.81,0.0,0.0,0.0,0.0,11926.45,0.0,0.0,0.0,752.75,5215.03,0.0,8268.27,2070.26,0.0,0.0,270.12,12910090.797285138
runs/CZ06/SFm&2&rDXHP&Ex&dxHP_equip/RB-dxHP_equip-spltHP-SEER-BA-rDXHP-NoLRM-40%UC-AOE/instance-out.sql,CZ06,SFm,2,rDXHP,Ex,dxHP_equip,,RB-dxHP_equip-spltHP-SEER-BA-rDXHP-NoLRM-40%UC-AOE,SFm&2&rDXHP&Ex&dxHP_equip,RB-dxHP_equip-spltHP-SEER-BA-rDXHP-NoLRM-40%UC-AOE,30.68,72.74,39771.5,94282.62,39771.5,3373.36,4588.75,1774.64,457.71,16701.91,0.0,930.93,0.0,0.0,0.0,0.0,11944.18,0.0,0.0,3373.36,4588.75,0.0,0.0,13440.28,3261.63,0.0,0.0,540.12,30279966.5923734
runs/CZ07/SFm&1&rDXGF&Ex&dxAC_equip/RB-dxAC_equip-spltAC-SEER-BA-rDXGF-LRM-LSC-NR/instance-out.sql,CZ07,SFm,1,rDXGF,Ex,dxAC_equip,,RB-dxAC_equip-spltAC-SEER-BA-rDXGF-LRM-LSC-NR,SFm&1&rDXGF&Ex&dxAC_equip,RB-dxAC_equip-spltAC-SEER-BA-rDXGF-LRM-LSC-NR,39.56,73.25,30425.2,56338.54,30425.190000000002,5215.03,679.16,1557.5,457.71,10338.53,0.0,250.81,0.0,0.0,0.0,0.0,11926.45,0.0,0.0,0.0,679.16,5215.03,0.0,8268.27,2070.26,0.0,0.0,270.12,12350525.700893149
runs/CZ06/SFm&2&rDXHP&Ex&dxHP_equip/RB-dxHP_equip-spltHP-SEER-BA-rDXHP-NoLRM-7.5%UC-AOE/instance-out.sql,CZ06,SFm,2,rDXHP,Ex,dxHP_equip,,RB-dxHP_equip-spltHP-SEER-BA-rDXHP-NoLRM-7.5%UC-AOE,SFm&2&rDXHP&Ex&dxHP_equip,RB-dxHP_equip-spltHP-SEER-BA-rDXHP-NoLRM-7.5%UC-AOE,30.44,71.96,39452.62,93272.76,39452.62,4525.82,3117.42,1774.64,457.71,16701.91,0.0,930.93,0.0,0.0,0.0,0.0,11944.18,0.0,0.0,4525.82,3117.42,0.0,0.0,13440.28,3261.63,0.0,0.0,540.12,24151506.252538107
runs/CZ07/SFm&1&rDXGF&Ex&dxAC_equip/RB-dxAC_equip-spltAC-SEER-BA-rDXGF-NoLRM-15%UC-AOE/instance-out.sql,CZ07,SFm,1,rDXGF,Ex,dxAC_equip,,RB-dxAC_equip-spltAC-SEER-BA-rDXGF-NoLRM-15%UC-AOE,SFm&1&rDXGF&Ex&dxAC_equip,RB-dxAC_equip-spltAC-SEER-BA-rDXGF-NoLRM-15%UC-AOE,40.01,74.68,30771.37,57434.87,30771.37,5215.03,1025.34,1557.5,457.71,10338.53,0.0,250.81,0.0,0.0,0.0,0.0,11926.45,0.0,0.0,0.0,1025.34,5215.03,0.0,8268.27,2070.26,0.0,0.0,270.12,14982654.064652203
runs/CZ07/SFm&1&rDXGF&Ex&dxAC_equip/RB-dxAC_equip-spltAC-SEER-BA-rDXGF-NoLRM-0%UC-AOE/instance-out.sql,CZ07,SFm,1,rDXGF,Ex,dxAC_equip,,RB-dxAC_equip-spltAC-SEER-BA-rDXGF-NoLRM-0%UC-AOE,SFm&1&rDXGF&Ex&dxAC_equip,RB-dxAC_equip-spltAC-SEER-BA-rDXGF-NoLRM-0%UC-AOE,39.75,73.85,30569.96,56796.99,30569.95,5215.03,823.92,1557.5,457.71,10338.53,0.0,250.81,0.0,0.0,0.0,0.0,11926.45,0.0,0.0,0.0,823.92,5215.03,0.0,8268.27,2070.26,0.0,0.0,270.12,13451203.374946903
runs/CZ07/SFm&1&rDXGF&Ex&dxAC_equip/RB-dxAC_equip-spltAC-SEER-BA-rDXGF-NoLRM-40%UC-AOE/instance-out.sql,CZ07,SFm,1,rDXGF,Ex,dxAC_equip,,RB-dxAC_equip-spltAC-SEER-BA-rDXGF-NoLRM-40%UC-AOE,SFm&1&rDXGF&Ex&dxAC_equip,RB-dxAC_equip-spltAC-SEER-BA-rDXGF-NoLRM-40%UC-AOE,40.44,76.06,31107.06,58498.01,31107.06,5215.03,1361.03,1557.5,457.71,10338.53,0.0,250.81,0.0,0.0,0.0,0.0,11926.45,0.0,0.0,0.0,1361.03,5215.03,0.0,8268.27,2070.26,0.0,0.0,270.12,17535071.880744793
runs/CZ07/SFm&1&rDXGF&Ex&dxAC_equip/RB-dxAC_equip-spltAC-SEER-BA-rDXGF-NoLRM-7.5%UC-AOE/instance-out.sql,CZ07,SFm,1,rDXGF,Ex,dxAC_equip,,RB-dxAC_equip-spltAC-SEER-BA-rDXGF-NoLRM-7.5%UC-AOE,SFm&1&rDXGF&Ex&dxAC_equip,RB-dxAC_equip-spltAC-SEER-BA-rDXGF-NoLRM-7.5%UC-AOE,39.88,74.26,30670.66,57115.93,30670.66,5215.03,924.63,1557.5,457.71,10338.53,0.0,250.81,0.0,0.0,0.0,0.0,11926.45,0.0,0.0,0.0,924.63,5215.03,0.0,8268.27,2070.26,0.0,0.0,270.12,14216928.718540492
runs/CZ07/SFm&1&rDXHP&Ex&dxHP_equip/RB-dxHP_equip-spltHP-SEER-BA-rDXHP-LRM-LSC-NC/instance-out.sql,CZ07,SFm,1,rDXHP,Ex,dxHP_equip,,RB-dxHP_equip-spltHP-SEER-BA-rDXHP-LRM-LSC-NC,SFm&1&rDXHP&Ex&dxHP_equip,RB-dxHP_equip-spltHP-SEER-BA-rDXHP-LRM-LSC-NC,35.06,73.13,26966.17,56246.77,26966.17,1689.49,679.11,1557.5,457.71,10338.53,0.0,317.41,0.0,0.0,0.0,0.0,11926.43,0.0,0.0,1689.49,679.11,0.0,0.0,8268.27,2070.26,0.0,0.0,270.12,12350527.217490584
runs/CZ07/SFm&1&rDXGF&Ex&dxAC_equip/RB-dxAC_equip-spltAC-SEER-BA-rDXGF-NoLRM-0%UC-NR/instance-out.sql,CZ07,SFm,1,rDXGF,Ex,dxAC_equip,,RB-dxAC_equip-spltAC-SEER-BA-rDXGF-NoLRM-0%UC-NR,SFm&1&rDXGF&Ex&dxAC_equip,RB-dxAC_equip-spltAC-SEER-BA-rDXGF-NoLRM-0%UC-NR,39.64,73.51,30489.41,56541.89,30489.4,5215.03,743.37,1557.5,457.71,10338.53,0.0,250.81,0.0,0.0,0.0,0.0,11926.45,0.0,0.0,0.0,743.37,5215.03,0.0,8268.27,2070.26,0.0,0.0,270.12,12838736.209804293
runs/CZ07/SFm&1&rDXHP&Ex&dxHP_equip/RB-dxHP_equip-spltHP-SEER-BA-rDXHP-NoLRM-0%UC-NC/instance-out.sql,CZ07,SFm,1,rDXHP,Ex,dxHP_equip,,RB-dxHP_equip-spltHP-SEER-BA-rDXHP-NoLRM-0%UC-NC,SFm&1&rDXHP&Ex&dxHP_equip,RB-dxHP_equip-spltHP-SEER-BA-rDXHP-NoLRM-0%UC-NC,35.06,73.12,26964.47,56241.38,26964.47,1623.58,743.31,1557.5,457.71,10338.53,0.0,317.41,0.0,0.0,0.0,0.0,11926.43,0.0,0.0,1623.58,743.31,0.0,0.0,8268.27,2070.26,0.0,0.0,270.12,12838737.846256517
runs/CZ07/SFm&1&rDXHP&Ex&dxHP_equip/RB-dxHP_equip-spltHP-SEER-BA-rDXHP-NoLRM-15%UC-AOE/instance-out.sql,CZ07,SFm,1,rDXHP,Ex,dxHP_equip,,RB-dxHP_equip-spltHP-SEER-BA-rDXHP-NoLRM-15%UC-AOE,SFm&1&rDXHP&Ex&dxHP_equip,RB-dxHP_equip-spltHP-SEER-BA-rDXHP-NoLRM-15%UC-AOE,35.77,75.37,27510.27,57969.91,27510.27,1887.44,1025.25,1557.5,457.71,10338.53,0.0,317.41,0.0,0.0,0.0,0.0,11926.43,0.0,0.0,1887.44,1025.25,0.0,0.0,8268.27,2070.26,0.0,0.0,270.12,14982656.227432357
runs/CZ07/SFm&1&rDXGF&Ex&dxAC_equip/RB-dxAC_equip-spltAC-SEER-BA-rDXGF-NoLRM-30%UC-AOE/instance-out.sql,CZ07,SFm,1,rDXGF,Ex,dxAC_equip,,RB-dxAC_equip-spltAC-SEER-BA-rDXGF-NoLRM-30%UC-AOE,SFm&1&rDXGF&Ex&dxAC_equip,RB-dxAC_equip-spltAC-SEER-BA-rDXGF-NoLRM-30%UC-AOE,40.27,75.5,30972.79,58072.75,30972.780000000002,5215.03,1226.75,1557.5,457.71,10338.53,0.0,250.81,0.0,0.0,0.0,0.0,11926.45,0.0,0.0,0.0,1226.75,5215.03,0.0,8268.27,2070.26,0.0,0.0,270.12,16514104.75286332
runs/CZ07/SFm&1&rDXGF&Ex&dxAC_equip/RB-dxAC_equip-spltAC-SEER-BA-rDXGF-NoLRM-22.5%UC-AOE/instance-out.sql,CZ07,SFm,1,rDXGF,Ex,dxAC_equip,,RB-dxAC_equip-spltAC-SEER-BA-rDXGF-NoLRM-22.5%UC-AOE,SFm&1&rDXGF&Ex&dxAC_equip,RB-dxAC_equip-spltAC-SEER-BA-rDXGF-NoLRM-22.5%UC-AOE,40.14,75.09,30872.08,57753.81,30872.08,5215.03,1126.04,1557.5,457.71,10338.53,0.0,250.81,0.0,0.0,0.0,0.0,11926.45,0.0,0.0,0.0,1126.04,5215.03,0.0,8268.27,2070.26,0.0,0.0,270.12,15748379.411303662
runs/CZ07/SFm&1&rDXHP&Ex&dxHP_equip/RB-dxHP_equip-spltHP-SEER-BA-rDXHP-LRM-LSC-NR/instance-out.sql,CZ07,SFm,1,rDXHP,Ex,dxHP_equip,,RB-dxHP_equip-spltHP-SEER-BA-rDXHP-LRM-LSC-NR,SFm&1&rDXHP&Ex&dxHP_equip,RB-dxHP_equip-spltHP-SEER-BA-rDXHP-LRM-LSC-NR,35.06,73.13,26966.17,56246.77,26966.17,1689.49,679.11,1557.5,457.71,10338.53,0.0,317.41,0.0,0.0,0.0,0.0,11926.43,0.0,0.0,1689.49,679.11,0.0,0.0,8268.27,2070.26,0.0,0.0,270.12,12350527.217490584
runs/CZ07/SFm&1&rDXHP&Ex&dxHP_equip/RB-dxHP_equip-spltHP-SEER-BA-rDXHP-LRM-LSC-AOE/instance-out.sql,CZ07,SFm,1,rDXHP,Ex,dxHP_equip,,RB-dxHP_equip-spltHP-SEER-BA-rDXHP-LRM-LSC-AOE,SFm&1&rDXHP&Ex&dxHP_equip,RB-dxHP_equip-spltHP-SEER-BA-rDXHP-LRM-LSC-AOE,35.72,75.22,27472.46,57850.18,27472.46,2122.19,752.7,1557.5,457.71,10338.53,0.0,317.41,0.0,0.0,0.0,0.0,11926.43,0.0,0.0,2122.19,752.7,0.0,0.0,8268.27,2070.26,0.0,0.0,270.12,12910092.451254785
runs/CZ07/SFm&1&rDXHP&Ex&dxHP_equip/RB-dxHP_equip-spltHP-SEER-BA-rDXHP-NoLRM-0%UC-AOE/instance-out.sql,CZ07,SFm,1,rDXHP,Ex,dxHP_equip,,RB-dxHP_equip-spltHP-SEER-BA-rDXHP-NoLRM-0%UC-AOE,SFm&1&rDXHP&Ex&dxHP_equip,RB-dxHP_equip-spltHP-SEER-BA-rDXHP-NoLRM-0%UC-AOE,35.7,75.17,27460.68,57812.86,27460.68,2039.25,823.86,1557.5,457.71,10338.53,0.0,317.41,0.0,0.0,0.0,0.0,11926.43,0.0,0.0,2039.25,823.86,0.0,0.0,8268.27,2070.26,0.0,0.0,270.12,13451205.161758704
runs/CZ07/SFm&1&rDXHP&Ex&dxHP_equip/RB-dxHP_equip-spltHP-SEER-BA-rDXHP-NoLRM-0%UC-NR/instance-out.sql,CZ07,SFm,1,rDXHP,Ex,dxHP_equip,,RB-dxHP_equip-spltHP-SEER-BA-rDXHP-NoLRM-0%UC-NR,SFm&1&rDXHP&Ex&dxHP_equip,RB-dxHP_equip-spltHP-SEER-BA-rDXHP-NoLRM-0%UC-NR,35.06,73.12,26964.47,56241.38,26964.47,1623.58,743.31,1557.5,457.71,10338.53,0.0,317.41,0.0,0.0,0.0,0.0,11926.43,0.0,0.0,1623.58,743.31,0.0,0.0,8268.27,2070.26,0.0,0.0,270.12,12838737.846256517
runs/CZ07/SFm&2&rDXGF&Ex&dxAC_equip/RB-dxAC_equip-spltAC-SEER-BA-rDXGF-NoLRM-0%UC-AOE/instance-out.sql,CZ07,SFm,2,rDXGF,Ex,dxAC_equip,,RB-dxAC_equip-spltAC-SEER-BA-rDXGF-NoLRM-0%UC-AOE,SFm&2&rDXGF&Ex&dxAC_equip,RB-dxAC_equip-spltAC-SEER-BA-rDXGF-NoLRM-0%UC-AOE,33.81,65.85,43830.04,85354.2,43830.03999999999,10483.26,1908.51,1774.64,457.71,16701.91,0.0,586.13,0.0,0.0,0.0,0.0,11917.87,0.0,0.0,0.0,1908.51,10483.26,0.0,13440.28,3261.63,0.0,0.0,540.12,25289247.499942683
runs/CZ07/SFm&1&rDXHP&Ex&dxHP_equip/RB-dxHP_equip-spltHP-SEER-BA-rDXHP-NoLRM-22.5%UC-AOE/instance-out.sql,CZ07,SFm,1,rDXHP,Ex,dxHP_equip,,RB-dxHP_equip-spltHP-SEER-BA-rDXHP-NoLRM-22.5%UC-AOE,SFm&1&rDXHP&Ex&dxHP_equip,RB-dxHP_equip-spltHP-SEER-BA-rDXHP-NoLRM-22.5%UC-AOE,35.75,75.3,27493.59,57917.1,27493.59,1770.06,1125.95,1557.5,457.71,10338.53,0.0,317.41,0.0,0.0,0.0,0.0,11926.43,0.0,0.0,1770.06,1125.95,0.0,0.0,8268.27,2070.26,0.0,0.0,270.12,15748381.762067994
runs/CZ07/SFm&1&rDXHP&Ex&dxHP_equip/RB-dxHP_equip-spltHP-SEER-BA-rDXHP-NoLRM-40%UC-AOE/instance-out.sql,CZ07,SFm,1,rDXHP,Ex,dxHP_equip,,RB-dxHP_equip-spltHP-SEER-BA-rDXHP-NoLRM-40%UC-AOE,SFm&1&rDXHP&Ex&dxHP_equip,RB-dxHP_equip-spltHP-SEER-BA-rDXHP-NoLRM-40%UC-AOE,35.7,75.14,27454.68,57793.86,27454.68,1496.18,1360.92,1557.5,457.71,10338.53,0.0,317.41,0.0,0.0,0.0,0.0,11926.43,0.0,0.0,1496.18,1360.92,0.0,0.0,8268.27,2070.26,0.0,0.0,270.12,17535074.670138873
runs/CZ07/SFm&1&rDXHP&Ex&dxHP_equip/RB-dxHP_equip-spltHP-SEER-BA-rDXHP-NoLRM-7.5%UC-AOE/instance-out.sql,CZ07,SFm,1,rDXHP,Ex,dxHP_equip,,RB-dxHP_equip-spltHP-SEER-BA-rDXHP-NoLRM-7.5%UC-AOE,SFm&1&rDXHP&Ex&dxHP_equip,RB-dxHP_equip-spltHP-SEER-BA-rDXHP-NoLRM-7.5%UC-AOE,35.79,75.44,27526.95,58022.73,27526.95,2004.82,924.56,1557.5,457.71,10338.53,0.0,317.41,0.0,0.0,0.0,0.0,11926.43,0.0,0.0,2004.82,924.56,0.0,0.0,8268.27,2070.26,0.0,0.0,270.12,14216930.693336468
runs/CZ07/SFm&1&rDXHP&Ex&dxHP_equip/RB-dxHP_equip-spltHP-SEER-BA-rDXHP-NoLRM-30%UC-AOE/instance-out.sql,CZ07,SFm,1,rDXHP,Ex,dxHP_equip,,RB-dxHP_equip-spltHP-SEER-BA-rDXHP-NoLRM-30%UC-AOE,SFm&1&rDXHP&Ex&dxHP_equip,RB-dxHP_equip-spltHP-SEER-BA-rDXHP-NoLRM-30%UC-AOE,35.72,75.23,27476.91,57864.28,27476.91,1652.69,1226.65,1557.5,457.71,10338.53,0.0,317.41,0.0,0.0,0.0,0.0,11926.43,0.0,0.0,1652.69,1226.65,0.0,0.0,8268.27,2070.26,0.0,0.0,270.12,16514107.291611828
runs/CZ07/SFm&2&rDXGF&Ex&dxAC_equip/RB-dxAC_equip-spltAC-SEER-BA-rDXGF-NoLRM-0%UC-NR/instance-out.sql,CZ07,SFm,2,rDXGF,Ex,dxAC_equip,,RB-dxAC_equip-spltAC-SEER-BA-rDXGF-NoLRM-0%UC-NR,SFm&2&rDXGF&Ex&dxAC_equip,RB-dxAC_equip-spltAC-SEER-BA-rDXGF-NoLRM-0%UC-NR,33.67,65.39,43643.45,84763.28,43643.45,10483.26,1721.93,1774.64,457.71,16701.91,0.0,586.13,0.0,0.0,0.0,0.0,11917.87,0.0,0.0,0.0,1721.93,10483.26,0.0,13440.28,3261.63,0.0,0.0,540.12,23951049.529695697
runs/CZ07/SFm&2&rDXGF&Ex&dxAC_equip/RB-dxAC_equip-spltAC-SEER-BA-rDXGF-LRM-LSC-AOE/instance-out.sql,CZ07,SFm,2,rDXGF,Ex,dxAC_equip,,RB-dxAC_equip-spltAC-SEER-BA-rDXGF-LRM-LSC-AOE,SFm&2&rDXGF&Ex&dxAC_equip,RB-dxAC_equip-spltAC-SEER-BA-rDXGF-LRM-LSC-AOE,33.69,65.45,43665.19,84832.13,43665.19,10483.26,1743.66,1774.64,457.71,16701.91,0.0,586.13,0.0,0.0,0.0,0.0,11917.87,0.0,0.0,0.0,1743.66,10483.26,0.0,13440.28,3261.63,0.0,0.0,540.12,24106954.31866907
runs/CZ07/SFm&2&rDXGF&Ex&dxAC_equip/RB-dxAC_equip-spltAC-SEER-BA-rDXGF-NoLRM-30%UC-AOE/instance-out.sql,CZ07,SFm,2,rDXGF,Ex,dxAC_equip,,RB-dxAC_equip-spltAC-SEER-BA-rDXGF-NoLRM-30%UC-AOE,SFm&2&rDXGF&Ex&dxAC_equip,RB-dxAC_equip-spltAC-SEER-BA-rDXGF-NoLRM-30%UC-AOE,34.53,68.13,44763.14,88309.34,44763.14,10483.26,2841.62,1774.64,457.71,16701.91,0.0,586.13,0.0,0.0,0.0,0.0,11917.87,0.0,0.0,0.0,2841.62,10483.26,0.0,13440.28,3261.63,0.0,0.0,540.12,31981473.043233708
runs/CZ07/SFm&2&rDXGF&Ex&dxAC_equip/RB-dxAC_equip-spltAC-SEER-BA-rDXGF-LRM-LSC-NR/instance-out.sql,CZ07,SFm,2,rDXGF,Ex,dxAC_equip,,RB-dxAC_equip-spltAC-SEER-BA-rDXGF-LRM-LSC-NR,SFm&2&rDXGF&Ex&dxAC_equip,RB-dxAC_equip-spltAC-SEER-BA-rDXGF-LRM-LSC-NR,33.55,65.03,43494.72,84292.25,43494.72,10483.26,1573.19,1774.64,457.71,16701.91,0.0,586.13,0.0,0.0,0.0,0.0,11917.87,0.0,0.0,0.0,1573.19,10483.26,0.0,13440.28,3261.63,0.0,0.0,540.12,22884343.673021704
runs/CZ07/SFm&2&rDXGF&Ex&dxAC_equip/RB-dxAC_equip-spltAC-SEER-BA-rDXGF-NoLRM-7.5%UC-AOE/instance-out.sql,CZ07,SFm,2,rDXGF,Ex,dxAC_equip,,RB-dxAC_equip-spltAC-SEER-BA-rDXGF-NoLRM-7.5%UC-AOE,SFm&2&rDXGF&Ex&dxAC_equip,RB-dxAC_equip-spltAC-SEER-BA-rDXGF-NoLRM-7.5%UC-AOE,33.99,66.42,44063.31,86092.99,44063.31,10483.26,2141.79,1774.64,457.71,16701.91,0.0,586.13,0.0,0.0,0.0,0.0,11917.87,0.0,0.0,0.0,2141.79,10483.26,0.0,13440.28,3261.63,0.0,0.0,540.12,26962303.883830648
runs/CZ07/SFm&2&rDXHP&Ex&dxHP_equip/RB-dxHP_equip-spltHP-SEER-BA-rDXHP-LRM-LSC-NC/instance-out.sql,CZ07,SFm,2,rDXHP,Ex,dxHP_equip,,RB-dxHP_equip-spltHP-SEER-BA-rDXHP-LRM-LSC-NC,SFm&2&rDXHP&Ex&dxHP_equip,RB-dxHP_equip-spltHP-SEER-BA-rDXHP-LRM-LSC-NC,28.1,64.61,36428.99,83752.14,36428.99,3280.67,1573.06,1774.64,457.71,16701.91,0.0,723.32,0.0,0.0,0.0,0.0,11917.67,0.0,0.0,3280.67,1573.06,0.0,0.0,13440.28,3261.63,0.0,0.0,540.12,22884348.914933685
runs/CZ07/SFm&2&rDXHP&Ex&dxHP_equip/RB-dxHP_equip-spltHP-SEER-BA-rDXHP-LRM-LSC-AOE/instance-out.sql,CZ07,SFm,2,rDXHP,Ex,dxHP_equip,,RB-dxHP_equip-spltHP-SEER-BA-rDXHP-LRM-LSC-AOE,SFm&2&rDXHP&Ex&dxHP_equip,RB-dxHP_equip-spltHP-SEER-BA-rDXHP-LRM-LSC-AOE,28.89,67.09,37443.54,86965.2,37443.54,4124.76,1743.51,1774.64,457.71,16701.91,0.0,723.32,0.0,0.0,0.0,0.0,11917.67,0.0,0.0,4124.76,1743.51,0.0,0.0,13440.28,3261.63,0.0,0.0,540.12,24106960.02792407
runs/CZ07/SFm&2&rDXGF&Ex&dxAC_equip/RB-dxAC_equip-spltAC-SEER-BA-rDXGF-NoLRM-15%UC-AOE/instance-out.sql,CZ07,SFm,2,rDXGF,Ex,dxAC_equip,,RB-dxAC_equip-spltAC-SEER-BA-rDXGF-NoLRM-15%UC-AOE,SFm&2&rDXGF&Ex&dxAC_equip,RB-dxAC_equip-spltAC-SEER-BA-rDXGF-NoLRM-15%UC-AOE,34.17,66.99,44296.59,86831.77,44296.59,10483.26,2375.06,1774.64,457.71,16701.91,0.0,586.13,0.0,0.0,0.0,0.0,11917.87,0.0,0.0,0.0,2375.06,10483.26,0.0,13440.28,3261.63,0.0,0.0,540.12,28635360.273220535
runs/CZ07/SFm&2&rDXHP&Ex&dxHP_equip/RB-dxHP_equip-spltHP-SEER-BA-rDXHP-NoLRM-0%UC-AOE/instance-out.sql,CZ07,SFm,2,rDXHP,Ex,dxHP_equip,,RB-dxHP_equip-spltHP-SEER-BA-rDXHP-NoLRM-0%UC-AOE,SFm&2&rDXHP&Ex&dxHP_equip,RB-dxHP_equip-spltHP-SEER-BA-rDXHP-NoLRM-0%UC-AOE,28.89,67.1,37446.56,86974.79,37446.57,3962.96,1908.35,1774.64,457.71,16701.91,0.0,723.32,0.0,0.0,0.0,0.0,11917.67,0.0,0.0,3962.96,1908.35,0.0,0.0,13440.28,3261.63,0.0,0.0,540.12,25289253.661129344
runs/CZ07/SFm&2&rDXGF&Ex&dxAC_equip/RB-dxAC_equip-spltAC-SEER-BA-rDXGF-NoLRM-22.5%UC-AOE/instance-out.sql,CZ07,SFm,2,rDXGF,Ex,dxAC_equip,,RB-dxAC_equip-spltAC-SEER-BA-rDXGF-NoLRM-22.5%UC-AOE,SFm&2&rDXGF&Ex&dxAC_equip,RB-dxAC_equip-spltAC-SEER-BA-rDXGF-NoLRM-22.5%UC-AOE,34.35,67.56,44529.87,87570.56,44529.869999999995,10483.26,2608.34,1774.64,457.71,16701.91,0.0,586.13,0.0,0.0,0.0,0.0,11917.87,0.0,0.0,0.0,2608.34,10483.26,0.0,13440.28,3261.63,0.0,0.0,540.12,30308416.663789738
runs/CZ07/SFm&2&rDXGF&Ex&dxAC_equip/RB-dxAC_equip-spltAC-SEER-BA-rDXGF-NoLRM-40%UC-AOE/instance-out.sql,CZ07,SFm,2,rDXGF,Ex,dxAC_equip,,RB-dxAC_equip-spltAC-SEER-BA-rDXGF-NoLRM-40%UC-AOE,SFm&2&rDXGF&Ex&dxAC_equip,RB-dxAC_equip-spltAC-SEER-BA-rDXGF-NoLRM-40%UC-AOE,34.77,68.89,45074.18,89294.39,45074.17999999999,10483.26,3152.65,1774.64,457.71,16701.91,0.0,586.13,0.0,0.0,0.0,0.0,11917.87,0.0,0.0,0.0,3152.65,10483.26,0.0,13440.28,3261.63,0.0,0.0,540.12,34212214.895169154
runs/CZ07/SFm&2&rDXHP&Ex&dxHP_equip/RB-dxHP_equip-spltHP-SEER-BA-rDXHP-NoLRM-0%UC-NC/instance-out.sql,CZ07,SFm,2,rDXHP,Ex,dxHP_equip,,RB-dxHP_equip-spltHP-SEER-BA-rDXHP-NoLRM-0%UC-NC,SFm&2&rDXHP&Ex&dxHP_equip,RB-dxHP_equip-spltHP-SEER-BA-rDXHP-NoLRM-0%UC-NC,28.12,64.66,36449.14,83815.96,36449.149999999994,3152.11,1721.78,1774.64,457.71,16701.91,0.0,723.32,0.0,0.0,0.0,0.0,11917.67,0.0,0.0,3152.11,1721.78,0.0,0.0,13440.28,3261.63,0.0,0.0,540.12,23951055.179356076
runs/CZ07/SFm&2&rDXHP&Ex&dxHP_equip/RB-dxHP_equip-spltHP-SEER-BA-rDXHP-LRM-LSC-NR/instance-out.sql,CZ07,SFm,2,rDXHP,Ex,dxHP_equip,,RB-dxHP_equip-spltHP-SEER-BA-rDXHP-LRM-LSC-NR,SFm&2&rDXHP&Ex&dxHP_equip,RB-dxHP_equip-spltHP-SEER-BA-rDXHP-LRM-LSC-NR,28.1,64.61,36428.99,83752.14,36428.99,3280.67,1573.06,1774.64,457.71,16701.91,0.0,723.32,0.0,0.0,0.0,0.0,11917.67,0.0,0.0,3280.67,1573.06,0.0,0.0,13440.28,3261.63,0.0,0.0,540.12,22884348.914933685
runs/CZ07/SFm&2&rDXHP&Ex&dxHP_equip/RB-dxHP_equip-spltHP-SEER-BA-rDXHP-NoLRM-0%UC-NR/instance-out.sql,CZ07,SFm,2,rDXHP,Ex,dxHP_equip,,RB-dxHP_equip-spltHP-SEER-BA-rDXHP-NoLRM-0%UC-NR,SFm&2&rDXHP&Ex&dxHP_equip,RB-dxHP_equip-spltHP-SEER-BA-rDXHP-NoLRM-0%UC-NR,28.12,64.66,36449.14,83815.96,36449.149999999994,3152.11,1721.78,1774.64,457.71,16701.91,0.0,723.32,0.0,0.0,0.0,0.0,11917.67,0.0,0.0,3152.11,1721.78,0.0,0.0,13440.28,3261.63,0.0,0.0,540.12,23951055.179356076
runs/CZ08/SFm&1&rDXGF&Ex&dxAC_equip/RB-dxAC_equip-spltAC-SEER-BA-rDXGF-LRM-LSC-AOE/instance-out.sql,CZ08,SFm,1,rDXGF,Ex,dxAC_equip,,RB-dxAC_equip-spltAC-SEER-BA-rDXGF-LRM-LSC-AOE,SFm&1&rDXGF&Ex&dxAC_equip,RB-dxAC_equip-spltAC-SEER-BA-rDXGF-LRM-LSC-AOE,42.2,80.79,32453.66,62136.32,32453.66,5586.71,2064.08,1557.5,457.71,10338.53,0.0,593.66,0.0,0.0,0.0,0.0,11855.47,0.0,0.0,0.0,2064.08,5586.71,0.0,8268.27,2070.26,0.0,0.0,270.12,22514795.64428453
runs/CZ07/SFm&2&rDXHP&Ex&dxHP_equip/RB-dxHP_equip-spltHP-SEER-BA-rDXHP-NoLRM-22.5%UC-AOE/instance-out.sql,CZ07,SFm,2,rDXHP,Ex,dxHP_equip,,RB-dxHP_equip-spltHP-SEER-BA-rDXHP-NoLRM-22.5%UC-AOE,SFm&2&rDXHP&Ex&dxHP_equip,RB-dxHP_equip-spltHP-SEER-BA-rDXHP-NoLRM-22.5%UC-AOE,29.02,67.53,37621.22,87527.93,37621.22,3437.85,2608.11,1774.64,457.71,16701.91,0.0,723.32,0.0,0.0,0.0,0.0,11917.67,0.0,0.0,3437.85,2608.11,0.0,0.0,13440.28,3261.63,0.0,0.0,540.12,30308424.74355424
runs/CZ07/SFm&2&rDXHP&Ex&dxHP_equip/RB-dxHP_equip-spltHP-SEER-BA-rDXHP-NoLRM-40%UC-AOE/instance-out.sql,CZ07,SFm,2,rDXHP,Ex,dxHP_equip,,RB-dxHP_equip-spltHP-SEER-BA-rDXHP-NoLRM-40%UC-AOE,SFm&2&rDXHP&Ex&dxHP_equip,RB-dxHP_equip-spltHP-SEER-BA-rDXHP-NoLRM-40%UC-AOE,29.03,67.55,37631.22,87559.59,37631.22,2903.58,3152.38,1774.64,457.71,16701.91,0.0,723.32,0.0,0.0,0.0,0.0,11917.67,0.0,0.0,2903.58,3152.38,0.0,0.0,13440.28,3261.63,0.0,0.0,540.12,34212224.46716085
runs/CZ08/SFm&1&rDXGF&Ex&dxAC_equip/RB-dxAC_equip-spltAC-SEER-BA-rDXGF-NoLRM-40%UC-AOE/instance-out.sql,CZ08,SFm,1,rDXGF,Ex,dxAC_equip,,RB-dxAC_equip-spltAC-SEER-BA-rDXGF-NoLRM-40%UC-AOE,SFm&1&rDXGF&Ex&dxAC_equip,RB-dxAC_equip-spltAC-SEER-BA-rDXGF-NoLRM-40%UC-AOE,44.36,87.66,34121.56,67418.57,34121.56,5586.71,3731.98,1557.5,457.71,10338.53,0.0,593.66,0.0,0.0,0.0,0.0,11855.47,0.0,0.0,0.0,3731.98,5586.71,0.0,8268.27,2070.26,0.0,0.0,270.12,33615451.245003924
runs/CZ08/SFm&1&rDXGF&Ex&dxAC_equip/RB-dxAC_equip-spltAC-SEER-BA-rDXGF-NoLRM-22.5%UC-AOE/instance-out.sql,CZ08,SFm,1,rDXGF,Ex,dxAC_equip,,RB-dxAC_equip-spltAC-SEER-BA-rDXGF-NoLRM-22.5%UC-AOE,SFm&1&rDXGF&Ex&dxAC_equip,RB-dxAC_equip-spltAC-SEER-BA-rDXGF-NoLRM-22.5%UC-AOE,43.53,85.0,33477.23,65377.97,33477.229999999996,5586.71,3087.65,1557.5,457.71,10338.53,0.0,593.66,0.0,0.0,0.0,0.0,11855.47,0.0,0.0,0.0,3087.65,5586.71,0.0,8268.27,2070.26,0.0,0.0,270.12,29327118.512445223
runs/CZ07/SFm&2&rDXHP&Ex&dxHP_equip/RB-dxHP_equip-spltHP-SEER-BA-rDXHP-NoLRM-15%UC-AOE/instance-out.sql,CZ07,SFm,2,rDXHP,Ex,dxHP_equip,,RB-dxHP_equip-spltHP-SEER-BA-rDXHP-NoLRM-15%UC-AOE,SFm&2&rDXHP&Ex&dxHP_equip,RB-dxHP_equip-spltHP-SEER-BA-rDXHP-NoLRM-15%UC-AOE,29.02,67.51,37616.94,87514.37,37616.94,3666.82,2374.86,1774.64,457.71,16701.91,0.0,723.32,0.0,0.0,0.0,0.0,11917.67,0.0,0.0,3666.82,2374.86,0.0,0.0,13440.28,3261.63,0.0,0.0,540.12,28635367.71345909
runs/CZ07/SFm&2&rDXHP&Ex&dxHP_equip/RB-dxHP_equip-spltHP-SEER-BA-rDXHP-NoLRM-30%UC-AOE/instance-out.sql,CZ07,SFm,2,rDXHP,Ex,dxHP_equip,,RB-dxHP_equip-spltHP-SEER-BA-rDXHP-NoLRM-30%UC-AOE,SFm&2&rDXHP&Ex&dxHP_equip,RB-dxHP_equip-spltHP-SEER-BA-rDXHP-NoLRM-30%UC-AOE,29.03,67.54,37625.51,87541.5,37625.509999999995,3208.88,2841.37,1774.64,457.71,16701.91,0.0,723.32,0.0,0.0,0.0,0.0,11917.67,0.0,0.0,3208.88,2841.37,0.0,0.0,13440.28,3261.63,0.0,0.0,540.12,31981481.762524147
runs/CZ07/SFm&2&rDXHP&Ex&dxHP_equip/RB-dxHP_equip-spltHP-SEER-BA-rDXHP-NoLRM-7.5%UC-AOE/instance-out.sql,CZ07,SFm,2,rDXHP,Ex,dxHP_equip,,RB-dxHP_equip-spltHP-SEER-BA-rDXHP-NoLRM-7.5%UC-AOE,SFm&2&rDXHP&Ex&dxHP_equip,RB-dxHP_equip-spltHP-SEER-BA-rDXHP-NoLRM-7.5%UC-AOE,29.02,67.5,37612.66,87500.8,37612.66,3895.79,2141.6,1774.64,457.71,16701.91,0.0,723.32,0.0,0.0,0.0,0.0,11917.67,0.0,0.0,3895.79,2141.6,0.0,0.0,13440.28,3261.63,0.0,0.0,540.12,26962310.684543256
runs/CZ08/SFm&1&rDXHP&Ex&dxHP_equip/RB-dxHP_equip-spltHP-SEER-BA-rDXHP-LRM-LSC-AOE/instance-out.sql,CZ08,SFm,1,rDXHP,Ex,dxHP_equip,,RB-dxHP_equip-spltHP-SEER-BA-rDXHP-LRM-LSC-AOE,SFm&1&rDXHP&Ex&dxHP_equip,RB-dxHP_equip-spltHP-SEER-BA-rDXHP-LRM-LSC-AOE,37.71,81.71,29003.67,62847.57,29003.67,2055.6,2064.24,1557.5,457.71,10338.53,0.0,674.73,0.0,0.0,0.0,0.0,11855.36,0.0,0.0,2055.6,2064.24,0.0,0.0,8268.27,2070.26,0.0,0.0,270.12,22514797.15872018
runs/CZ08/SFm&1&rDXGF&Ex&dxAC_equip/RB-dxAC_equip-spltAC-SEER-BA-rDXGF-NoLRM-0%UC-AOE/instance-out.sql,CZ08,SFm,1,rDXGF,Ex,dxAC_equip,,RB-dxAC_equip-spltAC-SEER-BA-rDXGF-NoLRM-0%UC-AOE,SFm&1&rDXGF&Ex&dxAC_equip,RB-dxAC_equip-spltAC-SEER-BA-rDXGF-NoLRM-0%UC-AOE,42.45,81.59,32648.8,62754.34,32648.8,5586.71,2259.22,1557.5,457.71,10338.53,0.0,593.66,0.0,0.0,0.0,0.0,11855.47,0.0,0.0,0.0,2259.22,5586.71,0.0,8268.27,2070.26,0.0,0.0,270.12,23813547.84617409
runs/CZ08/SFm&1&rDXGF&Ex&dxAC_equip/RB-dxAC_equip-spltAC-SEER-BA-rDXGF-NoLRM-0%UC-NR/instance-out.sql,CZ08,SFm,1,rDXGF,Ex,dxAC_equip,,RB-dxAC_equip-spltAC-SEER-BA-rDXGF-NoLRM-0%UC-NR,SFm&1&rDXGF&Ex&dxAC_equip,RB-dxAC_equip-spltAC-SEER-BA-rDXGF-NoLRM-0%UC-NR,42.16,80.68,32427.92,62054.83,32427.929999999997,5586.71,2038.35,1557.5,457.71,10338.53,0.0,593.66,0.0,0.0,0.0,0.0,11855.47,0.0,0.0,0.0,2038.35,5586.71,0.0,8268.27,2070.26,0.0,0.0,270.12,22343533.81923859
runs/CZ08/SFm&1&rDXGF&Ex&dxAC_equip/RB-dxAC_equip-spltAC-SEER-BA-rDXGF-LRM-LSC-NR/instance-out.sql,CZ08,SFm,1,rDXGF,Ex,dxAC_equip,,RB-dxAC_equip-spltAC-SEER-BA-rDXGF-LRM-LSC-NR,SFm&1&rDXGF&Ex&dxAC_equip,RB-dxAC_equip-spltAC-SEER-BA-rDXGF-LRM-LSC-NR,41.93,79.96,32251.86,61497.24,32251.859999999997,5586.71,1862.28,1557.5,457.71,10338.53,0.0,593.66,0.0,0.0,0.0,0.0,11855.47,0.0,0.0,0.0,1862.28,5586.71,0.0,8268.27,2070.26,0.0,0.0,270.12,21171754.600625955
runs/CZ08/SFm&1&rDXGF&Ex&dxAC_equip/RB-dxAC_equip-spltAC-SEER-BA-rDXGF-NoLRM-15%UC-AOE/instance-out.sql,CZ08,SFm,1,rDXGF,Ex,dxAC_equip,,RB-dxAC_equip-spltAC-SEER-BA-rDXGF-NoLRM-15%UC-AOE,SFm&1&rDXGF&Ex&dxAC_equip,RB-dxAC_equip-spltAC-SEER-BA-rDXGF-NoLRM-15%UC-AOE,43.17,83.87,33201.08,64503.42,33201.09,5586.71,2811.5,1557.5,457.71,10338.53,0.0,593.66,0.0,0.0,0.0,0.0,11855.47,0.0,0.0,0.0,2811.5,5586.71,0.0,8268.27,2070.26,0.0,0.0,270.12,27489261.620809898
runs/CZ08/SFm&1&rDXHP&Ex&dxHP_equip/RB-dxHP_equip-spltHP-SEER-BA-rDXHP-LRM-LSC-NC/instance-out.sql,CZ08,SFm,1,rDXHP,Ex,dxHP_equip,,RB-dxHP_equip-spltHP-SEER-BA-rDXHP-LRM-LSC-NC,SFm&1&rDXHP&Ex&dxHP_equip,RB-dxHP_equip-spltHP-SEER-BA-rDXHP-LRM-LSC-NC,36.91,79.19,28391.82,60909.83,28391.82,1645.56,1862.43,1557.5,457.71,10338.53,0.0,674.73,0.0,0.0,0.0,0.0,11855.36,0.0,0.0,1645.56,1862.43,0.0,0.0,8268.27,2070.26,0.0,0.0,270.12,21171755.989574954
runs/CZ08/SFm&1&rDXGF&Ex&dxAC_equip/RB-dxAC_equip-spltAC-SEER-BA-rDXGF-NoLRM-30%UC-AOE/instance-out.sql,CZ08,SFm,1,rDXGF,Ex,dxAC_equip,,RB-dxAC_equip-spltAC-SEER-BA-rDXGF-NoLRM-30%UC-AOE,SFm&1&rDXGF&Ex&dxAC_equip,RB-dxAC_equip-spltAC-SEER-BA-rDXGF-NoLRM-30%UC-AOE,43.89,86.14,33753.37,66252.51,33753.369999999995,5586.71,3363.79,1557.5,457.71,10338.53,0.0,593.66,0.0,0.0,0.0,0.0,11855.47,0.0,0.0,0.0,3363.79,5586.71,0.0,8268.27,2070.26,0.0,0.0,270.12,31164975.391859442
runs/CZ08/SFm&1&rDXHP&Ex&dxHP_equip/RB-dxHP_equip-spltHP-SEER-BA-rDXHP-LRM-LSC-NR/instance-out.sql,CZ08,SFm,1,rDXHP,Ex,dxHP_equip,,RB-dxHP_equip-spltHP-SEER-BA-rDXHP-LRM-LSC-NR,SFm&1&rDXHP&Ex&dxHP_equip,RB-dxHP_equip-spltHP-SEER-BA-rDXHP-LRM-LSC-NR,36.91,79.19,28391.82,60909.83,28391.82,1645.56,1862.43,1557.5,457.71,10338.53,0.0,674.73,0.0,0.0,0.0,0.0,11855.36,0.0,0.0,1645.56,1862.43,0.0,0.0,8268.27,2070.26,0.0,0.0,270.12,21171755.989574954
runs/CZ08/SFm&1&rDXHP&Ex&dxHP_equip/RB-dxHP_equip-spltHP-SEER-BA-rDXHP-NoLRM-0%UC-NC/instance-out.sql,CZ08,SFm,1,rDXHP,Ex,dxHP_equip,,RB-dxHP_equip-spltHP-SEER-BA-rDXHP-NoLRM-0%UC-NC,SFm&1&rDXHP&Ex&dxHP_equip,RB-dxHP_equip-spltHP-SEER-BA-rDXHP-NoLRM-0%UC-NC,37.06,79.66,28505.44,61269.67,28505.440000000002,1583.1,2038.51,1557.5,457.71,10338.53,0.0,674.73,0.0,0.0,0.0,0.0,11855.36,0.0,0.0,1583.1,2038.51,0.0,0.0,8268.27,2070.26,0.0,0.0,270.12,22343535.31767244
runs/CZ08/SFm&1&rDXGF&Ex&dxAC_equip/RB-dxAC_equip-spltAC-SEER-BA-rDXGF-NoLRM-7.5%UC-AOE/instance-out.sql,CZ08,SFm,1,rDXGF,Ex,dxAC_equip,,RB-dxAC_equip-spltAC-SEER-BA-rDXGF-NoLRM-7.5%UC-AOE,SFm&1&rDXGF&Ex&dxAC_equip,RB-dxAC_equip-spltAC-SEER-BA-rDXGF-NoLRM-7.5%UC-AOE,42.81,82.73,32924.94,63628.88,32924.94,5586.71,2535.36,1557.5,457.71,10338.53,0.0,593.66,0.0,0.0,0.0,0.0,11855.47,0.0,0.0,0.0,2535.36,5586.71,0.0,8268.27,2070.26,0.0,0.0,270.12,25651404.730470058
runs/CZ08/SFm&1&rDXHP&Ex&dxHP_equip/RB-dxHP_equip-spltHP-SEER-BA-rDXHP-NoLRM-0%UC-AOE/instance-out.sql,CZ08,SFm,1,rDXHP,Ex,dxHP_equip,,RB-dxHP_equip-spltHP-SEER-BA-rDXHP-NoLRM-0%UC-AOE,SFm&1&rDXHP&Ex&dxHP_equip,RB-dxHP_equip-spltHP-SEER-BA-rDXHP-NoLRM-0%UC-AOE,37.86,82.19,29120.23,63216.69,29120.230000000003,1977.0,2259.4,1557.5,457.71,10338.53,0.0,674.73,0.0,0.0,0.0,0.0,11855.36,0.0,0.0,1977.0,2259.4,0.0,0.0,8268.27,2070.26,0.0,0.0,270.12,23813549.481958278
runs/CZ08/SFm&1&rDXHP&Ex&dxHP_equip/RB-dxHP_equip-spltHP-SEER-BA-rDXHP-NoLRM-22.5%UC-AOE/instance-out.sql,CZ08,SFm,1,rDXHP,Ex,dxHP_equip,,RB-dxHP_equip-spltHP-SEER-BA-rDXHP-NoLRM-22.5%UC-AOE,SFm&1&rDXHP&Ex&dxHP_equip,RB-dxHP_equip-spltHP-SEER-BA-rDXHP-NoLRM-22.5%UC-AOE,38.61,84.55,29693.64,65032.67,29693.63,1721.91,3087.89,1557.5,457.71,10338.53,0.0,674.73,0.0,0.0,0.0,0.0,11855.36,0.0,0.0,1721.91,3087.89,0.0,0.0,8268.27,2070.26,0.0,0.0,270.12,29327120.663388275
runs/CZ08/SFm&1&rDXHP&Ex&dxHP_equip/RB-dxHP_equip-spltHP-SEER-BA-rDXHP-NoLRM-0%UC-NR/instance-out.sql,CZ08,SFm,1,rDXHP,Ex,dxHP_equip,,RB-dxHP_equip-spltHP-SEER-BA-rDXHP-NoLRM-0%UC-NR,SFm&1&rDXHP&Ex&dxHP_equip,RB-dxHP_equip-spltHP-SEER-BA-rDXHP-NoLRM-0%UC-NR,37.06,79.66,28505.44,61269.67,28505.440000000002,1583.1,2038.51,1557.5,457.71,10338.53,0.0,674.73,0.0,0.0,0.0,0.0,11855.36,0.0,0.0,1583.1,2038.51,0.0,0.0,8268.27,2070.26,0.0,0.0,270.12,22343535.31767244
runs/CZ08/SFm&1&rDXHP&Ex&dxHP_equip/RB-dxHP_equip-spltHP-SEER-BA-rDXHP-NoLRM-15%UC-AOE/instance-out.sql,CZ08,SFm,1,rDXHP,Ex,dxHP_equip,,RB-dxHP_equip-spltHP-SEER-BA-rDXHP-NoLRM-15%UC-AOE,SFm&1&rDXHP&Ex&dxHP_equip,RB-dxHP_equip-spltHP-SEER-BA-rDXHP-NoLRM-15%UC-AOE,38.39,83.87,29528.7,64510.32,29528.7,1833.14,2811.73,1557.5,457.71,10338.53,0.0,674.73,0.0,0.0,0.0,0.0,11855.36,0.0,0.0,1833.14,2811.73,0.0,0.0,8268.27,2070.26,0.0,0.0,270.12,27489263.600033328
runs/CZ08/SFm&1&rDXHP&Ex&dxHP_equip/RB-dxHP_equip-spltHP-SEER-BA-rDXHP-NoLRM-7.5%UC-AOE/instance-out.sql,CZ08,SFm,1,rDXHP,Ex,dxHP_equip,,RB-dxHP_equip-spltHP-SEER-BA-rDXHP-NoLRM-7.5%UC-AOE,SFm&1&rDXHP&Ex&dxHP_equip,RB-dxHP_equip-spltHP-SEER-BA-rDXHP-NoLRM-7.5%UC-AOE,38.18,83.2,29363.77,63987.98,29363.760000000002,1944.37,2535.56,1557.5,457.71,10338.53,0.0,674.73,0.0,0.0,0.0,0.0,11855.36,0.0,0.0,1944.37,2535.56,0.0,0.0,8268.27,2070.26,0.0,0.0,270.12,25651406.537973866
runs/CZ08/SFm&2&rDXGF&Ex&dxAC_equip/RB-dxAC_equip-spltAC-SEER-BA-rDXGF-NoLRM-0%UC-AOE/instance-out.sql,CZ08,SFm,2,rDXGF,Ex,dxAC_equip,,RB-dxAC_equip-spltAC-SEER-BA-rDXGF-NoLRM-0%UC-AOE,SFm&2&rDXGF&Ex&dxAC_equip,RB-dxAC_equip-spltAC-SEER-BA-rDXGF-NoLRM-0%UC-AOE,37.5,77.14,48609.21,99995.42,48609.2,10786.07,5588.87,1774.64,457.71,16701.91,0.0,1447.59,0.0,0.0,0.0,0.0,11852.42,0.0,0.0,0.0,5588.87,10786.07,0.0,13440.28,3261.63,0.0,0.0,540.12,44805309.816420354
runs/CZ08/SFm&1&rDXHP&Ex&dxHP_equip/RB-dxHP_equip-spltHP-SEER-BA-rDXHP-NoLRM-30%UC-AOE/instance-out.sql,CZ08,SFm,1,rDXHP,Ex,dxHP_equip,,RB-dxHP_equip-spltHP-SEER-BA-rDXHP-NoLRM-30%UC-AOE,SFm&1&rDXHP&Ex&dxHP_equip,RB-dxHP_equip-spltHP-SEER-BA-rDXHP-NoLRM-30%UC-AOE,38.82,85.23,29858.57,65555.02,29858.57,1610.68,3364.06,1557.5,457.71,10338.53,0.0,674.73,0.0,0.0,0.0,0.0,11855.36,0.0,0.0,1610.68,3364.06,0.0,0.0,8268.27,2070.26,0.0,0.0,270.12,31164977.71452212
runs/CZ08/SFm&2&rDXGF&Ex&dxAC_equip/RB-dxAC_equip-spltAC-SEER-BA-rDXGF-NoLRM-40%UC-AOE/instance-out.sql,CZ08,SFm,2,rDXGF,Ex,dxAC_equip,,RB-dxAC_equip-spltAC-SEER-BA-rDXGF-NoLRM-40%UC-AOE,SFm&2&rDXGF&Ex&dxAC_equip,RB-dxAC_equip-spltAC-SEER-BA-rDXGF-NoLRM-40%UC-AOE,40.31,86.04,52252.53,111533.83,52252.53,10786.07,9232.19,1774.64,457.71,16701.91,0.0,1447.59,0.0,0.0,0.0,0.0,11852.42,0.0,0.0,0.0,9232.19,10786.07,0.0,13440.28,3261.63,0.0,0.0,540.12,64447701.795138486
runs/CZ08/SFm&2&rDXGF&Ex&dxAC_equip/RB-dxAC_equip-spltAC-SEER-BA-rDXGF-NoLRM-15%UC-AOE/instance-out.sql,CZ08,SFm,2,rDXGF,Ex,dxAC_equip,,RB-dxAC_equip-spltAC-SEER-BA-rDXGF-NoLRM-15%UC-AOE,SFm&2&rDXGF&Ex&dxAC_equip,RB-dxAC_equip-spltAC-SEER-BA-rDXGF-NoLRM-15%UC-AOE,38.55,80.48,49975.46,104322.33,49975.45,10786.07,6955.11,1774.64,457.71,16701.91,0.0,1447.59,0.0,0.0,0.0,0.0,11852.42,0.0,0.0,0.0,6955.11,10786.07,0.0,13440.28,3261.63,0.0,0.0,540.12,52171206.80858919
runs/CZ08/SFm&1&rDXHP&Ex&dxHP_equip/RB-dxHP_equip-spltHP-SEER-BA-rDXHP-NoLRM-40%UC-AOE/instance-out.sql,CZ08,SFm,1,rDXHP,Ex,dxHP_equip,,RB-dxHP_equip-spltHP-SEER-BA-rDXHP-NoLRM-40%UC-AOE,SFm&1&rDXHP&Ex&dxHP_equip,RB-dxHP_equip-spltHP-SEER-BA-rDXHP-NoLRM-40%UC-AOE,39.11,86.14,30078.48,66251.49,30078.480000000003,1462.37,3732.28,1557.5,457.71,10338.53,0.0,674.73,0.0,0.0,0.0,0.0,11855.36,0.0,0.0,1462.37,3732.28,0.0,0.0,8268.27,2070.26,0.0,0.0,270.12,33615453.796626106
runs/CZ08/SFm&2&rDXGF&Ex&dxAC_equip/RB-dxAC_equip-spltAC-SEER-BA-rDXGF-LRM-LSC-AOE/instance-out.sql,CZ08,SFm,2,rDXGF,Ex,dxAC_equip,,RB-dxAC_equip-spltAC-SEER-BA-rDXGF-LRM-LSC-AOE,SFm&2&rDXGF&Ex&dxAC_equip,RB-dxAC_equip-spltAC-SEER-BA-rDXGF-LRM-LSC-AOE,37.13,75.96,48126.47,98466.59,48126.46,10786.07,5106.13,1774.64,457.71,16701.91,0.0,1447.59,0.0,0.0,0.0,0.0,11852.42,0.0,0.0,0.0,5106.13,10786.07,0.0,13440.28,3261.63,0.0,0.0,540.12,42202692.8761449
runs/CZ08/SFm&2&rDXHP&Ex&dxHP_equip/RB-dxHP_equip-spltHP-SEER-BA-rDXHP-LRM-LSC-NC/instance-out.sql,CZ08,SFm,2,rDXHP,Ex,dxHP_equip,,RB-dxHP_equip-spltHP-SEER-BA-rDXHP-LRM-LSC-NC,SFm&2&rDXHP&Ex&dxHP_equip,RB-dxHP_equip-spltHP-SEER-BA-rDXHP-LRM-LSC-NC,30.93,73.65,40086.78,95471.15,40086.78,3089.36,4606.75,1774.64,457.71,16701.91,0.0,1603.45,0.0,0.0,0.0,0.0,11852.95,0.0,0.0,3089.36,4606.75,0.0,0.0,13440.28,3261.63,0.0,0.0,540.12,39511324.85596934
runs/CZ08/SFm&2&rDXHP&Ex&dxHP_equip/RB-dxHP_equip-spltHP-SEER-BA-rDXHP-NoLRM-0%UC-AOE/instance-out.sql,CZ08,SFm,2,rDXHP,Ex,dxHP_equip,,RB-dxHP_equip-spltHP-SEER-BA-rDXHP-NoLRM-0%UC-AOE,SFm&2&rDXHP&Ex&dxHP_equip,RB-dxHP_equip-spltHP-SEER-BA-rDXHP-NoLRM-0%UC-AOE,32.17,77.59,41700.18,100580.8,41700.18,3720.86,5588.65,1774.64,457.71,16701.91,0.0,1603.45,0.0,0.0,0.0,0.0,11852.95,0.0,0.0,3720.86,5588.65,0.0,0.0,13440.28,3261.63,0.0,0.0,540.12,44805310.91798084
runs/CZ08/SFm&2&rDXGF&Ex&dxAC_equip/RB-dxAC_equip-spltAC-SEER-BA-rDXGF-LRM-LSC-NR/instance-out.sql,CZ08,SFm,2,rDXGF,Ex,dxAC_equip,,RB-dxAC_equip-spltAC-SEER-BA-rDXGF-LRM-LSC-NR,SFm&2&rDXGF&Ex&dxAC_equip,RB-dxAC_equip-spltAC-SEER-BA-rDXGF-LRM-LSC-NR,36.74,74.74,47627.27,96885.61,47627.26,10786.07,4606.92,1774.64,457.71,16701.91,0.0,1447.59,0.0,0.0,0.0,0.0,11852.42,0.0,0.0,0.0,4606.92,10786.07,0.0,13440.28,3261.63,0.0,0.0,540.12,39511323.90935853
runs/CZ08/SFm&2&rDXGF&Ex&dxAC_equip/RB-dxAC_equip-spltAC-SEER-BA-rDXGF-NoLRM-22.5%UC-AOE/instance-out.sql,CZ08,SFm,2,rDXGF,Ex,dxAC_equip,,RB-dxAC_equip-spltAC-SEER-BA-rDXGF-NoLRM-22.5%UC-AOE,SFm&2&rDXGF&Ex&dxAC_equip,RB-dxAC_equip-spltAC-SEER-BA-rDXGF-NoLRM-22.5%UC-AOE,39.08,82.15,50658.58,106485.78,50658.57,10786.07,7638.24,1774.64,457.71,16701.91,0.0,1447.59,0.0,0.0,0.0,0.0,11852.42,0.0,0.0,0.0,7638.24,10786.07,0.0,13440.28,3261.63,0.0,0.0,540.12,55854155.313325435
runs/CZ08/SFm&2&rDXHP&Ex&dxHP_equip/RB-dxHP_equip-spltHP-SEER-BA-rDXHP-NoLRM-0%UC-NC/instance-out.sql,CZ08,SFm,2,rDXHP,Ex,dxHP_equip,,RB-dxHP_equip-spltHP-SEER-BA-rDXHP-NoLRM-0%UC-NC,SFm&2&rDXHP&Ex&dxHP_equip,RB-dxHP_equip-spltHP-SEER-BA-rDXHP-NoLRM-0%UC-NC,31.17,74.43,40403.31,96473.6,40403.31,2970.36,5042.27,1774.64,457.71,16701.91,0.0,1603.45,0.0,0.0,0.0,0.0,11852.95,0.0,0.0,2970.36,5042.27,0.0,0.0,13440.28,3261.63,0.0,0.0,540.12,41859496.069422066
runs/CZ08/SFm&2&rDXGF&Ex&dxAC_equip/RB-dxAC_equip-spltAC-SEER-BA-rDXGF-NoLRM-0%UC-NR/instance-out.sql,CZ08,SFm,2,rDXGF,Ex,dxAC_equip,,RB-dxAC_equip-spltAC-SEER-BA-rDXGF-NoLRM-0%UC-NR,SFm&2&rDXGF&Ex&dxAC_equip,RB-dxAC_equip-spltAC-SEER-BA-rDXGF-NoLRM-0%UC-NR,37.08,75.81,48062.81,98264.98,48062.81,10786.07,5042.47,1774.64,457.71,16701.91,0.0,1447.59,0.0,0.0,0.0,0.0,11852.42,0.0,0.0,0.0,5042.47,10786.07,0.0,13440.28,3261.63,0.0,0.0,540.12,41859495.05408263
runs/CZ08/SFm&2&rDXGF&Ex&dxAC_equip/RB-dxAC_equip-spltAC-SEER-BA-rDXGF-NoLRM-30%UC-AOE/instance-out.sql,CZ08,SFm,2,rDXGF,Ex,dxAC_equip,,RB-dxAC_equip-spltAC-SEER-BA-rDXGF-NoLRM-30%UC-AOE,SFm&2&rDXGF&Ex&dxAC_equip,RB-dxAC_equip-spltAC-SEER-BA-rDXGF-NoLRM-30%UC-AOE,39.61,83.82,51341.7,108649.23,51341.7,10786.07,8321.36,1774.64,457.71,16701.91,0.0,1447.59,0.0,0.0,0.0,0.0,11852.42,0.0,0.0,0.0,8321.36,10786.07,0.0,13440.28,3261.63,0.0,0.0,540.12,59537103.79357138
runs/CZ08/SFm&2&rDXHP&Ex&dxHP_equip/RB-dxHP_equip-spltHP-SEER-BA-rDXHP-NoLRM-15%UC-AOE/instance-out.sql,CZ08,SFm,2,rDXHP,Ex,dxHP_equip,,RB-dxHP_equip-spltHP-SEER-BA-rDXHP-NoLRM-15%UC-AOE,SFm&2&rDXHP&Ex&dxHP_equip,RB-dxHP_equip-spltHP-SEER-BA-rDXHP-NoLRM-15%UC-AOE,33.01,80.26,42792.28,104039.48,42792.28,3446.77,6954.84,1774.64,457.71,16701.91,0.0,1603.45,0.0,0.0,0.0,0.0,11852.95,0.0,0.0,3446.77,6954.84,0.0,0.0,13440.28,3261.63,0.0,0.0,540.12,52171208.12574214
runs/CZ08/SFm&2&rDXHP&Ex&dxHP_equip/RB-dxHP_equip-spltHP-SEER-BA-rDXHP-NoLRM-0%UC-NR/instance-out.sql,CZ08,SFm,2,rDXHP,Ex,dxHP_equip,,RB-dxHP_equip-spltHP-SEER-BA-rDXHP-NoLRM-0%UC-NR,SFm&2&rDXHP&Ex&dxHP_equip,RB-dxHP_equip-spltHP-SEER-BA-rDXHP-NoLRM-0%UC-NR,31.17,74.43,40403.31,96473.6,40403.31,2970.36,5042.27,1774.64,457.71,16701.91,0.0,1603.45,0.0,0.0,0.0,0.0,11852.95,0.0,0.0,2970.36,5042.27,0.0,0.0,13440.28,3261.63,0.0,0.0,540.12,41859496.069422066
runs/CZ08/SFm&2&rDXHP&Ex&dxHP_equip/RB-dxHP_equip-spltHP-SEER-BA-rDXHP-LRM-LSC-AOE/instance-out.sql,CZ08,SFm,2,rDXHP,Ex,dxHP_equip,,RB-dxHP_equip-spltHP-SEER-BA-rDXHP-LRM-LSC-AOE,SFm&2&rDXHP&Ex&dxHP_equip,RB-dxHP_equip-spltHP-SEER-BA-rDXHP-LRM-LSC-AOE,31.91,76.78,41367.23,99526.32,41367.22,3870.63,5105.93,1774.64,457.71,16701.91,0.0,1603.45,0.0,0.0,0.0,0.0,11852.95,0.0,0.0,3870.63,5105.93,0.0,0.0,13440.28,3261.63,0.0,0.0,540.12,42202693.90152939
runs/CZ08/SFm&2&rDXHP&Ex&dxHP_equip/RB-dxHP_equip-spltHP-SEER-BA-rDXHP-LRM-LSC-NR/instance-out.sql,CZ08,SFm,2,rDXHP,Ex,dxHP_equip,,RB-dxHP_equip-spltHP-SEER-BA-rDXHP-LRM-LSC-NR,SFm&2&rDXHP&Ex&dxHP_equip,RB-dxHP_equip-spltHP-SEER-BA-rDXHP-LRM-LSC-NR,30.93,73.65,40086.78,95471.15,40086.78,3089.36,4606.75,1774.64,457.71,16701.91,0.0,1603.45,0.0,0.0,0.0,0.0,11852.95,0.0,0.0,3089.36,4606.75,0.0,0.0,13440.28,3261.63,0.0,0.0,540.12,39511324.85596934
runs/CZ08/SFm&2&rDXGF&Ex&dxAC_equip/RB-dxAC_equip-spltAC-SEER-BA-rDXGF-NoLRM-7.5%UC-AOE/instance-out.sql,CZ08,SFm,2,rDXGF,Ex,dxAC_equip,,RB-dxAC_equip-spltAC-SEER-BA-rDXGF-NoLRM-7.5%UC-AOE,SFm&2&rDXGF&Ex&dxAC_equip,RB-dxAC_equip-spltAC-SEER-BA-rDXGF-NoLRM-7.5%UC-AOE,38.03,78.81,49292.33,102158.88,49292.33,10786.07,6271.99,1774.64,457.71,16701.91,0.0,1447.59,0.0,0.0,0.0,0.0,11852.42,0.0,0.0,0.0,6271.99,10786.07,0.0,13440.28,3261.63,0.0,0.0,540.12,48488258.306448996
runs/CZ09/SFm&1&rDXGF&Ex&dxAC_equip/RB-dxAC_equip-spltAC-SEER-BA-rDXGF-LRM-LSC-NR/instance-out.sql,CZ09,SFm,1,rDXGF,Ex,dxAC_equip,,RB-dxAC_equip-spltAC-SEER-BA-rDXGF-LRM-LSC-NR,SFm&1&rDXGF&Ex&dxAC_equip,RB-dxAC_equip-spltAC-SEER-BA-rDXGF-LRM-LSC-NR,47.77,88.01,36742.89,67686.93,36742.89,9427.33,2209.34,1557.5,457.71,10338.53,0.0,880.98,0.0,0.0,0.0,0.0,11871.49,0.0,0.0,0.0,2209.34,9427.33,0.0,8268.27,2070.26,0.0,0.0,270.12,26266796.609308004
runs/CZ08/SFm&2&rDXHP&Ex&dxHP_equip/RB-dxHP_equip-spltHP-SEER-BA-rDXHP-NoLRM-30%UC-AOE/instance-out.sql,CZ08,SFm,2,rDXHP,Ex,dxHP_equip,,RB-dxHP_equip-spltHP-SEER-BA-rDXHP-NoLRM-30%UC-AOE,SFm&2&rDXHP&Ex&dxHP_equip,RB-dxHP_equip-spltHP-SEER-BA-rDXHP-NoLRM-30%UC-AOE,33.74,82.57,43734.62,107023.85,43734.61,3022.91,8321.04,1774.64,457.71,16701.91,0.0,1603.45,0.0,0.0,0.0,0.0,11852.95,0.0,0.0,3022.91,8321.04,0.0,0.0,13440.28,3261.63,0.0,0.0,540.12,59537105.32631679
runs/CZ08/SFm&2&rDXHP&Ex&dxHP_equip/RB-dxHP_equip-spltHP-SEER-BA-rDXHP-NoLRM-22.5%UC-AOE/instance-out.sql,CZ08,SFm,2,rDXHP,Ex,dxHP_equip,,RB-dxHP_equip-spltHP-SEER-BA-rDXHP-NoLRM-22.5%UC-AOE,SFm&2&rDXHP&Ex&dxHP_equip,RB-dxHP_equip-spltHP-SEER-BA-rDXHP-NoLRM-22.5%UC-AOE,33.38,81.41,43263.45,105531.66,43263.45,3234.84,7637.94,1774.64,457.71,16701.91,0.0,1603.45,0.0,0.0,0.0,0.0,11852.95,0.0,0.0,3234.84,7637.94,0.0,0.0,13440.28,3261.63,0.0,0.0,540.12,55854156.73827462
runs/CZ08/SFm&2&rDXHP&Ex&dxHP_equip/RB-dxHP_equip-spltHP-SEER-BA-rDXHP-NoLRM-40%UC-AOE/instance-out.sql,CZ08,SFm,2,rDXHP,Ex,dxHP_equip,,RB-dxHP_equip-spltHP-SEER-BA-rDXHP-NoLRM-40%UC-AOE,SFm&2&rDXHP&Ex&dxHP_equip,RB-dxHP_equip-spltHP-SEER-BA-rDXHP-NoLRM-40%UC-AOE,34.22,84.1,44362.84,109013.43,44362.84,2740.34,9231.83,1774.64,457.71,16701.91,0.0,1603.45,0.0,0.0,0.0,0.0,11852.95,0.0,0.0,2740.34,9231.83,0.0,0.0,13440.28,3261.63,0.0,0.0,540.12,64447703.4716122
runs/CZ08/SFm&2&rDXHP&Ex&dxHP_equip/RB-dxHP_equip-spltHP-SEER-BA-rDXHP-NoLRM-7.5%UC-AOE/instance-out.sql,CZ08,SFm,2,rDXHP,Ex,dxHP_equip,,RB-dxHP_equip-spltHP-SEER-BA-rDXHP-NoLRM-7.5%UC-AOE,SFm&2&rDXHP&Ex&dxHP_equip,RB-dxHP_equip-spltHP-SEER-BA-rDXHP-NoLRM-7.5%UC-AOE,32.65,79.11,42321.11,102547.29,42321.11,3658.7,6271.75,1774.64,457.71,16701.91,0.0,1603.45,0.0,0.0,0.0,0.0,11852.95,0.0,0.0,3658.7,6271.75,0.0,0.0,13440.28,3261.63,0.0,0.0,540.12,48488259.515805714
runs/CZ09/SFm&1&rDXGF&Ex&dxAC_equip/RB-dxAC_equip-spltAC-SEER-BA-rDXGF-LRM-LSC-AOE/instance-out.sql,CZ09,SFm,1,rDXGF,Ex,dxAC_equip,,RB-dxAC_equip-spltAC-SEER-BA-rDXGF-LRM-LSC-AOE,SFm&1&rDXGF&Ex&dxAC_equip,RB-dxAC_equip-spltAC-SEER-BA-rDXGF-LRM-LSC-AOE,48.08,88.99,36982.29,68445.12,36982.3,9427.33,2448.75,1557.5,457.71,10338.53,0.0,880.98,0.0,0.0,0.0,0.0,11871.49,0.0,0.0,0.0,2448.75,9427.33,0.0,8268.27,2070.26,0.0,0.0,270.12,28049055.479331635
runs/CZ09/SFm&1&rDXGF&Ex&dxAC_equip/RB-dxAC_equip-spltAC-SEER-BA-rDXGF-NoLRM-0%UC-AOE/instance-out.sql,CZ09,SFm,1,rDXGF,Ex,dxAC_equip,,RB-dxAC_equip-spltAC-SEER-BA-rDXGF-NoLRM-0%UC-AOE,SFm&1&rDXGF&Ex&dxAC_equip,RB-dxAC_equip-spltAC-SEER-BA-rDXGF-NoLRM-0%UC-AOE,48.38,89.94,37213.8,69178.3,37213.8,9427.33,2680.25,1557.5,457.71,10338.53,0.0,880.98,0.0,0.0,0.0,0.0,11871.49,0.0,0.0,0.0,2680.25,9427.33,0.0,8268.27,2070.26,0.0,0.0,270.12,29772541.624978296
runs/CZ09/SFm&1&rDXGF&Ex&dxAC_equip/RB-dxAC_equip-spltAC-SEER-BA-rDXGF-NoLRM-22.5%UC-AOE/instance-out.sql,CZ09,SFm,1,rDXGF,Ex,dxAC_equip,,RB-dxAC_equip-spltAC-SEER-BA-rDXGF-NoLRM-22.5%UC-AOE,SFm&1&rDXGF&Ex&dxAC_equip,RB-dxAC_equip-spltAC-SEER-BA-rDXGF-NoLRM-22.5%UC-AOE,49.66,93.99,38196.62,72290.88,38196.619999999995,9427.33,3663.07,1557.5,457.71,10338.53,0.0,880.98,0.0,0.0,0.0,0.0,11871.49,0.0,0.0,0.0,3663.07,9427.33,0.0,8268.27,2070.26,0.0,0.0,270.12,37089228.08952233
runs/CZ09/SFm&1&rDXGF&Ex&dxAC_equip/RB-dxAC_equip-spltAC-SEER-BA-rDXGF-NoLRM-0%UC-NR/instance-out.sql,CZ09,SFm,1,rDXGF,Ex,dxAC_equip,,RB-dxAC_equip-spltAC-SEER-BA-rDXGF-NoLRM-0%UC-NR,SFm&1&rDXGF&Ex&dxAC_equip,RB-dxAC_equip-spltAC-SEER-BA-rDXGF-NoLRM-0%UC-NR,48.04,88.87,36951.77,68348.43,36951.770000000004,9427.33,2418.22,1557.5,457.71,10338.53,0.0,880.98,0.0,0.0,0.0,0.0,11871.49,0.0,0.0,0.0,2418.22,9427.33,0.0,8268.27,2070.26,0.0,0.0,270.12,27821785.502568237
runs/CZ09/SFm&1&rDXGF&Ex&dxAC_equip/RB-dxAC_equip-spltAC-SEER-BA-rDXGF-NoLRM-15%UC-AOE/instance-out.sql,CZ09,SFm,1,rDXGF,Ex,dxAC_equip,,RB-dxAC_equip-spltAC-SEER-BA-rDXGF-NoLRM-15%UC-AOE,SFm&1&rDXGF&Ex&dxAC_equip,RB-dxAC_equip-spltAC-SEER-BA-rDXGF-NoLRM-15%UC-AOE,49.24,92.64,37869.01,71253.35,37869.020000000004,9427.33,3335.46,1557.5,457.71,10338.53,0.0,880.98,0.0,0.0,0.0,0.0,11871.49,0.0,0.0,0.0,3335.46,9427.33,0.0,8268.27,2070.26,0.0,0.0,270.12,34650332.59752142
runs/CZ09/SFm&1&rDXGF&Ex&dxAC_equip/RB-dxAC_equip-spltAC-SEER-BA-rDXGF-NoLRM-30%UC-AOE/instance-out.sql,CZ09,SFm,1,rDXGF,Ex,dxAC_equip,,RB-dxAC_equip-spltAC-SEER-BA-rDXGF-NoLRM-30%UC-AOE,SFm&1&rDXGF&Ex&dxAC_equip,RB-dxAC_equip-spltAC-SEER-BA-rDXGF-NoLRM-30%UC-AOE,50.09,95.34,38524.22,73328.41,38524.229999999996,9427.33,3990.68,1557.5,457.71,10338.53,0.0,880.98,0.0,0.0,0.0,0.0,11871.49,0.0,0.0,0.0,3990.68,9427.33,0.0,8268.27,2070.26,0.0,0.0,270.12,39528123.56530545
runs/CZ09/SFm&1&rDXGF&Ex&dxAC_equip/RB-dxAC_equip-spltAC-SEER-BA-rDXGF-NoLRM-7.5%UC-AOE/instance-out.sql,CZ09,SFm,1,rDXGF,Ex,dxAC_equip,,RB-dxAC_equip-spltAC-SEER-BA-rDXGF-NoLRM-7.5%UC-AOE,SFm&1&rDXGF&Ex&dxAC_equip,RB-dxAC_equip-spltAC-SEER-BA-rDXGF-NoLRM-7.5%UC-AOE,48.81,91.29,37541.41,70215.83,37541.41,9427.33,3007.86,1557.5,457.71,10338.53,0.0,880.98,0.0,0.0,0.0,0.0,11871.49,0.0,0.0,0.0,3007.86,9427.33,0.0,8268.27,2070.26,0.0,0.0,270.12,32211437.107239645
runs/CZ09/SFm&1&rDXHP&Ex&dxHP_equip/RB-dxHP_equip-spltHP-SEER-BA-rDXHP-NoLRM-15%UC-AOE/instance-out.sql,CZ09,SFm,1,rDXHP,Ex,dxHP_equip,,RB-dxHP_equip-spltHP-SEER-BA-rDXHP-NoLRM-15%UC-AOE,SFm&1&rDXHP&Ex&dxHP_equip,RB-dxHP_equip-spltHP-SEER-BA-rDXHP-NoLRM-15%UC-AOE,41.01,92.11,31539.28,70843.82,31539.270000000004,2949.29,3335.48,1557.5,457.71,10338.53,0.0,1029.09,0.0,0.0,0.0,0.0,11871.68,0.0,0.0,2949.29,3335.48,0.0,0.0,8268.27,2070.26,0.0,0.0,270.12,34650334.209469534
runs/CZ09/SFm&1&rDXHP&Ex&dxHP_equip/RB-dxHP_equip-spltHP-SEER-BA-rDXHP-NoLRM-22.5%UC-AOE/instance-out.sql,CZ09,SFm,1,rDXHP,Ex,dxHP_equip,,RB-dxHP_equip-spltHP-SEER-BA-rDXHP-NoLRM-22.5%UC-AOE,SFm&1&rDXHP&Ex&dxHP_equip,RB-dxHP_equip-spltHP-SEER-BA-rDXHP-NoLRM-22.5%UC-AOE,41.2,92.72,31686.49,71310.05,31686.489999999998,2768.89,3663.09,1557.5,457.71,10338.53,0.0,1029.09,0.0,0.0,0.0,0.0,11871.68,0.0,0.0,2768.89,3663.09,0.0,0.0,8268.27,2070.26,0.0,0.0,270.12,37089229.83953431
runs/CZ09/SFm&1&rDXGF&Ex&dxAC_equip/RB-dxAC_equip-spltAC-SEER-BA-rDXGF-NoLRM-40%UC-AOE/instance-out.sql,CZ09,SFm,1,rDXGF,Ex,dxAC_equip,,RB-dxAC_equip-spltAC-SEER-BA-rDXGF-NoLRM-40%UC-AOE,SFm&1&rDXGF&Ex&dxAC_equip,RB-dxAC_equip-spltAC-SEER-BA-rDXGF-NoLRM-40%UC-AOE,50.66,97.14,38961.03,74711.78,38961.03,9427.33,4427.48,1557.5,457.71,10338.53,0.0,880.98,0.0,0.0,0.0,0.0,11871.49,0.0,0.0,0.0,4427.48,9427.33,0.0,8268.27,2070.26,0.0,0.0,270.12,42779984.21816257
runs/CZ09/SFm&1&rDXHP&Ex&dxHP_equip/RB-dxHP_equip-spltHP-SEER-BA-rDXHP-LRM-LSC-NC/instance-out.sql,CZ09,SFm,1,rDXHP,Ex,dxHP_equip,,RB-dxHP_equip-spltHP-SEER-BA-rDXHP-LRM-LSC-NC,SFm&1&rDXHP&Ex&dxHP_equip,RB-dxHP_equip-spltHP-SEER-BA-rDXHP-LRM-LSC-NC,39.15,86.22,30108.93,66313.91,30108.93,2645.06,2209.35,1557.5,457.71,10338.53,0.0,1029.09,0.0,0.0,0.0,0.0,11871.68,0.0,0.0,2645.06,2209.35,0.0,0.0,8268.27,2070.26,0.0,0.0,270.12,26266797.746671043
runs/CZ09/SFm&1&rDXHP&Ex&dxHP_equip/RB-dxHP_equip-spltHP-SEER-BA-rDXHP-LRM-LSC-NR/instance-out.sql,CZ09,SFm,1,rDXHP,Ex,dxHP_equip,,RB-dxHP_equip-spltHP-SEER-BA-rDXHP-LRM-LSC-NR,SFm&1&rDXHP&Ex&dxHP_equip,RB-dxHP_equip-spltHP-SEER-BA-rDXHP-LRM-LSC-NR,39.15,86.22,30108.93,66313.91,30108.93,2645.06,2209.35,1557.5,457.71,10338.53,0.0,1029.09,0.0,0.0,0.0,0.0,11871.68,0.0,0.0,2645.06,2209.35,0.0,0.0,8268.27,2070.26,0.0,0.0,270.12,26266797.746671043
runs/CZ09/SFm&1&rDXHP&Ex&dxHP_equip/RB-dxHP_equip-spltHP-SEER-BA-rDXHP-LRM-LSC-AOE/instance-out.sql,CZ09,SFm,1,rDXHP,Ex,dxHP_equip,,RB-dxHP_equip-spltHP-SEER-BA-rDXHP-LRM-LSC-AOE,SFm&1&rDXHP&Ex&dxHP_equip,RB-dxHP_equip-spltHP-SEER-BA-rDXHP-LRM-LSC-AOE,40.32,89.94,31013.34,69178.18,31013.340000000004,3310.07,2448.76,1557.5,457.71,10338.53,0.0,1029.09,0.0,0.0,0.0,0.0,11871.68,0.0,0.0,3310.07,2448.76,0.0,0.0,8268.27,2070.26,0.0,0.0,270.12,28049056.717586882
runs/CZ09/SFm&1&rDXHP&Ex&dxHP_equip/RB-dxHP_equip-spltHP-SEER-BA-rDXHP-NoLRM-0%UC-NR/instance-out.sql,CZ09,SFm,1,rDXHP,Ex,dxHP_equip,,RB-dxHP_equip-spltHP-SEER-BA-rDXHP-NoLRM-0%UC-NR,SFm&1&rDXHP&Ex&dxHP_equip,RB-dxHP_equip-spltHP-SEER-BA-rDXHP-NoLRM-0%UC-NR,39.29,86.66,30216.51,66654.63,30216.510000000002,2543.77,2418.23,1557.5,457.71,10338.53,0.0,1029.09,0.0,0.0,0.0,0.0,11871.68,0.0,0.0,2543.77,2418.23,0.0,0.0,8268.27,2070.26,0.0,0.0,270.12,27821786.72795792
runs/CZ09/SFm&1&rDXHP&Ex&dxHP_equip/RB-dxHP_equip-spltHP-SEER-BA-rDXHP-NoLRM-0%UC-AOE/instance-out.sql,CZ09,SFm,1,rDXHP,Ex,dxHP_equip,,RB-dxHP_equip-spltHP-SEER-BA-rDXHP-NoLRM-0%UC-AOE,SFm&1&rDXHP&Ex&dxHP_equip,RB-dxHP_equip-spltHP-SEER-BA-rDXHP-NoLRM-0%UC-AOE,40.46,90.37,31117.37,69507.65,31117.370000000003,3182.59,2680.27,1557.5,457.71,10338.53,0.0,1029.09,0.0,0.0,0.0,0.0,11871.68,0.0,0.0,3182.59,2680.27,0.0,0.0,8268.27,2070.26,0.0,0.0,270.12,29772542.960798677
runs/CZ09/SFm&1&rDXHP&Ex&dxHP_equip/RB-dxHP_equip-spltHP-SEER-BA-rDXHP-NoLRM-0%UC-NC/instance-out.sql,CZ09,SFm,1,rDXHP,Ex,dxHP_equip,,RB-dxHP_equip-spltHP-SEER-BA-rDXHP-NoLRM-0%UC-NC,SFm&1&rDXHP&Ex&dxHP_equip,RB-dxHP_equip-spltHP-SEER-BA-rDXHP-NoLRM-0%UC-NC,39.29,86.66,30216.51,66654.63,30216.510000000002,2543.77,2418.23,1557.5,457.71,10338.53,0.0,1029.09,0.0,0.0,0.0,0.0,11871.68,0.0,0.0,2543.77,2418.23,0.0,0.0,8268.27,2070.26,0.0,0.0,270.12,27821786.72795792
runs/CZ09/SFm&1&rDXHP&Ex&dxHP_equip/RB-dxHP_equip-spltHP-SEER-BA-rDXHP-NoLRM-30%UC-AOE/instance-out.sql,CZ09,SFm,1,rDXHP,Ex,dxHP_equip,,RB-dxHP_equip-spltHP-SEER-BA-rDXHP-NoLRM-30%UC-AOE,SFm&1&rDXHP&Ex&dxHP_equip,RB-dxHP_equip-spltHP-SEER-BA-rDXHP-NoLRM-30%UC-AOE,41.39,93.32,31833.7,71776.27,31833.699999999997,2588.5,3990.7,1557.5,457.71,10338.53,0.0,1029.09,0.0,0.0,0.0,0.0,11871.68,0.0,0.0,2588.5,3990.7,0.0,0.0,8268.27,2070.26,0.0,0.0,270.12,39528125.4533813
runs/CZ09/SFm&1&rDXHP&Ex&dxHP_equip/RB-dxHP_equip-spltHP-SEER-BA-rDXHP-NoLRM-7.5%UC-AOE/instance-out.sql,CZ09,SFm,1,rDXHP,Ex,dxHP_equip,,RB-dxHP_equip-spltHP-SEER-BA-rDXHP-NoLRM-7.5%UC-AOE,SFm&1&rDXHP&Ex&dxHP_equip,RB-dxHP_equip-spltHP-SEER-BA-rDXHP-NoLRM-7.5%UC-AOE,40.82,91.5,31392.06,70377.6,31392.059999999998,3129.68,3007.87,1557.5,457.71,10338.53,0.0,1029.09,0.0,0.0,0.0,0.0,11871.68,0.0,0.0,3129.68,3007.87,0.0,0.0,8268.27,2070.26,0.0,0.0,270.12,32211438.581123892
runs/CZ09/SFm&1&rDXHP&Ex&dxHP_equip/RB-dxHP_equip-spltHP-SEER-BA-rDXHP-NoLRM-40%UC-AOE/instance-out.sql,CZ09,SFm,1,rDXHP,Ex,dxHP_equip,,RB-dxHP_equip-spltHP-SEER-BA-rDXHP-NoLRM-40%UC-AOE,SFm&1&rDXHP&Ex&dxHP_equip,RB-dxHP_equip-spltHP-SEER-BA-rDXHP-NoLRM-40%UC-AOE,41.64,94.13,32029.99,72397.9,32029.989999999998,2347.97,4427.5,1557.5,457.71,10338.53,0.0,1029.09,0.0,0.0,0.0,0.0,11871.68,0.0,0.0,2347.97,4427.5,0.0,0.0,8268.27,2070.26,0.0,0.0,270.12,42779986.29032357
runs/CZ09/SFm&2&rDXGF&Ex&dxAC_equip/RB-dxAC_equip-spltAC-SEER-BA-rDXGF-LRM-LSC-AOE/instance-out.sql,CZ09,SFm,2,rDXGF,Ex,dxAC_equip,,RB-dxAC_equip-spltAC-SEER-BA-rDXGF-LRM-LSC-AOE,SFm&2&rDXGF&Ex&dxAC_equip,RB-dxAC_equip-spltAC-SEER-BA-rDXGF-LRM-LSC-AOE,44.18,85.67,57264.38,111045.17,57264.39,18620.71,5795.18,1774.64,457.71,16701.91,0.0,2041.81,0.0,0.0,0.0,0.0,11872.4,0.0,0.0,0.0,5795.18,18620.71,0.0,13440.28,3261.63,0.0,0.0,540.12,52458227.86502236
runs/CZ09/SFm&2&rDXGF&Ex&dxAC_equip/RB-dxAC_equip-spltAC-SEER-BA-rDXGF-NoLRM-30%UC-AOE/instance-out.sql,CZ09,SFm,2,rDXGF,Ex,dxAC_equip,,RB-dxAC_equip-spltAC-SEER-BA-rDXGF-NoLRM-30%UC-AOE,SFm&2&rDXGF&Ex&dxAC_equip,RB-dxAC_equip-spltAC-SEER-BA-rDXGF-NoLRM-30%UC-AOE,46.99,94.58,60913.5,122601.94,60913.509999999995,18620.71,9444.3,1774.64,457.71,16701.91,0.0,2041.81,0.0,0.0,0.0,0.0,11872.4,0.0,0.0,0.0,9444.3,18620.71,0.0,13440.28,3261.63,0.0,0.0,540.12,75018226.32593392
runs/CZ09/SFm&2&rDXGF&Ex&dxAC_equip/RB-dxAC_equip-spltAC-SEER-BA-rDXGF-NoLRM-7.5%UC-AOE/instance-out.sql,CZ09,SFm,2,rDXGF,Ex,dxAC_equip,,RB-dxAC_equip-spltAC-SEER-BA-rDXGF-NoLRM-7.5%UC-AOE,SFm&2&rDXGF&Ex&dxAC_equip,RB-dxAC_equip-spltAC-SEER-BA-rDXGF-NoLRM-7.5%UC-AOE,45.2,88.9,58587.58,115235.73,58587.58,18620.71,7118.38,1774.64,457.71,16701.91,0.0,2041.81,0.0,0.0,0.0,0.0,11872.4,0.0,0.0,0.0,7118.38,18620.71,0.0,13440.28,3261.63,0.0,0.0,540.12,60638623.905539885
runs/CZ09/SFm&2&rDXGF&Ex&dxAC_equip/RB-dxAC_equip-spltAC-SEER-BA-rDXGF-NoLRM-0%UC-AOE/instance-out.sql,CZ09,SFm,2,rDXGF,Ex,dxAC_equip,,RB-dxAC_equip-spltAC-SEER-BA-rDXGF-NoLRM-0%UC-AOE,SFm&2&rDXGF&Ex&dxAC_equip,RB-dxAC_equip-spltAC-SEER-BA-rDXGF-NoLRM-0%UC-AOE,44.6,87.01,57812.27,112780.32,57812.270000000004,18620.71,6343.07,1774.64,457.71,16701.91,0.0,2041.81,0.0,0.0,0.0,0.0,11872.4,0.0,0.0,0.0,6343.07,18620.71,0.0,13440.28,3261.63,0.0,0.0,540.12,55845423.106132604
runs/CZ09/SFm&2&rDXGF&Ex&dxAC_equip/RB-dxAC_equip-spltAC-SEER-BA-rDXGF-NoLRM-40%UC-AOE/instance-out.sql,CZ09,SFm,2,rDXGF,Ex,dxAC_equip,,RB-dxAC_equip-spltAC-SEER-BA-rDXGF-NoLRM-40%UC-AOE,SFm&2&rDXGF&Ex&dxAC_equip,RB-dxAC_equip-spltAC-SEER-BA-rDXGF-NoLRM-40%UC-AOE,47.79,97.11,61947.25,125875.81,61947.25,18620.71,10478.05,1774.64,457.71,16701.91,0.0,2041.81,0.0,0.0,0.0,0.0,11872.4,0.0,0.0,0.0,10478.05,18620.71,0.0,13440.28,3261.63,0.0,0.0,540.12,81409160.74448618
runs/CZ09/SFm&2&rDXGF&Ex&dxAC_equip/RB-dxAC_equip-spltAC-SEER-BA-rDXGF-LRM-LSC-NR/instance-out.sql,CZ09,SFm,2,rDXGF,Ex,dxAC_equip,,RB-dxAC_equip-spltAC-SEER-BA-rDXGF-LRM-LSC-NR,SFm&2&rDXGF&Ex&dxAC_equip,RB-dxAC_equip-spltAC-SEER-BA-rDXGF-LRM-LSC-NR,43.74,84.28,56697.82,109250.85,56697.82,18620.71,5228.62,1774.64,457.71,16701.91,0.0,2041.81,0.0,0.0,0.0,0.0,11872.4,0.0,0.0,0.0,5228.62,18620.71,0.0,13440.28,3261.63,0.0,0.0,540.12,48955525.63662382
runs/CZ09/SFm&2&rDXGF&Ex&dxAC_equip/RB-dxAC_equip-spltAC-SEER-BA-rDXGF-NoLRM-15%UC-AOE/instance-out.sql,CZ09,SFm,2,rDXGF,Ex,dxAC_equip,,RB-dxAC_equip-spltAC-SEER-BA-rDXGF-NoLRM-15%UC-AOE,SFm&2&rDXGF&Ex&dxAC_equip,RB-dxAC_equip-spltAC-SEER-BA-rDXGF-NoLRM-15%UC-AOE,45.8,90.79,59362.89,117691.13,59362.89,18620.71,7893.69,1774.64,457.71,16701.91,0.0,2041.81,0.0,0.0,0.0,0.0,11872.4,0.0,0.0,0.0,7893.69,18620.71,0.0,13440.28,3261.63,0.0,0.0,540.12,65431824.72070981
runs/CZ09/SFm&2&rDXGF&Ex&dxAC_equip/RB-dxAC_equip-spltAC-SEER-BA-rDXGF-NoLRM-0%UC-NR/instance-out.sql,CZ09,SFm,2,rDXGF,Ex,dxAC_equip,,RB-dxAC_equip-spltAC-SEER-BA-rDXGF-NoLRM-0%UC-NR,SFm&2&rDXGF&Ex&dxAC_equip,RB-dxAC_equip-spltAC-SEER-BA-rDXGF-NoLRM-0%UC-NR,44.12,85.49,57192.14,110816.36,57192.14,18620.71,5722.94,1774.64,457.71,16701.91,0.0,2041.81,0.0,0.0,0.0,0.0,11872.4,0.0,0.0,0.0,5722.94,18620.71,0.0,13440.28,3261.63,0.0,0.0,540.12,52011570.49810086
runs/CZ09/SFm&2&rDXGF&Ex&dxAC_equip/RB-dxAC_equip-spltAC-SEER-BA-rDXGF-NoLRM-22.5%UC-AOE/instance-out.sql,CZ09,SFm,2,rDXGF,Ex,dxAC_equip,,RB-dxAC_equip-spltAC-SEER-BA-rDXGF-NoLRM-22.5%UC-AOE,SFm&2&rDXGF&Ex&dxAC_equip,RB-dxAC_equip-spltAC-SEER-BA-rDXGF-NoLRM-22.5%UC-AOE,46.39,92.69,60138.2,120146.53,60138.2,18620.71,8669.0,1774.64,457.71,16701.91,0.0,2041.81,0.0,0.0,0.0,0.0,11872.4,0.0,0.0,0.0,8669.0,18620.71,0.0,13440.28,3261.63,0.0,0.0,540.12,70225025.5392584
runs/CZ09/SFm&2&rDXHP&Ex&dxHP_equip/RB-dxHP_equip-spltHP-SEER-BA-rDXHP-LRM-LSC-NC/instance-out.sql,CZ09,SFm,2,rDXHP,Ex,dxHP_equip,,RB-dxHP_equip-spltHP-SEER-BA-rDXHP-LRM-LSC-NC,SFm&2&rDXHP&Ex&dxHP_equip,RB-dxHP_equip-spltHP-SEER-BA-rDXHP-LRM-LSC-NC,33.58,82.04,43533.74,106347.34,43533.740000000005,5165.49,5228.29,1774.64,457.71,16701.91,0.0,2333.37,0.0,0.0,0.0,0.0,11872.32,0.0,0.0,5165.49,5228.29,0.0,0.0,13440.28,3261.63,0.0,0.0,540.12,48955519.39245891
runs/CZ09/SFm&2&rDXHP&Ex&dxHP_equip/RB-dxHP_equip-spltHP-SEER-BA-rDXHP-LRM-LSC-AOE/instance-out.sql,CZ09,SFm,2,rDXHP,Ex,dxHP_equip,,RB-dxHP_equip-spltHP-SEER-BA-rDXHP-LRM-LSC-AOE,SFm&2&rDXHP&Ex&dxHP_equip,RB-dxHP_equip-spltHP-SEER-BA-rDXHP-LRM-LSC-AOE,35.04,86.64,45413.46,112300.42,45413.46,6478.67,5794.82,1774.64,457.71,16701.91,0.0,2333.37,0.0,0.0,0.0,0.0,11872.32,0.0,0.0,6478.67,5794.82,0.0,0.0,13440.28,3261.63,0.0,0.0,540.12,52458221.085268945
runs/CZ09/SFm&2&rDXHP&Ex&dxHP_equip/RB-dxHP_equip-spltHP-SEER-BA-rDXHP-NoLRM-0%UC-NC/instance-out.sql,CZ09,SFm,2,rDXHP,Ex,dxHP_equip,,RB-dxHP_equip-spltHP-SEER-BA-rDXHP-NoLRM-0%UC-NC,SFm&2&rDXHP&Ex&dxHP_equip,RB-dxHP_equip-spltHP-SEER-BA-rDXHP-NoLRM-0%UC-NC,33.81,82.76,43828.02,107279.3,43828.01,4965.47,5722.58,1774.64,457.71,16701.91,0.0,2333.37,0.0,0.0,0.0,0.0,11872.32,0.0,0.0,4965.47,5722.58,0.0,0.0,13440.28,3261.63,0.0,0.0,540.12,52011563.786644585
runs/CZ09/SFm&2&rDXHP&Ex&dxHP_equip/RB-dxHP_equip-spltHP-SEER-BA-rDXHP-NoLRM-0%UC-AOE/instance-out.sql,CZ09,SFm,2,rDXHP,Ex,dxHP_equip,,RB-dxHP_equip-spltHP-SEER-BA-rDXHP-NoLRM-0%UC-AOE,SFm&2&rDXHP&Ex&dxHP_equip,RB-dxHP_equip-spltHP-SEER-BA-rDXHP-NoLRM-0%UC-AOE,35.26,87.36,45709.59,113238.23,45709.58,6226.94,6342.67,1774.64,457.71,16701.91,0.0,2333.37,0.0,0.0,0.0,0.0,11872.32,0.0,0.0,6226.94,6342.67,0.0,0.0,13440.28,3261.63,0.0,0.0,540.12,55845415.808452524
runs/CZ09/SFm&2&rDXHP&Ex&dxHP_equip/RB-dxHP_equip-spltHP-SEER-BA-rDXHP-NoLRM-0%UC-NR/instance-out.sql,CZ09,SFm,2,rDXHP,Ex,dxHP_equip,,RB-dxHP_equip-spltHP-SEER-BA-rDXHP-NoLRM-0%UC-NR,SFm&2&rDXHP&Ex&dxHP_equip,RB-dxHP_equip-spltHP-SEER-BA-rDXHP-NoLRM-0%UC-NR,33.81,82.76,43828.02,107279.3,43828.01,4965.47,5722.58,1774.64,457.71,16701.91,0.0,2333.37,0.0,0.0,0.0,0.0,11872.32,0.0,0.0,4965.47,5722.58,0.0,0.0,13440.28,3261.63,0.0,0.0,540.12,52011563.786644585
runs/CZ09/SFm&2&rDXHP&Ex&dxHP_equip/RB-dxHP_equip-spltHP-SEER-BA-rDXHP-LRM-LSC-NR/instance-out.sql,CZ09,SFm,2,rDXHP,Ex,dxHP_equip,,RB-dxHP_equip-spltHP-SEER-BA-rDXHP-LRM-LSC-NR,SFm&2&rDXHP&Ex&dxHP_equip,RB-dxHP_equip-spltHP-SEER-BA-rDXHP-LRM-LSC-NR,33.58,82.04,43533.74,106347.34,43533.740000000005,5165.49,5228.29,1774.64,457.71,16701.91,0.0,2333.37,0.0,0.0,0.0,0.0,11872.32,0.0,0.0,5165.49,5228.29,0.0,0.0,13440.28,3261.63,0.0,0.0,540.12,48955519.39245891
runs/CZ09/SFm&2&rDXHP&Ex&dxHP_equip/RB-dxHP_equip-spltHP-SEER-BA-rDXHP-NoLRM-40%UC-AOE/instance-out.sql,CZ09,SFm,2,rDXHP,Ex,dxHP_equip,,RB-dxHP_equip-spltHP-SEER-BA-rDXHP-NoLRM-40%UC-AOE,SFm&2&rDXHP&Ex&dxHP_equip,RB-dxHP_equip-spltHP-SEER-BA-rDXHP-NoLRM-40%UC-AOE,37.18,93.44,48196.19,121113.3,48196.19,4578.82,10477.4,1774.64,457.71,16701.91,0.0,2333.37,0.0,0.0,0.0,0.0,11872.32,0.0,0.0,4578.82,10477.4,0.0,0.0,13440.28,3261.63,0.0,0.0,540.12,81409149.53792569
runs/CZ09/SFm&2&rDXHP&Ex&dxHP_equip/RB-dxHP_equip-spltHP-SEER-BA-rDXHP-NoLRM-15%UC-AOE/instance-out.sql,CZ09,SFm,2,rDXHP,Ex,dxHP_equip,,RB-dxHP_equip-spltHP-SEER-BA-rDXHP-NoLRM-15%UC-AOE,SFm&2&rDXHP&Ex&dxHP_equip,RB-dxHP_equip-spltHP-SEER-BA-rDXHP-NoLRM-15%UC-AOE,36.1,90.02,46799.39,116689.65,46799.39,5766.23,7893.2,1774.64,457.71,16701.91,0.0,2333.37,0.0,0.0,0.0,0.0,11872.32,0.0,0.0,5766.23,7893.2,0.0,0.0,13440.28,3261.63,0.0,0.0,540.12,65431815.95719958
runs/CZ09/SFm&2&rDXHP&Ex&dxHP_equip/RB-dxHP_equip-spltHP-SEER-BA-rDXHP-NoLRM-7.5%UC-AOE/instance-out.sql,CZ09,SFm,2,rDXHP,Ex,dxHP_equip,,RB-dxHP_equip-spltHP-SEER-BA-rDXHP-NoLRM-7.5%UC-AOE,SFm&2&rDXHP&Ex&dxHP_equip,RB-dxHP_equip-spltHP-SEER-BA-rDXHP-NoLRM-7.5%UC-AOE,35.78,89.0,46380.35,115362.56,46380.350000000006,6122.45,7117.94,1774.64,457.71,16701.91,0.0,2333.37,0.0,0.0,0.0,0.0,11872.32,0.0,0.0,6122.45,7117.94,0.0,0.0,13440.28,3261.63,0.0,0.0,540.12,60638615.87494473
runs/CZ09/SFm&2&rDXHP&Ex&dxHP_equip/RB-dxHP_equip-spltHP-SEER-BA-rDXHP-NoLRM-22.5%UC-AOE/instance-out.sql,CZ09,SFm,2,rDXHP,Ex,dxHP_equip,,RB-dxHP_equip-spltHP-SEER-BA-rDXHP-NoLRM-22.5%UC-AOE,SFm&2&rDXHP&Ex&dxHP_equip,RB-dxHP_equip-spltHP-SEER-BA-rDXHP-NoLRM-22.5%UC-AOE,36.43,91.05,47218.43,118016.75,47218.43,5410.01,8668.46,1774.64,457.71,16701.91,0.0,2333.37,0.0,0.0,0.0,0.0,11872.32,0.0,0.0,5410.01,8668.46,0.0,0.0,13440.28,3261.63,0.0,0.0,540.12,70225016.04283309
runs/CZ09/SFm&2&rDXHP&Ex&dxHP_equip/RB-dxHP_equip-spltHP-SEER-BA-rDXHP-NoLRM-30%UC-AOE/instance-out.sql,CZ09,SFm,2,rDXHP,Ex,dxHP_equip,,RB-dxHP_equip-spltHP-SEER-BA-rDXHP-NoLRM-30%UC-AOE,SFm&2&rDXHP&Ex&dxHP_equip,RB-dxHP_equip-spltHP-SEER-BA-rDXHP-NoLRM-30%UC-AOE,36.75,92.07,47637.47,119343.84,47637.47,5053.79,9443.72,1774.64,457.71,16701.91,0.0,2333.37,0.0,0.0,0.0,0.0,11872.32,0.0,0.0,5053.79,9443.72,0.0,0.0,13440.28,3261.63,0.0,0.0,540.12,75018216.09659353
