File Name,BldgLoc,BldgType,Story,BldgHVAC,BldgVint,TechGroup,TechType,TechID,Cohort,Case,Net Site EUI,Net Source EUI,Total Energy/Net Site Energy,Total Energy/Net Source Energy,Total,Heating,Cooling,Interior Lighting,Exterior Lighting,Interior Equipment,Exterior Equipment,Fans,Pumps,Heat Rejection,Humidification,Heat Recovery,Water Systems,Refrigeration,Generators,Heating Elec,Cooling Elec,Heating NG,Cooling NG,Interior Equipment Elec,Interior Equipment NG,Unmet Heating,Unmet Cooling,Conditioned Area,Electricity:Facility [J](Hourly)
runs/CZ10/SFm&1&rDXGF&Ex&dxAC_equip/RB-dxAC_equip-spltAC-SEER-BA-rDXGF-LRM-LSC-Correct-0%UC-AOE/instance-out.sql,CZ10,SFm,1,rDXGF,Ex,dxAC_equip,,RB-dxAC_equip-spltAC-SEER-BA-rDXGF-LRM-LSC-Correct-0%UC-AOE,SFm&1&rDXGF&Ex&dxAC_equip,RB-dxAC_equip-spltAC-SEER-BA-rDXGF-LRM-LSC-Correct-0%UC-AOE,38.02,74.06,29243.58,56957.78,29243.579999999998,3296.62,1634.71,1557.5,457.71,10338.53,0.0,207.47,0.0,0.0,0.0,0.0,11751.04,0.0,0.0,0.0,1634.71,3296.62,0.0,8268.27,2070.26,0.0,0.0,270.12,13755463.91396861
runs/CZ10/SFm&1&rDXGF&Ex&dxAC_equip/RB-dxAC_equip-spltAC-SEER-BA-rDXGF-LRM-LSC-Correct-0%UC-NR/instance-out.sql,CZ10,SFm,1,rDXGF,Ex,dxAC_equip,,RB-dxAC_equip-spltAC-SEER-BA-rDXGF-LRM-LSC-Correct-0%UC-NR,SFm&1&rDXGF&Ex&dxAC_equip,RB-dxAC_equip-spltAC-SEER-BA-rDXGF-LRM-LSC-Correct-0%UC-NR,37.81,73.4,29083.76,56451.64,29083.76,3296.62,1474.89,1557.5,457.71,10338.53,0.0,207.47,0.0,0.0,0.0,0.0,11751.04,0.0,0.0,0.0,1474.89,3296.62,0.0,8268.27,2070.26,0.0,0.0,270.12,13075961.958746942
runs/CZ10/SFm&1&rDXGF&Ex&dxAC_equip/RB-dxAC_equip-spltAC-SEER-BA-rDXGF-LRM-LSC-Correct-15%UC-AOE/instance-out.sql,CZ10,SFm,1,rDXGF,Ex,dxAC_equip,,RB-dxAC_equip-spltAC-SEER-BA-rDXGF-LRM-LSC-Correct-15%UC-AOE,SFm&1&rDXGF&Ex&dxAC_equip,RB-dxAC_equip-spltAC-SEER-BA-rDXGF-LRM-LSC-Correct-15%UC-AOE,37.62,72.77,28931.2,55968.46,28931.19,3296.62,1322.32,1557.5,457.71,10338.53,0.0,207.47,0.0,0.0,0.0,0.0,11751.04,0.0,0.0,0.0,1322.32,3296.62,0.0,8268.27,2070.26,0.0,0.0,270.12,12427289.869889863
runs/CZ10/SFm&1&rDXGF&Ex&dxAC_equip/RB-dxAC_equip-spltAC-SEER-BA-rDXGF-LRM-LSC-Correct-7.5%UC-AOE/instance-out.sql,CZ10,SFm,1,rDXGF,Ex,dxAC_equip,,RB-dxAC_equip-spltAC-SEER-BA-rDXGF-LRM-LSC-Correct-7.5%UC-AOE,SFm&1&rDXGF&Ex&dxAC_equip,RB-dxAC_equip-spltAC-SEER-BA-rDXGF-LRM-LSC-Correct-7.5%UC-AOE,37.93,73.76,29172.73,56733.4,29172.729999999996,3296.62,1563.86,1557.5,457.71,10338.53,0.0,207.47,0.0,0.0,0.0,0.0,11751.04,0.0,0.0,0.0,1563.86,3296.62,0.0,8268.27,2070.26,0.0,0.0,270.12,13454228.562951516
runs/CZ10/SFm&1&rDXGF&Ex&dxAC_equip/RB-dxAC_equip-spltAC-SEER-BA-rDXGF-LRM-LSC-Correct-40%UC-AOE/instance-out.sql,CZ10,SFm,1,rDXGF,Ex,dxAC_equip,,RB-dxAC_equip-spltAC-SEER-BA-rDXGF-LRM-LSC-Correct-40%UC-AOE,SFm&1&rDXGF&Ex&dxAC_equip,RB-dxAC_equip-spltAC-SEER-BA-rDXGF-LRM-LSC-Correct-40%UC-AOE,36.57,69.45,28126.08,53418.67,28126.079999999998,3296.62,517.21,1557.5,457.71,10338.53,0.0,207.47,0.0,0.0,0.0,0.0,11751.04,0.0,0.0,0.0,517.21,3296.62,0.0,8268.27,2070.26,0.0,0.0,270.12,9004160.891191566
runs/CZ10/SFm&1&rDXHP&Ex&dxHP_equip/RB-dxHP_equip-spltHP-SEER-BA-rDXHP-LRM-LSC-Correct-0%UC-AOE/instance-out.sql,CZ10,SFm,1,rDXHP,Ex,dxHP_equip,,RB-dxHP_equip-spltHP-SEER-BA-rDXHP-LRM-LSC-Correct-0%UC-AOE,SFm&1&rDXHP&Ex&dxHP_equip,RB-dxHP_equip-spltHP-SEER-BA-rDXHP-LRM-LSC-Correct-0%UC-AOE,36.07,76.81,27745.2,59079.93,27745.19,1767.06,1634.73,1557.5,457.71,10338.53,0.0,238.95,0.0,0.0,0.0,0.0,11750.72,0.0,0.0,1767.06,1634.73,0.0,0.0,8268.27,2070.26,0.0,0.0,270.12,13755506.400320925
runs/CZ10/SFm&1&rDXGF&Ex&dxAC_equip/RB-dxAC_equip-spltAC-SEER-BA-rDXGF-NoLRM-AOE/instance-out.sql,CZ10,SFm,1,rDXGF,Ex,dxAC_equip,,RB-dxAC_equip-spltAC-SEER-BA-rDXGF-NoLRM-AOE,SFm&1&rDXGF&Ex&dxAC_equip,RB-dxAC_equip-spltAC-SEER-BA-rDXGF-NoLRM-AOE,38.24,74.76,29414.26,57498.34,29414.26,3296.62,1805.39,1557.5,457.71,10338.53,0.0,207.47,0.0,0.0,0.0,0.0,11751.04,0.0,0.0,0.0,1805.39,3296.62,0.0,8268.27,2070.26,0.0,0.0,270.12,14481167.256469924
runs/CZ10/SFm&1&rDXGF&Ex&dxAC_equip/RB-dxAC_equip-spltAC-SEER-BA-rDXGF-LRM-LSC-Correct-22.5%UC-AOE/instance-out.sql,CZ10,SFm,1,rDXGF,Ex,dxAC_equip,,RB-dxAC_equip-spltAC-SEER-BA-rDXGF-LRM-LSC-Correct-22.5%UC-AOE,SFm&1&rDXGF&Ex&dxAC_equip,RB-dxAC_equip-spltAC-SEER-BA-rDXGF-LRM-LSC-Correct-22.5%UC-AOE,37.3,71.77,28689.66,55203.52,28689.659999999996,3296.62,1080.79,1557.5,457.71,10338.53,0.0,207.47,0.0,0.0,0.0,0.0,11751.04,0.0,0.0,0.0,1080.79,3296.62,0.0,8268.27,2070.26,0.0,0.0,270.12,11400351.175967883
runs/CZ10/SFm&1&rDXGF&Ex&dxAC_equip/RB-dxAC_equip-spltAC-SEER-BA-rDXGF-LRM-LSC-Correct-30%UC-AOE/instance-out.sql,CZ10,SFm,1,rDXGF,Ex,dxAC_equip,,RB-dxAC_equip-spltAC-SEER-BA-rDXGF-LRM-LSC-Correct-30%UC-AOE,SFm&1&rDXGF&Ex&dxAC_equip,RB-dxAC_equip-spltAC-SEER-BA-rDXGF-LRM-LSC-Correct-30%UC-AOE,36.99,70.78,28448.13,54438.58,28448.12,3296.62,839.25,1557.5,457.71,10338.53,0.0,207.47,0.0,0.0,0.0,0.0,11751.04,0.0,0.0,0.0,839.25,3296.62,0.0,8268.27,2070.26,0.0,0.0,270.12,10373412.482520346
runs/CZ10/SFm&1&rDXHP&Ex&dxHP_equip/RB-dxHP_equip-spltHP-SEER-BA-rDXHP-LRM-LSC-Correct-0%UC-NR/instance-out.sql,CZ10,SFm,1,rDXHP,Ex,dxHP_equip,,RB-dxHP_equip-spltHP-SEER-BA-rDXHP-LRM-LSC-Correct-0%UC-NR,SFm&1&rDXHP&Ex&dxHP_equip,RB-dxHP_equip-spltHP-SEER-BA-rDXHP-LRM-LSC-Correct-0%UC-NR,35.42,74.74,27242.56,57488.08,27242.559999999998,1424.24,1474.91,1557.5,457.71,10338.53,0.0,238.95,0.0,0.0,0.0,0.0,11750.72,0.0,0.0,1424.24,1474.91,0.0,0.0,8268.27,2070.26,0.0,0.0,270.12,13076000.650614891
runs/CZ10/SFm&1&rDXHP&Ex&dxHP_equip/RB-dxHP_equip-spltHP-SEER-BA-rDXHP-LRM-LSC-Correct-22.5%UC-AOE/instance-out.sql,CZ10,SFm,1,rDXHP,Ex,dxHP_equip,,RB-dxHP_equip-spltHP-SEER-BA-rDXHP-LRM-LSC-Correct-22.5%UC-AOE,SFm&1&rDXHP&Ex&dxHP_equip,RB-dxHP_equip-spltHP-SEER-BA-rDXHP-LRM-LSC-Correct-22.5%UC-AOE,35.06,73.62,26969.26,56622.54,26969.260000000002,1545.05,1080.8,1557.5,457.71,10338.53,0.0,238.95,0.0,0.0,0.0,0.0,11750.72,0.0,0.0,1545.05,1080.8,0.0,0.0,8268.27,2070.26,0.0,0.0,270.12,11400380.510866553
runs/CZ10/SFm&1&rDXHP&Ex&dxHP_equip/RB-dxHP_equip-spltHP-SEER-BA-rDXHP-LRM-LSC-Correct-0%UC-NC/instance-out.sql,CZ10,SFm,1,rDXHP,Ex,dxHP_equip,,RB-dxHP_equip-spltHP-SEER-BA-rDXHP-LRM-LSC-Correct-0%UC-NC,SFm&1&rDXHP&Ex&dxHP_equip,RB-dxHP_equip-spltHP-SEER-BA-rDXHP-LRM-LSC-Correct-0%UC-NC,35.42,74.74,27242.56,57488.08,27242.559999999998,1424.24,1474.91,1557.5,457.71,10338.53,0.0,238.95,0.0,0.0,0.0,0.0,11750.72,0.0,0.0,1424.24,1474.91,0.0,0.0,8268.27,2070.26,0.0,0.0,270.12,13076000.650614891
runs/CZ10/SFm&1&rDXGF&Ex&dxAC_equip/RB-dxAC_equip-spltAC-SEER-BA-rDXGF-NoLRM-NR/instance-out.sql,CZ10,SFm,1,rDXGF,Ex,dxAC_equip,,RB-dxAC_equip-spltAC-SEER-BA-rDXGF-NoLRM-NR,SFm&1&rDXGF&Ex&dxAC_equip,RB-dxAC_equip-spltAC-SEER-BA-rDXGF-NoLRM-NR,38.01,74.03,29237.76,56939.35,29237.76,3296.62,1628.88,1557.5,457.71,10338.53,0.0,207.47,0.0,0.0,0.0,0.0,11751.04,0.0,0.0,0.0,1628.88,3296.62,0.0,8268.27,2070.26,0.0,0.0,270.12,13730716.650798595
runs/CZ10/SFm&1&rDXHP&Ex&dxHP_equip/RB-dxHP_equip-spltHP-SEER-BA-rDXHP-LRM-LSC-Correct-30%UC-AOE/instance-out.sql,CZ10,SFm,1,rDXHP,Ex,dxHP_equip,,RB-dxHP_equip-spltHP-SEER-BA-rDXHP-LRM-LSC-Correct-30%UC-AOE,SFm&1&rDXHP&Ex&dxHP_equip,RB-dxHP_equip-spltHP-SEER-BA-rDXHP-LRM-LSC-Correct-30%UC-AOE,34.62,72.23,26630.92,55551.01,26630.91,1448.24,839.26,1557.5,457.71,10338.53,0.0,238.95,0.0,0.0,0.0,0.0,11750.72,0.0,0.0,1448.24,839.26,0.0,0.0,8268.27,2070.26,0.0,0.0,270.12,10373436.082773533
runs/CZ10/SFm&1&rDXHP&Ex&dxHP_equip/RB-dxHP_equip-spltHP-SEER-BA-rDXHP-LRM-LSC-Correct-15%UC-AOE/instance-out.sql,CZ10,SFm,1,rDXHP,Ex,dxHP_equip,,RB-dxHP_equip-spltHP-SEER-BA-rDXHP-LRM-LSC-Correct-15%UC-AOE,SFm&1&rDXHP&Ex&dxHP_equip,RB-dxHP_equip-spltHP-SEER-BA-rDXHP-LRM-LSC-Correct-15%UC-AOE,35.5,75.01,27307.61,57694.08,27307.6,1641.86,1322.34,1557.5,457.71,10338.53,0.0,238.95,0.0,0.0,0.0,0.0,11750.72,0.0,0.0,1641.86,1322.34,0.0,0.0,8268.27,2070.26,0.0,0.0,270.12,12427324.939434018
runs/CZ10/SFm&1&rDXHP&Ex&dxHP_equip/RB-dxHP_equip-spltHP-SEER-BA-rDXHP-LRM-LSC-Correct-40%UC-AOE/instance-out.sql,CZ10,SFm,1,rDXHP,Ex,dxHP_equip,,RB-dxHP_equip-spltHP-SEER-BA-rDXHP-LRM-LSC-Correct-40%UC-AOE,SFm&1&rDXHP&Ex&dxHP_equip,RB-dxHP_equip-spltHP-SEER-BA-rDXHP-LRM-LSC-Correct-40%UC-AOE,34.04,70.37,26179.79,54122.3,26179.79,1319.17,517.21,1557.5,457.71,10338.53,0.0,238.95,0.0,0.0,0.0,0.0,11750.72,0.0,0.0,1319.17,517.21,0.0,0.0,8268.27,2070.26,0.0,0.0,270.12,9004176.845250774
runs/CZ10/SFm&1&rDXHP&Ex&dxHP_equip/RB-dxHP_equip-spltHP-SEER-BA-rDXHP-LRM-LSC-Correct-7.5%UC-AOE/instance-out.sql,CZ10,SFm,1,rDXHP,Ex,dxHP_equip,,RB-dxHP_equip-spltHP-SEER-BA-rDXHP-LRM-LSC-Correct-7.5%UC-AOE,SFm&1&rDXHP&Ex&dxHP_equip,RB-dxHP_equip-spltHP-SEER-BA-rDXHP-LRM-LSC-Correct-7.5%UC-AOE,35.94,76.41,27645.95,58765.61,27645.94,1738.66,1563.87,1557.5,457.71,10338.53,0.0,238.95,0.0,0.0,0.0,0.0,11750.72,0.0,0.0,1738.66,1563.87,0.0,0.0,8268.27,2070.26,0.0,0.0,270.12,13454269.36714115
runs/CZ10/SFm&1&rDXHP&Ex&dxHP_equip/RB-dxHP_equip-spltHP-SEER-BA-rDXHP-NoLRM-NC/instance-out.sql,CZ10,SFm,1,rDXHP,Ex,dxHP_equip,,RB-dxHP_equip-spltHP-SEER-BA-rDXHP-NoLRM-NC,SFm&1&rDXHP&Ex&dxHP_equip,RB-dxHP_equip-spltHP-SEER-BA-rDXHP-NoLRM-NC,35.69,75.6,27450.91,58147.94,27450.91,1478.6,1628.9,1557.5,457.71,10338.53,0.0,238.95,0.0,0.0,0.0,0.0,11750.72,0.0,0.0,1478.6,1628.9,0.0,0.0,8268.27,2070.26,0.0,0.0,270.12,13730758.998956898
runs/CZ10/SFm&2&rDXGF&Ex&dxAC_equip/RB-dxAC_equip-spltAC-SEER-BA-rDXGF-LRM-LSC-Correct-15%UC-AOE/instance-out.sql,CZ10,SFm,2,rDXGF,Ex,dxAC_equip,,RB-dxAC_equip-spltAC-SEER-BA-rDXGF-LRM-LSC-Correct-15%UC-AOE,SFm&2&rDXGF&Ex&dxAC_equip,RB-dxAC_equip-spltAC-SEER-BA-rDXGF-LRM-LSC-Correct-15%UC-AOE,51.14,103.21,45569.35,91974.83,45569.35,10135.74,3885.95,1774.64,457.71,16701.91,0.0,881.96,0.0,0.0,0.0,0.0,11731.43,0.0,0.0,0.0,3885.95,10135.74,0.0,13440.28,3261.63,0.0,0.0,540.12,26045475.890889272
runs/CZ10/SFm&2&rDXGF&Ex&dxAC_equip/RB-dxAC_equip-spltAC-SEER-BA-rDXGF-LRM-LSC-Correct-22.5%UC-AOE/instance-out.sql,CZ10,SFm,2,rDXGF,Ex,dxAC_equip,,RB-dxAC_equip-spltAC-SEER-BA-rDXGF-LRM-LSC-Correct-22.5%UC-AOE,SFm&2&rDXGF&Ex&dxAC_equip,RB-dxAC_equip-spltAC-SEER-BA-rDXGF-LRM-LSC-Correct-22.5%UC-AOE,50.34,100.69,44859.54,89726.88,44859.54,10135.74,3176.15,1774.64,457.71,16701.91,0.0,881.96,0.0,0.0,0.0,0.0,11731.43,0.0,0.0,0.0,3176.15,10135.74,0.0,13440.28,3261.63,0.0,0.0,540.12,23395208.319077894
runs/CZ10/SFm&2&rDXHP&Ex&dxHP_equip/RB-dxHP_equip-spltHP-SEER-BA-rDXHP-LRM-LSC-Correct-0%UC-NC/instance-out.sql,CZ10,SFm,2,rDXHP,Ex,dxHP_equip,,RB-dxHP_equip-spltHP-SEER-BA-rDXHP-LRM-LSC-Correct-0%UC-NC,SFm&2&rDXHP&Ex&dxHP_equip,RB-dxHP_equip-spltHP-SEER-BA-rDXHP-LRM-LSC-Correct-0%UC-NC,44.47,105.79,39628.32,94272.74,39628.32,3626.18,4334.18,1774.64,457.71,16701.91,0.0,1002.45,0.0,0.0,0.0,0.0,11731.24,0.0,0.0,3626.18,4334.18,0.0,0.0,13440.28,3261.63,0.0,0.0,540.12,27719533.14332525
runs/CZ10/SFm&2&rDXGF&Ex&dxAC_equip/RB-dxAC_equip-spltAC-SEER-BA-rDXGF-LRM-LSC-Correct-30%UC-AOE/instance-out.sql,CZ10,SFm,2,rDXGF,Ex,dxAC_equip,,RB-dxAC_equip-spltAC-SEER-BA-rDXGF-LRM-LSC-Correct-30%UC-AOE,SFm&2&rDXGF&Ex&dxAC_equip,RB-dxAC_equip-spltAC-SEER-BA-rDXGF-LRM-LSC-Correct-30%UC-AOE,49.54,98.17,44149.74,87478.93,44149.74,10135.74,2466.34,1774.64,457.71,16701.91,0.0,881.96,0.0,0.0,0.0,0.0,11731.43,0.0,0.0,0.0,2466.34,10135.74,0.0,13440.28,3261.63,0.0,0.0,540.12,20744940.748490937
runs/CZ10/SFm&2&rDXHP&Ex&dxHP_equip/RB-dxHP_equip-spltHP-SEER-BA-rDXHP-LRM-LSC-Correct-0%UC-AOE/instance-out.sql,CZ10,SFm,2,rDXHP,Ex,dxHP_equip,,RB-dxHP_equip-spltHP-SEER-BA-rDXHP-LRM-LSC-Correct-0%UC-AOE,SFm&2&rDXHP&Ex&dxHP_equip,RB-dxHP_equip-spltHP-SEER-BA-rDXHP-LRM-LSC-Correct-0%UC-AOE,46.02,110.7,41009.58,98647.2,41009.58,4537.8,4803.82,1774.64,457.71,16701.91,0.0,1002.45,0.0,0.0,0.0,0.0,11731.24,0.0,0.0,4537.8,4803.82,0.0,0.0,13440.28,3261.63,0.0,0.0,540.12,29473154.831623532
runs/CZ10/SFm&1&rDXHP&Ex&dxHP_equip/RB-dxHP_equip-spltHP-SEER-BA-rDXHP-NoLRM-NR/instance-out.sql,CZ10,SFm,1,rDXHP,Ex,dxHP_equip,,RB-dxHP_equip-spltHP-SEER-BA-rDXHP-NoLRM-NR,SFm&1&rDXHP&Ex&dxHP_equip,RB-dxHP_equip-spltHP-SEER-BA-rDXHP-NoLRM-NR,35.69,75.6,27450.91,58147.94,27450.91,1478.6,1628.9,1557.5,457.71,10338.53,0.0,238.95,0.0,0.0,0.0,0.0,11750.72,0.0,0.0,1478.6,1628.9,0.0,0.0,8268.27,2070.26,0.0,0.0,270.12,13730758.998956898
runs/CZ10/SFm&2&rDXGF&Ex&dxAC_equip/RB-dxAC_equip-spltAC-SEER-BA-rDXGF-LRM-LSC-Correct-0%UC-AOE/instance-out.sql,CZ10,SFm,2,rDXGF,Ex,dxAC_equip,,RB-dxAC_equip-spltAC-SEER-BA-rDXGF-LRM-LSC-Correct-0%UC-AOE,SFm&2&rDXGF&Ex&dxAC_equip,RB-dxAC_equip-spltAC-SEER-BA-rDXGF-LRM-LSC-Correct-0%UC-AOE,52.17,106.47,46487.36,94882.18,46487.36,10135.74,4803.96,1774.64,457.71,16701.91,0.0,881.96,0.0,0.0,0.0,0.0,11731.43,0.0,0.0,0.0,4803.96,10135.74,0.0,13440.28,3261.63,0.0,0.0,540.12,29473155.283609588
runs/CZ10/SFm&2&rDXGF&Ex&dxAC_equip/RB-dxAC_equip-spltAC-SEER-BA-rDXGF-LRM-LSC-Correct-0%UC-NR/instance-out.sql,CZ10,SFm,2,rDXGF,Ex,dxAC_equip,,RB-dxAC_equip-spltAC-SEER-BA-rDXGF-LRM-LSC-Correct-0%UC-NR,SFm&2&rDXGF&Ex&dxAC_equip,RB-dxAC_equip-spltAC-SEER-BA-rDXGF-LRM-LSC-Correct-0%UC-NR,51.64,104.8,46017.7,93394.76,46017.7,10135.74,4334.3,1774.64,457.71,16701.91,0.0,881.96,0.0,0.0,0.0,0.0,11731.43,0.0,0.0,0.0,4334.3,10135.74,0.0,13440.28,3261.63,0.0,0.0,540.12,27719533.565424304
runs/CZ10/SFm&2&rDXHP&Ex&dxHP_equip/RB-dxHP_equip-spltHP-SEER-BA-rDXHP-NoLRM-NC/instance-out.sql,CZ10,SFm,2,rDXHP,Ex,dxHP_equip,,RB-dxHP_equip-spltHP-SEER-BA-rDXHP-NoLRM-NC,SFm&2&rDXHP&Ex&dxHP_equip,RB-dxHP_equip-spltHP-SEER-BA-rDXHP-NoLRM-NC,45.14,107.91,40225.4,96163.72,40225.41,3770.73,4786.72,1774.64,457.71,16701.91,0.0,1002.45,0.0,0.0,0.0,0.0,11731.24,0.0,0.0,3770.73,4786.72,0.0,0.0,13440.28,3261.63,0.0,0.0,540.12,29409288.440824397
runs/CZ10/SFm&1&rDXHP&Ex&dxHP_equip/RB-dxHP_equip-spltHP-SEER-BA-rDXHP-NoLRM-AOE/instance-out.sql,CZ10,SFm,1,rDXHP,Ex,dxHP_equip,,RB-dxHP_equip-spltHP-SEER-BA-rDXHP-NoLRM-AOE,SFm&1&rDXHP&Ex&dxHP_equip,RB-dxHP_equip-spltHP-SEER-BA-rDXHP-NoLRM-AOE,36.38,77.8,27984.29,59837.14,27984.29,1835.47,1805.41,1557.5,457.71,10338.53,0.0,238.95,0.0,0.0,0.0,0.0,11750.72,0.0,0.0,1835.47,1805.41,0.0,0.0,8268.27,2070.26,0.0,0.0,270.12,14481213.795305043
runs/CZ11/SFm&1&rDXGF&Ex&dxAC_equip/RB-dxAC_equip-spltAC-SEER-BA-rDXGF-LRM-LSC-Correct-0%UC-AOE/instance-out.sql,CZ11,SFm,1,rDXGF,Ex,dxAC_equip,,RB-dxAC_equip-spltAC-SEER-BA-rDXGF-LRM-LSC-Correct-0%UC-AOE,SFm&1&rDXGF&Ex&dxAC_equip,RB-dxAC_equip-spltAC-SEER-BA-rDXGF-LRM-LSC-Correct-0%UC-AOE,46.32,86.67,35625.94,66661.88,35625.94,8244.57,2754.83,1557.5,457.71,10338.53,0.0,424.66,0.0,0.0,0.0,0.0,11848.13,0.0,0.0,0.0,2754.83,8244.57,0.0,8268.27,2070.26,0.0,0.0,270.12,18041525.26248009
runs/CZ11/SFm&1&rDXGF&Ex&dxAC_equip/RB-dxAC_equip-spltAC-SEER-BA-rDXGF-LRM-LSC-Correct-15%UC-AOE/instance-out.sql,CZ11,SFm,1,rDXGF,Ex,dxAC_equip,,RB-dxAC_equip-spltAC-SEER-BA-rDXGF-LRM-LSC-Correct-15%UC-AOE,SFm&1&rDXGF&Ex&dxAC_equip,RB-dxAC_equip-spltAC-SEER-BA-rDXGF-LRM-LSC-Correct-15%UC-AOE,45.64,84.5,35099.5,64994.66,35099.5,8244.57,2228.4,1557.5,457.71,10338.53,0.0,424.66,0.0,0.0,0.0,0.0,11848.13,0.0,0.0,0.0,2228.4,8244.57,0.0,8268.27,2070.26,0.0,0.0,270.12,15987750.081925686
runs/CZ10/SFm&2&rDXGF&Ex&dxAC_equip/RB-dxAC_equip-spltAC-SEER-BA-rDXGF-LRM-LSC-Correct-40%UC-AOE/instance-out.sql,CZ10,SFm,2,rDXGF,Ex,dxAC_equip,,RB-dxAC_equip-spltAC-SEER-BA-rDXGF-LRM-LSC-Correct-40%UC-AOE,SFm&2&rDXGF&Ex&dxAC_equip,RB-dxAC_equip-spltAC-SEER-BA-rDXGF-LRM-LSC-Correct-40%UC-AOE,48.48,94.8,43203.33,84481.66,43203.33,10135.74,1519.94,1774.64,457.71,16701.91,0.0,881.96,0.0,0.0,0.0,0.0,11731.43,0.0,0.0,0.0,1519.94,10135.74,0.0,13440.28,3261.63,0.0,0.0,540.12,17211250.65420621
runs/CZ10/SFm&2&rDXHP&Ex&dxHP_equip/RB-dxHP_equip-spltHP-SEER-BA-rDXHP-LRM-LSC-Correct-30%UC-AOE/instance-out.sql,CZ10,SFm,2,rDXHP,Ex,dxHP_equip,,RB-dxHP_equip-spltHP-SEER-BA-rDXHP-LRM-LSC-Correct-30%UC-AOE,SFm&2&rDXHP&Ex&dxHP_equip,RB-dxHP_equip-spltHP-SEER-BA-rDXHP-LRM-LSC-Correct-30%UC-AOE,42.44,99.38,37824.23,88559.21,37824.24,3690.01,2466.27,1774.64,457.71,16701.91,0.0,1002.45,0.0,0.0,0.0,0.0,11731.24,0.0,0.0,3690.01,2466.27,0.0,0.0,13440.28,3261.63,0.0,0.0,540.12,20744940.44525998
runs/CZ10/SFm&2&rDXHP&Ex&dxHP_equip/RB-dxHP_equip-spltHP-SEER-BA-rDXHP-LRM-LSC-Correct-40%UC-AOE/instance-out.sql,CZ10,SFm,2,rDXHP,Ex,dxHP_equip,,RB-dxHP_equip-spltHP-SEER-BA-rDXHP-LRM-LSC-Correct-40%UC-AOE,SFm&2&rDXHP&Ex&dxHP_equip,RB-dxHP_equip-spltHP-SEER-BA-rDXHP-LRM-LSC-Correct-40%UC-AOE,41.0,94.79,36534.62,84475.01,36534.63,3346.77,1519.89,1774.64,457.71,16701.91,0.0,1002.45,0.0,0.0,0.0,0.0,11731.24,0.0,0.0,3346.77,1519.89,0.0,0.0,13440.28,3261.63,0.0,0.0,540.12,17211250.411199994
runs/CZ10/SFm&2&rDXGF&Ex&dxAC_equip/RB-dxAC_equip-spltAC-SEER-BA-rDXGF-NoLRM-AOE/instance-out.sql,CZ10,SFm,2,rDXGF,Ex,dxAC_equip,,RB-dxAC_equip-spltAC-SEER-BA-rDXGF-NoLRM-AOE,SFm&2&rDXGF&Ex&dxAC_equip,RB-dxAC_equip-spltAC-SEER-BA-rDXGF-NoLRM-AOE,52.73,108.26,46988.95,96470.73,46988.95,10135.74,5305.56,1774.64,457.71,16701.91,0.0,881.96,0.0,0.0,0.0,0.0,11731.43,0.0,0.0,0.0,5305.56,10135.74,0.0,13440.28,3261.63,0.0,0.0,540.12,31346011.031250235
runs/CZ10/SFm&2&rDXHP&Ex&dxHP_equip/RB-dxHP_equip-spltHP-SEER-BA-rDXHP-NoLRM-AOE/instance-out.sql,CZ10,SFm,2,rDXHP,Ex,dxHP_equip,,RB-dxHP_equip-spltHP-SEER-BA-rDXHP-NoLRM-AOE,SFm&2&rDXHP&Ex&dxHP_equip,RB-dxHP_equip-spltHP-SEER-BA-rDXHP-NoLRM-AOE,46.79,113.13,41693.08,100811.83,41693.08,4719.71,5305.4,1774.64,457.71,16701.91,0.0,1002.45,0.0,0.0,0.0,0.0,11731.24,0.0,0.0,4719.71,5305.4,0.0,0.0,13440.28,3261.63,0.0,0.0,540.12,31346010.54734506
runs/CZ11/SFm&1&rDXGF&Ex&dxAC_equip/RB-dxAC_equip-spltAC-SEER-BA-rDXGF-LRM-LSC-Correct-30%UC-AOE/instance-out.sql,CZ11,SFm,1,rDXGF,Ex,dxAC_equip,,RB-dxAC_equip-spltAC-SEER-BA-rDXGF-LRM-LSC-Correct-30%UC-AOE,SFm&1&rDXGF&Ex&dxAC_equip,RB-dxAC_equip-spltAC-SEER-BA-rDXGF-LRM-LSC-Correct-30%UC-AOE,44.58,81.15,34285.43,62416.49,34285.43,8244.57,1414.32,1557.5,457.71,10338.53,0.0,424.66,0.0,0.0,0.0,0.0,11848.13,0.0,0.0,0.0,1414.32,8244.57,0.0,8268.27,2070.26,0.0,0.0,270.12,12811809.08165771
runs/CZ10/SFm&2&rDXGF&Ex&dxAC_equip/RB-dxAC_equip-spltAC-SEER-BA-rDXGF-NoLRM-NR/instance-out.sql,CZ10,SFm,2,rDXGF,Ex,dxAC_equip,,RB-dxAC_equip-spltAC-SEER-BA-rDXGF-NoLRM-NR,SFm&2&rDXGF&Ex&dxAC_equip,RB-dxAC_equip-spltAC-SEER-BA-rDXGF-NoLRM-NR,52.15,106.41,46470.26,94828.01,46470.25,10135.74,4786.86,1774.64,457.71,16701.91,0.0,881.96,0.0,0.0,0.0,0.0,11731.43,0.0,0.0,0.0,4786.86,10135.74,0.0,13440.28,3261.63,0.0,0.0,540.12,29409288.89172198
runs/CZ10/SFm&2&rDXHP&Ex&dxHP_equip/RB-dxHP_equip-spltHP-SEER-BA-rDXHP-NoLRM-NR/instance-out.sql,CZ10,SFm,2,rDXHP,Ex,dxHP_equip,,RB-dxHP_equip-spltHP-SEER-BA-rDXHP-NoLRM-NR,SFm&2&rDXHP&Ex&dxHP_equip,RB-dxHP_equip-spltHP-SEER-BA-rDXHP-NoLRM-NR,45.14,107.91,40225.4,96163.72,40225.41,3770.73,4786.72,1774.64,457.71,16701.91,0.0,1002.45,0.0,0.0,0.0,0.0,11731.24,0.0,0.0,3770.73,4786.72,0.0,0.0,13440.28,3261.63,0.0,0.0,540.12,29409288.440824397
runs/CZ11/SFm&1&rDXGF&Ex&dxAC_equip/RB-dxAC_equip-spltAC-SEER-BA-rDXGF-LRM-LSC-Correct-40%UC-AOE/instance-out.sql,CZ11,SFm,1,rDXGF,Ex,dxAC_equip,,RB-dxAC_equip-spltAC-SEER-BA-rDXGF-LRM-LSC-Correct-40%UC-AOE,SFm&1&rDXGF&Ex&dxAC_equip,RB-dxAC_equip-spltAC-SEER-BA-rDXGF-LRM-LSC-Correct-40%UC-AOE,43.87,78.92,33742.71,60697.71,33742.71,8244.57,871.61,1557.5,457.71,10338.53,0.0,424.66,0.0,0.0,0.0,0.0,11848.13,0.0,0.0,0.0,871.61,8244.57,0.0,8268.27,2070.26,0.0,0.0,270.12,10694515.081867017
runs/CZ10/SFm&2&rDXHP&Ex&dxHP_equip/RB-dxHP_equip-spltHP-SEER-BA-rDXHP-LRM-LSC-Correct-15%UC-AOE/instance-out.sql,CZ10,SFm,2,rDXHP,Ex,dxHP_equip,,RB-dxHP_equip-spltHP-SEER-BA-rDXHP-LRM-LSC-Correct-15%UC-AOE,SFm&2&rDXHP&Ex&dxHP_equip,RB-dxHP_equip-spltHP-SEER-BA-rDXHP-LRM-LSC-Correct-15%UC-AOE,44.62,106.25,39758.66,94685.52,39758.66,4204.86,3885.84,1774.64,457.71,16701.91,0.0,1002.45,0.0,0.0,0.0,0.0,11731.24,0.0,0.0,4204.86,3885.84,0.0,0.0,13440.28,3261.63,0.0,0.0,540.12,26045475.49732121
runs/CZ11/SFm&1&rDXGF&Ex&dxAC_equip/RB-dxAC_equip-spltAC-SEER-BA-rDXGF-LRM-LSC-Correct-22.5%UC-AOE/instance-out.sql,CZ11,SFm,1,rDXGF,Ex,dxAC_equip,,RB-dxAC_equip-spltAC-SEER-BA-rDXGF-LRM-LSC-Correct-22.5%UC-AOE,SFm&1&rDXGF&Ex&dxAC_equip,RB-dxAC_equip-spltAC-SEER-BA-rDXGF-LRM-LSC-Correct-22.5%UC-AOE,45.11,82.83,34692.47,63705.58,34692.47,8244.57,1821.36,1557.5,457.71,10338.53,0.0,424.66,0.0,0.0,0.0,0.0,11848.13,0.0,0.0,0.0,1821.36,8244.57,0.0,8268.27,2070.26,0.0,0.0,270.12,14399779.58142488
runs/CZ10/SFm&2&rDXHP&Ex&dxHP_equip/RB-dxHP_equip-spltHP-SEER-BA-rDXHP-LRM-LSC-Correct-22.5%UC-AOE/instance-out.sql,CZ10,SFm,2,rDXHP,Ex,dxHP_equip,,RB-dxHP_equip-spltHP-SEER-BA-rDXHP-LRM-LSC-Correct-22.5%UC-AOE,SFm&2&rDXHP&Ex&dxHP_equip,RB-dxHP_equip-spltHP-SEER-BA-rDXHP-LRM-LSC-Correct-22.5%UC-AOE,43.53,102.82,38791.44,91622.37,38791.450000000004,3947.43,3176.05,1774.64,457.71,16701.91,0.0,1002.45,0.0,0.0,0.0,0.0,11731.24,0.0,0.0,3947.43,3176.05,0.0,0.0,13440.28,3261.63,0.0,0.0,540.12,23395207.97067839
runs/CZ11/SFm&1&rDXGF&Ex&dxAC_equip/RB-dxAC_equip-spltAC-SEER-BA-rDXGF-LRM-LSC-Correct-7.5%UC-AOE/instance-out.sql,CZ11,SFm,1,rDXGF,Ex,dxAC_equip,,RB-dxAC_equip-spltAC-SEER-BA-rDXGF-LRM-LSC-Correct-7.5%UC-AOE,SFm&1&rDXGF&Ex&dxAC_equip,RB-dxAC_equip-spltAC-SEER-BA-rDXGF-LRM-LSC-Correct-7.5%UC-AOE,46.16,86.18,35506.54,66283.75,35506.54,8244.57,2635.44,1557.5,457.71,10338.53,0.0,424.66,0.0,0.0,0.0,0.0,11848.13,0.0,0.0,0.0,2635.44,8244.57,0.0,8268.27,2070.26,0.0,0.0,270.12,17575720.58109617
runs/CZ11/SFm&1&rDXHP&Ex&dxHP_equip/RB-dxHP_equip-spltHP-SEER-BA-rDXHP-LRM-LSC-Correct-0%UC-NC/instance-out.sql,CZ11,SFm,1,rDXHP,Ex,dxHP_equip,,RB-dxHP_equip-spltHP-SEER-BA-rDXHP-LRM-LSC-Correct-0%UC-NC,SFm&1&rDXHP&Ex&dxHP_equip,RB-dxHP_equip-spltHP-SEER-BA-rDXHP-LRM-LSC-Correct-0%UC-NC,39.85,88.5,30647.59,68069.38,30647.59,3446.27,2485.51,1557.5,457.71,10338.53,0.0,514.17,0.0,0.0,0.0,0.0,11847.9,0.0,0.0,3446.27,2485.51,0.0,0.0,8268.27,2070.26,0.0,0.0,270.12,16990843.36973121
runs/CZ10/SFm&2&rDXGF&Ex&dxAC_equip/RB-dxAC_equip-spltAC-SEER-BA-rDXGF-LRM-LSC-Correct-7.5%UC-AOE/instance-out.sql,CZ10,SFm,2,rDXGF,Ex,dxAC_equip,,RB-dxAC_equip-spltAC-SEER-BA-rDXGF-LRM-LSC-Correct-7.5%UC-AOE,SFm&2&rDXGF&Ex&dxAC_equip,RB-dxAC_equip-spltAC-SEER-BA-rDXGF-LRM-LSC-Correct-7.5%UC-AOE,51.93,105.73,46279.15,94222.78,46279.149999999994,10135.74,4595.75,1774.64,457.71,16701.91,0.0,881.96,0.0,0.0,0.0,0.0,11731.43,0.0,0.0,0.0,4595.75,10135.74,0.0,13440.28,3261.63,0.0,0.0,540.12,28695743.46048037
runs/CZ10/SFm&2&rDXHP&Ex&dxHP_equip/RB-dxHP_equip-spltHP-SEER-BA-rDXHP-LRM-LSC-Correct-0%UC-NR/instance-out.sql,CZ10,SFm,2,rDXHP,Ex,dxHP_equip,,RB-dxHP_equip-spltHP-SEER-BA-rDXHP-LRM-LSC-Correct-0%UC-NR,SFm&2&rDXHP&Ex&dxHP_equip,RB-dxHP_equip-spltHP-SEER-BA-rDXHP-LRM-LSC-Correct-0%UC-NR,44.47,105.79,39628.32,94272.74,39628.32,3626.18,4334.18,1774.64,457.71,16701.91,0.0,1002.45,0.0,0.0,0.0,0.0,11731.24,0.0,0.0,3626.18,4334.18,0.0,0.0,13440.28,3261.63,0.0,0.0,540.12,27719533.14332525
runs/CZ11/SFm&1&rDXHP&Ex&dxHP_equip/RB-dxHP_equip-spltHP-SEER-BA-rDXHP-LRM-LSC-Correct-22.5%UC-AOE/instance-out.sql,CZ11,SFm,1,rDXHP,Ex,dxHP_equip,,RB-dxHP_equip-spltHP-SEER-BA-rDXHP-LRM-LSC-Correct-22.5%UC-AOE,SFm&1&rDXHP&Ex&dxHP_equip,RB-dxHP_equip-spltHP-SEER-BA-rDXHP-LRM-LSC-Correct-22.5%UC-AOE,39.36,86.96,30273.5,66884.65,30273.5,3736.33,1821.36,1557.5,457.71,10338.53,0.0,514.17,0.0,0.0,0.0,0.0,11847.9,0.0,0.0,3736.33,1821.36,0.0,0.0,8268.27,2070.26,0.0,0.0,270.12,14399811.551533893
runs/CZ10/SFm&2&rDXHP&Ex&dxHP_equip/RB-dxHP_equip-spltHP-SEER-BA-rDXHP-LRM-LSC-Correct-7.5%UC-AOE/instance-out.sql,CZ10,SFm,2,rDXHP,Ex,dxHP_equip,,RB-dxHP_equip-spltHP-SEER-BA-rDXHP-LRM-LSC-Correct-7.5%UC-AOE,SFm&2&rDXHP&Ex&dxHP_equip,RB-dxHP_equip-spltHP-SEER-BA-rDXHP-LRM-LSC-Correct-7.5%UC-AOE,45.7,109.69,40725.87,97748.68,40725.87,4462.29,4595.62,1774.64,457.71,16701.91,0.0,1002.45,0.0,0.0,0.0,0.0,11731.24,0.0,0.0,4462.29,4595.62,0.0,0.0,13440.28,3261.63,0.0,0.0,540.12,28695743.021743756
runs/CZ11/SFm&1&rDXGF&Ex&dxAC_equip/RB-dxAC_equip-spltAC-SEER-BA-rDXGF-LRM-LSC-Correct-0%UC-NR/instance-out.sql,CZ11,SFm,1,rDXGF,Ex,dxAC_equip,,RB-dxAC_equip-spltAC-SEER-BA-rDXGF-LRM-LSC-Correct-0%UC-NR,SFm&1&rDXGF&Ex&dxAC_equip,RB-dxAC_equip-spltAC-SEER-BA-rDXGF-LRM-LSC-Correct-0%UC-NR,45.97,85.56,35356.61,65808.92,35356.61,8244.57,2485.51,1557.5,457.71,10338.53,0.0,424.66,0.0,0.0,0.0,0.0,11848.13,0.0,0.0,0.0,2485.51,8244.57,0.0,8268.27,2070.26,0.0,0.0,270.12,16990801.33289116
runs/CZ11/SFm&1&rDXHP&Ex&dxHP_equip/RB-dxHP_equip-spltHP-SEER-BA-rDXHP-LRM-LSC-Correct-40%UC-AOE/instance-out.sql,CZ11,SFm,1,rDXHP,Ex,dxHP_equip,,RB-dxHP_equip-spltHP-SEER-BA-rDXHP-LRM-LSC-Correct-40%UC-AOE,SFm&1&rDXHP&Ex&dxHP_equip,RB-dxHP_equip-spltHP-SEER-BA-rDXHP-LRM-LSC-Correct-40%UC-AOE,37.42,80.82,28781.4,62159.17,28781.4,3193.99,871.61,1557.5,457.71,10338.53,0.0,514.17,0.0,0.0,0.0,0.0,11847.9,0.0,0.0,3193.99,871.61,0.0,0.0,8268.27,2070.26,0.0,0.0,270.12,10694532.656148925
runs/CZ11/SFm&1&rDXHP&Ex&dxHP_equip/RB-dxHP_equip-spltHP-SEER-BA-rDXHP-LRM-LSC-Correct-15%UC-AOE/instance-out.sql,CZ11,SFm,1,rDXHP,Ex,dxHP_equip,,RB-dxHP_equip-spltHP-SEER-BA-rDXHP-LRM-LSC-Correct-15%UC-AOE,SFm&1&rDXHP&Ex&dxHP_equip,RB-dxHP_equip-spltHP-SEER-BA-rDXHP-LRM-LSC-Correct-15%UC-AOE,40.19,89.6,30912.97,68909.85,30912.97,3968.76,2228.4,1557.5,457.71,10338.53,0.0,514.17,0.0,0.0,0.0,0.0,11847.9,0.0,0.0,3968.76,2228.4,0.0,0.0,8268.27,2070.26,0.0,0.0,270.12,15987788.221674887
runs/CZ11/SFm&1&rDXHP&Ex&dxHP_equip/RB-dxHP_equip-spltHP-SEER-BA-rDXHP-NoLRM-NR/instance-out.sql,CZ11,SFm,1,rDXHP,Ex,dxHP_equip,,RB-dxHP_equip-spltHP-SEER-BA-rDXHP-NoLRM-NR,SFm&1&rDXHP&Ex&dxHP_equip,RB-dxHP_equip-spltHP-SEER-BA-rDXHP-NoLRM-NR,40.35,90.11,31037.62,69304.6,31037.62,3576.78,2745.03,1557.5,457.71,10338.53,0.0,514.17,0.0,0.0,0.0,0.0,11847.9,0.0,0.0,3576.78,2745.03,0.0,0.0,8268.27,2070.26,0.0,0.0,270.12,18003304.1736693
runs/CZ11/SFm&1&rDXGF&Ex&dxAC_equip/RB-dxAC_equip-spltAC-SEER-BA-rDXGF-NoLRM-AOE/instance-out.sql,CZ11,SFm,1,rDXGF,Ex,dxAC_equip,,RB-dxAC_equip-spltAC-SEER-BA-rDXGF-NoLRM-AOE,SFm&1&rDXGF&Ex&dxAC_equip,RB-dxAC_equip-spltAC-SEER-BA-rDXGF-NoLRM-AOE,46.69,87.86,35913.58,67572.84,35913.58,8244.57,3042.47,1557.5,457.71,10338.53,0.0,424.66,0.0,0.0,0.0,0.0,11848.13,0.0,0.0,0.0,3042.47,8244.57,0.0,8268.27,2070.26,0.0,0.0,270.12,19163691.080972932
runs/CZ11/SFm&1&rDXGF&Ex&dxAC_equip/RB-dxAC_equip-spltAC-SEER-BA-rDXGF-NoLRM-NR/instance-out.sql,CZ11,SFm,1,rDXGF,Ex,dxAC_equip,,RB-dxAC_equip-spltAC-SEER-BA-rDXGF-NoLRM-NR,SFm&1&rDXGF&Ex&dxAC_equip,RB-dxAC_equip-spltAC-SEER-BA-rDXGF-NoLRM-NR,46.31,86.63,35616.13,66630.82,35616.130000000005,8244.57,2745.02,1557.5,457.71,10338.53,0.0,424.66,0.0,0.0,0.0,0.0,11848.13,0.0,0.0,0.0,2745.02,8244.57,0.0,8268.27,2070.26,0.0,0.0,270.12,18003258.20319535
runs/CZ11/SFm&1&rDXHP&Ex&dxHP_equip/RB-dxHP_equip-spltHP-SEER-BA-rDXHP-LRM-LSC-Correct-0%UC-AOE/instance-out.sql,CZ11,SFm,1,rDXHP,Ex,dxHP_equip,,RB-dxHP_equip-spltHP-SEER-BA-rDXHP-LRM-LSC-Correct-0%UC-AOE,SFm&1&rDXHP&Ex&dxHP_equip,RB-dxHP_equip-spltHP-SEER-BA-rDXHP-LRM-LSC-Correct-0%UC-AOE,41.27,93.0,31740.02,71529.11,31740.02,4269.38,2754.84,1557.5,457.71,10338.53,0.0,514.17,0.0,0.0,0.0,0.0,11847.9,0.0,0.0,4269.38,2754.84,0.0,0.0,8268.27,2070.26,0.0,0.0,270.12,18041571.3816306
runs/CZ11/SFm&2&rDXGF&Ex&dxAC_equip/RB-dxAC_equip-spltAC-SEER-BA-rDXGF-LRM-LSC-Correct-30%UC-AOE/instance-out.sql,CZ11,SFm,2,rDXGF,Ex,dxAC_equip,,RB-dxAC_equip-spltAC-SEER-BA-rDXGF-LRM-LSC-Correct-30%UC-AOE,SFm&2&rDXGF&Ex&dxAC_equip,RB-dxAC_equip-spltAC-SEER-BA-rDXGF-LRM-LSC-Correct-30%UC-AOE,67.39,122.79,60050.64,109427.02,60050.64,23677.51,3947.5,1774.64,457.71,16701.91,0.0,1662.68,0.0,0.0,0.0,0.0,11828.68,0.0,0.0,0.0,3947.5,23677.51,0.0,13440.28,3261.63,0.0,0.0,540.12,26401275.250801392
runs/CZ11/SFm&1&rDXHP&Ex&dxHP_equip/RB-dxHP_equip-spltHP-SEER-BA-rDXHP-LRM-LSC-Correct-0%UC-NR/instance-out.sql,CZ11,SFm,1,rDXHP,Ex,dxHP_equip,,RB-dxHP_equip-spltHP-SEER-BA-rDXHP-LRM-LSC-Correct-0%UC-NR,SFm&1&rDXHP&Ex&dxHP_equip,RB-dxHP_equip-spltHP-SEER-BA-rDXHP-LRM-LSC-Correct-0%UC-NR,39.85,88.5,30647.59,68069.38,30647.59,3446.27,2485.51,1557.5,457.71,10338.53,0.0,514.17,0.0,0.0,0.0,0.0,11847.9,0.0,0.0,3446.27,2485.51,0.0,0.0,8268.27,2070.26,0.0,0.0,270.12,16990843.36973121
runs/CZ11/SFm&2&rDXGF&Ex&dxAC_equip/RB-dxAC_equip-spltAC-SEER-BA-rDXGF-NoLRM-AOE/instance-out.sql,CZ11,SFm,2,rDXGF,Ex,dxAC_equip,,RB-dxAC_equip-spltAC-SEER-BA-rDXGF-NoLRM-AOE,SFm&2&rDXGF&Ex&dxAC_equip,RB-dxAC_equip-spltAC-SEER-BA-rDXGF-NoLRM-AOE,72.49,138.94,64594.95,123818.84,64594.950000000004,23677.51,8491.81,1774.64,457.71,16701.91,0.0,1662.68,0.0,0.0,0.0,0.0,11828.68,0.0,0.0,0.0,8491.81,23677.51,0.0,13440.28,3261.63,0.0,0.0,540.12,41849567.80474512
runs/CZ11/SFm&2&rDXGF&Ex&dxAC_equip/RB-dxAC_equip-spltAC-SEER-BA-rDXGF-LRM-LSC-Correct-7.5%UC-AOE/instance-out.sql,CZ11,SFm,2,rDXGF,Ex,dxAC_equip,,RB-dxAC_equip-spltAC-SEER-BA-rDXGF-LRM-LSC-Correct-7.5%UC-AOE,SFm&2&rDXGF&Ex&dxAC_equip,RB-dxAC_equip-spltAC-SEER-BA-rDXGF-LRM-LSC-Correct-7.5%UC-AOE,71.21,134.91,63458.87,120220.89,63458.87,23677.51,7355.73,1774.64,457.71,16701.91,0.0,1662.68,0.0,0.0,0.0,0.0,11828.68,0.0,0.0,0.0,7355.73,23677.51,0.0,13440.28,3261.63,0.0,0.0,540.12,37987494.66614256
runs/CZ11/SFm&1&rDXHP&Ex&dxHP_equip/RB-dxHP_equip-spltHP-SEER-BA-rDXHP-LRM-LSC-Correct-7.5%UC-AOE/instance-out.sql,CZ11,SFm,1,rDXHP,Ex,dxHP_equip,,RB-dxHP_equip-spltHP-SEER-BA-rDXHP-LRM-LSC-Correct-7.5%UC-AOE,SFm&1&rDXHP&Ex&dxHP_equip,RB-dxHP_equip-spltHP-SEER-BA-rDXHP-LRM-LSC-Correct-7.5%UC-AOE,41.02,92.23,31552.44,70935.05,31552.44,4201.2,2635.44,1557.5,457.71,10338.53,0.0,514.17,0.0,0.0,0.0,0.0,11847.9,0.0,0.0,4201.2,2635.44,0.0,0.0,8268.27,2070.26,0.0,0.0,270.12,17575764.89048555
runs/CZ11/SFm&2&rDXHP&Ex&dxHP_equip/RB-dxHP_equip-spltHP-SEER-BA-rDXHP-LRM-LSC-Correct-0%UC-NC/instance-out.sql,CZ11,SFm,2,rDXHP,Ex,dxHP_equip,,RB-dxHP_equip-spltHP-SEER-BA-rDXHP-LRM-LSC-Correct-0%UC-NC,SFm&2&rDXHP&Ex&dxHP_equip,RB-dxHP_equip-spltHP-SEER-BA-rDXHP-LRM-LSC-Correct-0%UC-NC,53.64,134.59,47797.74,119942.53,47797.74,8137.56,6937.19,1774.64,457.71,16701.91,0.0,1960.13,0.0,0.0,0.0,0.0,11828.58,0.0,0.0,8137.56,6937.19,0.0,0.0,13440.28,3261.63,0.0,0.0,540.12,36564919.81113831
runs/CZ11/SFm&2&rDXHP&Ex&dxHP_equip/RB-dxHP_equip-spltHP-SEER-BA-rDXHP-LRM-LSC-Correct-22.5%UC-AOE/instance-out.sql,CZ11,SFm,2,rDXHP,Ex,dxHP_equip,,RB-dxHP_equip-spltHP-SEER-BA-rDXHP-LRM-LSC-Correct-22.5%UC-AOE,SFm&2&rDXHP&Ex&dxHP_equip,RB-dxHP_equip-spltHP-SEER-BA-rDXHP-LRM-LSC-Correct-22.5%UC-AOE,52.35,130.53,46652.91,116316.85,46652.91,8846.4,5083.53,1774.64,457.71,16701.91,0.0,1960.13,0.0,0.0,0.0,0.0,11828.58,0.0,0.0,8846.4,5083.53,0.0,0.0,13440.28,3261.63,0.0,0.0,540.12,30263345.483226236
runs/CZ11/SFm&1&rDXHP&Ex&dxHP_equip/RB-dxHP_equip-spltHP-SEER-BA-rDXHP-LRM-LSC-Correct-30%UC-AOE/instance-out.sql,CZ11,SFm,1,rDXHP,Ex,dxHP_equip,,RB-dxHP_equip-spltHP-SEER-BA-rDXHP-LRM-LSC-Correct-30%UC-AOE,SFm&1&rDXHP&Ex&dxHP_equip,RB-dxHP_equip-spltHP-SEER-BA-rDXHP-LRM-LSC-Correct-30%UC-AOE,38.53,84.33,29634.03,64859.44,29634.03,3503.9,1414.33,1557.5,457.71,10338.53,0.0,514.17,0.0,0.0,0.0,0.0,11847.9,0.0,0.0,3503.9,1414.33,0.0,0.0,8268.27,2070.26,0.0,0.0,270.12,12811834.882126532
runs/CZ11/SFm&2&rDXGF&Ex&dxAC_equip/RB-dxAC_equip-spltAC-SEER-BA-rDXGF-LRM-LSC-Correct-15%UC-AOE/instance-out.sql,CZ11,SFm,2,rDXGF,Ex,dxAC_equip,,RB-dxAC_equip-spltAC-SEER-BA-rDXGF-LRM-LSC-Correct-15%UC-AOE,SFm&2&rDXGF&Ex&dxAC_equip,RB-dxAC_equip-spltAC-SEER-BA-rDXGF-LRM-LSC-Correct-15%UC-AOE,69.94,130.87,62322.8,116622.93,62322.799999999996,23677.51,6219.66,1774.64,457.71,16701.91,0.0,1662.68,0.0,0.0,0.0,0.0,11828.68,0.0,0.0,0.0,6219.66,23677.51,0.0,13440.28,3261.63,0.0,0.0,540.12,34125421.52925773
runs/CZ11/SFm&2&rDXHP&Ex&dxHP_equip/RB-dxHP_equip-spltHP-SEER-BA-rDXHP-LRM-LSC-Correct-30%UC-AOE/instance-out.sql,CZ11,SFm,2,rDXHP,Ex,dxHP_equip,,RB-dxHP_equip-spltHP-SEER-BA-rDXHP-LRM-LSC-Correct-30%UC-AOE,SFm&2&rDXHP&Ex&dxHP_equip,RB-dxHP_equip-spltHP-SEER-BA-rDXHP-LRM-LSC-Correct-30%UC-AOE,50.44,124.47,44948.84,110920.05,44948.83,8278.39,3947.46,1774.64,457.71,16701.91,0.0,1960.13,0.0,0.0,0.0,0.0,11828.58,0.0,0.0,8278.39,3947.46,0.0,0.0,13440.28,3261.63,0.0,0.0,540.12,26401272.87455298
runs/CZ11/SFm&2&rDXGF&Ex&dxAC_equip/RB-dxAC_equip-spltAC-SEER-BA-rDXGF-LRM-LSC-Correct-0%UC-NR/instance-out.sql,CZ11,SFm,2,rDXGF,Ex,dxAC_equip,,RB-dxAC_equip-spltAC-SEER-BA-rDXGF-LRM-LSC-Correct-0%UC-NR,SFm&2&rDXGF&Ex&dxAC_equip,RB-dxAC_equip-spltAC-SEER-BA-rDXGF-LRM-LSC-Correct-0%UC-NR,70.74,133.42,63040.41,118895.6,63040.409999999996,23677.51,6937.27,1774.64,457.71,16701.91,0.0,1662.68,0.0,0.0,0.0,0.0,11828.68,0.0,0.0,0.0,6937.27,23677.51,0.0,13440.28,3261.63,0.0,0.0,540.12,36564923.581277
runs/CZ11/SFm&2&rDXGF&Ex&dxAC_equip/RB-dxAC_equip-spltAC-SEER-BA-rDXGF-LRM-LSC-Correct-0%UC-AOE/instance-out.sql,CZ11,SFm,2,rDXGF,Ex,dxAC_equip,,RB-dxAC_equip-spltAC-SEER-BA-rDXGF-LRM-LSC-Correct-0%UC-AOE,SFm&2&rDXGF&Ex&dxAC_equip,RB-dxAC_equip-spltAC-SEER-BA-rDXGF-LRM-LSC-Correct-0%UC-AOE,71.59,136.09,63792.12,121276.29,63792.12,23677.51,7688.98,1774.64,457.71,16701.91,0.0,1662.68,0.0,0.0,0.0,0.0,11828.68,0.0,0.0,0.0,7688.98,23677.51,0.0,13440.28,3261.63,0.0,0.0,540.12,39120369.45691971
runs/CZ11/SFm&2&rDXHP&Ex&dxHP_equip/RB-dxHP_equip-spltHP-SEER-BA-rDXHP-LRM-LSC-Correct-40%UC-AOE/instance-out.sql,CZ11,SFm,2,rDXHP,Ex,dxHP_equip,,RB-dxHP_equip-spltHP-SEER-BA-rDXHP-LRM-LSC-Correct-40%UC-AOE,SFm&2&rDXHP&Ex&dxHP_equip,RB-dxHP_equip-spltHP-SEER-BA-rDXHP-LRM-LSC-Correct-40%UC-AOE,47.89,116.4,42676.74,103724.31,42676.729999999996,7521.04,2432.71,1774.64,457.71,16701.91,0.0,1960.13,0.0,0.0,0.0,0.0,11828.58,0.0,0.0,7521.04,2432.71,0.0,0.0,13440.28,3261.63,0.0,0.0,540.12,21251842.729409344
runs/CZ11/SFm&1&rDXHP&Ex&dxHP_equip/RB-dxHP_equip-spltHP-SEER-BA-rDXHP-NoLRM-NC/instance-out.sql,CZ11,SFm,1,rDXHP,Ex,dxHP_equip,,RB-dxHP_equip-spltHP-SEER-BA-rDXHP-NoLRM-NC,SFm&1&rDXHP&Ex&dxHP_equip,RB-dxHP_equip-spltHP-SEER-BA-rDXHP-NoLRM-NC,40.35,90.11,31037.62,69304.6,31037.62,3576.78,2745.03,1557.5,457.71,10338.53,0.0,514.17,0.0,0.0,0.0,0.0,11847.9,0.0,0.0,3576.78,2745.03,0.0,0.0,8268.27,2070.26,0.0,0.0,270.12,18003304.1736693
runs/CZ11/SFm&2&rDXGF&Ex&dxAC_equip/RB-dxAC_equip-spltAC-SEER-BA-rDXGF-LRM-LSC-Correct-22.5%UC-AOE/instance-out.sql,CZ11,SFm,2,rDXGF,Ex,dxAC_equip,,RB-dxAC_equip-spltAC-SEER-BA-rDXGF-LRM-LSC-Correct-22.5%UC-AOE,SFm&2&rDXGF&Ex&dxAC_equip,RB-dxAC_equip-spltAC-SEER-BA-rDXGF-LRM-LSC-Correct-22.5%UC-AOE,68.66,126.83,61186.72,113024.98,61186.72,23677.51,5083.58,1774.64,457.71,16701.91,0.0,1662.68,0.0,0.0,0.0,0.0,11828.68,0.0,0.0,0.0,5083.58,23677.51,0.0,13440.28,3261.63,0.0,0.0,540.12,30263348.38913743
runs/CZ11/SFm&2&rDXGF&Ex&dxAC_equip/RB-dxAC_equip-spltAC-SEER-BA-rDXGF-LRM-LSC-Correct-40%UC-AOE/instance-out.sql,CZ11,SFm,2,rDXGF,Ex,dxAC_equip,,RB-dxAC_equip-spltAC-SEER-BA-rDXGF-LRM-LSC-Correct-40%UC-AOE,SFm&2&rDXGF&Ex&dxAC_equip,RB-dxAC_equip-spltAC-SEER-BA-rDXGF-LRM-LSC-Correct-40%UC-AOE,65.69,117.41,58535.88,104629.75,58535.88,23677.51,2432.73,1774.64,457.71,16701.91,0.0,1662.68,0.0,0.0,0.0,0.0,11828.68,0.0,0.0,0.0,2432.73,23677.51,0.0,13440.28,3261.63,0.0,0.0,540.12,21251844.399440724
runs/CZ11/SFm&2&rDXGF&Ex&dxAC_equip/RB-dxAC_equip-spltAC-SEER-BA-rDXGF-NoLRM-NR/instance-out.sql,CZ11,SFm,2,rDXGF,Ex,dxAC_equip,,RB-dxAC_equip-spltAC-SEER-BA-rDXGF-NoLRM-NR,SFm&2&rDXGF&Ex&dxAC_equip,RB-dxAC_equip-spltAC-SEER-BA-rDXGF-NoLRM-NR,71.55,135.99,63764.75,121189.58,63764.75,23677.51,7661.6,1774.64,457.71,16701.91,0.0,1662.68,0.0,0.0,0.0,0.0,11828.68,0.0,0.0,0.0,7661.6,23677.51,0.0,13440.28,3261.63,0.0,0.0,540.12,39027300.862907164
runs/CZ11/SFm&2&rDXHP&Ex&dxHP_equip/RB-dxHP_equip-spltHP-SEER-BA-rDXHP-NoLRM-NR/instance-out.sql,CZ11,SFm,2,rDXHP,Ex,dxHP_equip,,RB-dxHP_equip-spltHP-SEER-BA-rDXHP-NoLRM-NR,SFm&2&rDXHP&Ex&dxHP_equip,RB-dxHP_equip-spltHP-SEER-BA-rDXHP-NoLRM-NR,54.81,138.3,48841.01,123246.56,48841.01,8456.5,7661.52,1774.64,457.71,16701.91,0.0,1960.13,0.0,0.0,0.0,0.0,11828.58,0.0,0.0,8456.5,7661.52,0.0,0.0,13440.28,3261.63,0.0,0.0,540.12,39027296.75506654
runs/CZ11/SFm&1&rDXHP&Ex&dxHP_equip/RB-dxHP_equip-spltHP-SEER-BA-rDXHP-NoLRM-AOE/instance-out.sql,CZ11,SFm,1,rDXHP,Ex,dxHP_equip,,RB-dxHP_equip-spltHP-SEER-BA-rDXHP-NoLRM-AOE,SFm&1&rDXHP&Ex&dxHP_equip,RB-dxHP_equip-spltHP-SEER-BA-rDXHP-NoLRM-AOE,41.86,94.86,32191.91,72960.26,32191.91,4433.63,3042.48,1557.5,457.71,10338.53,0.0,514.17,0.0,0.0,0.0,0.0,11847.9,0.0,0.0,4433.63,3042.48,0.0,0.0,8268.27,2070.26,0.0,0.0,270.12,19163741.5600025
runs/CZ11/SFm&2&rDXHP&Ex&dxHP_equip/RB-dxHP_equip-spltHP-SEER-BA-rDXHP-LRM-LSC-Correct-0%UC-AOE/instance-out.sql,CZ11,SFm,2,rDXHP,Ex,dxHP_equip,,RB-dxHP_equip-spltHP-SEER-BA-rDXHP-LRM-LSC-Correct-0%UC-AOE,SFm&2&rDXHP&Ex&dxHP_equip,RB-dxHP_equip-spltHP-SEER-BA-rDXHP-LRM-LSC-Correct-0%UC-AOE,56.74,144.41,50560.92,128693.53,50560.92,10149.03,7688.9,1774.64,457.71,16701.91,0.0,1960.13,0.0,0.0,0.0,0.0,11828.58,0.0,0.0,10149.03,7688.9,0.0,0.0,13440.28,3261.63,0.0,0.0,540.12,39120365.336315215
runs/CZ12/SFm&1&rDXGF&Ex&dxAC_equip/RB-dxAC_equip-spltAC-SEER-BA-rDXGF-LRM-LSC-Correct-0%UC-NR/instance-out.sql,CZ12,SFm,1,rDXGF,Ex,dxAC_equip,,RB-dxAC_equip-spltAC-SEER-BA-rDXGF-LRM-LSC-Correct-0%UC-NR,SFm&1&rDXGF&Ex&dxAC_equip,RB-dxAC_equip-spltAC-SEER-BA-rDXGF-LRM-LSC-Correct-0%UC-NR,44.88,80.65,34515.46,62031.61,34515.46,8661.79,1294.03,1557.5,457.71,10338.53,0.0,240.48,0.0,0.0,0.0,0.0,11965.43,0.0,0.0,0.0,1294.03,8661.79,0.0,8268.27,2070.26,0.0,0.0,270.12,13913045.86516973
runs/CZ11/SFm&2&rDXHP&Ex&dxHP_equip/RB-dxHP_equip-spltHP-SEER-BA-rDXHP-LRM-LSC-Correct-0%UC-NR/instance-out.sql,CZ11,SFm,2,rDXHP,Ex,dxHP_equip,,RB-dxHP_equip-spltHP-SEER-BA-rDXHP-LRM-LSC-Correct-0%UC-NR,SFm&2&rDXHP&Ex&dxHP_equip,RB-dxHP_equip-spltHP-SEER-BA-rDXHP-LRM-LSC-Correct-0%UC-NR,53.64,134.59,47797.74,119942.53,47797.74,8137.56,6937.19,1774.64,457.71,16701.91,0.0,1960.13,0.0,0.0,0.0,0.0,11828.58,0.0,0.0,8137.56,6937.19,0.0,0.0,13440.28,3261.63,0.0,0.0,540.12,36564919.81113831
runs/CZ12/SFm&1&rDXGF&Ex&dxAC_equip/RB-dxAC_equip-spltAC-SEER-BA-rDXGF-LRM-LSC-Correct-30%UC-AOE/instance-out.sql,CZ12,SFm,1,rDXGF,Ex,dxAC_equip,,RB-dxAC_equip-spltAC-SEER-BA-rDXGF-LRM-LSC-Correct-30%UC-AOE,SFm&1&rDXGF&Ex&dxAC_equip,RB-dxAC_equip-spltAC-SEER-BA-rDXGF-LRM-LSC-Correct-30%UC-AOE,44.15,78.36,33957.77,60265.41,33957.770000000004,8661.79,736.34,1557.5,457.71,10338.53,0.0,240.48,0.0,0.0,0.0,0.0,11965.43,0.0,0.0,0.0,736.34,8661.79,0.0,8268.27,2070.26,0.0,0.0,270.12,10887797.721777376
runs/CZ11/SFm&2&rDXHP&Ex&dxHP_equip/RB-dxHP_equip-spltHP-SEER-BA-rDXHP-NoLRM-AOE/instance-out.sql,CZ11,SFm,2,rDXHP,Ex,dxHP_equip,,RB-dxHP_equip-spltHP-SEER-BA-rDXHP-NoLRM-AOE,SFm&2&rDXHP&Ex&dxHP_equip,RB-dxHP_equip-spltHP-SEER-BA-rDXHP-NoLRM-AOE,58.09,148.69,51765.14,132507.27,51765.13,10550.43,8491.72,1774.64,457.71,16701.91,0.0,1960.13,0.0,0.0,0.0,0.0,11828.58,0.0,0.0,10550.43,8491.72,0.0,0.0,13440.28,3261.63,0.0,0.0,540.12,41849563.30984561
runs/CZ12/SFm&1&rDXGF&Ex&dxAC_equip/RB-dxAC_equip-spltAC-SEER-BA-rDXGF-LRM-LSC-Correct-40%UC-AOE/instance-out.sql,CZ12,SFm,1,rDXGF,Ex,dxAC_equip,,RB-dxAC_equip-spltAC-SEER-BA-rDXGF-LRM-LSC-Correct-40%UC-AOE,SFm&1&rDXGF&Ex&dxAC_equip,RB-dxAC_equip-spltAC-SEER-BA-rDXGF-LRM-LSC-Correct-40%UC-AOE,43.78,77.19,33675.22,59370.56,33675.22,8661.79,453.78,1557.5,457.71,10338.53,0.0,240.48,0.0,0.0,0.0,0.0,11965.43,0.0,0.0,0.0,453.78,8661.79,0.0,8268.27,2070.26,0.0,0.0,270.12,9355050.2657389
runs/CZ12/SFm&1&rDXGF&Ex&dxAC_equip/RB-dxAC_equip-spltAC-SEER-BA-rDXGF-LRM-LSC-Correct-15%UC-AOE/instance-out.sql,CZ12,SFm,1,rDXGF,Ex,dxAC_equip,,RB-dxAC_equip-spltAC-SEER-BA-rDXGF-LRM-LSC-Correct-15%UC-AOE,SFm&1&rDXGF&Ex&dxAC_equip,RB-dxAC_equip-spltAC-SEER-BA-rDXGF-LRM-LSC-Correct-15%UC-AOE,44.7,80.1,34381.6,61607.68,34381.600000000006,8661.79,1160.17,1557.5,457.71,10338.53,0.0,240.48,0.0,0.0,0.0,0.0,11965.43,0.0,0.0,0.0,1160.17,8661.79,0.0,8268.27,2070.26,0.0,0.0,270.12,13186918.906256363
runs/CZ11/SFm&2&rDXHP&Ex&dxHP_equip/RB-dxHP_equip-spltHP-SEER-BA-rDXHP-NoLRM-NC/instance-out.sql,CZ11,SFm,2,rDXHP,Ex,dxHP_equip,,RB-dxHP_equip-spltHP-SEER-BA-rDXHP-NoLRM-NC,SFm&2&rDXHP&Ex&dxHP_equip,RB-dxHP_equip-spltHP-SEER-BA-rDXHP-NoLRM-NC,54.81,138.3,48841.01,123246.56,48841.01,8456.5,7661.52,1774.64,457.71,16701.91,0.0,1960.13,0.0,0.0,0.0,0.0,11828.58,0.0,0.0,8456.5,7661.52,0.0,0.0,13440.28,3261.63,0.0,0.0,540.12,39027296.75506654
runs/CZ12/SFm&1&rDXHP&Ex&dxHP_equip/RB-dxHP_equip-spltHP-SEER-BA-rDXHP-LRM-LSC-Correct-0%UC-NR/instance-out.sql,CZ12,SFm,1,rDXHP,Ex,dxHP_equip,,RB-dxHP_equip-spltHP-SEER-BA-rDXHP-LRM-LSC-Correct-0%UC-NR,SFm&1&rDXHP&Ex&dxHP_equip,RB-dxHP_equip-spltHP-SEER-BA-rDXHP-LRM-LSC-Correct-0%UC-NR,38.55,84.07,29649.27,64664.05,29649.269999999997,3716.46,1294.04,1557.5,457.71,10338.53,0.0,320.16,0.0,0.0,0.0,0.0,11964.88,0.0,0.0,3716.46,1294.04,0.0,0.0,8268.27,2070.26,0.0,0.0,270.12,13913071.719474424
runs/CZ12/SFm&1&rDXGF&Ex&dxAC_equip/RB-dxAC_equip-spltAC-SEER-BA-rDXGF-LRM-LSC-Correct-0%UC-AOE/instance-out.sql,CZ12,SFm,1,rDXGF,Ex,dxAC_equip,,RB-dxAC_equip-spltAC-SEER-BA-rDXGF-LRM-LSC-Correct-0%UC-AOE,SFm&1&rDXGF&Ex&dxAC_equip,RB-dxAC_equip-spltAC-SEER-BA-rDXGF-LRM-LSC-Correct-0%UC-AOE,45.06,81.23,34655.68,62475.68,34655.68,8661.79,1434.25,1557.5,457.71,10338.53,0.0,240.48,0.0,0.0,0.0,0.0,11965.43,0.0,0.0,0.0,1434.25,8661.79,0.0,8268.27,2070.26,0.0,0.0,270.12,14673683.939162003
runs/CZ11/SFm&2&rDXHP&Ex&dxHP_equip/RB-dxHP_equip-spltHP-SEER-BA-rDXHP-LRM-LSC-Correct-15%UC-AOE/instance-out.sql,CZ11,SFm,2,rDXHP,Ex,dxHP_equip,,RB-dxHP_equip-spltHP-SEER-BA-rDXHP-LRM-LSC-Correct-15%UC-AOE,SFm&2&rDXHP&Ex&dxHP_equip,RB-dxHP_equip-spltHP-SEER-BA-rDXHP-LRM-LSC-Correct-15%UC-AOE,54.26,136.58,48356.99,121713.66,48356.979999999996,9414.41,6219.59,1774.64,457.71,16701.91,0.0,1960.13,0.0,0.0,0.0,0.0,11828.58,0.0,0.0,9414.41,6219.59,0.0,0.0,13440.28,3261.63,0.0,0.0,540.12,34125418.093683764
runs/CZ12/SFm&1&rDXGF&Ex&dxAC_equip/RB-dxAC_equip-spltAC-SEER-BA-rDXGF-NoLRM-NR/instance-out.sql,CZ12,SFm,1,rDXGF,Ex,dxAC_equip,,RB-dxAC_equip-spltAC-SEER-BA-rDXGF-NoLRM-NR,SFm&1&rDXGF&Ex&dxAC_equip,RB-dxAC_equip-spltAC-SEER-BA-rDXGF-NoLRM-NR,45.05,81.21,34650.57,62459.51,34650.57,8661.79,1429.14,1557.5,457.71,10338.53,0.0,240.48,0.0,0.0,0.0,0.0,11965.43,0.0,0.0,0.0,1429.14,8661.79,0.0,8268.27,2070.26,0.0,0.0,270.12,14645981.722193284
runs/CZ12/SFm&1&rDXHP&Ex&dxHP_equip/RB-dxHP_equip-spltHP-SEER-BA-rDXHP-LRM-LSC-Correct-7.5%UC-AOE/instance-out.sql,CZ12,SFm,1,rDXHP,Ex,dxHP_equip,,RB-dxHP_equip-spltHP-SEER-BA-rDXHP-LRM-LSC-Correct-7.5%UC-AOE,SFm&1&rDXHP&Ex&dxHP_equip,RB-dxHP_equip-spltHP-SEER-BA-rDXHP-LRM-LSC-Correct-7.5%UC-AOE,39.72,87.79,30551.39,67521.04,30551.39,4540.51,1372.1,1557.5,457.71,10338.53,0.0,320.16,0.0,0.0,0.0,0.0,11964.88,0.0,0.0,4540.51,1372.1,0.0,0.0,8268.27,2070.26,0.0,0.0,270.12,14336506.764876936
runs/CZ12/SFm&1&rDXHP&Ex&dxHP_equip/RB-dxHP_equip-spltHP-SEER-BA-rDXHP-NoLRM-NR/instance-out.sql,CZ12,SFm,1,rDXHP,Ex,dxHP_equip,,RB-dxHP_equip-spltHP-SEER-BA-rDXHP-NoLRM-NR,SFm&1&rDXHP&Ex&dxHP_equip,RB-dxHP_equip-spltHP-SEER-BA-rDXHP-NoLRM-NR,38.91,85.22,29926.85,65543.14,29926.85,3858.92,1429.16,1557.5,457.71,10338.53,0.0,320.16,0.0,0.0,0.0,0.0,11964.88,0.0,0.0,3858.92,1429.16,0.0,0.0,8268.27,2070.26,0.0,0.0,270.12,14646010.021916952
runs/CZ12/SFm&1&rDXGF&Ex&dxAC_equip/RB-dxAC_equip-spltAC-SEER-BA-rDXGF-LRM-LSC-Correct-22.5%UC-AOE/instance-out.sql,CZ12,SFm,1,rDXGF,Ex,dxAC_equip,,RB-dxAC_equip-spltAC-SEER-BA-rDXGF-LRM-LSC-Correct-22.5%UC-AOE,SFm&1&rDXGF&Ex&dxAC_equip,RB-dxAC_equip-spltAC-SEER-BA-rDXGF-LRM-LSC-Correct-22.5%UC-AOE,44.43,79.23,34169.68,60936.54,34169.69,8661.79,948.25,1557.5,457.71,10338.53,0.0,240.48,0.0,0.0,0.0,0.0,11965.43,0.0,0.0,0.0,948.25,8661.79,0.0,8268.27,2070.26,0.0,0.0,270.12,12037358.313751321
runs/CZ11/SFm&2&rDXHP&Ex&dxHP_equip/RB-dxHP_equip-spltHP-SEER-BA-rDXHP-LRM-LSC-Correct-7.5%UC-AOE/instance-out.sql,CZ11,SFm,2,rDXHP,Ex,dxHP_equip,,RB-dxHP_equip-spltHP-SEER-BA-rDXHP-LRM-LSC-Correct-7.5%UC-AOE,SFm&2&rDXHP&Ex&dxHP_equip,RB-dxHP_equip-spltHP-SEER-BA-rDXHP-LRM-LSC-Correct-7.5%UC-AOE,56.18,142.64,50061.06,127110.46,50061.06,9982.42,7355.66,1774.64,457.71,16701.91,0.0,1960.13,0.0,0.0,0.0,0.0,11828.58,0.0,0.0,9982.42,7355.66,0.0,0.0,13440.28,3261.63,0.0,0.0,540.12,37987490.700905815
runs/CZ12/SFm&1&rDXGF&Ex&dxAC_equip/RB-dxAC_equip-spltAC-SEER-BA-rDXGF-LRM-LSC-Correct-7.5%UC-AOE/instance-out.sql,CZ12,SFm,1,rDXGF,Ex,dxAC_equip,,RB-dxAC_equip-spltAC-SEER-BA-rDXGF-LRM-LSC-Correct-7.5%UC-AOE,SFm&1&rDXGF&Ex&dxAC_equip,RB-dxAC_equip-spltAC-SEER-BA-rDXGF-LRM-LSC-Correct-7.5%UC-AOE,44.98,80.97,34593.51,62278.82,34593.520000000004,8661.79,1372.08,1557.5,457.71,10338.53,0.0,240.48,0.0,0.0,0.0,0.0,11965.43,0.0,0.0,0.0,1372.08,8661.79,0.0,8268.27,2070.26,0.0,0.0,270.12,14336479.497798355
runs/CZ12/SFm&1&rDXHP&Ex&dxHP_equip/RB-dxHP_equip-spltHP-SEER-BA-rDXHP-LRM-LSC-Correct-0%UC-AOE/instance-out.sql,CZ12,SFm,1,rDXHP,Ex,dxHP_equip,,RB-dxHP_equip-spltHP-SEER-BA-rDXHP-LRM-LSC-Correct-0%UC-AOE,SFm&1&rDXHP&Ex&dxHP_equip,RB-dxHP_equip-spltHP-SEER-BA-rDXHP-LRM-LSC-Correct-0%UC-AOE,39.9,88.35,30687.97,67953.61,30687.97,4614.93,1434.27,1557.5,457.71,10338.53,0.0,320.16,0.0,0.0,0.0,0.0,11964.88,0.0,0.0,4614.93,1434.27,0.0,0.0,8268.27,2070.26,0.0,0.0,270.12,14673712.331313305
runs/CZ12/SFm&2&rDXGF&Ex&dxAC_equip/RB-dxAC_equip-spltAC-SEER-BA-rDXGF-LRM-LSC-Correct-0%UC-NR/instance-out.sql,CZ12,SFm,2,rDXGF,Ex,dxAC_equip,,RB-dxAC_equip-spltAC-SEER-BA-rDXGF-LRM-LSC-Correct-0%UC-NR,SFm&2&rDXGF&Ex&dxAC_equip,RB-dxAC_equip-spltAC-SEER-BA-rDXGF-LRM-LSC-Correct-0%UC-NR,68.73,122.68,61249.4,109322.97,61249.4,25434.61,3899.81,1774.64,457.71,16701.91,0.0,1036.58,0.0,0.0,0.0,0.0,11944.13,0.0,0.0,0.0,3899.81,25434.61,0.0,13440.28,3261.63,0.0,0.0,540.12,29498071.939640384
runs/CZ12/SFm&1&rDXGF&Ex&dxAC_equip/RB-dxAC_equip-spltAC-SEER-BA-rDXGF-NoLRM-AOE/instance-out.sql,CZ12,SFm,1,rDXGF,Ex,dxAC_equip,,RB-dxAC_equip-spltAC-SEER-BA-rDXGF-NoLRM-AOE,SFm&1&rDXGF&Ex&dxAC_equip,RB-dxAC_equip-spltAC-SEER-BA-rDXGF-NoLRM-AOE,45.25,81.85,34805.43,62949.95,34805.43,8661.79,1584.0,1557.5,457.71,10338.53,0.0,240.48,0.0,0.0,0.0,0.0,11965.43,0.0,0.0,0.0,1584.0,8661.79,0.0,8268.27,2070.26,0.0,0.0,270.12,15486040.089851636
runs/CZ12/SFm&1&rDXHP&Ex&dxHP_equip/RB-dxHP_equip-spltHP-SEER-BA-rDXHP-NoLRM-NC/instance-out.sql,CZ12,SFm,1,rDXHP,Ex,dxHP_equip,,RB-dxHP_equip-spltHP-SEER-BA-rDXHP-NoLRM-NC,SFm&1&rDXHP&Ex&dxHP_equip,RB-dxHP_equip-spltHP-SEER-BA-rDXHP-NoLRM-NC,38.91,85.22,29926.85,65543.14,29926.85,3858.92,1429.16,1557.5,457.71,10338.53,0.0,320.16,0.0,0.0,0.0,0.0,11964.88,0.0,0.0,3858.92,1429.16,0.0,0.0,8268.27,2070.26,0.0,0.0,270.12,14646010.021916952
runs/CZ12/SFm&2&rDXGF&Ex&dxAC_equip/RB-dxAC_equip-spltAC-SEER-BA-rDXGF-LRM-LSC-Correct-22.5%UC-AOE/instance-out.sql,CZ12,SFm,2,rDXGF,Ex,dxAC_equip,,RB-dxAC_equip-spltAC-SEER-BA-rDXGF-LRM-LSC-Correct-22.5%UC-AOE,SFm&2&rDXGF&Ex&dxAC_equip,RB-dxAC_equip-spltAC-SEER-BA-rDXGF-LRM-LSC-Correct-22.5%UC-AOE,67.56,118.97,60207.35,106022.77,60207.340000000004,25434.61,2857.75,1774.64,457.71,16701.91,0.0,1036.58,0.0,0.0,0.0,0.0,11944.13,0.0,0.0,0.0,2857.75,25434.61,0.0,13440.28,3261.63,0.0,0.0,540.12,24768656.046025097
runs/CZ12/SFm&1&rDXHP&Ex&dxHP_equip/RB-dxHP_equip-spltHP-SEER-BA-rDXHP-LRM-LSC-Correct-40%UC-AOE/instance-out.sql,CZ12,SFm,1,rDXHP,Ex,dxHP_equip,,RB-dxHP_equip-spltHP-SEER-BA-rDXHP-LRM-LSC-Correct-40%UC-AOE,SFm&1&rDXHP&Ex&dxHP_equip,RB-dxHP_equip-spltHP-SEER-BA-rDXHP-LRM-LSC-Correct-40%UC-AOE,37.1,79.48,28533.64,61130.83,28533.629999999997,3441.07,453.79,1557.5,457.71,10338.53,0.0,320.16,0.0,0.0,0.0,0.0,11964.88,0.0,0.0,3441.07,453.79,0.0,0.0,8268.27,2070.26,0.0,0.0,270.12,9355060.912425054
runs/CZ12/SFm&1&rDXHP&Ex&dxHP_equip/RB-dxHP_equip-spltHP-SEER-BA-rDXHP-NoLRM-AOE/instance-out.sql,CZ12,SFm,1,rDXHP,Ex,dxHP_equip,,RB-dxHP_equip-spltHP-SEER-BA-rDXHP-NoLRM-AOE,SFm&1&rDXHP&Ex&dxHP_equip,RB-dxHP_equip-spltHP-SEER-BA-rDXHP-NoLRM-AOE,40.33,89.71,31017.02,68995.71,31017.02,4794.23,1584.02,1557.5,457.71,10338.53,0.0,320.16,0.0,0.0,0.0,0.0,11964.88,0.0,0.0,4794.23,1584.02,0.0,0.0,8268.27,2070.26,0.0,0.0,270.12,15486071.192405391
runs/CZ12/SFm&2&rDXGF&Ex&dxAC_equip/RB-dxAC_equip-spltAC-SEER-BA-rDXGF-LRM-LSC-Correct-30%UC-AOE/instance-out.sql,CZ12,SFm,2,rDXGF,Ex,dxAC_equip,,RB-dxAC_equip-spltAC-SEER-BA-rDXGF-LRM-LSC-Correct-30%UC-AOE,SFm&2&rDXGF&Ex&dxAC_equip,RB-dxAC_equip-spltAC-SEER-BA-rDXGF-LRM-LSC-Correct-30%UC-AOE,66.85,116.71,59568.7,104000.17,59568.69,25434.61,2219.1,1774.64,457.71,16701.91,0.0,1036.58,0.0,0.0,0.0,0.0,11944.13,0.0,0.0,0.0,2219.1,25434.61,0.0,13440.28,3261.63,0.0,0.0,540.12,21870118.850827485
runs/CZ12/SFm&2&rDXGF&Ex&dxAC_equip/RB-dxAC_equip-spltAC-SEER-BA-rDXGF-LRM-LSC-Correct-0%UC-AOE/instance-out.sql,CZ12,SFm,2,rDXGF,Ex,dxAC_equip,,RB-dxAC_equip-spltAC-SEER-BA-rDXGF-LRM-LSC-Correct-0%UC-AOE,SFm&2&rDXGF&Ex&dxAC_equip,RB-dxAC_equip-spltAC-SEER-BA-rDXGF-LRM-LSC-Correct-0%UC-AOE,69.21,124.18,61671.98,110661.28,61671.98,25434.61,4322.39,1774.64,457.71,16701.91,0.0,1036.58,0.0,0.0,0.0,0.0,11944.13,0.0,0.0,0.0,4322.39,25434.61,0.0,13440.28,3261.63,0.0,0.0,540.12,31415968.016579006
runs/CZ12/SFm&1&rDXHP&Ex&dxHP_equip/RB-dxHP_equip-spltHP-SEER-BA-rDXHP-LRM-LSC-Correct-15%UC-AOE/instance-out.sql,CZ12,SFm,1,rDXHP,Ex,dxHP_equip,,RB-dxHP_equip-spltHP-SEER-BA-rDXHP-LRM-LSC-Correct-15%UC-AOE,SFm&1&rDXHP&Ex&dxHP_equip,RB-dxHP_equip-spltHP-SEER-BA-rDXHP-LRM-LSC-Correct-15%UC-AOE,39.12,85.87,30085.75,66046.38,30085.75,4286.79,1160.18,1557.5,457.71,10338.53,0.0,320.16,0.0,0.0,0.0,0.0,11964.88,0.0,0.0,4286.79,1160.18,0.0,0.0,8268.27,2070.26,0.0,0.0,270.12,13186942.337859768
runs/CZ12/SFm&2&rDXGF&Ex&dxAC_equip/RB-dxAC_equip-spltAC-SEER-BA-rDXGF-LRM-LSC-Correct-7.5%UC-AOE/instance-out.sql,CZ12,SFm,2,rDXGF,Ex,dxAC_equip,,RB-dxAC_equip-spltAC-SEER-BA-rDXGF-LRM-LSC-Correct-7.5%UC-AOE,SFm&2&rDXGF&Ex&dxAC_equip,RB-dxAC_equip-spltAC-SEER-BA-rDXGF-LRM-LSC-Correct-7.5%UC-AOE,69.0,123.51,61484.65,110067.98,61484.64000000001,25434.61,4135.05,1774.64,457.71,16701.91,0.0,1036.58,0.0,0.0,0.0,0.0,11944.13,0.0,0.0,0.0,4135.05,25434.61,0.0,13440.28,3261.63,0.0,0.0,540.12,30565730.436670292
runs/CZ12/SFm&1&rDXHP&Ex&dxHP_equip/RB-dxHP_equip-spltHP-SEER-BA-rDXHP-LRM-LSC-Correct-22.5%UC-AOE/instance-out.sql,CZ12,SFm,1,rDXHP,Ex,dxHP_equip,,RB-dxHP_equip-spltHP-SEER-BA-rDXHP-LRM-LSC-Correct-22.5%UC-AOE,SFm&1&rDXHP&Ex&dxHP_equip,RB-dxHP_equip-spltHP-SEER-BA-rDXHP-LRM-LSC-Correct-22.5%UC-AOE,38.51,83.95,29620.12,64571.71,29620.12,4033.08,948.27,1557.5,457.71,10338.53,0.0,320.16,0.0,0.0,0.0,0.0,11964.88,0.0,0.0,4033.08,948.27,0.0,0.0,8268.27,2070.26,0.0,0.0,270.12,12037377.909879554
runs/CZ12/SFm&1&rDXHP&Ex&dxHP_equip/RB-dxHP_equip-spltHP-SEER-BA-rDXHP-LRM-LSC-Correct-0%UC-NC/instance-out.sql,CZ12,SFm,1,rDXHP,Ex,dxHP_equip,,RB-dxHP_equip-spltHP-SEER-BA-rDXHP-LRM-LSC-Correct-0%UC-NC,SFm&1&rDXHP&Ex&dxHP_equip,RB-dxHP_equip-spltHP-SEER-BA-rDXHP-LRM-LSC-Correct-0%UC-NC,38.55,84.07,29649.27,64664.05,29649.269999999997,3716.46,1294.04,1557.5,457.71,10338.53,0.0,320.16,0.0,0.0,0.0,0.0,11964.88,0.0,0.0,3716.46,1294.04,0.0,0.0,8268.27,2070.26,0.0,0.0,270.12,13913071.719474424
runs/CZ12/SFm&2&rDXHP&Ex&dxHP_equip/RB-dxHP_equip-spltHP-SEER-BA-rDXHP-LRM-LSC-Correct-0%UC-NC/instance-out.sql,CZ12,SFm,2,rDXHP,Ex,dxHP_equip,,RB-dxHP_equip-spltHP-SEER-BA-rDXHP-LRM-LSC-Correct-0%UC-NC,SFm&2&rDXHP&Ex&dxHP_equip,RB-dxHP_equip-spltHP-SEER-BA-rDXHP-LRM-LSC-Correct-0%UC-NC,51.2,126.6,45624.98,112820.49,45624.97,9517.62,3899.72,1774.64,457.71,16701.91,0.0,1329.14,0.0,0.0,0.0,0.0,11944.23,0.0,0.0,9517.62,3899.72,0.0,0.0,13440.28,3261.63,0.0,0.0,540.12,29498676.91291451
runs/CZ12/SFm&1&rDXHP&Ex&dxHP_equip/RB-dxHP_equip-spltHP-SEER-BA-rDXHP-LRM-LSC-Correct-30%UC-AOE/instance-out.sql,CZ12,SFm,1,rDXHP,Ex,dxHP_equip,,RB-dxHP_equip-spltHP-SEER-BA-rDXHP-LRM-LSC-Correct-30%UC-AOE,SFm&1&rDXHP&Ex&dxHP_equip,RB-dxHP_equip-spltHP-SEER-BA-rDXHP-LRM-LSC-Correct-30%UC-AOE,37.91,82.04,29154.48,63097.05,29154.48,3779.36,736.35,1557.5,457.71,10338.53,0.0,320.16,0.0,0.0,0.0,0.0,11964.88,0.0,0.0,3779.36,736.35,0.0,0.0,8268.27,2070.26,0.0,0.0,270.12,10887813.482430428
runs/CZ12/SFm&2&rDXHP&Ex&dxHP_equip/RB-dxHP_equip-spltHP-SEER-BA-rDXHP-LRM-LSC-Correct-0%UC-AOE/instance-out.sql,CZ12,SFm,2,rDXHP,Ex,dxHP_equip,,RB-dxHP_equip-spltHP-SEER-BA-rDXHP-LRM-LSC-Correct-0%UC-AOE,SFm&2&rDXHP&Ex&dxHP_equip,RB-dxHP_equip-spltHP-SEER-BA-rDXHP-LRM-LSC-Correct-0%UC-AOE,54.34,136.56,48427.84,121697.15,48427.83,11897.91,4322.29,1774.64,457.71,16701.91,0.0,1329.14,0.0,0.0,0.0,0.0,11944.23,0.0,0.0,11897.91,4322.29,0.0,0.0,13440.28,3261.63,0.0,0.0,540.12,31416630.12237457
runs/CZ12/SFm&2&rDXHP&Ex&dxHP_equip/RB-dxHP_equip-spltHP-SEER-BA-rDXHP-LRM-LSC-Correct-0%UC-NR/instance-out.sql,CZ12,SFm,2,rDXHP,Ex,dxHP_equip,,RB-dxHP_equip-spltHP-SEER-BA-rDXHP-LRM-LSC-Correct-0%UC-NR,SFm&2&rDXHP&Ex&dxHP_equip,RB-dxHP_equip-spltHP-SEER-BA-rDXHP-LRM-LSC-Correct-0%UC-NR,51.2,126.6,45624.98,112820.49,45624.97,9517.62,3899.72,1774.64,457.71,16701.91,0.0,1329.14,0.0,0.0,0.0,0.0,11944.23,0.0,0.0,9517.62,3899.72,0.0,0.0,13440.28,3261.63,0.0,0.0,540.12,29498676.91291451
runs/CZ12/SFm&2&rDXGF&Ex&dxAC_equip/RB-dxAC_equip-spltAC-SEER-BA-rDXGF-LRM-LSC-Correct-40%UC-AOE/instance-out.sql,CZ12,SFm,2,rDXGF,Ex,dxAC_equip,,RB-dxAC_equip-spltAC-SEER-BA-rDXGF-LRM-LSC-Correct-40%UC-AOE,SFm&2&rDXGF&Ex&dxAC_equip,RB-dxAC_equip-spltAC-SEER-BA-rDXGF-LRM-LSC-Correct-40%UC-AOE,65.89,113.68,58717.16,101303.36,58717.16,25434.61,1367.57,1774.64,457.71,16701.91,0.0,1036.58,0.0,0.0,0.0,0.0,11944.13,0.0,0.0,0.0,1367.57,25434.61,0.0,13440.28,3261.63,0.0,0.0,540.12,18005402.59037941
runs/CZ12/SFm&2&rDXGF&Ex&dxAC_equip/RB-dxAC_equip-spltAC-SEER-BA-rDXGF-NoLRM-AOE/instance-out.sql,CZ12,SFm,2,rDXGF,Ex,dxAC_equip,,RB-dxAC_equip-spltAC-SEER-BA-rDXGF-NoLRM-AOE,SFm&2&rDXGF&Ex&dxAC_equip,RB-dxAC_equip-spltAC-SEER-BA-rDXGF-NoLRM-AOE,69.71,125.78,62123.3,112090.58,62123.29,25434.61,4773.7,1774.64,457.71,16701.91,0.0,1036.58,0.0,0.0,0.0,0.0,11944.13,0.0,0.0,0.0,4773.7,25434.61,0.0,13440.28,3261.63,0.0,0.0,540.12,33464267.632067937
runs/CZ12/SFm&2&rDXHP&Ex&dxHP_equip/RB-dxHP_equip-spltHP-SEER-BA-rDXHP-LRM-LSC-Correct-7.5%UC-AOE/instance-out.sql,CZ12,SFm,2,rDXHP,Ex,dxHP_equip,,RB-dxHP_equip-spltHP-SEER-BA-rDXHP-LRM-LSC-Correct-7.5%UC-AOE,SFm&2&rDXHP&Ex&dxHP_equip,RB-dxHP_equip-spltHP-SEER-BA-rDXHP-LRM-LSC-Correct-7.5%UC-AOE,53.91,135.2,48043.34,120479.44,48043.33,11700.74,4134.96,1774.64,457.71,16701.91,0.0,1329.14,0.0,0.0,0.0,0.0,11944.23,0.0,0.0,11700.74,4134.96,0.0,0.0,13440.28,3261.63,0.0,0.0,540.12,30566367.21459885
runs/CZ12/SFm&2&rDXGF&Ex&dxAC_equip/RB-dxAC_equip-spltAC-SEER-BA-rDXGF-LRM-LSC-Correct-15%UC-AOE/instance-out.sql,CZ12,SFm,2,rDXGF,Ex,dxAC_equip,,RB-dxAC_equip-spltAC-SEER-BA-rDXGF-LRM-LSC-Correct-15%UC-AOE,SFm&2&rDXGF&Ex&dxAC_equip,RB-dxAC_equip-spltAC-SEER-BA-rDXGF-LRM-LSC-Correct-15%UC-AOE,68.28,121.24,60846.0,108045.38,60845.99,25434.61,3496.4,1774.64,457.71,16701.91,0.0,1036.58,0.0,0.0,0.0,0.0,11944.13,0.0,0.0,0.0,3496.4,25434.61,0.0,13440.28,3261.63,0.0,0.0,540.12,27667193.242561825
runs/CZ12/SFm&2&rDXGF&Ex&dxAC_equip/RB-dxAC_equip-spltAC-SEER-BA-rDXGF-NoLRM-NR/instance-out.sql,CZ12,SFm,2,rDXGF,Ex,dxAC_equip,,RB-dxAC_equip-spltAC-SEER-BA-rDXGF-NoLRM-NR,SFm&2&rDXGF&Ex&dxAC_equip,RB-dxAC_equip-spltAC-SEER-BA-rDXGF-NoLRM-NR,69.19,124.13,61656.59,110612.54,61656.590000000004,25434.61,4307.0,1774.64,457.71,16701.91,0.0,1036.58,0.0,0.0,0.0,0.0,11944.13,0.0,0.0,0.0,4307.0,25434.61,0.0,13440.28,3261.63,0.0,0.0,540.12,31346118.800422955
runs/CZ12/SFm&2&rDXHP&Ex&dxHP_equip/RB-dxHP_equip-spltHP-SEER-BA-rDXHP-NoLRM-NR/instance-out.sql,CZ12,SFm,2,rDXHP,Ex,dxHP_equip,,RB-dxHP_equip-spltHP-SEER-BA-rDXHP-NoLRM-NR,SFm&2&rDXHP&Ex&dxHP_equip,RB-dxHP_equip-spltHP-SEER-BA-rDXHP-NoLRM-NR,52.08,129.39,46409.57,115305.31,46409.57,9895.04,4306.9,1774.64,457.71,16701.91,0.0,1329.14,0.0,0.0,0.0,0.0,11944.23,0.0,0.0,9895.04,4306.9,0.0,0.0,13440.28,3261.63,0.0,0.0,540.12,31346778.82546874
runs/CZ12/SFm&2&rDXHP&Ex&dxHP_equip/RB-dxHP_equip-spltHP-SEER-BA-rDXHP-LRM-LSC-Correct-15%UC-AOE/instance-out.sql,CZ12,SFm,2,rDXHP,Ex,dxHP_equip,,RB-dxHP_equip-spltHP-SEER-BA-rDXHP-LRM-LSC-Correct-15%UC-AOE,SFm&2&rDXHP&Ex&dxHP_equip,RB-dxHP_equip-spltHP-SEER-BA-rDXHP-LRM-LSC-Correct-15%UC-AOE,52.44,130.54,46732.54,116328.16,46732.54,11028.58,3496.32,1774.64,457.71,16701.91,0.0,1329.14,0.0,0.0,0.0,0.0,11944.23,0.0,0.0,11028.58,3496.32,0.0,0.0,13440.28,3261.63,0.0,0.0,540.12,27667743.67548953
runs/CZ13/SFm&1&rDXGF&Ex&dxAC_equip/RB-dxAC_equip-spltAC-SEER-BA-rDXGF-LRM-LSC-Correct-40%UC-AOE/instance-out.sql,CZ13,SFm,1,rDXGF,Ex,dxAC_equip,,RB-dxAC_equip-spltAC-SEER-BA-rDXGF-LRM-LSC-Correct-40%UC-AOE,SFm&1&rDXGF&Ex&dxAC_equip,RB-dxAC_equip-spltAC-SEER-BA-rDXGF-LRM-LSC-Correct-40%UC-AOE,44.22,80.26,34008.38,61732.47,34008.380000000005,8229.85,1134.93,1557.5,457.71,10338.53,0.0,519.85,0.0,0.0,0.0,0.0,11770.01,0.0,0.0,0.0,1134.93,8229.85,0.0,8268.27,2070.26,0.0,0.0,270.12,11715171.642586995
runs/CZ12/SFm&2&rDXHP&Ex&dxHP_equip/RB-dxHP_equip-spltHP-SEER-BA-rDXHP-LRM-LSC-Correct-22.5%UC-AOE/instance-out.sql,CZ12,SFm,2,rDXHP,Ex,dxHP_equip,,RB-dxHP_equip-spltHP-SEER-BA-rDXHP-LRM-LSC-Correct-22.5%UC-AOE,SFm&2&rDXHP&Ex&dxHP_equip,RB-dxHP_equip-spltHP-SEER-BA-rDXHP-LRM-LSC-Correct-22.5%UC-AOE,50.97,125.88,45421.75,112176.87,45421.75,10356.43,2857.69,1774.64,457.71,16701.91,0.0,1329.14,0.0,0.0,0.0,0.0,11944.23,0.0,0.0,10356.43,2857.69,0.0,0.0,13440.28,3261.63,0.0,0.0,540.12,24769120.13395188
runs/CZ12/SFm&2&rDXHP&Ex&dxHP_equip/RB-dxHP_equip-spltHP-SEER-BA-rDXHP-LRM-LSC-Correct-30%UC-AOE/instance-out.sql,CZ12,SFm,2,rDXHP,Ex,dxHP_equip,,RB-dxHP_equip-spltHP-SEER-BA-rDXHP-LRM-LSC-Correct-30%UC-AOE,SFm&2&rDXHP&Ex&dxHP_equip,RB-dxHP_equip-spltHP-SEER-BA-rDXHP-LRM-LSC-Correct-30%UC-AOE,49.5,121.22,44110.96,108025.59,44110.95,9684.27,2219.05,1774.64,457.71,16701.91,0.0,1329.14,0.0,0.0,0.0,0.0,11944.23,0.0,0.0,9684.27,2219.05,0.0,0.0,13440.28,3261.63,0.0,0.0,540.12,21870496.593753383
runs/CZ13/SFm&1&rDXGF&Ex&dxAC_equip/RB-dxAC_equip-spltAC-SEER-BA-rDXGF-LRM-LSC-Correct-15%UC-AOE/instance-out.sql,CZ13,SFm,1,rDXGF,Ex,dxAC_equip,,RB-dxAC_equip-spltAC-SEER-BA-rDXGF-LRM-LSC-Correct-15%UC-AOE,SFm&1&rDXGF&Ex&dxAC_equip,RB-dxAC_equip-spltAC-SEER-BA-rDXGF-LRM-LSC-Correct-15%UC-AOE,46.51,87.54,35775.07,67327.56,35775.07000000001,8229.85,2901.61,1557.5,457.71,10338.53,0.0,519.85,0.0,0.0,0.0,0.0,11770.01,0.0,0.0,0.0,2901.61,8229.85,0.0,8268.27,2070.26,0.0,0.0,270.12,18243598.67117228
runs/CZ13/SFm&1&rDXGF&Ex&dxAC_equip/RB-dxAC_equip-spltAC-SEER-BA-rDXGF-NoLRM-NR/instance-out.sql,CZ13,SFm,1,rDXGF,Ex,dxAC_equip,,RB-dxAC_equip-spltAC-SEER-BA-rDXGF-NoLRM-NR,SFm&1&rDXGF&Ex&dxAC_equip,RB-dxAC_equip-spltAC-SEER-BA-rDXGF-NoLRM-NR,47.39,90.31,36447.77,69458.01,36447.770000000004,8229.85,3574.31,1557.5,457.71,10338.53,0.0,519.85,0.0,0.0,0.0,0.0,11770.01,0.0,0.0,0.0,3574.31,8229.85,0.0,8268.27,2070.26,0.0,0.0,270.12,20729431.568272844
runs/CZ12/SFm&2&rDXHP&Ex&dxHP_equip/RB-dxHP_equip-spltHP-SEER-BA-rDXHP-NoLRM-NC/instance-out.sql,CZ12,SFm,2,rDXHP,Ex,dxHP_equip,,RB-dxHP_equip-spltHP-SEER-BA-rDXHP-NoLRM-NC,SFm&2&rDXHP&Ex&dxHP_equip,RB-dxHP_equip-spltHP-SEER-BA-rDXHP-NoLRM-NC,52.08,129.39,46409.57,115305.31,46409.57,9895.04,4306.9,1774.64,457.71,16701.91,0.0,1329.14,0.0,0.0,0.0,0.0,11944.23,0.0,0.0,9895.04,4306.9,0.0,0.0,13440.28,3261.63,0.0,0.0,540.12,31346778.82546874
runs/CZ13/SFm&1&rDXHP&Ex&dxHP_equip/RB-dxHP_equip-spltHP-SEER-BA-rDXHP-LRM-LSC-Correct-0%UC-NC/instance-out.sql,CZ13,SFm,1,rDXHP,Ex,dxHP_equip,,RB-dxHP_equip-spltHP-SEER-BA-rDXHP-LRM-LSC-Correct-0%UC-NC,SFm&1&rDXHP&Ex&dxHP_equip,RB-dxHP_equip-spltHP-SEER-BA-rDXHP-LRM-LSC-Correct-0%UC-NC,40.8,91.72,31377.78,70543.61,31377.79,3408.97,3236.42,1557.5,457.71,10338.53,0.0,608.38,0.0,0.0,0.0,0.0,11770.27,0.0,0.0,3408.97,3236.42,0.0,0.0,8268.27,2070.26,0.0,0.0,270.12,19480744.218399704
runs/CZ13/SFm&1&rDXHP&Ex&dxHP_equip/RB-dxHP_equip-spltHP-SEER-BA-rDXHP-LRM-LSC-Correct-30%UC-AOE/instance-out.sql,CZ13,SFm,1,rDXHP,Ex,dxHP_equip,,RB-dxHP_equip-spltHP-SEER-BA-rDXHP-LRM-LSC-Correct-30%UC-AOE,SFm&1&rDXHP&Ex&dxHP_equip,RB-dxHP_equip-spltHP-SEER-BA-rDXHP-LRM-LSC-Correct-30%UC-AOE,39.06,86.21,30040.85,66309.53,30040.85,3466.84,1841.62,1557.5,457.71,10338.53,0.0,608.38,0.0,0.0,0.0,0.0,11770.27,0.0,0.0,3466.84,1841.62,0.0,0.0,8268.27,2070.26,0.0,0.0,270.12,14326560.43724053
runs/CZ12/SFm&2&rDXHP&Ex&dxHP_equip/RB-dxHP_equip-spltHP-SEER-BA-rDXHP-NoLRM-AOE/instance-out.sql,CZ12,SFm,2,rDXHP,Ex,dxHP_equip,,RB-dxHP_equip-spltHP-SEER-BA-rDXHP-NoLRM-AOE,SFm&2&rDXHP&Ex&dxHP_equip,RB-dxHP_equip-spltHP-SEER-BA-rDXHP-NoLRM-AOE,55.38,139.86,49354.13,124630.72,49354.13,12372.9,4773.59,1774.64,457.71,16701.91,0.0,1329.14,0.0,0.0,0.0,0.0,11944.23,0.0,0.0,12372.9,4773.59,0.0,0.0,13440.28,3261.63,0.0,0.0,540.12,33464990.754997388
runs/CZ13/SFm&1&rDXGF&Ex&dxAC_equip/RB-dxAC_equip-spltAC-SEER-BA-rDXGF-NoLRM-AOE/instance-out.sql,CZ13,SFm,1,rDXGF,Ex,dxAC_equip,,RB-dxAC_equip-spltAC-SEER-BA-rDXGF-NoLRM-AOE,SFm&1&rDXGF&Ex&dxAC_equip,RB-dxAC_equip-spltAC-SEER-BA-rDXGF-NoLRM-AOE,47.89,91.9,36835.08,70684.62,36835.08,8229.85,3961.62,1557.5,457.71,10338.53,0.0,519.85,0.0,0.0,0.0,0.0,11770.01,0.0,0.0,0.0,3961.62,8229.85,0.0,8268.27,2070.26,0.0,0.0,270.12,22160654.88710494
runs/CZ12/SFm&2&rDXHP&Ex&dxHP_equip/RB-dxHP_equip-spltHP-SEER-BA-rDXHP-LRM-LSC-Correct-40%UC-AOE/instance-out.sql,CZ12,SFm,2,rDXHP,Ex,dxHP_equip,,RB-dxHP_equip-spltHP-SEER-BA-rDXHP-LRM-LSC-Correct-40%UC-AOE,SFm&2&rDXHP&Ex&dxHP_equip,RB-dxHP_equip-spltHP-SEER-BA-rDXHP-LRM-LSC-Correct-40%UC-AOE,47.54,115.01,42363.23,102490.55,42363.229999999996,8788.06,1367.54,1774.64,457.71,16701.91,0.0,1329.14,0.0,0.0,0.0,0.0,11944.23,0.0,0.0,8788.06,1367.54,0.0,0.0,13440.28,3261.63,0.0,0.0,540.12,18005665.206637457
runs/CZ13/SFm&1&rDXGF&Ex&dxAC_equip/RB-dxAC_equip-spltAC-SEER-BA-rDXGF-LRM-LSC-Correct-22.5%UC-AOE/instance-out.sql,CZ13,SFm,1,rDXGF,Ex,dxAC_equip,,RB-dxAC_equip-spltAC-SEER-BA-rDXGF-LRM-LSC-Correct-22.5%UC-AOE,SFm&1&rDXGF&Ex&dxAC_equip,RB-dxAC_equip-spltAC-SEER-BA-rDXGF-LRM-LSC-Correct-22.5%UC-AOE,45.82,85.36,35245.06,65649.03,35245.06,8229.85,2371.61,1557.5,457.71,10338.53,0.0,519.85,0.0,0.0,0.0,0.0,11770.01,0.0,0.0,0.0,2371.61,8229.85,0.0,8268.27,2070.26,0.0,0.0,270.12,16285070.562000727
runs/CZ13/SFm&1&rDXHP&Ex&dxHP_equip/RB-dxHP_equip-spltHP-SEER-BA-rDXHP-LRM-LSC-Correct-22.5%UC-AOE/instance-out.sql,CZ13,SFm,1,rDXHP,Ex,dxHP_equip,,RB-dxHP_equip-spltHP-SEER-BA-rDXHP-LRM-LSC-Correct-22.5%UC-AOE,SFm&1&rDXHP&Ex&dxHP_equip,RB-dxHP_equip-spltHP-SEER-BA-rDXHP-LRM-LSC-Correct-22.5%UC-AOE,40.05,89.36,30804.26,68727.25,30804.260000000002,3700.24,2371.63,1557.5,457.71,10338.53,0.0,608.38,0.0,0.0,0.0,0.0,11770.27,0.0,0.0,3700.24,2371.63,0.0,0.0,8268.27,2070.26,0.0,0.0,270.12,16285092.854342628
runs/CZ13/SFm&1&rDXHP&Ex&dxHP_equip/RB-dxHP_equip-spltHP-SEER-BA-rDXHP-LRM-LSC-Correct-0%UC-AOE/instance-out.sql,CZ13,SFm,1,rDXHP,Ex,dxHP_equip,,RB-dxHP_equip-spltHP-SEER-BA-rDXHP-LRM-LSC-Correct-0%UC-AOE,SFm&1&rDXHP&Ex&dxHP_equip,RB-dxHP_equip-spltHP-SEER-BA-rDXHP-LRM-LSC-Correct-0%UC-AOE,42.33,96.57,32555.02,74271.91,32555.02,4235.51,3587.12,1557.5,457.71,10338.53,0.0,608.38,0.0,0.0,0.0,0.0,11770.27,0.0,0.0,4235.51,3587.12,0.0,0.0,8268.27,2070.26,0.0,0.0,270.12,20776660.532856777
runs/CZ13/SFm&1&rDXGF&Ex&dxAC_equip/RB-dxAC_equip-spltAC-SEER-BA-rDXGF-LRM-LSC-Correct-30%UC-AOE/instance-out.sql,CZ13,SFm,1,rDXGF,Ex,dxAC_equip,,RB-dxAC_equip-spltAC-SEER-BA-rDXGF-LRM-LSC-Correct-30%UC-AOE,SFm&1&rDXGF&Ex&dxAC_equip,RB-dxAC_equip-spltAC-SEER-BA-rDXGF-LRM-LSC-Correct-30%UC-AOE,45.14,83.17,34715.06,63970.5,34715.06,8229.85,1841.6,1557.5,457.71,10338.53,0.0,519.85,0.0,0.0,0.0,0.0,11770.01,0.0,0.0,0.0,1841.6,8229.85,0.0,8268.27,2070.26,0.0,0.0,270.12,14326542.45373401
runs/CZ13/SFm&1&rDXHP&Ex&dxHP_equip/RB-dxHP_equip-spltHP-SEER-BA-rDXHP-NoLRM-AOE/instance-out.sql,CZ13,SFm,1,rDXHP,Ex,dxHP_equip,,RB-dxHP_equip-spltHP-SEER-BA-rDXHP-NoLRM-AOE,SFm&1&rDXHP&Ex&dxHP_equip,RB-dxHP_equip-spltHP-SEER-BA-rDXHP-NoLRM-AOE,43.03,98.79,33094.5,75980.43,33094.5,4400.45,3961.66,1557.5,457.71,10338.53,0.0,608.38,0.0,0.0,0.0,0.0,11770.27,0.0,0.0,4400.45,3961.66,0.0,0.0,8268.27,2070.26,0.0,0.0,270.12,22160690.105952986
runs/CZ13/SFm&1&rDXHP&Ex&dxHP_equip/RB-dxHP_equip-spltHP-SEER-BA-rDXHP-LRM-LSC-Correct-0%UC-NR/instance-out.sql,CZ13,SFm,1,rDXHP,Ex,dxHP_equip,,RB-dxHP_equip-spltHP-SEER-BA-rDXHP-LRM-LSC-Correct-0%UC-NR,SFm&1&rDXHP&Ex&dxHP_equip,RB-dxHP_equip-spltHP-SEER-BA-rDXHP-LRM-LSC-Correct-0%UC-NR,40.8,91.72,31377.78,70543.61,31377.79,3408.97,3236.42,1557.5,457.71,10338.53,0.0,608.38,0.0,0.0,0.0,0.0,11770.27,0.0,0.0,3408.97,3236.42,0.0,0.0,8268.27,2070.26,0.0,0.0,270.12,19480744.218399704
runs/CZ13/SFm&1&rDXGF&Ex&dxAC_equip/RB-dxAC_equip-spltAC-SEER-BA-rDXGF-LRM-LSC-Correct-7.5%UC-AOE/instance-out.sql,CZ13,SFm,1,rDXGF,Ex,dxAC_equip,,RB-dxAC_equip-spltAC-SEER-BA-rDXGF-LRM-LSC-Correct-7.5%UC-AOE,SFm&1&rDXGF&Ex&dxAC_equip,RB-dxAC_equip-spltAC-SEER-BA-rDXGF-LRM-LSC-Correct-7.5%UC-AOE,47.2,89.72,36305.07,69006.09,36305.08,8229.85,3431.62,1557.5,457.71,10338.53,0.0,519.85,0.0,0.0,0.0,0.0,11770.01,0.0,0.0,0.0,3431.62,8229.85,0.0,8268.27,2070.26,0.0,0.0,270.12,20202126.77870306
runs/CZ13/SFm&1&rDXHP&Ex&dxHP_equip/RB-dxHP_equip-spltHP-SEER-BA-rDXHP-LRM-LSC-Correct-15%UC-AOE/instance-out.sql,CZ13,SFm,1,rDXHP,Ex,dxHP_equip,,RB-dxHP_equip-spltHP-SEER-BA-rDXHP-LRM-LSC-Correct-15%UC-AOE,SFm&1&rDXHP&Ex&dxHP_equip,RB-dxHP_equip-spltHP-SEER-BA-rDXHP-LRM-LSC-Correct-15%UC-AOE,41.04,92.5,31567.67,71144.98,31567.68,3933.65,2901.64,1557.5,457.71,10338.53,0.0,608.38,0.0,0.0,0.0,0.0,11770.27,0.0,0.0,3933.65,2901.64,0.0,0.0,8268.27,2070.26,0.0,0.0,270.12,18243625.27234956
runs/CZ13/SFm&1&rDXHP&Ex&dxHP_equip/RB-dxHP_equip-spltHP-SEER-BA-rDXHP-LRM-LSC-Correct-40%UC-AOE/instance-out.sql,CZ13,SFm,1,rDXHP,Ex,dxHP_equip,,RB-dxHP_equip-spltHP-SEER-BA-rDXHP-LRM-LSC-Correct-40%UC-AOE,SFm&1&rDXHP&Ex&dxHP_equip,RB-dxHP_equip-spltHP-SEER-BA-rDXHP-LRM-LSC-Correct-40%UC-AOE,37.74,82.02,29022.96,63085.89,29022.97,3155.64,1134.94,1557.5,457.71,10338.53,0.0,608.38,0.0,0.0,0.0,0.0,11770.27,0.0,0.0,3155.64,1134.94,0.0,0.0,8268.27,2070.26,0.0,0.0,270.12,11715183.88097967
runs/CZ13/SFm&1&rDXGF&Ex&dxAC_equip/RB-dxAC_equip-spltAC-SEER-BA-rDXGF-LRM-LSC-Correct-0%UC-NR/instance-out.sql,CZ13,SFm,1,rDXGF,Ex,dxAC_equip,,RB-dxAC_equip-spltAC-SEER-BA-rDXGF-LRM-LSC-Correct-0%UC-NR,SFm&1&rDXGF&Ex&dxAC_equip,RB-dxAC_equip-spltAC-SEER-BA-rDXGF-LRM-LSC-Correct-0%UC-NR,46.95,88.92,36109.85,68387.81,36109.850000000006,8229.85,3236.39,1557.5,457.71,10338.53,0.0,519.85,0.0,0.0,0.0,0.0,11770.01,0.0,0.0,0.0,3236.39,8229.85,0.0,8268.27,2070.26,0.0,0.0,270.12,19480714.89552027
runs/CZ13/SFm&1&rDXHP&Ex&dxHP_equip/RB-dxHP_equip-spltHP-SEER-BA-rDXHP-NoLRM-NR/instance-out.sql,CZ13,SFm,1,rDXHP,Ex,dxHP_equip,,RB-dxHP_equip-spltHP-SEER-BA-rDXHP-NoLRM-NR,SFm&1&rDXHP&Ex&dxHP_equip,RB-dxHP_equip-spltHP-SEER-BA-rDXHP-NoLRM-NR,41.41,93.65,31846.76,72028.86,31846.77,3540.03,3574.34,1557.5,457.71,10338.53,0.0,608.38,0.0,0.0,0.0,0.0,11770.27,0.0,0.0,3540.03,3574.34,0.0,0.0,8268.27,2070.26,0.0,0.0,270.12,20729463.638375845
runs/CZ13/SFm&2&rDXGF&Ex&dxAC_equip/RB-dxAC_equip-spltAC-SEER-BA-rDXGF-LRM-LSC-Correct-22.5%UC-AOE/instance-out.sql,CZ13,SFm,2,rDXGF,Ex,dxAC_equip,,RB-dxAC_equip-spltAC-SEER-BA-rDXGF-LRM-LSC-Correct-22.5%UC-AOE,SFm&2&rDXGF&Ex&dxAC_equip,RB-dxAC_equip-spltAC-SEER-BA-rDXGF-LRM-LSC-Correct-22.5%UC-AOE,72.42,135.74,64539.28,120966.04,64539.270000000004,25044.47,6766.76,1774.64,457.71,16701.91,0.0,2047.15,0.0,0.0,0.0,0.0,11746.64,0.0,0.0,0.0,6766.76,25044.47,0.0,13440.28,3261.63,0.0,0.0,540.12,35921603.896264374
runs/CZ13/SFm&2&rDXGF&Ex&dxAC_equip/RB-dxAC_equip-spltAC-SEER-BA-rDXGF-LRM-LSC-Correct-30%UC-AOE/instance-out.sql,CZ13,SFm,2,rDXGF,Ex,dxAC_equip,,RB-dxAC_equip-spltAC-SEER-BA-rDXGF-LRM-LSC-Correct-30%UC-AOE,SFm&2&rDXGF&Ex&dxAC_equip,RB-dxAC_equip-spltAC-SEER-BA-rDXGF-LRM-LSC-Correct-30%UC-AOE,70.73,130.37,63027.04,116176.8,63027.04,25044.47,5254.52,1774.64,457.71,16701.91,0.0,2047.15,0.0,0.0,0.0,0.0,11746.64,0.0,0.0,0.0,5254.52,25044.47,0.0,13440.28,3261.63,0.0,0.0,540.12,30979682.271417283
runs/CZ13/SFm&1&rDXGF&Ex&dxAC_equip/RB-dxAC_equip-spltAC-SEER-BA-rDXGF-LRM-LSC-Correct-0%UC-AOE/instance-out.sql,CZ13,SFm,1,rDXGF,Ex,dxAC_equip,,RB-dxAC_equip-spltAC-SEER-BA-rDXGF-LRM-LSC-Correct-0%UC-AOE,SFm&1&rDXGF&Ex&dxAC_equip,RB-dxAC_equip-spltAC-SEER-BA-rDXGF-LRM-LSC-Correct-0%UC-AOE,47.41,90.36,36460.54,69498.46,36460.54,8229.85,3587.09,1557.5,457.71,10338.53,0.0,519.85,0.0,0.0,0.0,0.0,11770.01,0.0,0.0,0.0,3587.09,8229.85,0.0,8268.27,2070.26,0.0,0.0,270.12,20776628.35891906
runs/CZ13/SFm&2&rDXGF&Ex&dxAC_equip/RB-dxAC_equip-spltAC-SEER-BA-rDXGF-LRM-LSC-Correct-40%UC-AOE/instance-out.sql,CZ13,SFm,2,rDXGF,Ex,dxAC_equip,,RB-dxAC_equip-spltAC-SEER-BA-rDXGF-LRM-LSC-Correct-40%UC-AOE,SFm&2&rDXGF&Ex&dxAC_equip,RB-dxAC_equip-spltAC-SEER-BA-rDXGF-LRM-LSC-Correct-40%UC-AOE,68.46,123.2,61010.73,109791.15,61010.73,25044.47,3238.21,1774.64,457.71,16701.91,0.0,2047.15,0.0,0.0,0.0,0.0,11746.64,0.0,0.0,0.0,3238.21,25044.47,0.0,13440.28,3261.63,0.0,0.0,540.12,24390453.437973082
runs/CZ13/SFm&1&rDXHP&Ex&dxHP_equip/RB-dxHP_equip-spltHP-SEER-BA-rDXHP-NoLRM-NC/instance-out.sql,CZ13,SFm,1,rDXHP,Ex,dxHP_equip,,RB-dxHP_equip-spltHP-SEER-BA-rDXHP-NoLRM-NC,SFm&1&rDXHP&Ex&dxHP_equip,RB-dxHP_equip-spltHP-SEER-BA-rDXHP-NoLRM-NC,41.41,93.65,31846.76,72028.86,31846.77,3540.03,3574.34,1557.5,457.71,10338.53,0.0,608.38,0.0,0.0,0.0,0.0,11770.27,0.0,0.0,3540.03,3574.34,0.0,0.0,8268.27,2070.26,0.0,0.0,270.12,20729463.638375845
runs/CZ13/SFm&2&rDXGF&Ex&dxAC_equip/RB-dxAC_equip-spltAC-SEER-BA-rDXGF-LRM-LSC-Correct-7.5%UC-AOE/instance-out.sql,CZ13,SFm,2,rDXGF,Ex,dxAC_equip,,RB-dxAC_equip-spltAC-SEER-BA-rDXGF-LRM-LSC-Correct-7.5%UC-AOE,SFm&2&rDXGF&Ex&dxAC_equip,RB-dxAC_equip-spltAC-SEER-BA-rDXGF-LRM-LSC-Correct-7.5%UC-AOE,75.82,146.49,67563.74,130544.53,67563.73999999999,25044.47,9791.22,1774.64,457.71,16701.91,0.0,2047.15,0.0,0.0,0.0,0.0,11746.64,0.0,0.0,0.0,9791.22,25044.47,0.0,13440.28,3261.63,0.0,0.0,540.12,45805447.14638476
runs/CZ13/SFm&1&rDXHP&Ex&dxHP_equip/RB-dxHP_equip-spltHP-SEER-BA-rDXHP-LRM-LSC-Correct-7.5%UC-AOE/instance-out.sql,CZ13,SFm,1,rDXHP,Ex,dxHP_equip,,RB-dxHP_equip-spltHP-SEER-BA-rDXHP-LRM-LSC-Correct-7.5%UC-AOE,SFm&1&rDXHP&Ex&dxHP_equip,RB-dxHP_equip-spltHP-SEER-BA-rDXHP-LRM-LSC-Correct-7.5%UC-AOE,42.04,95.64,32331.08,73562.71,32331.09,4167.05,3431.65,1557.5,457.71,10338.53,0.0,608.38,0.0,0.0,0.0,0.0,11770.27,0.0,0.0,4167.05,3431.65,0.0,0.0,8268.27,2070.26,0.0,0.0,270.12,20202157.688715726
runs/CZ13/SFm&2&rDXHP&Ex&dxHP_equip/RB-dxHP_equip-spltHP-SEER-BA-rDXHP-LRM-LSC-Correct-0%UC-NR/instance-out.sql,CZ13,SFm,2,rDXHP,Ex,dxHP_equip,,RB-dxHP_equip-spltHP-SEER-BA-rDXHP-LRM-LSC-Correct-0%UC-NR,SFm&2&rDXHP&Ex&dxHP_equip,RB-dxHP_equip-spltHP-SEER-BA-rDXHP-LRM-LSC-Correct-0%UC-NR,57.27,146.29,51034.14,130363.68,51034.15,8764.92,9234.2,1774.64,457.71,16701.91,0.0,2354.49,0.0,0.0,0.0,0.0,11746.27,0.0,0.0,8764.92,9234.2,0.0,0.0,13440.28,3261.63,0.0,0.0,540.12,43985125.11164558
runs/CZ13/SFm&2&rDXHP&Ex&dxHP_equip/RB-dxHP_equip-spltHP-SEER-BA-rDXHP-LRM-LSC-Correct-30%UC-AOE/instance-out.sql,CZ13,SFm,2,rDXHP,Ex,dxHP_equip,,RB-dxHP_equip-spltHP-SEER-BA-rDXHP-LRM-LSC-Correct-30%UC-AOE,SFm&2&rDXHP&Ex&dxHP_equip,RB-dxHP_equip-spltHP-SEER-BA-rDXHP-LRM-LSC-Correct-30%UC-AOE,52.98,132.69,47208.03,118246.4,47208.04,8918.49,5254.52,1774.64,457.71,16701.91,0.0,2354.49,0.0,0.0,0.0,0.0,11746.27,0.0,0.0,8918.49,5254.52,0.0,0.0,13440.28,3261.63,0.0,0.0,540.12,30979685.19559928
runs/CZ13/SFm&2&rDXGF&Ex&dxAC_equip/RB-dxAC_equip-spltAC-SEER-BA-rDXGF-LRM-LSC-Correct-0%UC-NR/instance-out.sql,CZ13,SFm,2,rDXGF,Ex,dxAC_equip,,RB-dxAC_equip-spltAC-SEER-BA-rDXGF-LRM-LSC-Correct-0%UC-NR,SFm&2&rDXGF&Ex&dxAC_equip,RB-dxAC_equip-spltAC-SEER-BA-rDXGF-LRM-LSC-Correct-0%UC-NR,75.19,144.51,67006.72,128780.44,67006.72,25044.47,9234.2,1774.64,457.71,16701.91,0.0,2047.15,0.0,0.0,0.0,0.0,11746.64,0.0,0.0,0.0,9234.2,25044.47,0.0,13440.28,3261.63,0.0,0.0,540.12,43985120.45774825
runs/CZ14/SFm&1&rDXGF&Ex&dxAC_equip/RB-dxAC_equip-spltAC-SEER-BA-rDXGF-LRM-LSC-Correct-0%UC-AOE/instance-out.sql,CZ14,SFm,1,rDXGF,Ex,dxAC_equip,,RB-dxAC_equip-spltAC-SEER-BA-rDXGF-LRM-LSC-Correct-0%UC-AOE,SFm&1&rDXGF&Ex&dxAC_equip,RB-dxAC_equip-spltAC-SEER-BA-rDXGF-LRM-LSC-Correct-0%UC-AOE,50.13,88.66,38554.81,68191.61,38554.81,11974.27,1997.79,1557.5,457.71,10338.53,0.0,391.9,0.0,0.0,0.0,0.0,11837.11,0.0,0.0,0.0,1997.79,11974.27,0.0,8268.27,2070.26,0.0,0.0,270.12,12749277.754182704
runs/CZ13/SFm&2&rDXGF&Ex&dxAC_equip/RB-dxAC_equip-spltAC-SEER-BA-rDXGF-LRM-LSC-Correct-0%UC-AOE/instance-out.sql,CZ13,SFm,2,rDXGF,Ex,dxAC_equip,,RB-dxAC_equip-spltAC-SEER-BA-rDXGF-LRM-LSC-Correct-0%UC-AOE,SFm&2&rDXGF&Ex&dxAC_equip,RB-dxAC_equip-spltAC-SEER-BA-rDXGF-LRM-LSC-Correct-0%UC-AOE,76.32,148.07,68007.33,131949.37,68007.33,25044.47,10234.81,1774.64,457.71,16701.91,0.0,2047.15,0.0,0.0,0.0,0.0,11746.64,0.0,0.0,0.0,10234.81,25044.47,0.0,13440.28,3261.63,0.0,0.0,540.12,47255077.494192705
runs/CZ13/SFm&2&rDXHP&Ex&dxHP_equip/RB-dxHP_equip-spltHP-SEER-BA-rDXHP-NoLRM-NC/instance-out.sql,CZ13,SFm,2,rDXHP,Ex,dxHP_equip,,RB-dxHP_equip-spltHP-SEER-BA-rDXHP-NoLRM-NC,SFm&2&rDXHP&Ex&dxHP_equip,RB-dxHP_equip-spltHP-SEER-BA-rDXHP-NoLRM-NC,58.74,150.95,52346.1,134518.66,52346.11,9112.71,10198.37,1774.64,457.71,16701.91,0.0,2354.49,0.0,0.0,0.0,0.0,11746.27,0.0,0.0,9112.71,10198.37,0.0,0.0,13440.28,3261.63,0.0,0.0,540.12,47135991.68490687
runs/CZ13/SFm&2&rDXGF&Ex&dxAC_equip/RB-dxAC_equip-spltAC-SEER-BA-rDXGF-LRM-LSC-Correct-15%UC-AOE/instance-out.sql,CZ13,SFm,2,rDXGF,Ex,dxAC_equip,,RB-dxAC_equip-spltAC-SEER-BA-rDXGF-LRM-LSC-Correct-15%UC-AOE,SFm&2&rDXGF&Ex&dxAC_equip,RB-dxAC_equip-spltAC-SEER-BA-rDXGF-LRM-LSC-Correct-15%UC-AOE,74.12,141.12,66051.51,125755.29,66051.51000000001,25044.47,8278.99,1774.64,457.71,16701.91,0.0,2047.15,0.0,0.0,0.0,0.0,11746.64,0.0,0.0,0.0,8278.99,25044.47,0.0,13440.28,3261.63,0.0,0.0,540.12,40863525.52339463
runs/CZ13/SFm&2&rDXHP&Ex&dxHP_equip/RB-dxHP_equip-spltHP-SEER-BA-rDXHP-LRM-LSC-Correct-15%UC-AOE/instance-out.sql,CZ13,SFm,2,rDXHP,Ex,dxHP_equip,,RB-dxHP_equip-spltHP-SEER-BA-rDXHP-LRM-LSC-Correct-15%UC-AOE,SFm&2&rDXHP&Ex&dxHP_equip,RB-dxHP_equip-spltHP-SEER-BA-rDXHP-LRM-LSC-Correct-15%UC-AOE,57.76,147.84,51471.3,131748.15,51471.3,10157.29,8278.99,1774.64,457.71,16701.91,0.0,2354.49,0.0,0.0,0.0,0.0,11746.27,0.0,0.0,10157.29,8278.99,0.0,0.0,13440.28,3261.63,0.0,0.0,540.12,40863529.76212175
runs/CZ13/SFm&2&rDXHP&Ex&dxHP_equip/RB-dxHP_equip-spltHP-SEER-BA-rDXHP-LRM-LSC-Correct-0%UC-NC/instance-out.sql,CZ13,SFm,2,rDXHP,Ex,dxHP_equip,,RB-dxHP_equip-spltHP-SEER-BA-rDXHP-LRM-LSC-Correct-0%UC-NC,SFm&2&rDXHP&Ex&dxHP_equip,RB-dxHP_equip-spltHP-SEER-BA-rDXHP-LRM-LSC-Correct-0%UC-NC,57.27,146.29,51034.14,130363.68,51034.15,8764.92,9234.2,1774.64,457.71,16701.91,0.0,2354.49,0.0,0.0,0.0,0.0,11746.27,0.0,0.0,8764.92,9234.2,0.0,0.0,13440.28,3261.63,0.0,0.0,540.12,43985125.11164558
runs/CZ13/SFm&2&rDXHP&Ex&dxHP_equip/RB-dxHP_equip-spltHP-SEER-BA-rDXHP-LRM-LSC-Correct-22.5%UC-AOE/instance-out.sql,CZ13,SFm,2,rDXHP,Ex,dxHP_equip,,RB-dxHP_equip-spltHP-SEER-BA-rDXHP-LRM-LSC-Correct-22.5%UC-AOE,SFm&2&rDXHP&Ex&dxHP_equip,RB-dxHP_equip-spltHP-SEER-BA-rDXHP-LRM-LSC-Correct-22.5%UC-AOE,55.37,140.27,49339.67,124997.27,49339.67,9537.89,6766.76,1774.64,457.71,16701.91,0.0,2354.49,0.0,0.0,0.0,0.0,11746.27,0.0,0.0,9537.89,6766.76,0.0,0.0,13440.28,3261.63,0.0,0.0,540.12,35921607.47771894
runs/CZ13/SFm&2&rDXGF&Ex&dxAC_equip/RB-dxAC_equip-spltAC-SEER-BA-rDXGF-NoLRM-NR/instance-out.sql,CZ13,SFm,2,rDXGF,Ex,dxAC_equip,,RB-dxAC_equip-spltAC-SEER-BA-rDXGF-NoLRM-NR,SFm&2&rDXGF&Ex&dxAC_equip,RB-dxAC_equip-spltAC-SEER-BA-rDXGF-NoLRM-NR,76.27,147.94,67970.89,131833.96,67970.88,25044.47,10198.37,1774.64,457.71,16701.91,0.0,2047.15,0.0,0.0,0.0,0.0,11746.64,0.0,0.0,0.0,10198.37,25044.47,0.0,13440.28,3261.63,0.0,0.0,540.12,47135986.61194626
runs/CZ14/SFm&1&rDXGF&Ex&dxAC_equip/RB-dxAC_equip-spltAC-SEER-BA-rDXGF-LRM-LSC-Correct-0%UC-NR/instance-out.sql,CZ14,SFm,1,rDXGF,Ex,dxAC_equip,,RB-dxAC_equip-spltAC-SEER-BA-rDXGF-LRM-LSC-Correct-0%UC-NR,SFm&1&rDXGF&Ex&dxAC_equip,RB-dxAC_equip-spltAC-SEER-BA-rDXGF-LRM-LSC-Correct-0%UC-NR,49.87,87.86,38359.49,67573.05,38359.49,11974.27,1802.47,1557.5,457.71,10338.53,0.0,391.9,0.0,0.0,0.0,0.0,11837.11,0.0,0.0,0.0,1802.47,11974.27,0.0,8268.27,2070.26,0.0,0.0,270.12,12170188.984699745
runs/CZ13/SFm&2&rDXGF&Ex&dxAC_equip/RB-dxAC_equip-spltAC-SEER-BA-rDXGF-NoLRM-AOE/instance-out.sql,CZ13,SFm,2,rDXGF,Ex,dxAC_equip,,RB-dxAC_equip-spltAC-SEER-BA-rDXGF-NoLRM-AOE,SFm&2&rDXGF&Ex&dxAC_equip,RB-dxAC_equip-spltAC-SEER-BA-rDXGF-NoLRM-AOE,77.51,151.87,69075.97,135333.77,69075.97,25044.47,11303.45,1774.64,457.71,16701.91,0.0,2047.15,0.0,0.0,0.0,0.0,11746.64,0.0,0.0,0.0,11303.45,25044.47,0.0,13440.28,3261.63,0.0,0.0,540.12,50747368.77157292
runs/CZ13/SFm&2&rDXHP&Ex&dxHP_equip/RB-dxHP_equip-spltHP-SEER-BA-rDXHP-LRM-LSC-Correct-0%UC-AOE/instance-out.sql,CZ13,SFm,2,rDXHP,Ex,dxHP_equip,,RB-dxHP_equip-spltHP-SEER-BA-rDXHP-LRM-LSC-Correct-0%UC-AOE,SFm&2&rDXHP&Ex&dxHP_equip,RB-dxHP_equip-spltHP-SEER-BA-rDXHP-LRM-LSC-Correct-0%UC-AOE,60.85,157.64,54228.21,140479.29,54228.21,10958.38,10234.81,1774.64,457.71,16701.91,0.0,2354.49,0.0,0.0,0.0,0.0,11746.27,0.0,0.0,10958.38,10234.81,0.0,0.0,13440.28,3261.63,0.0,0.0,540.12,47255082.58299232
runs/CZ13/SFm&2&rDXHP&Ex&dxHP_equip/RB-dxHP_equip-spltHP-SEER-BA-rDXHP-LRM-LSC-Correct-40%UC-AOE/instance-out.sql,CZ13,SFm,2,rDXHP,Ex,dxHP_equip,,RB-dxHP_equip-spltHP-SEER-BA-rDXHP-LRM-LSC-Correct-40%UC-AOE,SFm&2&rDXHP&Ex&dxHP_equip,RB-dxHP_equip-spltHP-SEER-BA-rDXHP-LRM-LSC-Correct-40%UC-AOE,49.79,122.59,44365.86,109245.23,44365.86,8092.62,3238.21,1774.64,457.71,16701.91,0.0,2354.49,0.0,0.0,0.0,0.0,11746.27,0.0,0.0,8092.62,3238.21,0.0,0.0,13440.28,3261.63,0.0,0.0,540.12,24390455.485791683
runs/CZ13/SFm&2&rDXHP&Ex&dxHP_equip/RB-dxHP_equip-spltHP-SEER-BA-rDXHP-NoLRM-AOE/instance-out.sql,CZ13,SFm,2,rDXHP,Ex,dxHP_equip,,RB-dxHP_equip-spltHP-SEER-BA-rDXHP-NoLRM-AOE,SFm&2&rDXHP&Ex&dxHP_equip,RB-dxHP_equip-spltHP-SEER-BA-rDXHP-NoLRM-AOE,62.54,162.99,55734.56,145249.91,55734.560000000005,11396.08,11303.45,1774.64,457.71,16701.91,0.0,2354.49,0.0,0.0,0.0,0.0,11746.27,0.0,0.0,11396.08,11303.45,0.0,0.0,13440.28,3261.63,0.0,0.0,540.12,50747374.32484515
runs/CZ13/SFm&2&rDXHP&Ex&dxHP_equip/RB-dxHP_equip-spltHP-SEER-BA-rDXHP-NoLRM-NR/instance-out.sql,CZ13,SFm,2,rDXHP,Ex,dxHP_equip,,RB-dxHP_equip-spltHP-SEER-BA-rDXHP-NoLRM-NR,SFm&2&rDXHP&Ex&dxHP_equip,RB-dxHP_equip-spltHP-SEER-BA-rDXHP-NoLRM-NR,58.74,150.95,52346.1,134518.66,52346.11,9112.71,10198.37,1774.64,457.71,16701.91,0.0,2354.49,0.0,0.0,0.0,0.0,11746.27,0.0,0.0,9112.71,10198.37,0.0,0.0,13440.28,3261.63,0.0,0.0,540.12,47135991.68490687
runs/CZ14/SFm&1&rDXGF&Ex&dxAC_equip/RB-dxAC_equip-spltAC-SEER-BA-rDXGF-LRM-LSC-Correct-7.5%UC-AOE/instance-out.sql,CZ14,SFm,1,rDXGF,Ex,dxAC_equip,,RB-dxAC_equip-spltAC-SEER-BA-rDXGF-LRM-LSC-Correct-7.5%UC-AOE,SFm&1&rDXGF&Ex&dxAC_equip,RB-dxAC_equip-spltAC-SEER-BA-rDXGF-LRM-LSC-Correct-7.5%UC-AOE,50.02,88.3,38468.22,67917.4,38468.22,11974.27,1911.2,1557.5,457.71,10338.53,0.0,391.9,0.0,0.0,0.0,0.0,11837.11,0.0,0.0,0.0,1911.2,11974.27,0.0,8268.27,2070.26,0.0,0.0,270.12,12492557.361541081
runs/CZ14/SFm&1&rDXGF&Ex&dxAC_equip/RB-dxAC_equip-spltAC-SEER-BA-rDXGF-LRM-LSC-Correct-15%UC-AOE/instance-out.sql,CZ14,SFm,1,rDXGF,Ex,dxAC_equip,,RB-dxAC_equip-spltAC-SEER-BA-rDXGF-LRM-LSC-Correct-15%UC-AOE,SFm&1&rDXGF&Ex&dxAC_equip,RB-dxAC_equip-spltAC-SEER-BA-rDXGF-LRM-LSC-Correct-15%UC-AOE,49.63,87.09,38173.04,66982.56,38173.04,11974.27,1616.02,1557.5,457.71,10338.53,0.0,391.9,0.0,0.0,0.0,0.0,11837.11,0.0,0.0,0.0,1616.02,11974.27,0.0,8268.27,2070.26,0.0,0.0,270.12,11617374.207865663
runs/CZ14/SFm&1&rDXGF&Ex&dxAC_equip/RB-dxAC_equip-spltAC-SEER-BA-rDXGF-NoLRM-NR/instance-out.sql,CZ14,SFm,1,rDXGF,Ex,dxAC_equip,,RB-dxAC_equip-spltAC-SEER-BA-rDXGF-NoLRM-NR,SFm&1&rDXGF&Ex&dxAC_equip,RB-dxAC_equip-spltAC-SEER-BA-rDXGF-NoLRM-NR,50.12,88.63,38547.69,68169.09,38547.69,11974.27,1990.67,1557.5,457.71,10338.53,0.0,391.9,0.0,0.0,0.0,0.0,11837.11,0.0,0.0,0.0,1990.67,11974.27,0.0,8268.27,2070.26,0.0,0.0,270.12,12728187.509972118
runs/CZ14/SFm&1&rDXGF&Ex&dxAC_equip/RB-dxAC_equip-spltAC-SEER-BA-rDXGF-LRM-LSC-Correct-40%UC-AOE/instance-out.sql,CZ14,SFm,1,rDXGF,Ex,dxAC_equip,,RB-dxAC_equip-spltAC-SEER-BA-rDXGF-LRM-LSC-Correct-40%UC-AOE,SFm&1&rDXGF&Ex&dxAC_equip,RB-dxAC_equip-spltAC-SEER-BA-rDXGF-LRM-LSC-Correct-40%UC-AOE,48.35,83.04,37189.1,63866.43,37189.1,11974.27,632.08,1557.5,457.71,10338.53,0.0,391.9,0.0,0.0,0.0,0.0,11837.11,0.0,0.0,0.0,632.08,11974.27,0.0,8268.27,2070.26,0.0,0.0,270.12,8700097.027391348
runs/CZ14/SFm&1&rDXGF&Ex&dxAC_equip/RB-dxAC_equip-spltAC-SEER-BA-rDXGF-LRM-LSC-Correct-30%UC-AOE/instance-out.sql,CZ14,SFm,1,rDXGF,Ex,dxAC_equip,,RB-dxAC_equip-spltAC-SEER-BA-rDXGF-LRM-LSC-Correct-30%UC-AOE,SFm&1&rDXGF&Ex&dxAC_equip,RB-dxAC_equip-spltAC-SEER-BA-rDXGF-LRM-LSC-Correct-30%UC-AOE,48.86,84.66,37582.68,65112.88,37582.68,11974.27,1025.66,1557.5,457.71,10338.53,0.0,391.9,0.0,0.0,0.0,0.0,11837.11,0.0,0.0,0.0,1025.66,11974.27,0.0,8268.27,2070.26,0.0,0.0,270.12,9867007.899452783
runs/CZ13/SFm&2&rDXHP&Ex&dxHP_equip/RB-dxHP_equip-spltHP-SEER-BA-rDXHP-LRM-LSC-Correct-7.5%UC-AOE/instance-out.sql,CZ13,SFm,2,rDXHP,Ex,dxHP_equip,,RB-dxHP_equip-spltHP-SEER-BA-rDXHP-LRM-LSC-Correct-7.5%UC-AOE,SFm&2&rDXHP&Ex&dxHP_equip,RB-dxHP_equip-spltHP-SEER-BA-rDXHP-LRM-LSC-Correct-7.5%UC-AOE,60.15,155.42,53602.93,138499.03,53602.93,10776.68,9791.22,1774.64,457.71,16701.91,0.0,2354.49,0.0,0.0,0.0,0.0,11746.27,0.0,0.0,10776.68,9791.22,0.0,0.0,13440.28,3261.63,0.0,0.0,540.12,45805452.04238443
runs/CZ14/SFm&1&rDXHP&Ex&dxHP_equip/RB-dxHP_equip-spltHP-SEER-BA-rDXHP-LRM-LSC-Correct-22.5%UC-AOE/instance-out.sql,CZ14,SFm,1,rDXHP,Ex,dxHP_equip,,RB-dxHP_equip-spltHP-SEER-BA-rDXHP-LRM-LSC-Correct-22.5%UC-AOE,SFm&1&rDXHP&Ex&dxHP_equip,RB-dxHP_equip-spltHP-SEER-BA-rDXHP-LRM-LSC-Correct-22.5%UC-AOE,41.34,93.25,31794.0,71723.27,31794.0,5744.85,1320.81,1557.5,457.71,10338.53,0.0,537.83,0.0,0.0,0.0,0.0,11836.76,0.0,0.0,5744.85,1320.81,0.0,0.0,8268.27,2070.26,0.0,0.0,270.12,10742252.447418995
runs/CZ14/SFm&1&rDXHP&Ex&dxHP_equip/RB-dxHP_equip-spltHP-SEER-BA-rDXHP-LRM-LSC-Correct-40%UC-AOE/instance-out.sql,CZ14,SFm,1,rDXHP,Ex,dxHP_equip,,RB-dxHP_equip-spltHP-SEER-BA-rDXHP-LRM-LSC-Correct-40%UC-AOE,SFm&1&rDXHP&Ex&dxHP_equip,RB-dxHP_equip-spltHP-SEER-BA-rDXHP-LRM-LSC-Correct-40%UC-AOE,39.36,86.98,30269.56,66895.36,30269.56,4909.16,632.07,1557.5,457.71,10338.53,0.0,537.83,0.0,0.0,0.0,0.0,11836.76,0.0,0.0,4909.16,632.07,0.0,0.0,8268.27,2070.26,0.0,0.0,270.12,8700131.00360883
runs/CZ14/SFm&1&rDXGF&Ex&dxAC_equip/RB-dxAC_equip-spltAC-SEER-BA-rDXGF-LRM-LSC-Correct-22.5%UC-AOE/instance-out.sql,CZ14,SFm,1,rDXGF,Ex,dxAC_equip,,RB-dxAC_equip-spltAC-SEER-BA-rDXGF-LRM-LSC-Correct-22.5%UC-AOE,SFm&1&rDXGF&Ex&dxAC_equip,RB-dxAC_equip-spltAC-SEER-BA-rDXGF-LRM-LSC-Correct-22.5%UC-AOE,49.25,85.87,37877.86,66047.72,37877.86,11974.27,1320.84,1557.5,457.71,10338.53,0.0,391.9,0.0,0.0,0.0,0.0,11837.11,0.0,0.0,0.0,1320.84,11974.27,0.0,8268.27,2070.26,0.0,0.0,270.12,10742191.053457059
runs/CZ14/SFm&1&rDXGF&Ex&dxAC_equip/RB-dxAC_equip-spltAC-SEER-BA-rDXGF-NoLRM-AOE/instance-out.sql,CZ14,SFm,1,rDXGF,Ex,dxAC_equip,,RB-dxAC_equip-spltAC-SEER-BA-rDXGF-NoLRM-AOE,SFm&1&rDXGF&Ex&dxAC_equip,RB-dxAC_equip-spltAC-SEER-BA-rDXGF-NoLRM-AOE,50.4,89.52,38763.4,68852.23,38763.4,11974.27,2206.38,1557.5,457.71,10338.53,0.0,391.9,0.0,0.0,0.0,0.0,11837.11,0.0,0.0,0.0,2206.38,11974.27,0.0,8268.27,2070.26,0.0,0.0,270.12,13367740.515605755
runs/CZ14/SFm&1&rDXHP&Ex&dxHP_equip/RB-dxHP_equip-spltHP-SEER-BA-rDXHP-LRM-LSC-Correct-15%UC-AOE/instance-out.sql,CZ14,SFm,1,rDXHP,Ex,dxHP_equip,,RB-dxHP_equip-spltHP-SEER-BA-rDXHP-LRM-LSC-Correct-15%UC-AOE,SFm&1&rDXHP&Ex&dxHP_equip,RB-dxHP_equip-spltHP-SEER-BA-rDXHP-LRM-LSC-Correct-15%UC-AOE,42.19,95.94,32447.33,73792.37,32447.33,6103.01,1615.99,1557.5,457.71,10338.53,0.0,537.83,0.0,0.0,0.0,0.0,11836.76,0.0,0.0,6103.01,1615.99,0.0,0.0,8268.27,2070.26,0.0,0.0,270.12,11617447.352289516
runs/CZ14/SFm&2&rDXGF&Ex&dxAC_equip/RB-dxAC_equip-spltAC-SEER-BA-rDXGF-LRM-LSC-Correct-0%UC-AOE/instance-out.sql,CZ14,SFm,2,rDXGF,Ex,dxAC_equip,,RB-dxAC_equip-spltAC-SEER-BA-rDXGF-LRM-LSC-Correct-0%UC-AOE,SFm&2&rDXGF&Ex&dxAC_equip,RB-dxAC_equip-spltAC-SEER-BA-rDXGF-LRM-LSC-Correct-0%UC-AOE,80.84,141.81,72039.09,126372.38,72039.09,33780.13,5963.04,1774.64,457.71,16701.91,0.0,1543.39,0.0,0.0,0.0,0.0,11818.26,0.0,0.0,0.0,5963.04,33780.13,0.0,13440.28,3261.63,0.0,0.0,540.12,26283116.176530566
runs/CZ14/SFm&1&rDXHP&Ex&dxHP_equip/RB-dxHP_equip-spltHP-SEER-BA-rDXHP-LRM-LSC-Correct-0%UC-NC/instance-out.sql,CZ14,SFm,1,rDXHP,Ex,dxHP_equip,,RB-dxHP_equip-spltHP-SEER-BA-rDXHP-LRM-LSC-Correct-0%UC-NC,SFm&1&rDXHP&Ex&dxHP_equip,RB-dxHP_equip-spltHP-SEER-BA-rDXHP-LRM-LSC-Correct-0%UC-NC,41.38,93.4,31828.67,71833.07,31828.670000000002,5297.9,1802.44,1557.5,457.71,10338.53,0.0,537.83,0.0,0.0,0.0,0.0,11836.76,0.0,0.0,5297.9,1802.44,0.0,0.0,8268.27,2070.26,0.0,0.0,270.12,12170269.551374529
runs/CZ14/SFm&1&rDXHP&Ex&dxHP_equip/RB-dxHP_equip-spltHP-SEER-BA-rDXHP-LRM-LSC-Correct-7.5%UC-AOE/instance-out.sql,CZ14,SFm,1,rDXHP,Ex,dxHP_equip,,RB-dxHP_equip-spltHP-SEER-BA-rDXHP-LRM-LSC-Correct-7.5%UC-AOE,SFm&1&rDXHP&Ex&dxHP_equip,RB-dxHP_equip-spltHP-SEER-BA-rDXHP-LRM-LSC-Correct-7.5%UC-AOE,43.04,98.63,33100.66,75861.47,33100.66,6461.17,1911.17,1557.5,457.71,10338.53,0.0,537.83,0.0,0.0,0.0,0.0,11836.76,0.0,0.0,6461.17,1911.17,0.0,0.0,8268.27,2070.26,0.0,0.0,270.12,12492642.256426841
runs/CZ14/SFm&1&rDXHP&Ex&dxHP_equip/RB-dxHP_equip-spltHP-SEER-BA-rDXHP-NoLRM-NR/instance-out.sql,CZ14,SFm,1,rDXHP,Ex,dxHP_equip,,RB-dxHP_equip-spltHP-SEER-BA-rDXHP-NoLRM-NR,SFm&1&rDXHP&Ex&dxHP_equip,RB-dxHP_equip-spltHP-SEER-BA-rDXHP-NoLRM-NR,41.89,95.0,32217.97,73065.99,32217.97,5499.01,1990.64,1557.5,457.71,10338.53,0.0,537.83,0.0,0.0,0.0,0.0,11836.76,0.0,0.0,5499.01,1990.64,0.0,0.0,8268.27,2070.26,0.0,0.0,270.12,12728275.568496335
runs/CZ14/SFm&2&rDXGF&Ex&dxAC_equip/RB-dxAC_equip-spltAC-SEER-BA-rDXGF-LRM-LSC-Correct-40%UC-AOE/instance-out.sql,CZ14,SFm,2,rDXGF,Ex,dxAC_equip,,RB-dxAC_equip-spltAC-SEER-BA-rDXGF-LRM-LSC-Correct-40%UC-AOE,SFm&2&rDXGF&Ex&dxAC_equip,RB-dxAC_equip-spltAC-SEER-BA-rDXGF-LRM-LSC-Correct-40%UC-AOE,76.27,127.32,67962.71,113462.49,67962.70999999999,33780.13,1886.66,1774.64,457.71,16701.91,0.0,1543.39,0.0,0.0,0.0,0.0,11818.26,0.0,0.0,0.0,1886.66,33780.13,0.0,13440.28,3261.63,0.0,0.0,540.12,16106155.671162218
runs/CZ14/SFm&1&rDXHP&Ex&dxHP_equip/RB-dxHP_equip-spltHP-SEER-BA-rDXHP-LRM-LSC-Correct-0%UC-NR/instance-out.sql,CZ14,SFm,1,rDXHP,Ex,dxHP_equip,,RB-dxHP_equip-spltHP-SEER-BA-rDXHP-LRM-LSC-Correct-0%UC-NR,SFm&1&rDXHP&Ex&dxHP_equip,RB-dxHP_equip-spltHP-SEER-BA-rDXHP-LRM-LSC-Correct-0%UC-NR,41.38,93.4,31828.67,71833.07,31828.670000000002,5297.9,1802.44,1557.5,457.71,10338.53,0.0,537.83,0.0,0.0,0.0,0.0,11836.76,0.0,0.0,5297.9,1802.44,0.0,0.0,8268.27,2070.26,0.0,0.0,270.12,12170269.551374529
runs/CZ14/SFm&1&rDXHP&Ex&dxHP_equip/RB-dxHP_equip-spltHP-SEER-BA-rDXHP-LRM-LSC-Correct-0%UC-AOE/instance-out.sql,CZ14,SFm,1,rDXHP,Ex,dxHP_equip,,RB-dxHP_equip-spltHP-SEER-BA-rDXHP-LRM-LSC-Correct-0%UC-AOE,SFm&1&rDXHP&Ex&dxHP_equip,RB-dxHP_equip-spltHP-SEER-BA-rDXHP-LRM-LSC-Correct-0%UC-AOE,43.29,99.42,33292.31,76468.41,33292.3,6566.23,1997.75,1557.5,457.71,10338.53,0.0,537.83,0.0,0.0,0.0,0.0,11836.76,0.0,0.0,6566.23,1997.75,0.0,0.0,8268.27,2070.26,0.0,0.0,270.12,12749366.095870633
runs/CZ14/SFm&2&rDXGF&Ex&dxAC_equip/RB-dxAC_equip-spltAC-SEER-BA-rDXGF-LRM-LSC-Correct-22.5%UC-AOE/instance-out.sql,CZ14,SFm,2,rDXGF,Ex,dxAC_equip,,RB-dxAC_equip-spltAC-SEER-BA-rDXGF-LRM-LSC-Correct-22.5%UC-AOE,SFm&2&rDXGF&Ex&dxAC_equip,RB-dxAC_equip-spltAC-SEER-BA-rDXGF-LRM-LSC-Correct-22.5%UC-AOE,78.57,134.63,70018.52,119973.24,70018.51999999999,33780.13,3942.47,1774.64,457.71,16701.91,0.0,1543.39,0.0,0.0,0.0,0.0,11818.26,0.0,0.0,0.0,3942.47,33780.13,0.0,13440.28,3261.63,0.0,0.0,540.12,21238628.547468644
runs/CZ14/SFm&1&rDXHP&Ex&dxHP_equip/RB-dxHP_equip-spltHP-SEER-BA-rDXHP-LRM-LSC-Correct-30%UC-AOE/instance-out.sql,CZ14,SFm,1,rDXHP,Ex,dxHP_equip,,RB-dxHP_equip-spltHP-SEER-BA-rDXHP-LRM-LSC-Correct-30%UC-AOE,SFm&1&rDXHP&Ex&dxHP_equip,RB-dxHP_equip-spltHP-SEER-BA-rDXHP-LRM-LSC-Correct-30%UC-AOE,40.49,90.56,31140.67,69654.17,31140.670000000002,5386.7,1025.64,1557.5,457.71,10338.53,0.0,537.83,0.0,0.0,0.0,0.0,11836.76,0.0,0.0,5386.7,1025.64,0.0,0.0,8268.27,2070.26,0.0,0.0,270.12,9867057.542952811
runs/CZ14/SFm&1&rDXHP&Ex&dxHP_equip/RB-dxHP_equip-spltHP-SEER-BA-rDXHP-NoLRM-AOE/instance-out.sql,CZ14,SFm,1,rDXHP,Ex,dxHP_equip,,RB-dxHP_equip-spltHP-SEER-BA-rDXHP-NoLRM-AOE,SFm&1&rDXHP&Ex&dxHP_equip,RB-dxHP_equip-spltHP-SEER-BA-rDXHP-NoLRM-AOE,43.89,101.32,33754.0,77930.57,33753.990000000005,6819.32,2206.34,1557.5,457.71,10338.53,0.0,537.83,0.0,0.0,0.0,0.0,11836.76,0.0,0.0,6819.32,2206.34,0.0,0.0,8268.27,2070.26,0.0,0.0,270.12,13367837.160953421
runs/CZ14/SFm&2&rDXGF&Ex&dxAC_equip/RB-dxAC_equip-spltAC-SEER-BA-rDXGF-NoLRM-AOE/instance-out.sql,CZ14,SFm,2,rDXGF,Ex,dxAC_equip,,RB-dxAC_equip-spltAC-SEER-BA-rDXGF-NoLRM-AOE,SFm&2&rDXGF&Ex&dxAC_equip,RB-dxAC_equip-spltAC-SEER-BA-rDXGF-NoLRM-AOE,81.54,144.02,72661.71,128344.21,72661.70999999999,33780.13,6585.66,1774.64,457.71,16701.91,0.0,1543.39,0.0,0.0,0.0,0.0,11818.26,0.0,0.0,0.0,6585.66,33780.13,0.0,13440.28,3261.63,0.0,0.0,540.12,27837522.245738294
runs/CZ14/SFm&2&rDXGF&Ex&dxAC_equip/RB-dxAC_equip-spltAC-SEER-BA-rDXGF-LRM-LSC-Correct-0%UC-NR/instance-out.sql,CZ14,SFm,2,rDXGF,Ex,dxAC_equip,,RB-dxAC_equip-spltAC-SEER-BA-rDXGF-LRM-LSC-Correct-0%UC-NR,SFm&2&rDXGF&Ex&dxAC_equip,RB-dxAC_equip-spltAC-SEER-BA-rDXGF-LRM-LSC-Correct-0%UC-NR,80.19,139.74,71456.11,124526.09,71456.10999999999,33780.13,5380.06,1774.64,457.71,16701.91,0.0,1543.39,0.0,0.0,0.0,0.0,11818.26,0.0,0.0,0.0,5380.06,33780.13,0.0,13440.28,3261.63,0.0,0.0,540.12,24827670.26443851
runs/CZ14/SFm&2&rDXGF&Ex&dxAC_equip/RB-dxAC_equip-spltAC-SEER-BA-rDXGF-NoLRM-NR/instance-out.sql,CZ14,SFm,2,rDXGF,Ex,dxAC_equip,,RB-dxAC_equip-spltAC-SEER-BA-rDXGF-NoLRM-NR,SFm&2&rDXGF&Ex&dxAC_equip,RB-dxAC_equip-spltAC-SEER-BA-rDXGF-NoLRM-NR,80.82,141.73,72017.86,126305.14,72017.85999999999,33780.13,5941.81,1774.64,457.71,16701.91,0.0,1543.39,0.0,0.0,0.0,0.0,11818.26,0.0,0.0,0.0,5941.81,33780.13,0.0,13440.28,3261.63,0.0,0.0,540.12,26230109.260598272
runs/CZ14/SFm&2&rDXGF&Ex&dxAC_equip/RB-dxAC_equip-spltAC-SEER-BA-rDXGF-LRM-LSC-Correct-15%UC-AOE/instance-out.sql,CZ14,SFm,2,rDXGF,Ex,dxAC_equip,,RB-dxAC_equip-spltAC-SEER-BA-rDXGF-LRM-LSC-Correct-15%UC-AOE,SFm&2&rDXGF&Ex&dxAC_equip,RB-dxAC_equip-spltAC-SEER-BA-rDXGF-LRM-LSC-Correct-15%UC-AOE,79.56,137.76,70899.59,122763.56,70899.57999999999,33780.13,4823.53,1774.64,457.71,16701.91,0.0,1543.39,0.0,0.0,0.0,0.0,11818.26,0.0,0.0,0.0,4823.53,33780.13,0.0,13440.28,3261.63,0.0,0.0,540.12,23438259.781127587
runs/CZ14/SFm&1&rDXHP&Ex&dxHP_equip/RB-dxHP_equip-spltHP-SEER-BA-rDXHP-NoLRM-NC/instance-out.sql,CZ14,SFm,1,rDXHP,Ex,dxHP_equip,,RB-dxHP_equip-spltHP-SEER-BA-rDXHP-NoLRM-NC,SFm&1&rDXHP&Ex&dxHP_equip,RB-dxHP_equip-spltHP-SEER-BA-rDXHP-NoLRM-NC,41.89,95.0,32217.97,73065.99,32217.97,5499.01,1990.64,1557.5,457.71,10338.53,0.0,537.83,0.0,0.0,0.0,0.0,11836.76,0.0,0.0,5499.01,1990.64,0.0,0.0,8268.27,2070.26,0.0,0.0,270.12,12728275.568496335
runs/CZ14/SFm&2&rDXHP&Ex&dxHP_equip/RB-dxHP_equip-spltHP-SEER-BA-rDXHP-LRM-LSC-Correct-0%UC-NR/instance-out.sql,CZ14,SFm,2,rDXHP,Ex,dxHP_equip,,RB-dxHP_equip-spltHP-SEER-BA-rDXHP-LRM-LSC-Correct-0%UC-NR,SFm&2&rDXHP&Ex&dxHP_equip,RB-dxHP_equip-spltHP-SEER-BA-rDXHP-LRM-LSC-Correct-0%UC-NR,57.05,145.42,50838.77,129591.7,50838.77,12690.71,5380.05,1774.64,457.71,16701.91,0.0,2013.91,0.0,0.0,0.0,0.0,11819.83,0.0,0.0,12690.71,5380.05,0.0,0.0,13440.28,3261.63,0.0,0.0,540.12,24827733.975898888
runs/CZ14/SFm&2&rDXHP&Ex&dxHP_equip/RB-dxHP_equip-spltHP-SEER-BA-rDXHP-LRM-LSC-Correct-15%UC-AOE/instance-out.sql,CZ14,SFm,2,rDXHP,Ex,dxHP_equip,,RB-dxHP_equip-spltHP-SEER-BA-rDXHP-LRM-LSC-Correct-15%UC-AOE,SFm&2&rDXHP&Ex&dxHP_equip,RB-dxHP_equip-spltHP-SEER-BA-rDXHP-LRM-LSC-Correct-15%UC-AOE,58.64,150.47,52258.73,134088.7,52258.72,14667.2,4823.52,1774.64,457.71,16701.91,0.0,2013.91,0.0,0.0,0.0,0.0,11819.83,0.0,0.0,14667.2,4823.52,0.0,0.0,13440.28,3261.63,0.0,0.0,540.12,23438317.848618135
runs/CZ14/SFm&2&rDXHP&Ex&dxHP_equip/RB-dxHP_equip-spltHP-SEER-BA-rDXHP-LRM-LSC-Correct-7.5%UC-AOE/instance-out.sql,CZ14,SFm,2,rDXHP,Ex,dxHP_equip,,RB-dxHP_equip-spltHP-SEER-BA-rDXHP-LRM-LSC-Correct-7.5%UC-AOE,SFm&2&rDXHP&Ex&dxHP_equip,RB-dxHP_equip-spltHP-SEER-BA-rDXHP-LRM-LSC-Correct-7.5%UC-AOE,60.62,156.73,54019.03,139663.59,54019.03,15546.44,5704.58,1774.64,457.71,16701.91,0.0,2013.91,0.0,0.0,0.0,0.0,11819.83,0.0,0.0,15546.44,5704.58,0.0,0.0,13440.28,3261.63,0.0,0.0,540.12,25637958.015628394
runs/CZ14/SFm&2&rDXGF&Ex&dxAC_equip/RB-dxAC_equip-spltAC-SEER-BA-rDXGF-LRM-LSC-Correct-30%UC-AOE/instance-out.sql,CZ14,SFm,2,rDXGF,Ex,dxAC_equip,,RB-dxAC_equip-spltAC-SEER-BA-rDXGF-LRM-LSC-Correct-30%UC-AOE,SFm&2&rDXGF&Ex&dxAC_equip,RB-dxAC_equip-spltAC-SEER-BA-rDXGF-LRM-LSC-Correct-30%UC-AOE,77.58,131.5,69137.46,117182.92,69137.45999999999,33780.13,3061.41,1774.64,457.71,16701.91,0.0,1543.39,0.0,0.0,0.0,0.0,11818.26,0.0,0.0,0.0,3061.41,33780.13,0.0,13440.28,3261.63,0.0,0.0,540.12,19038997.314825922
runs/CZ14/SFm&2&rDXGF&Ex&dxAC_equip/RB-dxAC_equip-spltAC-SEER-BA-rDXGF-LRM-LSC-Correct-7.5%UC-AOE/instance-out.sql,CZ14,SFm,2,rDXGF,Ex,dxAC_equip,,RB-dxAC_equip-spltAC-SEER-BA-rDXGF-LRM-LSC-Correct-7.5%UC-AOE,SFm&2&rDXGF&Ex&dxAC_equip,RB-dxAC_equip-spltAC-SEER-BA-rDXGF-LRM-LSC-Correct-7.5%UC-AOE,80.55,140.89,71780.65,125553.89,71780.65,33780.13,5704.59,1774.64,457.71,16701.91,0.0,1543.39,0.0,0.0,0.0,0.0,11818.26,0.0,0.0,0.0,5704.59,33780.13,0.0,13440.28,3261.63,0.0,0.0,540.12,25637891.012943774
runs/CZ14/SFm&2&rDXHP&Ex&dxHP_equip/RB-dxHP_equip-spltHP-SEER-BA-rDXHP-NoLRM-NC/instance-out.sql,CZ14,SFm,2,rDXHP,Ex,dxHP_equip,,RB-dxHP_equip-spltHP-SEER-BA-rDXHP-NoLRM-NC,SFm&2&rDXHP&Ex&dxHP_equip,RB-dxHP_equip-spltHP-SEER-BA-rDXHP-NoLRM-NC,58.23,149.17,51894.21,132934.29,51894.21,13184.41,5941.79,1774.64,457.71,16701.91,0.0,2013.91,0.0,0.0,0.0,0.0,11819.83,0.0,0.0,13184.41,5941.79,0.0,0.0,13440.28,3261.63,0.0,0.0,540.12,26230178.668952037
runs/CZ14/SFm&2&rDXHP&Ex&dxHP_equip/RB-dxHP_equip-spltHP-SEER-BA-rDXHP-NoLRM-NR/instance-out.sql,CZ14,SFm,2,rDXHP,Ex,dxHP_equip,,RB-dxHP_equip-spltHP-SEER-BA-rDXHP-NoLRM-NR,SFm&2&rDXHP&Ex&dxHP_equip,RB-dxHP_equip-spltHP-SEER-BA-rDXHP-NoLRM-NR,58.23,149.17,51894.21,132934.29,51894.21,13184.41,5941.79,1774.64,457.71,16701.91,0.0,2013.91,0.0,0.0,0.0,0.0,11819.83,0.0,0.0,13184.41,5941.79,0.0,0.0,13440.28,3261.63,0.0,0.0,540.12,26230178.668952037
runs/CZ14/SFm&2&rDXHP&Ex&dxHP_equip/RB-dxHP_equip-spltHP-SEER-BA-rDXHP-LRM-LSC-Correct-0%UC-AOE/instance-out.sql,CZ14,SFm,2,rDXHP,Ex,dxHP_equip,,RB-dxHP_equip-spltHP-SEER-BA-rDXHP-LRM-LSC-Correct-0%UC-AOE,SFm&2&rDXHP&Ex&dxHP_equip,RB-dxHP_equip-spltHP-SEER-BA-rDXHP-LRM-LSC-Correct-0%UC-AOE,61.2,158.56,54535.39,141298.89,54535.39,15804.35,5963.03,1774.64,457.71,16701.91,0.0,2013.91,0.0,0.0,0.0,0.0,11819.83,0.0,0.0,15804.35,5963.03,0.0,0.0,13440.28,3261.63,0.0,0.0,540.12,26283185.800205454
runs/CZ15/SFm&1&rDXGF&Ex&dxAC_equip/RB-dxAC_equip-spltAC-SEER-BA-rDXGF-LRM-LSC-Correct-0%UC-AOE/instance-out.sql,CZ15,SFm,1,rDXGF,Ex,dxAC_equip,,RB-dxAC_equip-spltAC-SEER-BA-rDXGF-LRM-LSC-Correct-0%UC-AOE,SFm&1&rDXGF&Ex&dxAC_equip,RB-dxAC_equip-spltAC-SEER-BA-rDXGF-LRM-LSC-Correct-0%UC-AOE,45.1,98.84,34683.9,76021.02,34683.9,2831.77,7205.42,1557.5,457.71,10338.53,0.0,957.42,0.0,0.0,0.0,0.0,11335.55,0.0,0.0,0.0,7205.42,2831.77,0.0,8268.27,2070.26,0.0,0.0,270.12,25992535.695927665
runs/CZ14/SFm&2&rDXHP&Ex&dxHP_equip/RB-dxHP_equip-spltHP-SEER-BA-rDXHP-LRM-LSC-Correct-0%UC-NC/instance-out.sql,CZ14,SFm,2,rDXHP,Ex,dxHP_equip,,RB-dxHP_equip-spltHP-SEER-BA-rDXHP-LRM-LSC-Correct-0%UC-NC,SFm&2&rDXHP&Ex&dxHP_equip,RB-dxHP_equip-spltHP-SEER-BA-rDXHP-LRM-LSC-Correct-0%UC-NC,57.05,145.42,50838.77,129591.7,50838.77,12690.71,5380.05,1774.64,457.71,16701.91,0.0,2013.91,0.0,0.0,0.0,0.0,11819.83,0.0,0.0,12690.71,5380.05,0.0,0.0,13440.28,3261.63,0.0,0.0,540.12,24827733.975898888
runs/CZ15/SFm&1&rDXGF&Ex&dxAC_equip/RB-dxAC_equip-spltAC-SEER-BA-rDXGF-LRM-LSC-Correct-22.5%UC-AOE/instance-out.sql,CZ15,SFm,1,rDXGF,Ex,dxAC_equip,,RB-dxAC_equip-spltAC-SEER-BA-rDXGF-LRM-LSC-Correct-22.5%UC-AOE,SFm&1&rDXGF&Ex&dxAC_equip,RB-dxAC_equip-spltAC-SEER-BA-rDXGF-LRM-LSC-Correct-22.5%UC-AOE,41.92,88.79,32242.35,68288.64,32242.36,2831.77,4763.87,1557.5,457.71,10338.53,0.0,957.42,0.0,0.0,0.0,0.0,11335.55,0.0,0.0,0.0,4763.87,2831.77,0.0,8268.27,2070.26,0.0,0.0,270.12,19935299.024879336
runs/CZ14/SFm&2&rDXHP&Ex&dxHP_equip/RB-dxHP_equip-spltHP-SEER-BA-rDXHP-LRM-LSC-Correct-40%UC-AOE/instance-out.sql,CZ14,SFm,2,rDXHP,Ex,dxHP_equip,,RB-dxHP_equip-spltHP-SEER-BA-rDXHP-LRM-LSC-Correct-40%UC-AOE,SFm&2&rDXHP&Ex&dxHP_equip,RB-dxHP_equip-spltHP-SEER-BA-rDXHP-LRM-LSC-Correct-40%UC-AOE,52.06,129.62,46391.04,115505.74,46391.04,11736.38,1886.65,1774.64,457.71,16701.91,0.0,2013.91,0.0,0.0,0.0,0.0,11819.83,0.0,0.0,11736.38,1886.65,0.0,0.0,13440.28,3261.63,0.0,0.0,540.12,16106183.954672515
runs/CZ14/SFm&2&rDXHP&Ex&dxHP_equip/RB-dxHP_equip-spltHP-SEER-BA-rDXHP-NoLRM-AOE/instance-out.sql,CZ14,SFm,2,rDXHP,Ex,dxHP_equip,,RB-dxHP_equip-spltHP-SEER-BA-rDXHP-NoLRM-AOE,SFm&2&rDXHP&Ex&dxHP_equip,RB-dxHP_equip-spltHP-SEER-BA-rDXHP-NoLRM-AOE,62.59,162.98,55779.34,145238.48,55779.33,16425.69,6585.64,1774.64,457.71,16701.91,0.0,2013.91,0.0,0.0,0.0,0.0,11819.83,0.0,0.0,16425.69,6585.64,0.0,0.0,13440.28,3261.63,0.0,0.0,540.12,27837598.18361699
runs/CZ14/SFm&2&rDXHP&Ex&dxHP_equip/RB-dxHP_equip-spltHP-SEER-BA-rDXHP-LRM-LSC-Correct-30%UC-AOE/instance-out.sql,CZ14,SFm,2,rDXHP,Ex,dxHP_equip,,RB-dxHP_equip-spltHP-SEER-BA-rDXHP-LRM-LSC-Correct-30%UC-AOE,SFm&2&rDXHP&Ex&dxHP_equip,RB-dxHP_equip-spltHP-SEER-BA-rDXHP-LRM-LSC-Correct-30%UC-AOE,54.69,137.96,48738.12,122938.93,48738.11,12908.7,3061.4,1774.64,457.71,16701.91,0.0,2013.91,0.0,0.0,0.0,0.0,11819.83,0.0,0.0,12908.7,3061.4,0.0,0.0,13440.28,3261.63,0.0,0.0,540.12,19039037.51192832
runs/CZ15/SFm&1&rDXGF&Ex&dxAC_equip/RB-dxAC_equip-spltAC-SEER-BA-rDXGF-LRM-LSC-Correct-7.5%UC-AOE/instance-out.sql,CZ15,SFm,1,rDXGF,Ex,dxAC_equip,,RB-dxAC_equip-spltAC-SEER-BA-rDXGF-LRM-LSC-Correct-7.5%UC-AOE,SFm&1&rDXGF&Ex&dxAC_equip,RB-dxAC_equip-spltAC-SEER-BA-rDXGF-LRM-LSC-Correct-7.5%UC-AOE,44.69,97.56,34371.61,75032.0,34371.61,2831.77,6893.13,1557.5,457.71,10338.53,0.0,957.42,0.0,0.0,0.0,0.0,11335.55,0.0,0.0,0.0,6893.13,2831.77,0.0,8268.27,2070.26,0.0,0.0,270.12,25217772.863832496
runs/CZ14/SFm&2&rDXHP&Ex&dxHP_equip/RB-dxHP_equip-spltHP-SEER-BA-rDXHP-LRM-LSC-Correct-22.5%UC-AOE/instance-out.sql,CZ14,SFm,2,rDXHP,Ex,dxHP_equip,,RB-dxHP_equip-spltHP-SEER-BA-rDXHP-LRM-LSC-Correct-22.5%UC-AOE,SFm&2&rDXHP&Ex&dxHP_equip,RB-dxHP_equip-spltHP-SEER-BA-rDXHP-LRM-LSC-Correct-22.5%UC-AOE,56.67,144.21,50498.42,128513.81,50498.42,13787.95,3942.46,1774.64,457.71,16701.91,0.0,2013.91,0.0,0.0,0.0,0.0,11819.83,0.0,0.0,13787.95,3942.46,0.0,0.0,13440.28,3261.63,0.0,0.0,540.12,21238677.679765113
runs/CZ15/SFm&1&rDXGF&Ex&dxAC_equip/RB-dxAC_equip-spltAC-SEER-BA-rDXGF-NoLRM-NR/instance-out.sql,CZ15,SFm,1,rDXGF,Ex,dxAC_equip,,RB-dxAC_equip-spltAC-SEER-BA-rDXGF-NoLRM-NR,SFm&1&rDXGF&Ex&dxAC_equip,RB-dxAC_equip-spltAC-SEER-BA-rDXGF-NoLRM-NR,45.06,98.74,34658.25,75939.77,34658.25,2831.77,7179.77,1557.5,457.71,10338.53,0.0,957.42,0.0,0.0,0.0,0.0,11335.55,0.0,0.0,0.0,7179.77,2831.77,0.0,8268.27,2070.26,0.0,0.0,270.12,25928886.92550458
runs/CZ15/SFm&1&rDXHP&Ex&dxHP_equip/RB-dxHP_equip-spltHP-SEER-BA-rDXHP-LRM-LSC-Correct-0%UC-NR/instance-out.sql,CZ15,SFm,1,rDXHP,Ex,dxHP_equip,,RB-dxHP_equip-spltHP-SEER-BA-rDXHP-LRM-LSC-Correct-0%UC-NR,SFm&1&rDXHP&Ex&dxHP_equip,RB-dxHP_equip-spltHP-SEER-BA-rDXHP-LRM-LSC-Correct-0%UC-NR,41.99,96.68,32297.34,74361.11,32297.340000000004,1112.73,6500.91,1557.5,457.71,10338.53,0.0,994.28,0.0,0.0,0.0,0.0,11335.67,0.0,0.0,1112.73,6500.91,0.0,0.0,8268.27,2070.26,0.0,0.0,270.12,24244911.527658045
runs/CZ15/SFm&1&rDXHP&Ex&dxHP_equip/RB-dxHP_equip-spltHP-SEER-BA-rDXHP-LRM-LSC-Correct-15%UC-AOE/instance-out.sql,CZ15,SFm,1,rDXHP,Ex,dxHP_equip,,RB-dxHP_equip-spltHP-SEER-BA-rDXHP-LRM-LSC-Correct-15%UC-AOE,SFm&1&rDXHP&Ex&dxHP_equip,RB-dxHP_equip-spltHP-SEER-BA-rDXHP-LRM-LSC-Correct-15%UC-AOE,41.35,94.63,31799.98,72785.98,31799.980000000003,1287.85,5828.44,1557.5,457.71,10338.53,0.0,994.28,0.0,0.0,0.0,0.0,11335.67,0.0,0.0,1287.85,5828.44,0.0,0.0,8268.27,2070.26,0.0,0.0,270.12,22576556.0730629
runs/CZ15/SFm&1&rDXGF&Ex&dxAC_equip/RB-dxAC_equip-spltAC-SEER-BA-rDXGF-LRM-LSC-Correct-15%UC-AOE/instance-out.sql,CZ15,SFm,1,rDXGF,Ex,dxAC_equip,,RB-dxAC_equip-spltAC-SEER-BA-rDXGF-LRM-LSC-Correct-15%UC-AOE,SFm&1&rDXGF&Ex&dxAC_equip,RB-dxAC_equip-spltAC-SEER-BA-rDXGF-LRM-LSC-Correct-15%UC-AOE,43.31,93.17,33306.98,71660.32,33306.979999999996,2831.77,5828.5,1557.5,457.71,10338.53,0.0,957.42,0.0,0.0,0.0,0.0,11335.55,0.0,0.0,0.0,5828.5,2831.77,0.0,8268.27,2070.26,0.0,0.0,270.12,22576535.94546227
runs/CZ15/SFm&1&rDXGF&Ex&dxAC_equip/RB-dxAC_equip-spltAC-SEER-BA-rDXGF-LRM-LSC-Correct-0%UC-NR/instance-out.sql,CZ15,SFm,1,rDXGF,Ex,dxAC_equip,,RB-dxAC_equip-spltAC-SEER-BA-rDXGF-LRM-LSC-Correct-0%UC-NR,SFm&1&rDXGF&Ex&dxAC_equip,RB-dxAC_equip-spltAC-SEER-BA-rDXGF-LRM-LSC-Correct-0%UC-NR,44.18,95.94,33979.46,73790.06,33979.46,2831.77,6500.98,1557.5,457.71,10338.53,0.0,957.42,0.0,0.0,0.0,0.0,11335.55,0.0,0.0,0.0,6500.98,2831.77,0.0,8268.27,2070.26,0.0,0.0,270.12,24244889.35407494
runs/CZ15/SFm&1&rDXHP&Ex&dxHP_equip/RB-dxHP_equip-spltHP-SEER-BA-rDXHP-LRM-LSC-Correct-22.5%UC-AOE/instance-out.sql,CZ15,SFm,1,rDXHP,Ex,dxHP_equip,,RB-dxHP_equip-spltHP-SEER-BA-rDXHP-LRM-LSC-Correct-22.5%UC-AOE,SFm&1&rDXHP&Ex&dxHP_equip,RB-dxHP_equip-spltHP-SEER-BA-rDXHP-LRM-LSC-Correct-22.5%UC-AOE,39.86,89.93,30657.47,69167.62,30657.47,1209.94,4763.82,1557.5,457.71,10338.53,0.0,994.28,0.0,0.0,0.0,0.0,11335.67,0.0,0.0,1209.94,4763.82,0.0,0.0,8268.27,2070.26,0.0,0.0,270.12,19935315.913403396
runs/CZ15/SFm&1&rDXHP&Ex&dxHP_equip/RB-dxHP_equip-spltHP-SEER-BA-rDXHP-NoLRM-AOE/instance-out.sql,CZ15,SFm,1,rDXHP,Ex,dxHP_equip,,RB-dxHP_equip-spltHP-SEER-BA-rDXHP-NoLRM-AOE,SFm&1&rDXHP&Ex&dxHP_equip,RB-dxHP_equip-spltHP-SEER-BA-rDXHP-NoLRM-AOE,44.32,104.04,34085.02,80022.69,34085.020000000004,1443.65,7957.67,1557.5,457.71,10338.53,0.0,994.28,0.0,0.0,0.0,0.0,11335.67,0.0,0.0,1443.65,7957.67,0.0,0.0,8268.27,2070.26,0.0,0.0,270.12,27859036.389131248
runs/CZ15/SFm&1&rDXHP&Ex&dxHP_equip/RB-dxHP_equip-spltHP-SEER-BA-rDXHP-NoLRM-NR/instance-out.sql,CZ15,SFm,1,rDXHP,Ex,dxHP_equip,,RB-dxHP_equip-spltHP-SEER-BA-rDXHP-NoLRM-NR,SFm&1&rDXHP&Ex&dxHP_equip,RB-dxHP_equip-spltHP-SEER-BA-rDXHP-NoLRM-NR,42.93,99.66,33019.86,76649.32,33019.86,1156.47,7179.69,1557.5,457.71,10338.53,0.0,994.28,0.0,0.0,0.0,0.0,11335.67,0.0,0.0,1156.47,7179.69,0.0,0.0,8268.27,2070.26,0.0,0.0,270.12,25928911.16425535
runs/CZ15/SFm&1&rDXHP&Ex&dxHP_equip/RB-dxHP_equip-spltHP-SEER-BA-rDXHP-LRM-LSC-Correct-7.5%UC-AOE/instance-out.sql,CZ15,SFm,1,rDXHP,Ex,dxHP_equip,,RB-dxHP_equip-spltHP-SEER-BA-rDXHP-LRM-LSC-Correct-7.5%UC-AOE,SFm&1&rDXHP&Ex&dxHP_equip,RB-dxHP_equip-spltHP-SEER-BA-rDXHP-LRM-LSC-Correct-7.5%UC-AOE,42.83,99.34,32942.5,76404.33,32942.5,1365.75,6893.06,1557.5,457.71,10338.53,0.0,994.28,0.0,0.0,0.0,0.0,11335.67,0.0,0.0,1365.75,6893.06,0.0,0.0,8268.27,2070.26,0.0,0.0,270.12,25217796.2305097
runs/CZ15/SFm&1&rDXGF&Ex&dxAC_equip/RB-dxAC_equip-spltAC-SEER-BA-rDXGF-NoLRM-AOE/instance-out.sql,CZ15,SFm,1,rDXGF,Ex,dxAC_equip,,RB-dxAC_equip-spltAC-SEER-BA-rDXGF-NoLRM-AOE,SFm&1&rDXGF&Ex&dxAC_equip,RB-dxAC_equip-spltAC-SEER-BA-rDXGF-NoLRM-AOE,46.07,101.94,35436.24,78403.68,35436.240000000005,2831.77,7957.76,1557.5,457.71,10338.53,0.0,957.42,0.0,0.0,0.0,0.0,11335.55,0.0,0.0,0.0,7957.76,2831.77,0.0,8268.27,2070.26,0.0,0.0,270.12,27859009.78337746
runs/CZ15/SFm&1&rDXHP&Ex&dxHP_equip/RB-dxHP_equip-spltHP-SEER-BA-rDXHP-LRM-LSC-Correct-0%UC-AOE/instance-out.sql,CZ15,SFm,1,rDXHP,Ex,dxHP_equip,,RB-dxHP_equip-spltHP-SEER-BA-rDXHP-LRM-LSC-Correct-0%UC-AOE,SFm&1&rDXHP&Ex&dxHP_equip,RB-dxHP_equip-spltHP-SEER-BA-rDXHP-LRM-LSC-Correct-0%UC-AOE,43.27,100.72,33277.64,77465.71,33277.64,1388.6,7205.34,1557.5,457.71,10338.53,0.0,994.28,0.0,0.0,0.0,0.0,11335.67,0.0,0.0,1388.6,7205.34,0.0,0.0,8268.27,2070.26,0.0,0.0,270.12,25992560.012734003
runs/CZ15/SFm&1&rDXGF&Ex&dxAC_equip/RB-dxAC_equip-spltAC-SEER-BA-rDXGF-LRM-LSC-Correct-40%UC-AOE/instance-out.sql,CZ15,SFm,1,rDXGF,Ex,dxAC_equip,,RB-dxAC_equip-spltAC-SEER-BA-rDXGF-LRM-LSC-Correct-40%UC-AOE,SFm&1&rDXGF&Ex&dxAC_equip,RB-dxAC_equip-spltAC-SEER-BA-rDXGF-LRM-LSC-Correct-40%UC-AOE,38.69,78.56,29758.22,60421.38,29758.22,2831.77,2279.74,1557.5,457.71,10338.53,0.0,957.42,0.0,0.0,0.0,0.0,11335.55,0.0,0.0,0.0,2279.74,2831.77,0.0,8268.27,2070.26,0.0,0.0,270.12,13772412.879531514
runs/CZ15/SFm&2&rDXGF&Ex&dxAC_equip/RB-dxAC_equip-spltAC-SEER-BA-rDXGF-LRM-LSC-Correct-0%UC-NR/instance-out.sql,CZ15,SFm,2,rDXGF,Ex,dxAC_equip,,RB-dxAC_equip-spltAC-SEER-BA-rDXGF-LRM-LSC-Correct-0%UC-NR,SFm&2&rDXGF&Ex&dxAC_equip,RB-dxAC_equip-spltAC-SEER-BA-rDXGF-LRM-LSC-Correct-0%UC-NR,66.7,156.81,59443.07,139738.43,59443.06999999999,8714.27,17219.62,1774.64,457.71,16701.91,0.0,3258.55,0.0,0.0,0.0,0.0,11316.35,0.0,0.0,0.0,17219.62,8714.27,0.0,13440.28,3261.63,0.0,0.0,540.12,53187344.339426935
runs/CZ15/SFm&1&rDXGF&Ex&dxAC_equip/RB-dxAC_equip-spltAC-SEER-BA-rDXGF-LRM-LSC-Correct-30%UC-AOE/instance-out.sql,CZ15,SFm,1,rDXGF,Ex,dxAC_equip,,RB-dxAC_equip-spltAC-SEER-BA-rDXGF-LRM-LSC-Correct-30%UC-AOE,SFm&1&rDXGF&Ex&dxAC_equip,RB-dxAC_equip-spltAC-SEER-BA-rDXGF-LRM-LSC-Correct-30%UC-AOE,40.54,84.4,31177.72,64916.96,31177.73,2831.77,3699.24,1557.5,457.71,10338.53,0.0,957.42,0.0,0.0,0.0,0.0,11335.55,0.0,0.0,0.0,3699.24,2831.77,0.0,8268.27,2070.26,0.0,0.0,270.12,17294062.105516642
runs/CZ15/SFm&1&rDXHP&Ex&dxHP_equip/RB-dxHP_equip-spltHP-SEER-BA-rDXHP-LRM-LSC-Correct-0%UC-NC/instance-out.sql,CZ15,SFm,1,rDXHP,Ex,dxHP_equip,,RB-dxHP_equip-spltHP-SEER-BA-rDXHP-LRM-LSC-Correct-0%UC-NC,SFm&1&rDXHP&Ex&dxHP_equip,RB-dxHP_equip-spltHP-SEER-BA-rDXHP-LRM-LSC-Correct-0%UC-NC,41.99,96.68,32297.34,74361.11,32297.340000000004,1112.73,6500.91,1557.5,457.71,10338.53,0.0,994.28,0.0,0.0,0.0,0.0,11335.67,0.0,0.0,1112.73,6500.91,0.0,0.0,8268.27,2070.26,0.0,0.0,270.12,24244911.527658045
runs/CZ15/SFm&2&rDXGF&Ex&dxAC_equip/RB-dxAC_equip-spltAC-SEER-BA-rDXGF-LRM-LSC-Correct-40%UC-AOE/instance-out.sql,CZ15,SFm,2,rDXGF,Ex,dxAC_equip,,RB-dxAC_equip-spltAC-SEER-BA-rDXGF-LRM-LSC-Correct-40%UC-AOE,SFm&2&rDXGF&Ex&dxAC_equip,RB-dxAC_equip-spltAC-SEER-BA-rDXGF-LRM-LSC-Correct-40%UC-AOE,54.16,117.07,48261.96,104327.85,48261.96,8714.27,6038.51,1774.64,457.71,16701.91,0.0,3258.55,0.0,0.0,0.0,0.0,11316.35,0.0,0.0,0.0,6038.51,8714.27,0.0,13440.28,3261.63,0.0,0.0,540.12,28424353.862530626
runs/CZ15/SFm&1&rDXHP&Ex&dxHP_equip/RB-dxHP_equip-spltHP-SEER-BA-rDXHP-LRM-LSC-Correct-30%UC-AOE/instance-out.sql,CZ15,SFm,1,rDXHP,Ex,dxHP_equip,,RB-dxHP_equip-spltHP-SEER-BA-rDXHP-LRM-LSC-Correct-30%UC-AOE,SFm&1&rDXHP&Ex&dxHP_equip,RB-dxHP_equip-spltHP-SEER-BA-rDXHP-LRM-LSC-Correct-30%UC-AOE,38.37,85.23,29514.95,65549.27,29514.95,1132.04,3699.2,1557.5,457.71,10338.53,0.0,994.28,0.0,0.0,0.0,0.0,11335.67,0.0,0.0,1132.04,3699.2,0.0,0.0,8268.27,2070.26,0.0,0.0,270.12,17294075.754964128
runs/CZ15/SFm&2&rDXGF&Ex&dxAC_equip/RB-dxAC_equip-spltAC-SEER-BA-rDXGF-NoLRM-NR/instance-out.sql,CZ15,SFm,2,rDXGF,Ex,dxAC_equip,,RB-dxAC_equip-spltAC-SEER-BA-rDXGF-NoLRM-NR,SFm&2&rDXGF&Ex&dxAC_equip,RB-dxAC_equip-spltAC-SEER-BA-rDXGF-NoLRM-NR,68.72,163.2,61241.02,145432.53,61241.020000000004,8714.27,19017.57,1774.64,457.71,16701.91,0.0,3258.55,0.0,0.0,0.0,0.0,11316.35,0.0,0.0,0.0,19017.57,8714.27,0.0,13440.28,3261.63,0.0,0.0,540.12,57169288.43123706
runs/CZ15/SFm&2&rDXHP&Ex&dxHP_equip/RB-dxHP_equip-spltHP-SEER-BA-rDXHP-LRM-LSC-Correct-0%UC-AOE/instance-out.sql,CZ15,SFm,2,rDXHP,Ex,dxHP_equip,,RB-dxHP_equip-spltHP-SEER-BA-rDXHP-LRM-LSC-Correct-0%UC-AOE,SFm&2&rDXHP&Ex&dxHP_equip,RB-dxHP_equip-spltHP-SEER-BA-rDXHP-LRM-LSC-Correct-0%UC-AOE,63.38,166.66,56482.29,148513.23,56482.3,3755.13,19085.79,1774.64,457.71,16701.91,0.0,3390.63,0.0,0.0,0.0,0.0,11316.48,0.0,0.0,3755.13,19085.79,0.0,0.0,13440.28,3261.63,0.0,0.0,540.12,57319789.11118567
runs/CZ15/SFm&1&rDXHP&Ex&dxHP_equip/RB-dxHP_equip-spltHP-SEER-BA-rDXHP-LRM-LSC-Correct-40%UC-AOE/instance-out.sql,CZ15,SFm,1,rDXHP,Ex,dxHP_equip,,RB-dxHP_equip-spltHP-SEER-BA-rDXHP-LRM-LSC-Correct-40%UC-AOE,SFm&1&rDXHP&Ex&dxHP_equip,RB-dxHP_equip-spltHP-SEER-BA-rDXHP-LRM-LSC-Correct-40%UC-AOE,36.39,78.95,27991.59,60724.79,27991.59,1028.18,2279.71,1557.5,457.71,10338.53,0.0,994.28,0.0,0.0,0.0,0.0,11335.67,0.0,0.0,1028.18,2279.71,0.0,0.0,8268.27,2070.26,0.0,0.0,270.12,13772422.210210238
runs/CZ15/SFm&2&rDXGF&Ex&dxAC_equip/RB-dxAC_equip-spltAC-SEER-BA-rDXGF-LRM-LSC-Correct-15%UC-AOE/instance-out.sql,CZ15,SFm,2,rDXGF,Ex,dxAC_equip,,RB-dxAC_equip-spltAC-SEER-BA-rDXGF-LRM-LSC-Correct-15%UC-AOE,SFm&2&rDXGF&Ex&dxAC_equip,RB-dxAC_equip-spltAC-SEER-BA-rDXGF-LRM-LSC-Correct-15%UC-AOE,64.71,150.48,57661.82,134097.23,57661.83,8714.27,15438.38,1774.64,457.71,16701.91,0.0,3258.55,0.0,0.0,0.0,0.0,11316.35,0.0,0.0,0.0,15438.38,8714.27,0.0,13440.28,3261.63,0.0,0.0,540.12,49242392.09532325
runs/CZ15/SFm&1&rDXHP&Ex&dxHP_equip/RB-dxHP_equip-spltHP-SEER-BA-rDXHP-NoLRM-NC/instance-out.sql,CZ15,SFm,1,rDXHP,Ex,dxHP_equip,,RB-dxHP_equip-spltHP-SEER-BA-rDXHP-NoLRM-NC,SFm&1&rDXHP&Ex&dxHP_equip,RB-dxHP_equip-spltHP-SEER-BA-rDXHP-NoLRM-NC,42.93,99.66,33019.86,76649.32,33019.86,1156.47,7179.69,1557.5,457.71,10338.53,0.0,994.28,0.0,0.0,0.0,0.0,11335.67,0.0,0.0,1156.47,7179.69,0.0,0.0,8268.27,2070.26,0.0,0.0,270.12,25928911.16425535
runs/CZ15/SFm&2&rDXHP&Ex&dxHP_equip/RB-dxHP_equip-spltHP-SEER-BA-rDXHP-LRM-LSC-Correct-15%UC-AOE/instance-out.sql,CZ15,SFm,2,rDXHP,Ex,dxHP_equip,,RB-dxHP_equip-spltHP-SEER-BA-rDXHP-LRM-LSC-Correct-15%UC-AOE,SFm&2&rDXHP&Ex&dxHP_equip,RB-dxHP_equip-spltHP-SEER-BA-rDXHP-LRM-LSC-Correct-15%UC-AOE,58.98,152.71,52556.97,136081.72,52556.97,3477.0,15438.59,1774.64,457.71,16701.91,0.0,3390.63,0.0,0.0,0.0,0.0,11316.48,0.0,0.0,3477.0,15438.59,0.0,0.0,13440.28,3261.63,0.0,0.0,540.12,49242390.553187065
runs/CZ15/SFm&2&rDXGF&Ex&dxAC_equip/RB-dxAC_equip-spltAC-SEER-BA-rDXGF-LRM-LSC-Correct-0%UC-AOE/instance-out.sql,CZ15,SFm,2,rDXGF,Ex,dxAC_equip,,RB-dxAC_equip-spltAC-SEER-BA-rDXGF-LRM-LSC-Correct-0%UC-AOE,SFm&2&rDXGF&Ex&dxAC_equip,RB-dxAC_equip-spltAC-SEER-BA-rDXGF-LRM-LSC-Correct-0%UC-AOE,68.8,163.44,61308.97,145647.75,61308.979999999996,8714.27,19085.53,1774.64,457.71,16701.91,0.0,3258.55,0.0,0.0,0.0,0.0,11316.35,0.0,0.0,0.0,19085.53,8714.27,0.0,13440.28,3261.63,0.0,0.0,540.12,57319790.9317377
runs/CZ15/SFm&2&rDXGF&Ex&dxAC_equip/RB-dxAC_equip-spltAC-SEER-BA-rDXGF-LRM-LSC-Correct-30%UC-AOE/instance-out.sql,CZ15,SFm,2,rDXGF,Ex,dxAC_equip,,RB-dxAC_equip-spltAC-SEER-BA-rDXGF-LRM-LSC-Correct-30%UC-AOE,SFm&2&rDXGF&Ex&dxAC_equip,RB-dxAC_equip-spltAC-SEER-BA-rDXGF-LRM-LSC-Correct-30%UC-AOE,58.38,130.44,52021.9,116235.6,52021.91,8714.27,9798.46,1774.64,457.71,16701.91,0.0,3258.55,0.0,0.0,0.0,0.0,11316.35,0.0,0.0,0.0,9798.46,8714.27,0.0,13440.28,3261.63,0.0,0.0,540.12,36751569.15473218
runs/CZ15/SFm&2&rDXHP&Ex&dxHP_equip/RB-dxHP_equip-spltHP-SEER-BA-rDXHP-NoLRM-NR/instance-out.sql,CZ15,SFm,2,rDXHP,Ex,dxHP_equip,,RB-dxHP_equip-spltHP-SEER-BA-rDXHP-NoLRM-NR,SFm&2&rDXHP&Ex&dxHP_equip,RB-dxHP_equip-spltHP-SEER-BA-rDXHP-NoLRM-NR,62.59,164.14,55773.55,146268.64,55773.55,3114.34,19017.83,1774.64,457.71,16701.91,0.0,3390.63,0.0,0.0,0.0,0.0,11316.48,0.0,0.0,3114.34,19017.83,0.0,0.0,13440.28,3261.63,0.0,0.0,540.12,57169286.61587262
runs/CZ15/SFm&2&rDXHP&Ex&dxHP_equip/RB-dxHP_equip-spltHP-SEER-BA-rDXHP-LRM-LSC-Correct-40%UC-AOE/instance-out.sql,CZ15,SFm,2,rDXHP,Ex,dxHP_equip,,RB-dxHP_equip-spltHP-SEER-BA-rDXHP-LRM-LSC-Correct-40%UC-AOE,SFm&2&rDXHP&Ex&dxHP_equip,RB-dxHP_equip-spltHP-SEER-BA-rDXHP-LRM-LSC-Correct-40%UC-AOE,47.62,116.75,42440.15,104041.76,42440.15,2760.18,6038.59,1774.64,457.71,16701.91,0.0,3390.63,0.0,0.0,0.0,0.0,11316.48,0.0,0.0,2760.18,6038.59,0.0,0.0,13440.28,3261.63,0.0,0.0,540.12,28424353.03796102
runs/CZ15/SFm&2&rDXGF&Ex&dxAC_equip/RB-dxAC_equip-spltAC-SEER-BA-rDXGF-LRM-LSC-Correct-7.5%UC-AOE/instance-out.sql,CZ15,SFm,2,rDXGF,Ex,dxAC_equip,,RB-dxAC_equip-spltAC-SEER-BA-rDXGF-LRM-LSC-Correct-7.5%UC-AOE,SFm&2&rDXGF&Ex&dxAC_equip,RB-dxAC_equip-spltAC-SEER-BA-rDXGF-LRM-LSC-Correct-7.5%UC-AOE,67.87,160.5,60481.78,143028.04,60481.78999999999,8714.27,18258.34,1774.64,457.71,16701.91,0.0,3258.55,0.0,0.0,0.0,0.0,11316.35,0.0,0.0,0.0,18258.34,8714.27,0.0,13440.28,3261.63,0.0,0.0,540.12,55487803.56182936
runs/CZ15/SFm&2&rDXHP&Ex&dxHP_equip/RB-dxHP_equip-spltHP-SEER-BA-rDXHP-LRM-LSC-Correct-0%UC-NC/instance-out.sql,CZ15,SFm,2,rDXHP,Ex,dxHP_equip,,RB-dxHP_equip-spltHP-SEER-BA-rDXHP-LRM-LSC-Correct-0%UC-NC,SFm&2&rDXHP&Ex&dxHP_equip,RB-dxHP_equip-spltHP-SEER-BA-rDXHP-LRM-LSC-Correct-0%UC-NC,60.43,157.32,53854.83,140192.05,53854.83,2993.6,17219.86,1774.64,457.71,16701.91,0.0,3390.63,0.0,0.0,0.0,0.0,11316.48,0.0,0.0,2993.6,17219.86,0.0,0.0,13440.28,3261.63,0.0,0.0,540.12,53187342.66131415
runs/CZ15/SFm&2&rDXGF&Ex&dxAC_equip/RB-dxAC_equip-spltAC-SEER-BA-rDXGF-LRM-LSC-Correct-22.5%UC-AOE/instance-out.sql,CZ15,SFm,2,rDXGF,Ex,dxAC_equip,,RB-dxAC_equip-spltAC-SEER-BA-rDXGF-LRM-LSC-Correct-22.5%UC-AOE,SFm&2&rDXGF&Ex&dxAC_equip,RB-dxAC_equip-spltAC-SEER-BA-rDXGF-LRM-LSC-Correct-22.5%UC-AOE,61.54,140.46,54841.86,125166.41,54841.869999999995,8714.27,12618.42,1774.64,457.71,16701.91,0.0,3258.55,0.0,0.0,0.0,0.0,11316.35,0.0,0.0,0.0,12618.42,8714.27,0.0,13440.28,3261.63,0.0,0.0,540.12,42996980.623585045
runs/CZ15/SFm&2&rDXHP&Ex&dxHP_equip/RB-dxHP_equip-spltHP-SEER-BA-rDXHP-LRM-LSC-Correct-0%UC-NR/instance-out.sql,CZ15,SFm,2,rDXHP,Ex,dxHP_equip,,RB-dxHP_equip-spltHP-SEER-BA-rDXHP-LRM-LSC-Correct-0%UC-NR,SFm&2&rDXHP&Ex&dxHP_equip,RB-dxHP_equip-spltHP-SEER-BA-rDXHP-LRM-LSC-Correct-0%UC-NR,60.43,157.32,53854.83,140192.05,53854.83,2993.6,17219.86,1774.64,457.71,16701.91,0.0,3390.63,0.0,0.0,0.0,0.0,11316.48,0.0,0.0,2993.6,17219.86,0.0,0.0,13440.28,3261.63,0.0,0.0,540.12,53187342.66131415
runs/CZ15/SFm&2&rDXGF&Ex&dxAC_equip/RB-dxAC_equip-spltAC-SEER-BA-rDXGF-NoLRM-AOE/instance-out.sql,CZ15,SFm,2,rDXGF,Ex,dxAC_equip,,RB-dxAC_equip-spltAC-SEER-BA-rDXGF-NoLRM-AOE,SFm&2&rDXGF&Ex&dxAC_equip,RB-dxAC_equip-spltAC-SEER-BA-rDXGF-NoLRM-AOE,71.03,170.52,63301.74,151958.85,63301.75,8714.27,21078.3,1774.64,457.71,16701.91,0.0,3258.55,0.0,0.0,0.0,0.0,11316.35,0.0,0.0,0.0,21078.3,8714.27,0.0,13440.28,3261.63,0.0,0.0,540.12,61733215.03111323
runs/CZ15/SFm&2&rDXHP&Ex&dxHP_equip/RB-dxHP_equip-spltHP-SEER-BA-rDXHP-LRM-LSC-Correct-22.5%UC-AOE/instance-out.sql,CZ15,SFm,2,rDXHP,Ex,dxHP_equip,,RB-dxHP_equip-spltHP-SEER-BA-rDXHP-LRM-LSC-Correct-22.5%UC-AOE,SFm&2&rDXHP&Ex&dxHP_equip,RB-dxHP_equip-spltHP-SEER-BA-rDXHP-LRM-LSC-Correct-22.5%UC-AOE,55.57,141.92,49521.92,126469.73,49521.93,3261.96,12618.59,1774.64,457.71,16701.91,0.0,3390.63,0.0,0.0,0.0,0.0,11316.48,0.0,0.0,3261.96,12618.59,0.0,0.0,13440.28,3261.63,0.0,0.0,540.12,42996979.29671882
runs/CZ16/SFm&1&rDXGF&Ex&dxAC_equip/RB-dxAC_equip-spltAC-SEER-BA-rDXGF-LRM-LSC-Correct-15%UC-AOE/instance-out.sql,CZ16,SFm,1,rDXGF,Ex,dxAC_equip,,RB-dxAC_equip-spltAC-SEER-BA-rDXGF-LRM-LSC-Correct-15%UC-AOE,SFm&1&rDXGF&Ex&dxAC_equip,RB-dxAC_equip-spltAC-SEER-BA-rDXGF-LRM-LSC-Correct-15%UC-AOE,39.94,72.27,30721.52,55588.08,30721.52,5694.79,265.62,1557.5,457.71,10338.53,0.0,149.87,0.0,0.0,0.0,0.0,12257.5,0.0,0.0,0.0,265.62,5694.79,0.0,8268.27,2070.26,0.0,0.0,270.12,9439093.338137332
runs/CZ15/SFm&2&rDXHP&Ex&dxHP_equip/RB-dxHP_equip-spltHP-SEER-BA-rDXHP-LRM-LSC-Correct-30%UC-AOE/instance-out.sql,CZ15,SFm,2,rDXHP,Ex,dxHP_equip,,RB-dxHP_equip-spltHP-SEER-BA-rDXHP-LRM-LSC-Correct-30%UC-AOE,SFm&2&rDXHP&Ex&dxHP_equip,RB-dxHP_equip-spltHP-SEER-BA-rDXHP-LRM-LSC-Correct-30%UC-AOE,52.17,131.13,46486.88,116857.75,46486.880000000005,3046.91,9798.59,1774.64,457.71,16701.91,0.0,3390.63,0.0,0.0,0.0,0.0,11316.48,0.0,0.0,3046.91,9798.59,0.0,0.0,13440.28,3261.63,0.0,0.0,540.12,36751568.04313594
runs/CZ15/SFm&2&rDXHP&Ex&dxHP_equip/RB-dxHP_equip-spltHP-SEER-BA-rDXHP-NoLRM-NC/instance-out.sql,CZ15,SFm,2,rDXHP,Ex,dxHP_equip,,RB-dxHP_equip-spltHP-SEER-BA-rDXHP-NoLRM-NC,SFm&2&rDXHP&Ex&dxHP_equip,RB-dxHP_equip-spltHP-SEER-BA-rDXHP-NoLRM-NC,62.59,164.14,55773.55,146268.64,55773.55,3114.34,19017.83,1774.64,457.71,16701.91,0.0,3390.63,0.0,0.0,0.0,0.0,11316.48,0.0,0.0,3114.34,19017.83,0.0,0.0,13440.28,3261.63,0.0,0.0,540.12,57169286.61587262
runs/CZ15/SFm&2&rDXHP&Ex&dxHP_equip/RB-dxHP_equip-spltHP-SEER-BA-rDXHP-LRM-LSC-Correct-7.5%UC-AOE/instance-out.sql,CZ15,SFm,2,rDXHP,Ex,dxHP_equip,,RB-dxHP_equip-spltHP-SEER-BA-rDXHP-LRM-LSC-Correct-7.5%UC-AOE,SFm&2&rDXHP&Ex&dxHP_equip,RB-dxHP_equip-spltHP-SEER-BA-rDXHP-LRM-LSC-Correct-7.5%UC-AOE,62.38,163.49,55592.01,145693.71,55592.020000000004,3692.05,18258.59,1774.64,457.71,16701.91,0.0,3390.63,0.0,0.0,0.0,0.0,11316.48,0.0,0.0,3692.05,18258.59,0.0,0.0,13440.28,3261.63,0.0,0.0,540.12,55487801.80442318
runs/CZ16/SFm&1&rDXHP&Ex&dxHP_equip/RB-dxHP_equip-spltHP-SEER-BA-rDXHP-LRM-LSC-Correct-0%UC-AOE/instance-out.sql,CZ16,SFm,1,rDXHP,Ex,dxHP_equip,,RB-dxHP_equip-spltHP-SEER-BA-rDXHP-LRM-LSC-Correct-0%UC-AOE,SFm&1&rDXHP&Ex&dxHP_equip,RB-dxHP_equip-spltHP-SEER-BA-rDXHP-LRM-LSC-Correct-0%UC-AOE,36.89,78.03,28374.21,60015.7,28374.21,3177.83,328.38,1557.5,457.71,10338.53,0.0,256.43,0.0,0.0,0.0,0.0,12257.84,0.0,0.0,3177.83,328.38,0.0,0.0,8268.27,2070.26,0.0,0.0,270.12,10083459.61047553
runs/CZ15/SFm&2&rDXHP&Ex&dxHP_equip/RB-dxHP_equip-spltHP-SEER-BA-rDXHP-NoLRM-AOE/instance-out.sql,CZ15,SFm,2,rDXHP,Ex,dxHP_equip,,RB-dxHP_equip-spltHP-SEER-BA-rDXHP-NoLRM-AOE,SFm&2&rDXHP&Ex&dxHP_equip,RB-dxHP_equip-spltHP-SEER-BA-rDXHP-NoLRM-AOE,65.79,174.28,58627.06,155305.7,58627.06,3907.1,21078.59,1774.64,457.71,16701.91,0.0,3390.63,0.0,0.0,0.0,0.0,11316.48,0.0,0.0,3907.1,21078.59,0.0,0.0,13440.28,3261.63,0.0,0.0,540.12,61733213.05843708
runs/CZ16/SFm&1&rDXGF&Ex&dxAC_equip/RB-dxAC_equip-spltAC-SEER-BA-rDXGF-LRM-LSC-Correct-30%UC-AOE/instance-out.sql,CZ16,SFm,1,rDXGF,Ex,dxAC_equip,,RB-dxAC_equip-spltAC-SEER-BA-rDXGF-LRM-LSC-Correct-30%UC-AOE,SFm&1&rDXGF&Ex&dxAC_equip,RB-dxAC_equip-spltAC-SEER-BA-rDXGF-LRM-LSC-Correct-30%UC-AOE,39.82,71.87,30624.48,55280.77,30624.48,5694.79,168.59,1557.5,457.71,10338.53,0.0,149.87,0.0,0.0,0.0,0.0,12257.5,0.0,0.0,0.0,168.59,5694.79,0.0,8268.27,2070.26,0.0,0.0,270.12,8442711.722212045
runs/CZ16/SFm&1&rDXGF&Ex&dxAC_equip/RB-dxAC_equip-spltAC-SEER-BA-rDXGF-NoLRM-AOE/instance-out.sql,CZ16,SFm,1,rDXGF,Ex,dxAC_equip,,RB-dxAC_equip-spltAC-SEER-BA-rDXGF-NoLRM-AOE,SFm&1&rDXGF&Ex&dxAC_equip,RB-dxAC_equip-spltAC-SEER-BA-rDXGF-NoLRM-AOE,40.07,72.67,30818.56,55895.4,30818.56,5694.79,362.66,1557.5,457.71,10338.53,0.0,149.87,0.0,0.0,0.0,0.0,12257.5,0.0,0.0,0.0,362.66,5694.79,0.0,8268.27,2070.26,0.0,0.0,270.12,10435474.953679638
runs/CZ16/SFm&1&rDXGF&Ex&dxAC_equip/RB-dxAC_equip-spltAC-SEER-BA-rDXGF-LRM-LSC-Correct-0%UC-AOE/instance-out.sql,CZ16,SFm,1,rDXGF,Ex,dxAC_equip,,RB-dxAC_equip-spltAC-SEER-BA-rDXGF-LRM-LSC-Correct-0%UC-AOE,SFm&1&rDXGF&Ex&dxAC_equip,RB-dxAC_equip-spltAC-SEER-BA-rDXGF-LRM-LSC-Correct-0%UC-AOE,40.03,72.53,30784.27,55786.81,30784.27,5694.79,328.37,1557.5,457.71,10338.53,0.0,149.87,0.0,0.0,0.0,0.0,12257.5,0.0,0.0,0.0,328.37,5694.79,0.0,8268.27,2070.26,0.0,0.0,270.12,10083420.116555247
runs/CZ16/SFm&1&rDXHP&Ex&dxHP_equip/RB-dxHP_equip-spltHP-SEER-BA-rDXHP-LRM-LSC-Correct-0%UC-NC/instance-out.sql,CZ16,SFm,1,rDXHP,Ex,dxHP_equip,,RB-dxHP_equip-spltHP-SEER-BA-rDXHP-LRM-LSC-Correct-0%UC-NC,SFm&1&rDXHP&Ex&dxHP_equip,RB-dxHP_equip-spltHP-SEER-BA-rDXHP-LRM-LSC-Correct-0%UC-NC,36.2,75.83,27839.39,58321.9,27839.39,2675.1,296.28,1557.5,457.71,10338.53,0.0,256.43,0.0,0.0,0.0,0.0,12257.84,0.0,0.0,2675.1,296.28,0.0,0.0,8268.27,2070.26,0.0,0.0,270.12,9753814.759522144
runs/CZ16/SFm&1&rDXGF&Ex&dxAC_equip/RB-dxAC_equip-spltAC-SEER-BA-rDXGF-LRM-LSC-Correct-0%UC-NR/instance-out.sql,CZ16,SFm,1,rDXGF,Ex,dxAC_equip,,RB-dxAC_equip-spltAC-SEER-BA-rDXGF-LRM-LSC-Correct-0%UC-NR,SFm&1&rDXGF&Ex&dxAC_equip,RB-dxAC_equip-spltAC-SEER-BA-rDXGF-LRM-LSC-Correct-0%UC-NR,39.98,72.4,30752.17,55685.14,30752.170000000002,5694.79,296.27,1557.5,457.71,10338.53,0.0,149.87,0.0,0.0,0.0,0.0,12257.5,0.0,0.0,0.0,296.27,5694.79,0.0,8268.27,2070.26,0.0,0.0,270.12,9753778.60030326
runs/CZ16/SFm&1&rDXGF&Ex&dxAC_equip/RB-dxAC_equip-spltAC-SEER-BA-rDXGF-LRM-LSC-Correct-22.5%UC-AOE/instance-out.sql,CZ16,SFm,1,rDXGF,Ex,dxAC_equip,,RB-dxAC_equip-spltAC-SEER-BA-rDXGF-LRM-LSC-Correct-22.5%UC-AOE,SFm&1&rDXGF&Ex&dxAC_equip,RB-dxAC_equip-spltAC-SEER-BA-rDXGF-LRM-LSC-Correct-22.5%UC-AOE,39.88,72.07,30673.0,55434.42,30673.0,5694.79,217.1,1557.5,457.71,10338.53,0.0,149.87,0.0,0.0,0.0,0.0,12257.5,0.0,0.0,0.0,217.1,5694.79,0.0,8268.27,2070.26,0.0,0.0,270.12,8940902.530059608
runs/CZ16/SFm&1&rDXHP&Ex&dxHP_equip/RB-dxHP_equip-spltHP-SEER-BA-rDXHP-LRM-LSC-Correct-22.5%UC-AOE/instance-out.sql,CZ16,SFm,1,rDXHP,Ex,dxHP_equip,,RB-dxHP_equip-spltHP-SEER-BA-rDXHP-LRM-LSC-Correct-22.5%UC-AOE,SFm&1&rDXHP&Ex&dxHP_equip,RB-dxHP_equip-spltHP-SEER-BA-rDXHP-LRM-LSC-Correct-22.5%UC-AOE,36.32,76.23,27937.38,58632.24,27937.38,2852.26,217.11,1557.5,457.71,10338.53,0.0,256.43,0.0,0.0,0.0,0.0,12257.84,0.0,0.0,2852.26,217.11,0.0,0.0,8268.27,2070.26,0.0,0.0,270.12,8940930.466106238
runs/CZ16/SFm&1&rDXGF&Ex&dxAC_equip/RB-dxAC_equip-spltAC-SEER-BA-rDXGF-LRM-LSC-Correct-40%UC-AOE/instance-out.sql,CZ16,SFm,1,rDXGF,Ex,dxAC_equip,,RB-dxAC_equip-spltAC-SEER-BA-rDXGF-LRM-LSC-Correct-40%UC-AOE,SFm&1&rDXGF&Ex&dxAC_equip,RB-dxAC_equip-spltAC-SEER-BA-rDXGF-LRM-LSC-Correct-40%UC-AOE,39.73,71.61,30559.79,55075.89,30559.789999999997,5694.79,103.89,1557.5,457.71,10338.53,0.0,149.87,0.0,0.0,0.0,0.0,12257.5,0.0,0.0,0.0,103.89,5694.79,0.0,8268.27,2070.26,0.0,0.0,270.12,7778457.311716903
runs/CZ16/SFm&1&rDXGF&Ex&dxAC_equip/RB-dxAC_equip-spltAC-SEER-BA-rDXGF-LRM-LSC-Correct-7.5%UC-AOE/instance-out.sql,CZ16,SFm,1,rDXGF,Ex,dxAC_equip,,RB-dxAC_equip-spltAC-SEER-BA-rDXGF-LRM-LSC-Correct-7.5%UC-AOE,SFm&1&rDXGF&Ex&dxAC_equip,RB-dxAC_equip-spltAC-SEER-BA-rDXGF-LRM-LSC-Correct-7.5%UC-AOE,40.01,72.47,30770.04,55741.74,30770.039999999997,5694.79,314.14,1557.5,457.71,10338.53,0.0,149.87,0.0,0.0,0.0,0.0,12257.5,0.0,0.0,0.0,314.14,5694.79,0.0,8268.27,2070.26,0.0,0.0,270.12,9937284.145797696
runs/CZ16/SFm&1&rDXHP&Ex&dxHP_equip/RB-dxHP_equip-spltHP-SEER-BA-rDXHP-NoLRM-NR/instance-out.sql,CZ16,SFm,1,rDXHP,Ex,dxHP_equip,,RB-dxHP_equip-spltHP-SEER-BA-rDXHP-NoLRM-NR,SFm&1&rDXHP&Ex&dxHP_equip,RB-dxHP_equip-spltHP-SEER-BA-rDXHP-NoLRM-NR,36.34,76.28,27950.03,58672.32,27950.03,2754.81,327.21,1557.5,457.71,10338.53,0.0,256.43,0.0,0.0,0.0,0.0,12257.84,0.0,0.0,2754.81,327.21,0.0,0.0,8268.27,2070.26,0.0,0.0,270.12,10071454.041077983
runs/CZ16/SFm&1&rDXGF&Ex&dxAC_equip/RB-dxAC_equip-spltAC-SEER-BA-rDXGF-NoLRM-NR/instance-out.sql,CZ16,SFm,1,rDXGF,Ex,dxAC_equip,,RB-dxAC_equip-spltAC-SEER-BA-rDXGF-NoLRM-NR,SFm&1&rDXGF&Ex&dxAC_equip,RB-dxAC_equip-spltAC-SEER-BA-rDXGF-NoLRM-NR,40.02,72.53,30783.1,55783.11,30783.1,5694.79,327.2,1557.5,457.71,10338.53,0.0,149.87,0.0,0.0,0.0,0.0,12257.5,0.0,0.0,0.0,327.2,5694.79,0.0,8268.27,2070.26,0.0,0.0,270.12,10071414.668606553
runs/CZ16/SFm&1&rDXHP&Ex&dxHP_equip/RB-dxHP_equip-spltHP-SEER-BA-rDXHP-LRM-LSC-Correct-0%UC-NR/instance-out.sql,CZ16,SFm,1,rDXHP,Ex,dxHP_equip,,RB-dxHP_equip-spltHP-SEER-BA-rDXHP-LRM-LSC-Correct-0%UC-NR,SFm&1&rDXHP&Ex&dxHP_equip,RB-dxHP_equip-spltHP-SEER-BA-rDXHP-LRM-LSC-Correct-0%UC-NR,36.2,75.83,27839.39,58321.9,27839.39,2675.1,296.28,1557.5,457.71,10338.53,0.0,256.43,0.0,0.0,0.0,0.0,12257.84,0.0,0.0,2675.1,296.28,0.0,0.0,8268.27,2070.26,0.0,0.0,270.12,9753814.759522144
runs/CZ16/SFm&2&rDXGF&Ex&dxAC_equip/RB-dxAC_equip-spltAC-SEER-BA-rDXGF-LRM-LSC-Correct-0%UC-AOE/instance-out.sql,CZ16,SFm,2,rDXGF,Ex,dxAC_equip,,RB-dxAC_equip-spltAC-SEER-BA-rDXGF-LRM-LSC-Correct-0%UC-AOE,SFm&2&rDXGF&Ex&dxAC_equip,RB-dxAC_equip-spltAC-SEER-BA-rDXGF-LRM-LSC-Correct-0%UC-AOE,52.55,96.82,46832.49,86276.99,46832.479999999996,14285.23,950.21,1774.64,457.71,16701.91,0.0,424.95,0.0,0.0,0.0,0.0,12237.82,0.0,0.0,0.0,950.21,14285.23,0.0,13440.28,3261.63,0.0,0.0,540.12,18328356.838431466
runs/CZ16/SFm&2&rDXGF&Ex&dxAC_equip/RB-dxAC_equip-spltAC-SEER-BA-rDXGF-LRM-LSC-Correct-30%UC-AOE/instance-out.sql,CZ16,SFm,2,rDXGF,Ex,dxAC_equip,,RB-dxAC_equip-spltAC-SEER-BA-rDXGF-LRM-LSC-Correct-30%UC-AOE,SFm&2&rDXGF&Ex&dxAC_equip,RB-dxAC_equip-spltAC-SEER-BA-rDXGF-LRM-LSC-Correct-30%UC-AOE,52.03,95.17,46370.11,84812.65,46370.11,14285.23,487.84,1774.64,457.71,16701.91,0.0,424.95,0.0,0.0,0.0,0.0,12237.82,0.0,0.0,0.0,487.84,14285.23,0.0,13440.28,3261.63,0.0,0.0,540.12,14531321.476933014
runs/CZ16/SFm&2&rDXGF&Ex&dxAC_equip/RB-dxAC_equip-spltAC-SEER-BA-rDXGF-LRM-LSC-Correct-40%UC-AOE/instance-out.sql,CZ16,SFm,2,rDXGF,Ex,dxAC_equip,,RB-dxAC_equip-spltAC-SEER-BA-rDXGF-LRM-LSC-Correct-40%UC-AOE,SFm&2&rDXGF&Ex&dxAC_equip,RB-dxAC_equip-spltAC-SEER-BA-rDXGF-LRM-LSC-Correct-40%UC-AOE,51.82,94.51,46182.91,84219.79,46182.91,14285.23,300.64,1774.64,457.71,16701.91,0.0,424.95,0.0,0.0,0.0,0.0,12237.82,0.0,0.0,0.0,300.64,14285.23,0.0,13440.28,3261.63,0.0,0.0,540.12,12994060.19736783
runs/CZ16/SFm&2&rDXHP&Ex&dxHP_equip/RB-dxHP_equip-spltHP-SEER-BA-rDXHP-LRM-LSC-Correct-0%UC-AOE/instance-out.sql,CZ16,SFm,2,rDXHP,Ex,dxHP_equip,,RB-dxHP_equip-spltHP-SEER-BA-rDXHP-LRM-LSC-Correct-0%UC-AOE,SFm&2&rDXHP&Ex&dxHP_equip,RB-dxHP_equip-spltHP-SEER-BA-rDXHP-LRM-LSC-Correct-0%UC-AOE,44.79,105.62,39914.55,94123.49,39914.54,7104.3,950.21,1774.64,457.71,16701.91,0.0,687.68,0.0,0.0,0.0,0.0,12238.07,0.0,0.0,7104.3,950.21,0.0,0.0,13440.28,3261.63,0.0,0.0,540.12,18328360.301166505
runs/CZ16/SFm&2&rDXGF&Ex&dxAC_equip/RB-dxAC_equip-spltAC-SEER-BA-rDXGF-NoLRM-AOE/instance-out.sql,CZ16,SFm,2,rDXGF,Ex,dxAC_equip,,RB-dxAC_equip-spltAC-SEER-BA-rDXGF-NoLRM-AOE,SFm&2&rDXGF&Ex&dxAC_equip,RB-dxAC_equip-spltAC-SEER-BA-rDXGF-NoLRM-AOE,52.66,97.17,46931.7,86591.21,46931.7,14285.23,1049.43,1774.64,457.71,16701.91,0.0,424.95,0.0,0.0,0.0,0.0,12237.82,0.0,0.0,0.0,1049.43,14285.23,0.0,13440.28,3261.63,0.0,0.0,540.12,19143105.31558728
runs/CZ16/SFm&1&rDXHP&Ex&dxHP_equip/RB-dxHP_equip-spltHP-SEER-BA-rDXHP-LRM-LSC-Correct-15%UC-AOE/instance-out.sql,CZ16,SFm,1,rDXHP,Ex,dxHP_equip,,RB-dxHP_equip-spltHP-SEER-BA-rDXHP-LRM-LSC-Correct-15%UC-AOE,SFm&1&rDXHP&Ex&dxHP_equip,RB-dxHP_equip-spltHP-SEER-BA-rDXHP-LRM-LSC-Correct-15%UC-AOE,36.57,77.02,28127.86,59235.49,28127.86,2994.22,265.63,1557.5,457.71,10338.53,0.0,256.43,0.0,0.0,0.0,0.0,12257.84,0.0,0.0,2994.22,265.63,0.0,0.0,8268.27,2070.26,0.0,0.0,270.12,9439126.31395445
runs/CZ16/SFm&2&rDXGF&Ex&dxAC_equip/RB-dxAC_equip-spltAC-SEER-BA-rDXGF-LRM-LSC-Correct-7.5%UC-AOE/instance-out.sql,CZ16,SFm,2,rDXGF,Ex,dxAC_equip,,RB-dxAC_equip-spltAC-SEER-BA-rDXGF-LRM-LSC-Correct-7.5%UC-AOE,SFm&2&rDXGF&Ex&dxAC_equip,RB-dxAC_equip-spltAC-SEER-BA-rDXGF-LRM-LSC-Correct-7.5%UC-AOE,52.51,96.67,46791.3,86146.57,46791.3,14285.23,909.03,1774.64,457.71,16701.91,0.0,424.95,0.0,0.0,0.0,0.0,12237.82,0.0,0.0,0.0,909.03,14285.23,0.0,13440.28,3261.63,0.0,0.0,540.12,17990159.355888896
runs/CZ16/SFm&1&rDXHP&Ex&dxHP_equip/RB-dxHP_equip-spltHP-SEER-BA-rDXHP-LRM-LSC-Correct-7.5%UC-AOE/instance-out.sql,CZ16,SFm,1,rDXHP,Ex,dxHP_equip,,RB-dxHP_equip-spltHP-SEER-BA-rDXHP-LRM-LSC-Correct-7.5%UC-AOE,SFm&1&rDXHP&Ex&dxHP_equip,RB-dxHP_equip-spltHP-SEER-BA-rDXHP-LRM-LSC-Correct-7.5%UC-AOE,36.82,77.8,28318.34,59838.75,28318.34,3136.18,314.15,1557.5,457.71,10338.53,0.0,256.43,0.0,0.0,0.0,0.0,12257.84,0.0,0.0,3136.18,314.15,0.0,0.0,8268.27,2070.26,0.0,0.0,270.12,9937322.161385298
runs/CZ16/SFm&1&rDXHP&Ex&dxHP_equip/RB-dxHP_equip-spltHP-SEER-BA-rDXHP-LRM-LSC-Correct-30%UC-AOE/instance-out.sql,CZ16,SFm,1,rDXHP,Ex,dxHP_equip,,RB-dxHP_equip-spltHP-SEER-BA-rDXHP-LRM-LSC-Correct-30%UC-AOE,SFm&1&rDXHP&Ex&dxHP_equip,RB-dxHP_equip-spltHP-SEER-BA-rDXHP-LRM-LSC-Correct-30%UC-AOE,36.08,75.45,27746.9,58028.99,27746.9,2710.3,168.59,1557.5,457.71,10338.53,0.0,256.43,0.0,0.0,0.0,0.0,12257.84,0.0,0.0,2710.3,168.59,0.0,0.0,8268.27,2070.26,0.0,0.0,270.12,8442734.618488189
runs/CZ16/SFm&1&rDXHP&Ex&dxHP_equip/RB-dxHP_equip-spltHP-SEER-BA-rDXHP-LRM-LSC-Correct-40%UC-AOE/instance-out.sql,CZ16,SFm,1,rDXHP,Ex,dxHP_equip,,RB-dxHP_equip-spltHP-SEER-BA-rDXHP-LRM-LSC-Correct-40%UC-AOE,SFm&1&rDXHP&Ex&dxHP_equip,RB-dxHP_equip-spltHP-SEER-BA-rDXHP-LRM-LSC-Correct-40%UC-AOE,35.75,74.4,27492.92,57224.65,27492.92,2521.02,103.9,1557.5,457.71,10338.53,0.0,256.43,0.0,0.0,0.0,0.0,12257.84,0.0,0.0,2521.02,103.9,0.0,0.0,8268.27,2070.26,0.0,0.0,270.12,7778473.488299064
runs/CZ16/SFm&1&rDXHP&Ex&dxHP_equip/RB-dxHP_equip-spltHP-SEER-BA-rDXHP-NoLRM-AOE/instance-out.sql,CZ16,SFm,1,rDXHP,Ex,dxHP_equip,,RB-dxHP_equip-spltHP-SEER-BA-rDXHP-NoLRM-AOE,SFm&1&rDXHP&Ex&dxHP_equip,RB-dxHP_equip-spltHP-SEER-BA-rDXHP-NoLRM-AOE,37.07,78.59,28508.82,60442.0,28508.82,3278.15,362.67,1557.5,457.71,10338.53,0.0,256.43,0.0,0.0,0.0,0.0,12257.84,0.0,0.0,3278.15,362.67,0.0,0.0,8268.27,2070.26,0.0,0.0,270.12,10435518.009037727
runs/CZ16/SFm&1&rDXHP&Ex&dxHP_equip/RB-dxHP_equip-spltHP-SEER-BA-rDXHP-NoLRM-NC/instance-out.sql,CZ16,SFm,1,rDXHP,Ex,dxHP_equip,,RB-dxHP_equip-spltHP-SEER-BA-rDXHP-NoLRM-NC,SFm&1&rDXHP&Ex&dxHP_equip,RB-dxHP_equip-spltHP-SEER-BA-rDXHP-NoLRM-NC,36.34,76.28,27950.03,58672.32,27950.03,2754.81,327.21,1557.5,457.71,10338.53,0.0,256.43,0.0,0.0,0.0,0.0,12257.84,0.0,0.0,2754.81,327.21,0.0,0.0,8268.27,2070.26,0.0,0.0,270.12,10071454.041077983
runs/CZ16/SFm&2&rDXHP&Ex&dxHP_equip/RB-dxHP_equip-spltHP-SEER-BA-rDXHP-LRM-LSC-Correct-0%UC-NC/instance-out.sql,CZ16,SFm,2,rDXHP,Ex,dxHP_equip,,RB-dxHP_equip-spltHP-SEER-BA-rDXHP-LRM-LSC-Correct-0%UC-NC,SFm&2&rDXHP&Ex&dxHP_equip,RB-dxHP_equip-spltHP-SEER-BA-rDXHP-LRM-LSC-Correct-0%UC-NC,43.33,100.99,38612.52,89999.96,38612.51,5895.17,857.31,1774.64,457.71,16701.91,0.0,687.68,0.0,0.0,0.0,0.0,12238.07,0.0,0.0,5895.17,857.31,0.0,0.0,13440.28,3261.63,0.0,0.0,540.12,17565481.905462027
runs/CZ16/SFm&2&rDXGF&Ex&dxAC_equip/RB-dxAC_equip-spltAC-SEER-BA-rDXGF-LRM-LSC-Correct-0%UC-NR/instance-out.sql,CZ16,SFm,2,rDXGF,Ex,dxAC_equip,,RB-dxAC_equip-spltAC-SEER-BA-rDXGF-LRM-LSC-Correct-0%UC-NR,SFm&2&rDXGF&Ex&dxAC_equip,RB-dxAC_equip-spltAC-SEER-BA-rDXGF-LRM-LSC-Correct-0%UC-NR,52.45,96.49,46739.59,85982.79,46739.59,14285.23,857.32,1774.64,457.71,16701.91,0.0,424.95,0.0,0.0,0.0,0.0,12237.82,0.0,0.0,0.0,857.32,14285.23,0.0,13440.28,3261.63,0.0,0.0,540.12,17565478.743736386
runs/CZ16/SFm&2&rDXGF&Ex&dxAC_equip/RB-dxAC_equip-spltAC-SEER-BA-rDXGF-LRM-LSC-Correct-15%UC-AOE/instance-out.sql,CZ16,SFm,2,rDXGF,Ex,dxAC_equip,,RB-dxAC_equip-spltAC-SEER-BA-rDXGF-LRM-LSC-Correct-15%UC-AOE,SFm&2&rDXGF&Ex&dxAC_equip,RB-dxAC_equip-spltAC-SEER-BA-rDXGF-LRM-LSC-Correct-15%UC-AOE,52.35,96.17,46650.91,85701.93,46650.9,14285.23,768.63,1774.64,457.71,16701.91,0.0,424.95,0.0,0.0,0.0,0.0,12237.82,0.0,0.0,0.0,768.63,14285.23,0.0,13440.28,3261.63,0.0,0.0,540.12,16837213.396703303
runs/CZ16/SFm&2&rDXGF&Ex&dxAC_equip/RB-dxAC_equip-spltAC-SEER-BA-rDXGF-NoLRM-NR/instance-out.sql,CZ16,SFm,2,rDXGF,Ex,dxAC_equip,,RB-dxAC_equip-spltAC-SEER-BA-rDXGF-NoLRM-NR,SFm&2&rDXGF&Ex&dxAC_equip,RB-dxAC_equip-spltAC-SEER-BA-rDXGF-NoLRM-NR,52.55,96.8,46829.1,86266.28,46829.1,14285.23,946.83,1774.64,457.71,16701.91,0.0,424.95,0.0,0.0,0.0,0.0,12237.82,0.0,0.0,0.0,946.83,14285.23,0.0,13440.28,3261.63,0.0,0.0,540.12,18300573.0405616
runs/CZ16/SFm&2&rDXGF&Ex&dxAC_equip/RB-dxAC_equip-spltAC-SEER-BA-rDXGF-LRM-LSC-Correct-22.5%UC-AOE/instance-out.sql,CZ16,SFm,2,rDXGF,Ex,dxAC_equip,,RB-dxAC_equip-spltAC-SEER-BA-rDXGF-LRM-LSC-Correct-22.5%UC-AOE,SFm&2&rDXGF&Ex&dxAC_equip,RB-dxAC_equip-spltAC-SEER-BA-rDXGF-LRM-LSC-Correct-22.5%UC-AOE,52.19,95.67,46510.51,85257.29,46510.51,14285.23,628.23,1774.64,457.71,16701.91,0.0,424.95,0.0,0.0,0.0,0.0,12237.82,0.0,0.0,0.0,628.23,14285.23,0.0,13440.28,3261.63,0.0,0.0,540.12,15684267.436551832
runs/CZ16/SFm&2&rDXHP&Ex&dxHP_equip/RB-dxHP_equip-spltHP-SEER-BA-rDXHP-LRM-LSC-Correct-15%UC-AOE/instance-out.sql,CZ16,SFm,2,rDXHP,Ex,dxHP_equip,,RB-dxHP_equip-spltHP-SEER-BA-rDXHP-LRM-LSC-Correct-15%UC-AOE,SFm&2&rDXHP&Ex&dxHP_equip,RB-dxHP_equip-spltHP-SEER-BA-rDXHP-LRM-LSC-Correct-15%UC-AOE,44.09,103.41,39291.37,92149.88,39291.369999999995,6662.71,768.63,1774.64,457.71,16701.91,0.0,687.68,0.0,0.0,0.0,0.0,12238.07,0.0,0.0,6662.71,768.63,0.0,0.0,13440.28,3261.63,0.0,0.0,540.12,16837216.271076716
runs/CZ16/SFm&2&rDXHP&Ex&dxHP_equip/RB-dxHP_equip-spltHP-SEER-BA-rDXHP-LRM-LSC-Correct-0%UC-NR/instance-out.sql,CZ16,SFm,2,rDXHP,Ex,dxHP_equip,,RB-dxHP_equip-spltHP-SEER-BA-rDXHP-LRM-LSC-Correct-0%UC-NR,SFm&2&rDXHP&Ex&dxHP_equip,RB-dxHP_equip-spltHP-SEER-BA-rDXHP-LRM-LSC-Correct-0%UC-NR,43.33,100.99,38612.52,89999.96,38612.51,5895.17,857.31,1774.64,457.71,16701.91,0.0,687.68,0.0,0.0,0.0,0.0,12238.07,0.0,0.0,5895.17,857.31,0.0,0.0,13440.28,3261.63,0.0,0.0,540.12,17565481.905462027
runs/CZ16/SFm&2&rDXHP&Ex&dxHP_equip/RB-dxHP_equip-spltHP-SEER-BA-rDXHP-LRM-LSC-Correct-40%UC-AOE/instance-out.sql,CZ16,SFm,2,rDXHP,Ex,dxHP_equip,,RB-dxHP_equip-spltHP-SEER-BA-rDXHP-LRM-LSC-Correct-40%UC-AOE,SFm&2&rDXHP&Ex&dxHP_equip,RB-dxHP_equip-spltHP-SEER-BA-rDXHP-LRM-LSC-Correct-40%UC-AOE,42.29,97.7,37685.24,87063.28,37685.240000000005,5524.57,300.64,1774.64,457.71,16701.91,0.0,687.68,0.0,0.0,0.0,0.0,12238.07,0.0,0.0,5524.57,300.64,0.0,0.0,13440.28,3261.63,0.0,0.0,540.12,12994061.555345297
runs/CZ16/SFm&2&rDXHP&Ex&dxHP_equip/RB-dxHP_equip-spltHP-SEER-BA-rDXHP-LRM-LSC-Correct-22.5%UC-AOE/instance-out.sql,CZ16,SFm,2,rDXHP,Ex,dxHP_equip,,RB-dxHP_equip-spltHP-SEER-BA-rDXHP-LRM-LSC-Correct-22.5%UC-AOE,SFm&2&rDXHP&Ex&dxHP_equip,RB-dxHP_equip-spltHP-SEER-BA-rDXHP-LRM-LSC-Correct-22.5%UC-AOE,43.55,101.69,38809.53,90623.9,38809.53,6321.27,628.23,1774.64,457.71,16701.91,0.0,687.68,0.0,0.0,0.0,0.0,12238.07,0.0,0.0,6321.27,628.23,0.0,0.0,13440.28,3261.63,0.0,0.0,540.12,15684269.856006458
runs/CZ16/SFm&2&rDXHP&Ex&dxHP_equip/RB-dxHP_equip-spltHP-SEER-BA-rDXHP-NoLRM-NR/instance-out.sql,CZ16,SFm,2,rDXHP,Ex,dxHP_equip,,RB-dxHP_equip-spltHP-SEER-BA-rDXHP-NoLRM-NR,SFm&2&rDXHP&Ex&dxHP_equip,RB-dxHP_equip-spltHP-SEER-BA-rDXHP-NoLRM-NR,43.65,101.99,38893.75,90890.63,38893.75,6086.89,946.83,1774.64,457.71,16701.91,0.0,687.68,0.0,0.0,0.0,0.0,12238.07,0.0,0.0,6086.89,946.83,0.0,0.0,13440.28,3261.63,0.0,0.0,540.12,18300576.492333964
runs/CZ16/SFm&2&rDXHP&Ex&dxHP_equip/RB-dxHP_equip-spltHP-SEER-BA-rDXHP-NoLRM-NC/instance-out.sql,CZ16,SFm,2,rDXHP,Ex,dxHP_equip,,RB-dxHP_equip-spltHP-SEER-BA-rDXHP-NoLRM-NC,SFm&2&rDXHP&Ex&dxHP_equip,RB-dxHP_equip-spltHP-SEER-BA-rDXHP-NoLRM-NC,43.65,101.99,38893.75,90890.63,38893.75,6086.89,946.83,1774.64,457.71,16701.91,0.0,687.68,0.0,0.0,0.0,0.0,12238.07,0.0,0.0,6086.89,946.83,0.0,0.0,13440.28,3261.63,0.0,0.0,540.12,18300576.492333964
runs/CZ16/SFm&2&rDXHP&Ex&dxHP_equip/RB-dxHP_equip-spltHP-SEER-BA-rDXHP-LRM-LSC-Correct-7.5%UC-AOE/instance-out.sql,CZ16,SFm,2,rDXHP,Ex,dxHP_equip,,RB-dxHP_equip-spltHP-SEER-BA-rDXHP-LRM-LSC-Correct-7.5%UC-AOE,SFm&2&rDXHP&Ex&dxHP_equip,RB-dxHP_equip-spltHP-SEER-BA-rDXHP-LRM-LSC-Correct-7.5%UC-AOE,44.63,105.12,39773.21,93675.86,39773.2,7004.15,909.03,1774.64,457.71,16701.91,0.0,687.68,0.0,0.0,0.0,0.0,12238.07,0.0,0.0,7004.15,909.03,0.0,0.0,13440.28,3261.63,0.0,0.0,540.12,17990162.68518109
runs/CZ16/SFm&2&rDXHP&Ex&dxHP_equip/RB-dxHP_equip-spltHP-SEER-BA-rDXHP-NoLRM-AOE/instance-out.sql,CZ16,SFm,2,rDXHP,Ex,dxHP_equip,,RB-dxHP_equip-spltHP-SEER-BA-rDXHP-NoLRM-AOE,SFm&2&rDXHP&Ex&dxHP_equip,RB-dxHP_equip-spltHP-SEER-BA-rDXHP-NoLRM-AOE,45.17,106.83,40255.05,95201.84,40255.04,7345.59,1049.43,1774.64,457.71,16701.91,0.0,687.68,0.0,0.0,0.0,0.0,12238.07,0.0,0.0,7345.59,1049.43,0.0,0.0,13440.28,3261.63,0.0,0.0,540.12,19143109.099798262
runs/CZ16/SFm&2&rDXHP&Ex&dxHP_equip/RB-dxHP_equip-spltHP-SEER-BA-rDXHP-LRM-LSC-Correct-30%UC-AOE/instance-out.sql,CZ16,SFm,2,rDXHP,Ex,dxHP_equip,,RB-dxHP_equip-spltHP-SEER-BA-rDXHP-LRM-LSC-Correct-30%UC-AOE,SFm&2&rDXHP&Ex&dxHP_equip,RB-dxHP_equip-spltHP-SEER-BA-rDXHP-LRM-LSC-Correct-30%UC-AOE,43.01,99.98,38327.69,89097.92,38327.69,5979.83,487.84,1774.64,457.71,16701.91,0.0,687.68,0.0,0.0,0.0,0.0,12238.07,0.0,0.0,5979.83,487.84,0.0,0.0,13440.28,3261.63,0.0,0.0,540.12,14531323.441468857
