File Name,BldgLoc,BldgType,Story,BldgHVAC,BldgVint,TechGroup,TechType,TechID,Cohort,Case,Net Site EUI,Net Source EUI,Total Energy/Net Site Energy,Total Energy/Net Source Energy,Total,Heating,Cooling,Interior Lighting,Exterior Lighting,Interior Equipment,Exterior Equipment,Fans,Pumps,Heat Rejection,Humidification,Heat Recovery,Water Systems,Refrigeration,Generators,Heating Elec,Cooling Elec,Heating NG,Cooling NG,Interior Equipment Elec,Interior Equipment NG,Unmet Heating,Unmet Cooling,Conditioned Area,Electricity:Facility [J](Hourly)
runs/CZ01/MFm&0&rDXGF&Ex&dxAC_equip/LRM AOE +15% RCA LSC R22 R410a rDXGF Measure/instance-out.sql,CZ01,MFm,0,rDXGF,Ex,dxAC_equip,,LRM AOE +15% RCA LSC R22 R410a rDXGF Measure,MFm&0&rDXGF&Ex&dxAC_equip,LRM AOE +15% RCA LSC R22 R410a rDXGF Measure,51.33,86.88,263696.9,446295.67,263696.9,22362.5,903.49,14740.46,0.0,73945.06,0.0,1705.48,0.0,0.0,0.0,0.0,150039.9,0.0,0.0,0.0,903.49,22362.5,0.0,59678.04,14267.02,0.0,0.0,2283.19,54063880.428860255
runs/CZ01/MFm&0&rDXGF&Ex&dxAC_equip/LRM AOE +22.5% RCA LSC R22 R410a rDXGF Measure/instance-out.sql,CZ01,MFm,0,rDXGF,Ex,dxAC_equip,,LRM AOE +22.5% RCA LSC R22 R410a rDXGF Measure,MFm&0&rDXGF&Ex&dxAC_equip,LRM AOE +22.5% RCA LSC R22 R410a rDXGF Measure,51.3,86.77,263531.87,445773.02,263531.87,22362.5,738.46,14740.46,0.0,73945.06,0.0,1705.48,0.0,0.0,0.0,0.0,150039.9,0.0,0.0,0.0,738.46,22362.5,0.0,59678.04,14267.02,0.0,0.0,2283.19,52923643.03884035
runs/CZ01/MFm&0&rDXGF&Ex&dxAC_equip/LRM AOE +30% RCA LSC R22 R410a rDXGF Measure/instance-out.sql,CZ01,MFm,0,rDXGF,Ex,dxAC_equip,,LRM AOE +30% RCA LSC R22 R410a rDXGF Measure,MFm&0&rDXGF&Ex&dxAC_equip,LRM AOE +30% RCA LSC R22 R410a rDXGF Measure,51.27,86.67,263366.84,445250.36,263366.83999999997,22362.5,573.43,14740.46,0.0,73945.06,0.0,1705.48,0.0,0.0,0.0,0.0,150039.9,0.0,0.0,0.0,573.43,22362.5,0.0,59678.04,14267.02,0.0,0.0,2283.19,51783405.64934723
runs/CZ01/MFm&0&rDXGF&Ex&dxAC_equip/LRM AOE +40% RCA LSC R22 R410a rDXGF Measure/instance-out.sql,CZ01,MFm,0,rDXGF,Ex,dxAC_equip,,LRM AOE +40% RCA LSC R22 R410a rDXGF Measure,MFm&0&rDXGF&Ex&dxAC_equip,LRM AOE +40% RCA LSC R22 R410a rDXGF Measure,51.22,86.54,263146.8,444553.5,263146.8,22362.5,353.39,14740.46,0.0,73945.06,0.0,1705.48,0.0,0.0,0.0,0.0,150039.9,0.0,0.0,0.0,353.39,22362.5,0.0,59678.04,14267.02,0.0,0.0,2283.19,50263089.12995047
runs/CZ01/MFm&0&rDXGF&Ex&dxAC_equip/LRM AOE +7.5% RCA LSC R22 R410a rDXGF Measure/instance-out.sql,CZ01,MFm,0,rDXGF,Ex,dxAC_equip,,LRM AOE +7.5% RCA LSC R22 R410a rDXGF Measure,MFm&0&rDXGF&Ex&dxAC_equip,LRM AOE +7.5% RCA LSC R22 R410a rDXGF Measure,51.36,86.98,263861.93,446818.32,263861.93,22362.5,1068.52,14740.46,0.0,73945.06,0.0,1705.48,0.0,0.0,0.0,0.0,150039.9,0.0,0.0,0.0,1068.52,22362.5,0.0,59678.04,14267.02,0.0,0.0,2283.19,55204117.81792491
runs/CZ01/MFm&0&rDXGF&Ex&dxAC_equip/LRM AOE LSC R22 R410a rDXGF Measure/instance-out.sql,CZ01,MFm,0,rDXGF,Ex,dxAC_equip,,LRM AOE LSC R22 R410a rDXGF Measure,MFm&0&rDXGF&Ex&dxAC_equip,LRM AOE LSC R22 R410a rDXGF Measure,51.37,87.01,263910.34,446971.63,263910.33999999997,22362.5,1116.93,14740.46,0.0,73945.06,0.0,1705.48,0.0,0.0,0.0,0.0,150039.9,0.0,0.0,0.0,1116.93,22362.5,0.0,59678.04,14267.02,0.0,0.0,2283.19,55538587.45321899
runs/CZ01/MFm&0&rDXGF&Ex&dxAC_equip/LRM AOE R22 R410a rDXGF Base/instance-out.sql,CZ01,MFm,0,rDXGF,Ex,dxAC_equip,,LRM AOE R22 R410a rDXGF Base,MFm&0&rDXGF&Ex&dxAC_equip,LRM AOE R22 R410a rDXGF Base,51.4,87.08,264026.96,447340.97,264026.95999999996,22362.5,1233.55,14740.46,0.0,73945.06,0.0,1705.48,0.0,0.0,0.0,0.0,150039.9,0.0,0.0,0.0,1233.55,22362.5,0.0,59678.04,14267.02,0.0,0.0,2283.19,56344355.20749672
runs/CZ01/MFm&0&rDXGF&Ex&dxAC_equip/LRM NR LSC R454b rDXGF Measure/instance-out.sql,CZ01,MFm,0,rDXGF,Ex,dxAC_equip,,LRM NR LSC R454b rDXGF Measure,MFm&0&rDXGF&Ex&dxAC_equip,LRM NR LSC R454b rDXGF Measure,51.35,86.94,263801.14,446625.8,263801.15,22362.5,1007.73,14740.46,0.0,73945.06,0.0,1705.48,0.0,0.0,0.0,0.0,150039.9,0.0,0.0,0.0,1007.73,22362.5,0.0,59678.04,14267.02,0.0,0.0,2283.19,54784118.33006582
runs/CZ01/MFm&0&rDXGF&Ex&dxAC_equip/LRM NR R454b rDXGF Base/instance-out.sql,CZ01,MFm,0,rDXGF,Ex,dxAC_equip,,LRM NR R454b rDXGF Base,MFm&0&rDXGF&Ex&dxAC_equip,LRM NR R454b rDXGF Base,51.37,87.0,263906.36,446959.03,263906.36,22362.5,1112.95,14740.46,0.0,73945.06,0.0,1705.48,0.0,0.0,0.0,0.0,150039.9,0.0,0.0,0.0,1112.95,22362.5,0.0,59678.04,14267.02,0.0,0.0,2283.19,55511109.9076419
runs/CZ01/MFm&0&rDXHP&Ex&dxHP_equip/LRM AOE +15% RCA LSC R22 R410a rDXHP Measure/instance-out.sql,CZ01,MFm,0,rDXHP,Ex,dxHP_equip,,LRM AOE +15% RCA LSC R22 R410a rDXHP Measure,MFm&0&rDXHP&Ex&dxHP_equip,LRM AOE +15% RCA LSC R22 R410a rDXHP Measure,49.07,88.77,252059.54,456022.64,252059.53999999998,11068.33,904.27,14740.46,0.0,73945.06,0.0,1362.18,0.0,0.0,0.0,0.0,150039.23,0.0,0.0,11068.33,904.27,0.0,0.0,59678.04,14267.02,0.0,0.0,2283.19,54071382.54624086
runs/CZ01/MFm&0&rDXHP&Ex&dxHP_equip/LRM AOE +30% RCA LSC R22 R410a rDXHP Measure/instance-out.sql,CZ01,MFm,0,rDXHP,Ex,dxHP_equip,,LRM AOE +30% RCA LSC R22 R410a rDXHP Measure,MFm&0&rDXHP&Ex&dxHP_equip,LRM AOE +30% RCA LSC R22 R410a rDXHP Measure,48.83,88.01,250835.91,452147.39,250835.9,10175.04,573.93,14740.46,0.0,73945.06,0.0,1362.18,0.0,0.0,0.0,0.0,150039.23,0.0,0.0,10175.04,573.93,0.0,0.0,59678.04,14267.02,0.0,0.0,2283.19,51788824.901417695
runs/CZ01/MFm&0&rDXHP&Ex&dxHP_equip/LRM AOE +22.5% RCA LSC R22 R410a rDXHP Measure/instance-out.sql,CZ01,MFm,0,rDXHP,Ex,dxHP_equip,,LRM AOE +22.5% RCA LSC R22 R410a rDXHP Measure,MFm&0&rDXHP&Ex&dxHP_equip,LRM AOE +22.5% RCA LSC R22 R410a rDXHP Measure,48.95,88.39,251447.72,454085.01,251447.72,10621.69,739.1,14740.46,0.0,73945.06,0.0,1362.18,0.0,0.0,0.0,0.0,150039.23,0.0,0.0,10621.69,739.1,0.0,0.0,59678.04,14267.02,0.0,0.0,2283.19,52930103.723565646
runs/CZ01/MFm&0&rDXHP&Ex&dxHP_equip/LRM AOE R22 R410a rDXHP Base/instance-out.sql,CZ01,MFm,0,rDXHP,Ex,dxHP_equip,,LRM AOE R22 R410a rDXHP Base,MFm&0&rDXHP&Ex&dxHP_equip,LRM AOE R22 R410a rDXHP Base,49.3,89.52,253283.18,459897.9,253283.16999999998,11961.62,1234.62,14740.46,0.0,73945.06,0.0,1362.18,0.0,0.0,0.0,0.0,150039.23,0.0,0.0,11961.62,1234.62,0.0,0.0,59678.04,14267.02,0.0,0.0,2283.19,56353940.19018668
runs/CZ01/MFm&0&rDXHP&Ex&dxHP_equip/LRM AOE +40% RCA LSC R22 R410a rDXHP Measure/instance-out.sql,CZ01,MFm,0,rDXHP,Ex,dxHP_equip,,LRM AOE +40% RCA LSC R22 R410a rDXHP Measure,MFm&0&rDXHP&Ex&dxHP_equip,LRM AOE +40% RCA LSC R22 R410a rDXHP Measure,48.67,87.51,250020.15,449563.88,250020.15,9579.52,353.69,14740.46,0.0,73945.06,0.0,1362.18,0.0,0.0,0.0,0.0,150039.23,0.0,0.0,9579.52,353.69,0.0,0.0,59678.04,14267.02,0.0,0.0,2283.19,50267119.805147745
runs/CZ01/MFm&0&rDXHP&Ex&dxHP_equip/LRM NR LSC R32 R454b rDXHP Measure/instance-out.sql,CZ01,MFm,0,rDXHP,Ex,dxHP_equip,,LRM NR LSC R32 R454b rDXHP Measure,MFm&0&rDXHP&Ex&dxHP_equip,LRM NR LSC R32 R454b rDXHP Measure,48.89,88.21,251159.85,453173.32,251159.85,10064.31,1008.61,14740.46,0.0,73945.06,0.0,1362.18,0.0,0.0,0.0,0.0,150039.23,0.0,0.0,10064.31,1008.61,0.0,0.0,59678.04,14267.02,0.0,0.0,2283.19,54792278.27473439
runs/CZ02/MFm&0&rDXGF&Ex&dxAC_equip/LRM AOE +22.5% RCA LSC R22 R410a rDXGF Measure/instance-out.sql,CZ02,MFm,0,rDXGF,Ex,dxAC_equip,,LRM AOE +22.5% RCA LSC R22 R410a rDXGF Measure,MFm&0&rDXGF&Ex&dxAC_equip,LRM AOE +22.5% RCA LSC R22 R410a rDXGF Measure,55.14,93.08,283271.89,478174.04,283271.89,40442.72,3882.37,14740.46,0.0,73945.06,0.0,3843.78,0.0,0.0,0.0,0.0,146417.49,0.0,0.0,0.0,3882.37,40442.72,0.0,59678.04,14267.02,0.0,0.0,2283.19,80067076.20441231
runs/CZ01/MFm&0&rDXHP&Ex&dxHP_equip/LRM AOE +7.5% RCA LSC R22 R410a rDXHP Measure/instance-out.sql,CZ01,MFm,0,rDXHP,Ex,dxHP_equip,,LRM AOE +7.5% RCA LSC R22 R410a rDXHP Measure,MFm&0&rDXHP&Ex&dxHP_equip,LRM AOE +7.5% RCA LSC R22 R410a rDXHP Measure,49.18,89.15,252671.36,457960.27,252671.36,11514.98,1069.45,14740.46,0.0,73945.06,0.0,1362.18,0.0,0.0,0.0,0.0,150039.23,0.0,0.0,11514.98,1069.45,0.0,0.0,59678.04,14267.02,0.0,0.0,2283.19,55212661.36795996
runs/CZ01/MFm&0&rDXHP&Ex&dxHP_equip/LRM AOE LSC R22 R410a rDXHP Measure/instance-out.sql,CZ01,MFm,0,rDXHP,Ex,dxHP_equip,,LRM AOE LSC R22 R410a rDXHP Measure,MFm&0&rDXHP&Ex&dxHP_equip,LRM AOE LSC R22 R410a rDXHP Measure,49.22,89.26,252850.83,458528.64,252850.82,11645.99,1117.9,14740.46,0.0,73945.06,0.0,1362.18,0.0,0.0,0.0,0.0,150039.23,0.0,0.0,11645.99,1117.9,0.0,0.0,59678.04,14267.02,0.0,0.0,2283.19,55547436.49016708
runs/CZ02/MFm&0&rDXGF&Ex&dxAC_equip/LRM AOE +30% RCA LSC R22 R410a rDXGF Measure/instance-out.sql,CZ02,MFm,0,rDXGF,Ex,dxAC_equip,,LRM AOE +30% RCA LSC R22 R410a rDXGF Measure,MFm&0&rDXGF&Ex&dxAC_equip,LRM AOE +30% RCA LSC R22 R410a rDXGF Measure,54.97,92.55,282404.26,475426.25,282404.26,40442.72,3014.74,14740.46,0.0,73945.06,0.0,3843.78,0.0,0.0,0.0,0.0,146417.49,0.0,0.0,0.0,3014.74,40442.72,0.0,59678.04,14267.02,0.0,0.0,2283.19,74471792.36301205
runs/CZ01/MFm&0&rDXHP&Ex&dxHP_equip/LRM NR R32 R454b rDXHP Base/instance-out.sql,CZ01,MFm,0,rDXHP,Ex,dxHP_equip,,LRM NR R32 R454b rDXHP Base,MFm&0&rDXHP&Ex&dxHP_equip,LRM NR R32 R454b rDXHP Base,48.96,88.43,251515.95,454301.09,251515.95,10315.1,1113.92,14740.46,0.0,73945.06,0.0,1362.18,0.0,0.0,0.0,0.0,150039.23,0.0,0.0,10315.1,1113.92,0.0,0.0,59678.04,14267.02,0.0,0.0,2283.19,55519933.848050006
runs/CZ02/MFm&0&rDXGF&Ex&dxAC_equip/LRM AOE +15% RCA LSC R22 R410a rDXGF Measure/instance-out.sql,CZ02,MFm,0,rDXGF,Ex,dxAC_equip,,LRM AOE +15% RCA LSC R22 R410a rDXGF Measure,MFm&0&rDXGF&Ex&dxAC_equip,LRM AOE +15% RCA LSC R22 R410a rDXGF Measure,55.31,93.62,284139.52,480921.82,284139.52,40442.72,4750.0,14740.46,0.0,73945.06,0.0,3843.78,0.0,0.0,0.0,0.0,146417.49,0.0,0.0,0.0,4750.0,40442.72,0.0,59678.04,14267.02,0.0,0.0,2283.19,85662360.04839754
runs/CZ02/MFm&0&rDXGF&Ex&dxAC_equip/LRM AOE +40% RCA LSC R22 R410a rDXGF Measure/instance-out.sql,CZ02,MFm,0,rDXGF,Ex,dxAC_equip,,LRM AOE +40% RCA LSC R22 R410a rDXGF Measure,MFm&0&rDXGF&Ex&dxAC_equip,LRM AOE +40% RCA LSC R22 R410a rDXGF Measure,54.75,91.83,281247.42,471762.53,281247.42,40442.72,1857.9,14740.46,0.0,73945.06,0.0,3843.78,0.0,0.0,0.0,0.0,146417.49,0.0,0.0,0.0,1857.9,40442.72,0.0,59678.04,14267.02,0.0,0.0,2283.19,67011413.9074554
runs/CZ02/MFm&0&rDXGF&Ex&dxAC_equip/LRM AOE +7.5% RCA LSC R22 R410a rDXGF Measure/instance-out.sql,CZ02,MFm,0,rDXGF,Ex,dxAC_equip,,LRM AOE +7.5% RCA LSC R22 R410a rDXGF Measure,MFm&0&rDXGF&Ex&dxAC_equip,LRM AOE +7.5% RCA LSC R22 R410a rDXGF Measure,55.48,94.15,285007.15,483669.61,285007.15,40442.72,5617.63,14740.46,0.0,73945.06,0.0,3843.78,0.0,0.0,0.0,0.0,146417.49,0.0,0.0,0.0,5617.63,40442.72,0.0,59678.04,14267.02,0.0,0.0,2283.19,91257643.88769531
runs/CZ02/MFm&0&rDXGF&Ex&dxAC_equip/LRM AOE LSC R22 R410a rDXGF Measure/instance-out.sql,CZ02,MFm,0,rDXGF,Ex,dxAC_equip,,LRM AOE LSC R22 R410a rDXGF Measure,MFm&0&rDXGF&Ex&dxAC_equip,LRM AOE LSC R22 R410a rDXGF Measure,55.53,94.31,285261.66,484475.63,285261.66,40442.72,5872.14,14740.46,0.0,73945.06,0.0,3843.78,0.0,0.0,0.0,0.0,146417.49,0.0,0.0,0.0,5872.14,40442.72,0.0,59678.04,14267.02,0.0,0.0,2283.19,92898927.15295635
runs/CZ02/MFm&0&rDXGF&Ex&dxAC_equip/LRM NR LSC R454b rDXGF Measure/instance-out.sql,CZ02,MFm,0,rDXGF,Ex,dxAC_equip,,LRM NR LSC R454b rDXGF Measure,MFm&0&rDXGF&Ex&dxAC_equip,LRM NR LSC R454b rDXGF Measure,55.42,93.95,284687.56,482657.48,284687.57,40442.72,5298.05,14740.46,0.0,73945.06,0.0,3843.78,0.0,0.0,0.0,0.0,146417.49,0.0,0.0,0.0,5298.05,40442.72,0.0,59678.04,14267.02,0.0,0.0,2283.19,89196655.2115925
runs/CZ02/MFm&0&rDXGF&Ex&dxAC_equip/LRM AOE R22 R410a rDXGF Base/instance-out.sql,CZ02,MFm,0,rDXGF,Ex,dxAC_equip,,LRM AOE R22 R410a rDXGF Base,MFm&0&rDXGF&Ex&dxAC_equip,LRM AOE R22 R410a rDXGF Base,55.65,94.69,285874.78,486417.4,285874.77999999997,40442.72,6485.27,14740.46,0.0,73945.06,0.0,3843.78,0.0,0.0,0.0,0.0,146417.49,0.0,0.0,0.0,6485.27,40442.72,0.0,59678.04,14267.02,0.0,0.0,2283.19,96852927.72948171
runs/CZ02/MFm&0&rDXGF&Ex&dxAC_equip/LRM NR R454b rDXGF Base/instance-out.sql,CZ02,MFm,0,rDXGF,Ex,dxAC_equip,,LRM NR R454b rDXGF Base,MFm&0&rDXGF&Ex&dxAC_equip,LRM NR R454b rDXGF Base,55.52,94.3,285240.75,484409.41,285240.75,40442.72,5851.23,14740.46,0.0,73945.06,0.0,3843.78,0.0,0.0,0.0,0.0,146417.49,0.0,0.0,0.0,5851.23,40442.72,0.0,59678.04,14267.02,0.0,0.0,2283.19,92764091.48786986
runs/CZ02/MFm&0&rDXHP&Ex&dxHP_equip/LRM AOE +30% RCA LSC R22 R410a rDXHP Measure/instance-out.sql,CZ02,MFm,0,rDXHP,Ex,dxHP_equip,,LRM AOE +30% RCA LSC R22 R410a rDXHP Measure,MFm&0&rDXHP&Ex&dxHP_equip,LRM AOE +30% RCA LSC R22 R410a rDXHP Measure,49.93,92.97,256494.01,477596.78,256494.01,15069.32,3023.35,14740.46,0.0,73945.06,0.0,3291.65,0.0,0.0,0.0,0.0,146424.17,0.0,0.0,15069.32,3023.35,0.0,0.0,59678.04,14267.02,0.0,0.0,2283.19,74442390.56138518
runs/CZ02/MFm&0&rDXHP&Ex&dxHP_equip/LRM AOE +15% RCA LSC R22 R410a rDXHP Measure/instance-out.sql,CZ02,MFm,0,rDXHP,Ex,dxHP_equip,,LRM AOE +15% RCA LSC R22 R410a rDXHP Measure,MFm&0&rDXHP&Ex&dxHP_equip,LRM AOE +15% RCA LSC R22 R410a rDXHP Measure,50.59,95.07,259902.87,488392.64,259902.87,16737.97,4763.56,14740.46,0.0,73945.06,0.0,3291.65,0.0,0.0,0.0,0.0,146424.17,0.0,0.0,16737.97,4763.56,0.0,0.0,59678.04,14267.02,0.0,0.0,2283.19,85683585.62747774
runs/CZ02/MFm&0&rDXHP&Ex&dxHP_equip/LRM AOE +22.5% RCA LSC R22 R410a rDXHP Measure/instance-out.sql,CZ02,MFm,0,rDXHP,Ex,dxHP_equip,,LRM AOE +22.5% RCA LSC R22 R410a rDXHP Measure,MFm&0&rDXHP&Ex&dxHP_equip,LRM AOE +22.5% RCA LSC R22 R410a rDXHP Measure,50.26,94.02,258198.44,482994.71,258198.44,15903.65,3893.45,14740.46,0.0,73945.06,0.0,3291.65,0.0,0.0,0.0,0.0,146424.17,0.0,0.0,15903.65,3893.45,0.0,0.0,59678.04,14267.02,0.0,0.0,2283.19,80062988.0931331
runs/CZ02/MFm&0&rDXHP&Ex&dxHP_equip/LRM AOE +7.5% RCA LSC R22 R410a rDXHP Measure/instance-out.sql,CZ02,MFm,0,rDXHP,Ex,dxHP_equip,,LRM AOE +7.5% RCA LSC R22 R410a rDXHP Measure,MFm&0&rDXHP&Ex&dxHP_equip,LRM AOE +7.5% RCA LSC R22 R410a rDXHP Measure,50.92,96.12,261607.3,493790.58,261607.3,17572.29,5633.67,14740.46,0.0,73945.06,0.0,3291.65,0.0,0.0,0.0,0.0,146424.17,0.0,0.0,17572.29,5633.67,0.0,0.0,59678.04,14267.02,0.0,0.0,2283.19,91304183.15711369
runs/CZ02/MFm&0&rDXHP&Ex&dxHP_equip/LRM AOE +40% RCA LSC R22 R410a rDXHP Measure/instance-out.sql,CZ02,MFm,0,rDXHP,Ex,dxHP_equip,,LRM AOE +40% RCA LSC R22 R410a rDXHP Measure,MFm&0&rDXHP&Ex&dxHP_equip,LRM AOE +40% RCA LSC R22 R410a rDXHP Measure,49.49,91.57,254221.43,470399.53,254221.43,13956.89,1863.2,14740.46,0.0,73945.06,0.0,3291.65,0.0,0.0,0.0,0.0,146424.17,0.0,0.0,13956.89,1863.2,0.0,0.0,59678.04,14267.02,0.0,0.0,2283.19,66948260.518696666
runs/CZ02/MFm&0&rDXHP&Ex&dxHP_equip/LRM AOE LSC R22 R410a rDXHP Measure/instance-out.sql,CZ02,MFm,0,rDXHP,Ex,dxHP_equip,,LRM AOE LSC R22 R410a rDXHP Measure,MFm&0&rDXHP&Ex&dxHP_equip,LRM AOE LSC R22 R410a rDXHP Measure,51.02,96.43,262107.27,495373.97,262107.27000000002,17817.03,5888.9,14740.46,0.0,73945.06,0.0,3291.65,0.0,0.0,0.0,0.0,146424.17,0.0,0.0,17817.03,5888.9,0.0,0.0,59678.04,14267.02,0.0,0.0,2283.19,92952891.77156651
runs/CZ02/MFm&0&rDXHP&Ex&dxHP_equip/LRM NR R32 R454b rDXHP Base/instance-out.sql,CZ02,MFm,0,rDXHP,Ex,dxHP_equip,,LRM NR R32 R454b rDXHP Base,MFm&0&rDXHP&Ex&dxHP_equip,LRM NR R32 R454b rDXHP Base,50.53,94.88,259600.21,487434.13,259600.21000000002,15330.94,5867.93,14740.46,0.0,73945.06,0.0,3291.65,0.0,0.0,0.0,0.0,146424.17,0.0,0.0,15330.94,5867.93,0.0,0.0,59678.04,14267.02,0.0,0.0,2283.19,92817446.09483975
runs/CZ03/MFm&0&rDXGF&Ex&dxAC_equip/LRM AOE +15% RCA LSC R22 R410a rDXGF Measure/instance-out.sql,CZ03,MFm,0,rDXGF,Ex,dxAC_equip,,LRM AOE +15% RCA LSC R22 R410a rDXGF Measure,MFm&0&rDXGF&Ex&dxAC_equip,LRM AOE +15% RCA LSC R22 R410a rDXGF Measure,56.74,96.17,291462.76,494017.54,291462.76,44718.95,6186.2,14740.46,0.0,73945.06,0.0,4883.49,0.0,0.0,0.0,0.0,146988.59,0.0,0.0,0.0,6186.2,44718.95,0.0,59678.04,14267.02,0.0,0.0,2283.19,85137838.8857896
runs/CZ02/MFm&0&rDXHP&Ex&dxHP_equip/LRM NR LSC R32 R454b rDXHP Measure/instance-out.sql,CZ02,MFm,0,rDXHP,Ex,dxHP_equip,,LRM NR LSC R32 R454b rDXHP Measure,MFm&0&rDXHP&Ex&dxHP_equip,LRM NR LSC R32 R454b rDXHP Measure,50.33,94.25,258576.98,484193.55,258576.97999999998,14862.47,5313.17,14740.46,0.0,73945.06,0.0,3291.65,0.0,0.0,0.0,0.0,146424.17,0.0,0.0,14862.47,5313.17,0.0,0.0,59678.04,14267.02,0.0,0.0,2283.19,89233870.33756511
runs/CZ02/MFm&0&rDXHP&Ex&dxHP_equip/LRM AOE R22 R410a rDXHP Base/instance-out.sql,CZ02,MFm,0,rDXHP,Ex,dxHP_equip,,LRM AOE R22 R410a rDXHP Base,MFm&0&rDXHP&Ex&dxHP_equip,LRM AOE R22 R410a rDXHP Base,51.26,97.17,263311.73,499188.51,263311.73,18406.62,6503.78,14740.46,0.0,73945.06,0.0,3291.65,0.0,0.0,0.0,0.0,146424.17,0.0,0.0,18406.62,6503.78,0.0,0.0,59678.04,14267.02,0.0,0.0,2283.19,96924780.68924952
runs/CZ03/MFm&0&rDXGF&Ex&dxAC_equip/LRM AOE +40% RCA LSC R22 R410a rDXGF Measure/instance-out.sql,CZ03,MFm,0,rDXGF,Ex,dxAC_equip,,LRM AOE +40% RCA LSC R22 R410a rDXGF Measure,MFm&0&rDXGF&Ex&dxAC_equip,LRM AOE +40% RCA LSC R22 R410a rDXGF Measure,56.0,93.84,287696.21,482088.87,287696.21,44718.95,2419.65,14740.46,0.0,73945.06,0.0,4883.49,0.0,0.0,0.0,0.0,146988.59,0.0,0.0,0.0,2419.65,44718.95,0.0,59678.04,14267.02,0.0,0.0,2283.19,66795953.54757557
runs/CZ03/MFm&0&rDXGF&Ex&dxAC_equip/LRM AOE LSC R22 R410a rDXGF Measure/instance-out.sql,CZ03,MFm,0,rDXGF,Ex,dxAC_equip,,LRM AOE LSC R22 R410a rDXGF Measure,MFm&0&rDXGF&Ex&dxAC_equip,LRM AOE LSC R22 R410a rDXGF Measure,57.02,97.07,292924.18,498645.86,292924.18,44718.95,7647.62,14740.46,0.0,73945.06,0.0,4883.49,0.0,0.0,0.0,0.0,146988.59,0.0,0.0,0.0,7647.62,44718.95,0.0,59678.04,14267.02,0.0,0.0,2283.19,92254490.39885885
runs/CZ03/MFm&0&rDXGF&Ex&dxAC_equip/LRM NR LSC R454b rDXGF Measure/instance-out.sql,CZ03,MFm,0,rDXGF,Ex,dxAC_equip,,LRM NR LSC R454b rDXGF Measure,MFm&0&rDXGF&Ex&dxAC_equip,LRM NR LSC R454b rDXGF Measure,56.88,96.61,292176.51,496277.98,292176.51,44718.95,6899.95,14740.46,0.0,73945.06,0.0,4883.49,0.0,0.0,0.0,0.0,146988.59,0.0,0.0,0.0,6899.95,44718.95,0.0,59678.04,14267.02,0.0,0.0,2283.19,88613568.00670655
runs/CZ03/MFm&0&rDXGF&Ex&dxAC_equip/LRM AOE +30% RCA LSC R22 R410a rDXGF Measure/instance-out.sql,CZ03,MFm,0,rDXGF,Ex,dxAC_equip,,LRM AOE +30% RCA LSC R22 R410a rDXGF Measure,MFm&0&rDXGF&Ex&dxAC_equip,LRM AOE +30% RCA LSC R22 R410a rDXGF Measure,56.3,94.77,289202.83,486860.33,289202.83,44718.95,3926.27,14740.46,0.0,73945.06,0.0,4883.49,0.0,0.0,0.0,0.0,146988.59,0.0,0.0,0.0,3926.27,44718.95,0.0,59678.04,14267.02,0.0,0.0,2283.19,74132707.68205458
runs/CZ03/MFm&0&rDXGF&Ex&dxAC_equip/LRM AOE +22.5% RCA LSC R22 R410a rDXGF Measure/instance-out.sql,CZ03,MFm,0,rDXGF,Ex,dxAC_equip,,LRM AOE +22.5% RCA LSC R22 R410a rDXGF Measure,MFm&0&rDXGF&Ex&dxAC_equip,LRM AOE +22.5% RCA LSC R22 R410a rDXGF Measure,56.52,95.47,290332.8,490438.93,290332.8,44718.95,5056.23,14740.46,0.0,73945.06,0.0,4883.49,0.0,0.0,0.0,0.0,146988.59,0.0,0.0,0.0,5056.23,44718.95,0.0,59678.04,14267.02,0.0,0.0,2283.19,79635273.28265099
runs/CZ03/MFm&0&rDXGF&Ex&dxAC_equip/LRM NR R454b rDXGF Base/instance-out.sql,CZ03,MFm,0,rDXGF,Ex,dxAC_equip,,LRM NR R454b rDXGF Base,MFm&0&rDXGF&Ex&dxAC_equip,LRM NR R454b rDXGF Base,57.02,97.05,292896.95,498559.62,292896.95,44718.95,7620.39,14740.46,0.0,73945.06,0.0,4883.49,0.0,0.0,0.0,0.0,146988.59,0.0,0.0,0.0,7620.39,44718.95,0.0,59678.04,14267.02,0.0,0.0,2283.19,92121889.06647447
runs/CZ03/MFm&0&rDXGF&Ex&dxAC_equip/LRM AOE +7.5% RCA LSC R22 R410a rDXGF Measure/instance-out.sql,CZ03,MFm,0,rDXGF,Ex,dxAC_equip,,LRM AOE +7.5% RCA LSC R22 R410a rDXGF Measure,MFm&0&rDXGF&Ex&dxAC_equip,LRM AOE +7.5% RCA LSC R22 R410a rDXGF Measure,56.96,96.86,292592.73,497596.14,292592.73,44718.95,7316.16,14740.46,0.0,73945.06,0.0,4883.49,0.0,0.0,0.0,0.0,146988.59,0.0,0.0,0.0,7316.16,44718.95,0.0,59678.04,14267.02,0.0,0.0,2283.19,90640404.4843184
runs/CZ03/MFm&0&rDXGF&Ex&dxAC_equip/LRM AOE R22 R410a rDXGF Base/instance-out.sql,CZ03,MFm,0,rDXGF,Ex,dxAC_equip,,LRM AOE R22 R410a rDXGF Base,MFm&0&rDXGF&Ex&dxAC_equip,LRM AOE R22 R410a rDXGF Base,57.18,97.56,293722.69,501174.74,293722.69,44718.95,8446.13,14740.46,0.0,73945.06,0.0,4883.49,0.0,0.0,0.0,0.0,146988.59,0.0,0.0,0.0,8446.13,44718.95,0.0,59678.04,14267.02,0.0,0.0,2283.19,96142970.08529457
runs/CZ03/MFm&0&rDXHP&Ex&dxHP_equip/LRM AOE +15% RCA LSC R22 R410a rDXHP Measure/instance-out.sql,CZ03,MFm,0,rDXHP,Ex,dxHP_equip,,LRM AOE +15% RCA LSC R22 R410a rDXHP Measure,MFm&0&rDXHP&Ex&dxHP_equip,LRM AOE +15% RCA LSC R22 R410a rDXHP Measure,51.09,96.41,262451.41,495285.52,262451.4,16561.94,6193.37,14740.46,0.0,73945.06,0.0,4020.71,0.0,0.0,0.0,0.0,146989.86,0.0,0.0,16561.94,6193.37,0.0,0.0,59678.04,14267.02,0.0,0.0,2283.19,85139149.55844748
runs/CZ03/MFm&0&rDXHP&Ex&dxHP_equip/LRM AOE +22.5% RCA LSC R22 R410a rDXHP Measure/instance-out.sql,CZ03,MFm,0,rDXHP,Ex,dxHP_equip,,LRM AOE +22.5% RCA LSC R22 R410a rDXHP Measure,MFm&0&rDXHP&Ex&dxHP_equip,LRM AOE +22.5% RCA LSC R22 R410a rDXHP Measure,50.69,95.13,260379.29,488723.13,260379.29,15621.1,5062.1,14740.46,0.0,73945.06,0.0,4020.71,0.0,0.0,0.0,0.0,146989.86,0.0,0.0,15621.1,5062.1,0.0,0.0,59678.04,14267.02,0.0,0.0,2283.19,79636399.46801183
runs/CZ03/MFm&0&rDXHP&Ex&dxHP_equip/LRM AOE +30% RCA LSC R22 R410a rDXHP Measure/instance-out.sql,CZ03,MFm,0,rDXHP,Ex,dxHP_equip,,LRM AOE +30% RCA LSC R22 R410a rDXHP Measure,MFm&0&rDXHP&Ex&dxHP_equip,LRM AOE +30% RCA LSC R22 R410a rDXHP Measure,50.28,93.86,258307.18,482160.74,258307.16999999998,14680.26,3930.82,14740.46,0.0,73945.06,0.0,4020.71,0.0,0.0,0.0,0.0,146989.86,0.0,0.0,14680.26,3930.82,0.0,0.0,59678.04,14267.02,0.0,0.0,2283.19,74133649.3801184
runs/CZ03/MFm&0&rDXHP&Ex&dxHP_equip/LRM AOE +40% RCA LSC R22 R410a rDXHP Measure/instance-out.sql,CZ03,MFm,0,rDXHP,Ex,dxHP_equip,,LRM AOE +40% RCA LSC R22 R410a rDXHP Measure,MFm&0&rDXHP&Ex&dxHP_equip,LRM AOE +40% RCA LSC R22 R410a rDXHP Measure,49.74,92.15,255544.36,473410.89,255544.35,13425.81,2422.45,14740.46,0.0,73945.06,0.0,4020.71,0.0,0.0,0.0,0.0,146989.86,0.0,0.0,13425.81,2422.45,0.0,0.0,59678.04,14267.02,0.0,0.0,2283.19,66796649.26257676
runs/CZ03/MFm&0&rDXHP&Ex&dxHP_equip/LRM AOE +7.5% RCA LSC R22 R410a rDXHP Measure/instance-out.sql,CZ03,MFm,0,rDXHP,Ex,dxHP_equip,,LRM AOE +7.5% RCA LSC R22 R410a rDXHP Measure,MFm&0&rDXHP&Ex&dxHP_equip,LRM AOE +7.5% RCA LSC R22 R410a rDXHP Measure,51.49,97.69,264523.52,501847.91,264523.52,17502.78,7324.65,14740.46,0.0,73945.06,0.0,4020.71,0.0,0.0,0.0,0.0,146989.86,0.0,0.0,17502.78,7324.65,0.0,0.0,59678.04,14267.02,0.0,0.0,2283.19,90641899.64427319
runs/CZ03/MFm&0&rDXHP&Ex&dxHP_equip/LRM AOE LSC R22 R410a rDXHP Measure/instance-out.sql,CZ03,MFm,0,rDXHP,Ex,dxHP_equip,,LRM AOE LSC R22 R410a rDXHP Measure,MFm&0&rDXHP&Ex&dxHP_equip,LRM AOE LSC R22 R410a rDXHP Measure,51.61,98.06,265131.34,503772.87,265131.34,17778.76,7656.49,14740.46,0.0,73945.06,0.0,4020.71,0.0,0.0,0.0,0.0,146989.86,0.0,0.0,17778.76,7656.49,0.0,0.0,59678.04,14267.02,0.0,0.0,2283.19,92256039.6750876
runs/CZ03/MFm&0&rDXHP&Ex&dxHP_equip/LRM AOE R22 R410a rDXHP Base/instance-out.sql,CZ03,MFm,0,rDXHP,Ex,dxHP_equip,,LRM AOE R22 R410a rDXHP Base,MFm&0&rDXHP&Ex&dxHP_equip,LRM AOE R22 R410a rDXHP Base,51.9,98.97,266595.64,508410.3,266595.63,18443.62,8455.93,14740.46,0.0,73945.06,0.0,4020.71,0.0,0.0,0.0,0.0,146989.86,0.0,0.0,18443.62,8455.93,0.0,0.0,59678.04,14267.02,0.0,0.0,2283.19,96144649.73254636
runs/CZ03/MFm&0&rDXHP&Ex&dxHP_equip/LRM NR LSC R32 R454b rDXHP Measure/instance-out.sql,CZ03,MFm,0,rDXHP,Ex,dxHP_equip,,LRM NR LSC R32 R454b rDXHP Measure,MFm&0&rDXHP&Ex&dxHP_equip,LRM NR LSC R32 R454b rDXHP Measure,50.82,95.55,261051.05,490850.57,261051.04,14447.0,6907.95,14740.46,0.0,73945.06,0.0,4020.71,0.0,0.0,0.0,0.0,146989.86,0.0,0.0,14447.0,6907.95,0.0,0.0,59678.04,14267.02,0.0,0.0,2283.19,88614995.21189073
runs/CZ03/MFm&0&rDXHP&Ex&dxHP_equip/LRM NR R32 R454b rDXHP Base/instance-out.sql,CZ03,MFm,0,rDXHP,Ex,dxHP_equip,,LRM NR R32 R454b rDXHP Base,MFm&0&rDXHP&Ex&dxHP_equip,LRM NR R32 R454b rDXHP Base,51.06,96.32,262300.6,494807.92,262300.6,14975.28,7629.23,14740.46,0.0,73945.06,0.0,4020.71,0.0,0.0,0.0,0.0,146989.86,0.0,0.0,14975.28,7629.23,0.0,0.0,59678.04,14267.02,0.0,0.0,2283.19,92123433.89691134
runs/CZ04/MFm&0&rDXGF&Ex&dxAC_equip/LRM AOE +15% RCA LSC R22 R410a rDXGF Measure/instance-out.sql,CZ04,MFm,0,rDXGF,Ex,dxAC_equip,,LRM AOE +15% RCA LSC R22 R410a rDXGF Measure,MFm&0&rDXGF&Ex&dxAC_equip,LRM AOE +15% RCA LSC R22 R410a rDXGF Measure,61.92,105.05,318078.4,539683.39,318078.41000000003,65594.12,11665.15,14740.46,0.0,73945.06,0.0,7476.79,0.0,0.0,0.0,0.0,144656.81,0.0,0.0,0.0,11665.15,65594.12,0.0,59678.04,14267.02,0.0,0.0,2283.19,117573286.22128333
runs/CZ04/MFm&0&rDXGF&Ex&dxAC_equip/LRM AOE +22.5% RCA LSC R22 R410a rDXGF Measure/instance-out.sql,CZ04,MFm,0,rDXGF,Ex,dxAC_equip,,LRM AOE +22.5% RCA LSC R22 R410a rDXGF Measure,MFm&0&rDXGF&Ex&dxAC_equip,LRM AOE +22.5% RCA LSC R22 R410a rDXGF Measure,61.5,103.74,315947.65,532935.32,315947.66000000003,65594.12,9534.41,14740.46,0.0,73945.06,0.0,7476.79,0.0,0.0,0.0,0.0,144656.81,0.0,0.0,0.0,9534.41,65594.12,0.0,59678.04,14267.02,0.0,0.0,2283.19,107332949.01240024
runs/CZ04/MFm&0&rDXGF&Ex&dxAC_equip/LRM AOE +30% RCA LSC R22 R410a rDXGF Measure/instance-out.sql,CZ04,MFm,0,rDXGF,Ex,dxAC_equip,,LRM AOE +30% RCA LSC R22 R410a rDXGF Measure,MFm&0&rDXGF&Ex&dxAC_equip,LRM AOE +30% RCA LSC R22 R410a rDXGF Measure,61.09,102.43,313816.91,526187.25,313816.91000000003,65594.12,7403.66,14740.46,0.0,73945.06,0.0,7476.79,0.0,0.0,0.0,0.0,144656.81,0.0,0.0,0.0,7403.66,65594.12,0.0,59678.04,14267.02,0.0,0.0,2283.19,97092611.80824813
runs/CZ04/MFm&0&rDXGF&Ex&dxAC_equip/LRM AOE LSC R22 R410a rDXGF Measure/instance-out.sql,CZ04,MFm,0,rDXGF,Ex,dxAC_equip,,LRM AOE LSC R22 R410a rDXGF Measure,MFm&0&rDXGF&Ex&dxAC_equip,LRM AOE LSC R22 R410a rDXGF Measure,62.45,106.75,320834.17,548410.9,320834.17000000004,65594.12,14420.92,14740.46,0.0,73945.06,0.0,7476.79,0.0,0.0,0.0,0.0,144656.81,0.0,0.0,0.0,14420.92,65594.12,0.0,59678.04,14267.02,0.0,0.0,2283.19,130817455.67750376
runs/CZ04/MFm&0&rDXGF&Ex&dxAC_equip/LRM AOE +40% RCA LSC R22 R410a rDXGF Measure/instance-out.sql,CZ04,MFm,0,rDXGF,Ex,dxAC_equip,,LRM AOE +40% RCA LSC R22 R410a rDXGF Measure,MFm&0&rDXGF&Ex&dxAC_equip,LRM AOE +40% RCA LSC R22 R410a rDXGF Measure,60.53,100.68,310975.91,517189.81,310975.92000000004,65594.12,4562.67,14740.46,0.0,73945.06,0.0,7476.79,0.0,0.0,0.0,0.0,144656.81,0.0,0.0,0.0,4562.67,65594.12,0.0,59678.04,14267.02,0.0,0.0,2283.19,83438828.8687265
runs/CZ04/MFm&0&rDXGF&Ex&dxAC_equip/LRM AOE R22 R410a rDXGF Base/instance-out.sql,CZ04,MFm,0,rDXGF,Ex,dxAC_equip,,LRM AOE R22 R410a rDXGF Base,MFm&0&rDXGF&Ex&dxAC_equip,LRM AOE R22 R410a rDXGF Base,62.75,107.68,322339.89,553179.54,322339.9,65594.12,15926.65,14740.46,0.0,73945.06,0.0,7476.79,0.0,0.0,0.0,0.0,144656.81,0.0,0.0,0.0,15926.65,65594.12,0.0,59678.04,14267.02,0.0,0.0,2283.19,138053960.62644637
runs/CZ04/MFm&0&rDXGF&Ex&dxAC_equip/LRM AOE +7.5% RCA LSC R22 R410a rDXGF Measure/instance-out.sql,CZ04,MFm,0,rDXGF,Ex,dxAC_equip,,LRM AOE +7.5% RCA LSC R22 R410a rDXGF Measure,MFm&0&rDXGF&Ex&dxAC_equip,LRM AOE +7.5% RCA LSC R22 R410a rDXGF Measure,62.33,106.37,320209.15,546431.47,320209.15,65594.12,13795.9,14740.46,0.0,73945.06,0.0,7476.79,0.0,0.0,0.0,0.0,144656.81,0.0,0.0,0.0,13795.9,65594.12,0.0,59678.04,14267.02,0.0,0.0,2283.19,127813623.42158756
runs/CZ04/MFm&0&rDXGF&Ex&dxAC_equip/LRM NR R454b rDXGF Base/instance-out.sql,CZ04,MFm,0,rDXGF,Ex,dxAC_equip,,LRM NR R454b rDXGF Base,MFm&0&rDXGF&Ex&dxAC_equip,LRM NR R454b rDXGF Base,62.44,106.72,320782.82,548248.29,320782.81999999995,65594.12,14369.57,14740.46,0.0,73945.06,0.0,7476.79,0.0,0.0,0.0,0.0,144656.81,0.0,0.0,0.0,14369.57,65594.12,0.0,59678.04,14267.02,0.0,0.0,2283.19,130570683.08887914
runs/CZ04/MFm&0&rDXGF&Ex&dxAC_equip/LRM NR LSC R454b rDXGF Measure/instance-out.sql,CZ04,MFm,0,rDXGF,Ex,dxAC_equip,,LRM NR LSC R454b rDXGF Measure,MFm&0&rDXGF&Ex&dxAC_equip,LRM NR LSC R454b rDXGF Measure,62.18,105.88,319424.3,543945.86,319424.3,65594.12,13011.05,14740.46,0.0,73945.06,0.0,7476.79,0.0,0.0,0.0,0.0,144656.81,0.0,0.0,0.0,13011.05,65594.12,0.0,59678.04,14267.02,0.0,0.0,2283.19,124041657.67052564
runs/CZ04/MFm&0&rDXHP&Ex&dxHP_equip/LRM AOE +40% RCA LSC R22 R410a rDXHP Measure/instance-out.sql,CZ04,MFm,0,rDXHP,Ex,dxHP_equip,,LRM AOE +40% RCA LSC R22 R410a rDXHP Measure,MFm&0&rDXHP&Ex&dxHP_equip,LRM AOE +40% RCA LSC R22 R410a rDXHP Measure,51.73,99.39,265761.85,510595.02,265761.85,21368.4,4564.32,14740.46,0.0,73945.06,0.0,6470.27,0.0,0.0,0.0,0.0,144673.33,0.0,0.0,21368.4,4564.32,0.0,0.0,59678.04,14267.02,0.0,0.0,2283.19,83439109.09978686
runs/CZ04/MFm&0&rDXHP&Ex&dxHP_equip/LRM AOE +15% RCA LSC R22 R410a rDXHP Measure/instance-out.sql,CZ04,MFm,0,rDXHP,Ex,dxHP_equip,,LRM AOE +15% RCA LSC R22 R410a rDXHP Measure,MFm&0&rDXHP&Ex&dxHP_equip,LRM AOE +15% RCA LSC R22 R410a rDXHP Measure,54.04,106.69,277592.69,548063.28,277592.68000000005,26094.17,11669.39,14740.46,0.0,73945.06,0.0,6470.27,0.0,0.0,0.0,0.0,144673.33,0.0,0.0,26094.17,11669.39,0.0,0.0,59678.04,14267.02,0.0,0.0,2283.19,117573820.58961703
runs/CZ04/MFm&0&rDXHP&Ex&dxHP_equip/LRM AOE +22.5% RCA LSC R22 R410a rDXHP Measure/instance-out.sql,CZ04,MFm,0,rDXHP,Ex,dxHP_equip,,LRM AOE +22.5% RCA LSC R22 R410a rDXHP Measure,MFm&0&rDXHP&Ex&dxHP_equip,LRM AOE +22.5% RCA LSC R22 R410a rDXHP Measure,53.35,104.5,274043.43,536822.8,274043.43000000005,24676.44,9537.87,14740.46,0.0,73945.06,0.0,6470.27,0.0,0.0,0.0,0.0,144673.33,0.0,0.0,24676.44,9537.87,0.0,0.0,59678.04,14267.02,0.0,0.0,2283.19,107333407.1395519
runs/CZ04/MFm&0&rDXHP&Ex&dxHP_equip/LRM AOE +30% RCA LSC R22 R410a rDXHP Measure/instance-out.sql,CZ04,MFm,0,rDXHP,Ex,dxHP_equip,,LRM AOE +30% RCA LSC R22 R410a rDXHP Measure,MFm&0&rDXHP&Ex&dxHP_equip,LRM AOE +30% RCA LSC R22 R410a rDXHP Measure,52.65,102.31,270494.18,525582.32,270494.18000000005,23258.71,7406.35,14740.46,0.0,73945.06,0.0,6470.27,0.0,0.0,0.0,0.0,144673.33,0.0,0.0,23258.71,7406.35,0.0,0.0,59678.04,14267.02,0.0,0.0,2283.19,97092993.69421782
runs/CZ04/MFm&0&rDXHP&Ex&dxHP_equip/LRM AOE LSC R22 R410a rDXHP Measure/instance-out.sql,CZ04,MFm,0,rDXHP,Ex,dxHP_equip,,LRM AOE LSC R22 R410a rDXHP Measure,MFm&0&rDXHP&Ex&dxHP_equip,LRM AOE LSC R22 R410a rDXHP Measure,54.93,109.52,282183.05,562600.97,282183.05000000005,27927.77,14426.16,14740.46,0.0,73945.06,0.0,6470.27,0.0,0.0,0.0,0.0,144673.33,0.0,0.0,27927.77,14426.16,0.0,0.0,59678.04,14267.02,0.0,0.0,2283.19,130818088.6510995
runs/CZ04/MFm&0&rDXHP&Ex&dxHP_equip/LRM AOE +7.5% RCA LSC R22 R410a rDXHP Measure/instance-out.sql,CZ04,MFm,0,rDXHP,Ex,dxHP_equip,,LRM AOE +7.5% RCA LSC R22 R410a rDXHP Measure,MFm&0&rDXHP&Ex&dxHP_equip,LRM AOE +7.5% RCA LSC R22 R410a rDXHP Measure,54.73,108.87,281141.94,559303.77,281141.94,27511.9,13800.91,14740.46,0.0,73945.06,0.0,6470.27,0.0,0.0,0.0,0.0,144673.33,0.0,0.0,27511.9,13800.91,0.0,0.0,59678.04,14267.02,0.0,0.0,2283.19,127814234.0311032
runs/CZ04/MFm&0&rDXHP&Ex&dxHP_equip/LRM AOE R22 R410a rDXHP Base/instance-out.sql,CZ04,MFm,0,rDXHP,Ex,dxHP_equip,,LRM AOE R22 R410a rDXHP Base,MFm&0&rDXHP&Ex&dxHP_equip,LRM AOE R22 R410a rDXHP Base,55.42,111.06,284691.19,570544.25,284691.19,28929.63,15932.43,14740.46,0.0,73945.06,0.0,6470.27,0.0,0.0,0.0,0.0,144673.33,0.0,0.0,28929.63,15932.43,0.0,0.0,59678.04,14267.02,0.0,0.0,2283.19,138054647.477144
runs/CZ04/MFm&0&rDXHP&Ex&dxHP_equip/LRM NR LSC R32 R454b rDXHP Measure/instance-out.sql,CZ04,MFm,0,rDXHP,Ex,dxHP_equip,,LRM NR LSC R32 R454b rDXHP Measure,MFm&0&rDXHP&Ex&dxHP_equip,LRM NR LSC R32 R454b rDXHP Measure,53.68,105.55,275752.11,542234.19,275752.11,22907.21,13015.78,14740.46,0.0,73945.06,0.0,6470.27,0.0,0.0,0.0,0.0,144673.33,0.0,0.0,22907.21,13015.78,0.0,0.0,59678.04,14267.02,0.0,0.0,2283.19,124042240.1970669
runs/CZ04/MFm&0&rDXHP&Ex&dxHP_equip/LRM NR R32 R454b rDXHP Base/instance-out.sql,CZ04,MFm,0,rDXHP,Ex,dxHP_equip,,LRM NR R32 R454b rDXHP Base,MFm&0&rDXHP&Ex&dxHP_equip,LRM NR R32 R454b rDXHP Base,54.1,106.88,277907.18,549059.29,277907.18000000005,23703.27,14374.79,14740.46,0.0,73945.06,0.0,6470.27,0.0,0.0,0.0,0.0,144673.33,0.0,0.0,23703.27,14374.79,0.0,0.0,59678.04,14267.02,0.0,0.0,2283.19,130571314.22520788
runs/CZ05/MFm&0&rDXGF&Ex&dxAC_equip/LRM AOE +15% RCA LSC R22 R410a rDXGF Measure/instance-out.sql,CZ05,MFm,0,rDXGF,Ex,dxAC_equip,,LRM AOE +15% RCA LSC R22 R410a rDXGF Measure,MFm&0&rDXGF&Ex&dxAC_equip,LRM AOE +15% RCA LSC R22 R410a rDXGF Measure,56.97,96.14,292672.58,493876.45,292672.57999999996,46913.21,5530.92,14740.46,0.0,73945.06,0.0,4841.44,0.0,0.0,0.0,0.0,146701.47,0.0,0.0,0.0,5530.92,46913.21,0.0,59678.04,14267.02,0.0,0.0,2283.19,74839397.84378974
runs/CZ05/MFm&0&rDXGF&Ex&dxAC_equip/LRM AOE +22.5% RCA LSC R22 R410a rDXGF Measure/instance-out.sql,CZ05,MFm,0,rDXGF,Ex,dxAC_equip,,LRM AOE +22.5% RCA LSC R22 R410a rDXGF Measure,MFm&0&rDXGF&Ex&dxAC_equip,LRM AOE +22.5% RCA LSC R22 R410a rDXGF Measure,56.77,95.52,291662.3,490676.91,291662.3,46913.21,4520.65,14740.46,0.0,73945.06,0.0,4841.44,0.0,0.0,0.0,0.0,146701.47,0.0,0.0,0.0,4520.65,46913.21,0.0,59678.04,14267.02,0.0,0.0,2283.19,70822748.15736534
runs/CZ05/MFm&0&rDXGF&Ex&dxAC_equip/LRM AOE +30% RCA LSC R22 R410a rDXGF Measure/instance-out.sql,CZ05,MFm,0,rDXGF,Ex,dxAC_equip,,LRM AOE +30% RCA LSC R22 R410a rDXGF Measure,MFm&0&rDXGF&Ex&dxAC_equip,LRM AOE +30% RCA LSC R22 R410a rDXGF Measure,56.58,94.89,290652.03,487477.38,290652.03,46913.21,3510.38,14740.46,0.0,73945.06,0.0,4841.44,0.0,0.0,0.0,0.0,146701.47,0.0,0.0,0.0,3510.38,46913.21,0.0,59678.04,14267.02,0.0,0.0,2283.19,66806098.472796604
runs/CZ05/MFm&0&rDXGF&Ex&dxAC_equip/LRM AOE LSC R22 R410a rDXGF Measure/instance-out.sql,CZ05,MFm,0,rDXGF,Ex,dxAC_equip,,LRM AOE LSC R22 R410a rDXGF Measure,MFm&0&rDXGF&Ex&dxAC_equip,LRM AOE LSC R22 R410a rDXGF Measure,57.23,96.94,293979.2,498014.52,293979.19999999995,46913.21,6837.54,14740.46,0.0,73945.06,0.0,4841.44,0.0,0.0,0.0,0.0,146701.47,0.0,0.0,0.0,6837.54,46913.21,0.0,59678.04,14267.02,0.0,0.0,2283.19,80034264.77132928
runs/CZ05/MFm&0&rDXGF&Ex&dxAC_equip/LRM AOE +7.5% RCA LSC R22 R410a rDXGF Measure/instance-out.sql,CZ05,MFm,0,rDXGF,Ex,dxAC_equip,,LRM AOE +7.5% RCA LSC R22 R410a rDXGF Measure,MFm&0&rDXGF&Ex&dxAC_equip,LRM AOE +7.5% RCA LSC R22 R410a rDXGF Measure,57.17,96.76,293682.85,497075.99,293682.85,46913.21,6541.2,14740.46,0.0,73945.06,0.0,4841.44,0.0,0.0,0.0,0.0,146701.47,0.0,0.0,0.0,6541.2,46913.21,0.0,59678.04,14267.02,0.0,0.0,2283.19,78856047.52684918
runs/CZ05/MFm&0&rDXGF&Ex&dxAC_equip/LRM AOE +40% RCA LSC R22 R410a rDXGF Measure/instance-out.sql,CZ05,MFm,0,rDXGF,Ex,dxAC_equip,,LRM AOE +40% RCA LSC R22 R410a rDXGF Measure,MFm&0&rDXGF&Ex&dxAC_equip,LRM AOE +40% RCA LSC R22 R410a rDXGF Measure,56.32,94.06,289305.0,483211.33,289305.0,46913.21,2163.34,14740.46,0.0,73945.06,0.0,4841.44,0.0,0.0,0.0,0.0,146701.47,0.0,0.0,0.0,2163.34,46913.21,0.0,59678.04,14267.02,0.0,0.0,2283.19,61450565.559782505
runs/CZ05/MFm&0&rDXGF&Ex&dxAC_equip/LRM AOE R22 R410a rDXGF Base/instance-out.sql,CZ05,MFm,0,rDXGF,Ex,dxAC_equip,,LRM AOE R22 R410a rDXGF Base,MFm&0&rDXGF&Ex&dxAC_equip,LRM AOE R22 R410a rDXGF Base,57.36,97.38,294693.12,500275.52,294693.12,46913.21,7551.47,14740.46,0.0,73945.06,0.0,4841.44,0.0,0.0,0.0,0.0,146701.47,0.0,0.0,0.0,7551.47,46913.21,0.0,59678.04,14267.02,0.0,0.0,2283.19,82872697.21169512
runs/CZ05/MFm&0&rDXGF&Ex&dxAC_equip/LRM NR LSC R454b rDXGF Measure/instance-out.sql,CZ05,MFm,0,rDXGF,Ex,dxAC_equip,,LRM NR LSC R454b rDXGF Measure,MFm&0&rDXGF&Ex&dxAC_equip,LRM NR LSC R454b rDXGF Measure,57.1,96.53,293310.72,495897.46,293310.72,46913.21,6169.07,14740.46,0.0,73945.06,0.0,4841.44,0.0,0.0,0.0,0.0,146701.47,0.0,0.0,0.0,6169.07,46913.21,0.0,59678.04,14267.02,0.0,0.0,2283.19,77376539.11397547
runs/CZ05/MFm&0&rDXGF&Ex&dxAC_equip/LRM NR R454b rDXGF Base/instance-out.sql,CZ05,MFm,0,rDXGF,Ex,dxAC_equip,,LRM NR R454b rDXGF Base,MFm&0&rDXGF&Ex&dxAC_equip,LRM NR R454b rDXGF Base,57.22,96.93,293954.85,497937.41,293954.85,46913.21,6813.2,14740.46,0.0,73945.06,0.0,4841.44,0.0,0.0,0.0,0.0,146701.47,0.0,0.0,0.0,6813.2,46913.21,0.0,59678.04,14267.02,0.0,0.0,2283.19,79937471.17747602
runs/CZ05/MFm&0&rDXHP&Ex&dxHP_equip/LRM AOE +15% RCA LSC R22 R410a rDXHP Measure/instance-out.sql,CZ05,MFm,0,rDXHP,Ex,dxHP_equip,,LRM AOE +15% RCA LSC R22 R410a rDXHP Measure,MFm&0&rDXHP&Ex&dxHP_equip,LRM AOE +15% RCA LSC R22 R410a rDXHP Measure,51.14,96.69,262714.98,496710.41,262714.98,17708.91,5536.83,14740.46,0.0,73945.06,0.0,4077.17,0.0,0.0,0.0,0.0,146706.54,0.0,0.0,17708.91,5536.83,0.0,0.0,59678.04,14267.02,0.0,0.0,2283.19,74841325.74263093
runs/CZ05/MFm&0&rDXHP&Ex&dxHP_equip/LRM AOE +22.5% RCA LSC R22 R410a rDXHP Measure/instance-out.sql,CZ05,MFm,0,rDXHP,Ex,dxHP_equip,,LRM AOE +22.5% RCA LSC R22 R410a rDXHP Measure,MFm&0&rDXHP&Ex&dxHP_equip,LRM AOE +22.5% RCA LSC R22 R410a rDXHP Measure,50.75,95.46,260714.41,490374.61,260714.41,16719.7,4525.47,14740.46,0.0,73945.06,0.0,4077.17,0.0,0.0,0.0,0.0,146706.54,0.0,0.0,16719.7,4525.47,0.0,0.0,59678.04,14267.02,0.0,0.0,2283.19,70824414.93672495
runs/CZ05/MFm&0&rDXHP&Ex&dxHP_equip/LRM AOE +40% RCA LSC R22 R410a rDXHP Measure/instance-out.sql,CZ05,MFm,0,rDXHP,Ex,dxHP_equip,,LRM AOE +40% RCA LSC R22 R410a rDXHP Measure,MFm&0&rDXHP&Ex&dxHP_equip,LRM AOE +40% RCA LSC R22 R410a rDXHP Measure,49.84,92.58,256046.42,475591.08,256046.41999999998,14411.53,2165.65,14740.46,0.0,73945.06,0.0,4077.17,0.0,0.0,0.0,0.0,146706.54,0.0,0.0,14411.53,2165.65,0.0,0.0,59678.04,14267.02,0.0,0.0,2283.19,61451623.06035207
runs/CZ05/MFm&0&rDXHP&Ex&dxHP_equip/LRM AOE +30% RCA LSC R22 R410a rDXHP Measure/instance-out.sql,CZ05,MFm,0,rDXHP,Ex,dxHP_equip,,LRM AOE +30% RCA LSC R22 R410a rDXHP Measure,MFm&0&rDXHP&Ex&dxHP_equip,LRM AOE +30% RCA LSC R22 R410a rDXHP Measure,50.36,94.22,258713.84,484038.81,258713.84,15730.48,3514.12,14740.46,0.0,73945.06,0.0,4077.17,0.0,0.0,0.0,0.0,146706.54,0.0,0.0,15730.48,3514.12,0.0,0.0,59678.04,14267.02,0.0,0.0,2283.19,66807504.132674776
runs/CZ05/MFm&0&rDXHP&Ex&dxHP_equip/LRM AOE +7.5% RCA LSC R22 R410a rDXHP Measure/instance-out.sql,CZ05,MFm,0,rDXHP,Ex,dxHP_equip,,LRM AOE +7.5% RCA LSC R22 R410a rDXHP Measure,MFm&0&rDXHP&Ex&dxHP_equip,LRM AOE +7.5% RCA LSC R22 R410a rDXHP Measure,51.53,97.92,264715.55,503046.21,264715.54,18698.13,6548.18,14740.46,0.0,73945.06,0.0,4077.17,0.0,0.0,0.0,0.0,146706.54,0.0,0.0,18698.13,6548.18,0.0,0.0,59678.04,14267.02,0.0,0.0,2283.19,78858236.54517171
runs/CZ05/MFm&0&rDXHP&Ex&dxHP_equip/LRM AOE LSC R22 R410a rDXHP Measure/instance-out.sql,CZ05,MFm,0,rDXHP,Ex,dxHP_equip,,LRM AOE LSC R22 R410a rDXHP Measure,MFm&0&rDXHP&Ex&dxHP_equip,LRM AOE LSC R22 R410a rDXHP Measure,51.64,98.28,265302.38,504904.71,265302.38,18988.3,6844.84,14740.46,0.0,73945.06,0.0,4077.17,0.0,0.0,0.0,0.0,146706.54,0.0,0.0,18988.3,6844.84,0.0,0.0,59678.04,14267.02,0.0,0.0,2283.19,80036530.38469994
runs/CZ05/MFm&0&rDXHP&Ex&dxHP_equip/LRM NR R32 R454b rDXHP Base/instance-out.sql,CZ05,MFm,0,rDXHP,Ex,dxHP_equip,,LRM NR R32 R454b rDXHP Base,MFm&0&rDXHP&Ex&dxHP_equip,LRM NR R32 R454b rDXHP Base,51.07,96.45,262330.38,495492.37,262330.37,16040.67,6820.47,14740.46,0.0,73945.06,0.0,4077.17,0.0,0.0,0.0,0.0,146706.54,0.0,0.0,16040.67,6820.47,0.0,0.0,59678.04,14267.02,0.0,0.0,2283.19,79939730.49836537
runs/CZ05/MFm&0&rDXHP&Ex&dxHP_equip/LRM AOE R22 R410a rDXHP Base/instance-out.sql,CZ05,MFm,0,rDXHP,Ex,dxHP_equip,,LRM AOE R22 R410a rDXHP Base,MFm&0&rDXHP&Ex&dxHP_equip,LRM AOE R22 R410a rDXHP Base,51.92,99.16,266716.12,509382.01,266716.11,19687.35,7559.53,14740.46,0.0,73945.06,0.0,4077.17,0.0,0.0,0.0,0.0,146706.54,0.0,0.0,19687.35,7559.53,0.0,0.0,59678.04,14267.02,0.0,0.0,2283.19,82875147.3494991
runs/CZ06/MFm&0&rDXGF&Ex&dxAC_equip/LRM AOE +15% RCA LSC R22 R410a rDXGF Measure/instance-out.sql,CZ06,MFm,0,rDXGF,Ex,dxAC_equip,,LRM AOE +15% RCA LSC R22 R410a rDXGF Measure,MFm&0&rDXGF&Ex&dxAC_equip,LRM AOE +15% RCA LSC R22 R410a rDXGF Measure,52.58,91.75,270120.65,471317.22,270120.65,25370.17,7219.03,14740.46,0.0,73945.06,0.0,4059.27,0.0,0.0,0.0,0.0,144786.66,0.0,0.0,0.0,7219.03,25370.17,0.0,59678.04,14267.02,0.0,0.0,2283.19,79960229.77687062
runs/CZ05/MFm&0&rDXHP&Ex&dxHP_equip/LRM NR LSC R32 R454b rDXHP Measure/instance-out.sql,CZ05,MFm,0,rDXHP,Ex,dxHP_equip,,LRM NR LSC R32 R454b rDXHP Measure,MFm&0&rDXHP&Ex&dxHP_equip,LRM NR LSC R32 R454b rDXHP Measure,50.83,95.71,261130.12,491691.15,261130.11,15485.22,6175.65,14740.46,0.0,73945.06,0.0,4077.17,0.0,0.0,0.0,0.0,146706.54,0.0,0.0,15485.22,6175.65,0.0,0.0,59678.04,14267.02,0.0,0.0,2283.19,77378631.9505296
runs/CZ06/MFm&0&rDXGF&Ex&dxAC_equip/LRM AOE +22.5% RCA LSC R22 R410a rDXGF Measure/instance-out.sql,CZ06,MFm,0,rDXGF,Ex,dxAC_equip,,LRM AOE +22.5% RCA LSC R22 R410a rDXGF Measure,MFm&0&rDXGF&Ex&dxAC_equip,LRM AOE +22.5% RCA LSC R22 R410a rDXGF Measure,52.32,90.93,268802.03,467141.15,268802.03,25370.17,5900.4,14740.46,0.0,73945.06,0.0,4059.27,0.0,0.0,0.0,0.0,144786.66,0.0,0.0,0.0,5900.4,25370.17,0.0,59678.04,14267.02,0.0,0.0,2283.19,75229757.45760113
runs/CZ06/MFm&0&rDXGF&Ex&dxAC_equip/LRM AOE +7.5% RCA LSC R22 R410a rDXGF Measure/instance-out.sql,CZ06,MFm,0,rDXGF,Ex,dxAC_equip,,LRM AOE +7.5% RCA LSC R22 R410a rDXGF Measure,MFm&0&rDXGF&Ex&dxAC_equip,LRM AOE +7.5% RCA LSC R22 R410a rDXGF Measure,52.84,92.56,271439.27,475493.29,271439.27,25370.17,8537.65,14740.46,0.0,73945.06,0.0,4059.27,0.0,0.0,0.0,0.0,144786.66,0.0,0.0,0.0,8537.65,25370.17,0.0,59678.04,14267.02,0.0,0.0,2283.19,84690702.09217712
runs/CZ06/MFm&0&rDXGF&Ex&dxAC_equip/LRM AOE +30% RCA LSC R22 R410a rDXGF Measure/instance-out.sql,CZ06,MFm,0,rDXGF,Ex,dxAC_equip,,LRM AOE +30% RCA LSC R22 R410a rDXGF Measure,MFm&0&rDXGF&Ex&dxAC_equip,LRM AOE +30% RCA LSC R22 R410a rDXGF Measure,52.07,90.12,267483.41,462965.08,267483.41000000003,25370.17,4581.78,14740.46,0.0,73945.06,0.0,4059.27,0.0,0.0,0.0,0.0,144786.66,0.0,0.0,0.0,4581.78,25370.17,0.0,59678.04,14267.02,0.0,0.0,2283.19,70499285.14051712
runs/CZ06/MFm&0&rDXGF&Ex&dxAC_equip/LRM AOE +40% RCA LSC R22 R410a rDXGF Measure/instance-out.sql,CZ06,MFm,0,rDXGF,Ex,dxAC_equip,,LRM AOE +40% RCA LSC R22 R410a rDXGF Measure,MFm&0&rDXGF&Ex&dxAC_equip,LRM AOE +40% RCA LSC R22 R410a rDXGF Measure,51.73,89.04,265725.25,457396.98,265725.25,25370.17,2823.62,14740.46,0.0,73945.06,0.0,4059.27,0.0,0.0,0.0,0.0,144786.66,0.0,0.0,0.0,2823.62,25370.17,0.0,59678.04,14267.02,0.0,0.0,2283.19,64191988.717437156
runs/CZ06/MFm&0&rDXGF&Ex&dxAC_equip/LRM AOE LSC R22 R410a rDXGF Measure/instance-out.sql,CZ06,MFm,0,rDXGF,Ex,dxAC_equip,,LRM AOE LSC R22 R410a rDXGF Measure,MFm&0&rDXGF&Ex&dxAC_equip,LRM AOE LSC R22 R410a rDXGF Measure,52.91,92.8,271826.07,476718.28,271826.07,25370.17,8924.44,14740.46,0.0,73945.06,0.0,4059.27,0.0,0.0,0.0,0.0,144786.66,0.0,0.0,0.0,8924.44,25370.17,0.0,59678.04,14267.02,0.0,0.0,2283.19,86078307.30951452
runs/CZ06/MFm&0&rDXGF&Ex&dxAC_equip/LRM AOE R22 R410a rDXGF Base/instance-out.sql,CZ06,MFm,0,rDXGF,Ex,dxAC_equip,,LRM AOE R22 R410a rDXGF Base,MFm&0&rDXGF&Ex&dxAC_equip,LRM AOE R22 R410a rDXGF Base,53.1,93.37,272757.9,479669.37,272757.89,25370.17,9856.27,14740.46,0.0,73945.06,0.0,4059.27,0.0,0.0,0.0,0.0,144786.66,0.0,0.0,0.0,9856.27,25370.17,0.0,59678.04,14267.02,0.0,0.0,2283.19,89421174.40958762
runs/CZ06/MFm&0&rDXGF&Ex&dxAC_equip/LRM NR LSC R454b rDXGF Measure/instance-out.sql,CZ06,MFm,0,rDXGF,Ex,dxAC_equip,,LRM NR LSC R454b rDXGF Measure,MFm&0&rDXGF&Ex&dxAC_equip,LRM NR LSC R454b rDXGF Measure,52.74,92.26,270953.57,473955.06,270953.56000000006,25370.17,8051.94,14740.46,0.0,73945.06,0.0,4059.27,0.0,0.0,0.0,0.0,144786.66,0.0,0.0,0.0,8051.94,25370.17,0.0,59678.04,14267.02,0.0,0.0,2283.19,82948261.46637893
runs/CZ06/MFm&0&rDXGF&Ex&dxAC_equip/LRM NR R454b rDXGF Base/instance-out.sql,CZ06,MFm,0,rDXGF,Ex,dxAC_equip,,LRM NR R454b rDXGF Base,MFm&0&rDXGF&Ex&dxAC_equip,LRM NR R454b rDXGF Base,52.91,92.78,271794.29,476617.64,271794.29000000004,25370.17,8892.67,14740.46,0.0,73945.06,0.0,4059.27,0.0,0.0,0.0,0.0,144786.66,0.0,0.0,0.0,8892.67,25370.17,0.0,59678.04,14267.02,0.0,0.0,2283.19,85964311.95215163
runs/CZ06/MFm&0&rDXHP&Ex&dxHP_equip/LRM AOE +15% RCA LSC R22 R410a rDXHP Measure/instance-out.sql,CZ06,MFm,0,rDXHP,Ex,dxHP_equip,,LRM AOE +15% RCA LSC R22 R410a rDXHP Measure,MFm&0&rDXHP&Ex&dxHP_equip,LRM AOE +15% RCA LSC R22 R410a rDXHP Measure,49.34,91.78,253487.85,471502.77,253487.85,9108.83,7223.54,14740.46,0.0,73945.06,0.0,3690.77,0.0,0.0,0.0,0.0,144779.19,0.0,0.0,9108.83,7223.54,0.0,0.0,59678.04,14267.02,0.0,0.0,2283.19,79960480.45016672
runs/CZ06/MFm&0&rDXHP&Ex&dxHP_equip/LRM AOE +30% RCA LSC R22 R410a rDXHP Measure/instance-out.sql,CZ06,MFm,0,rDXHP,Ex,dxHP_equip,,LRM AOE +30% RCA LSC R22 R410a rDXHP Measure,MFm&0&rDXHP&Ex&dxHP_equip,LRM AOE +30% RCA LSC R22 R410a rDXHP Measure,48.61,89.47,249735.85,459620.19,249735.85,7995.72,4584.65,14740.46,0.0,73945.06,0.0,3690.77,0.0,0.0,0.0,0.0,144779.19,0.0,0.0,7995.72,4584.65,0.0,0.0,59678.04,14267.02,0.0,0.0,2283.19,70499467.70951429
runs/CZ06/MFm&0&rDXHP&Ex&dxHP_equip/LRM AOE +22.5% RCA LSC R22 R410a rDXHP Measure/instance-out.sql,CZ06,MFm,0,rDXHP,Ex,dxHP_equip,,LRM AOE +22.5% RCA LSC R22 R410a rDXHP Measure,MFm&0&rDXHP&Ex&dxHP_equip,LRM AOE +22.5% RCA LSC R22 R410a rDXHP Measure,48.98,90.63,251611.85,465561.48,251611.85,8552.28,5904.1,14740.46,0.0,73945.06,0.0,3690.77,0.0,0.0,0.0,0.0,144779.19,0.0,0.0,8552.28,5904.1,0.0,0.0,59678.04,14267.02,0.0,0.0,2283.19,75229974.07874775
runs/CZ06/MFm&0&rDXHP&Ex&dxHP_equip/LRM AOE +40% RCA LSC R22 R410a rDXHP Measure/instance-out.sql,CZ06,MFm,0,rDXHP,Ex,dxHP_equip,,LRM AOE +40% RCA LSC R22 R410a rDXHP Measure,MFm&0&rDXHP&Ex&dxHP_equip,LRM AOE +40% RCA LSC R22 R410a rDXHP Measure,48.13,87.93,247234.52,451698.46,247234.52,7253.65,2825.39,14740.46,0.0,73945.06,0.0,3690.77,0.0,0.0,0.0,0.0,144779.19,0.0,0.0,7253.65,2825.39,0.0,0.0,59678.04,14267.02,0.0,0.0,2283.19,64192125.883568384
runs/CZ06/MFm&0&rDXHP&Ex&dxHP_equip/LRM AOE +7.5% RCA LSC R22 R410a rDXHP Measure/instance-out.sql,CZ06,MFm,0,rDXHP,Ex,dxHP_equip,,LRM AOE +7.5% RCA LSC R22 R410a rDXHP Measure,MFm&0&rDXHP&Ex&dxHP_equip,LRM AOE +7.5% RCA LSC R22 R410a rDXHP Measure,49.71,92.94,255363.85,477444.06,255363.85,9665.39,8542.99,14740.46,0.0,73945.06,0.0,3690.77,0.0,0.0,0.0,0.0,144779.19,0.0,0.0,9665.39,8542.99,0.0,0.0,59678.04,14267.02,0.0,0.0,2283.19,84690986.81762266
runs/CZ07/MFm&0&rDXGF&Ex&dxAC_equip/LRM AOE +15% RCA LSC R22 R410a rDXGF Measure/instance-out.sql,CZ07,MFm,0,rDXGF,Ex,dxAC_equip,,LRM AOE +15% RCA LSC R22 R410a rDXGF Measure,MFm&0&rDXGF&Ex&dxAC_equip,LRM AOE +15% RCA LSC R22 R410a rDXGF Measure,51.19,89.33,262947.79,458885.53,262947.79,20922.1,5768.84,14740.46,0.0,73945.06,0.0,3274.08,0.0,0.0,0.0,0.0,144297.25,0.0,0.0,0.0,5768.84,20922.1,0.0,59678.04,14267.02,0.0,0.0,2283.19,89297973.86075863
runs/CZ06/MFm&0&rDXHP&Ex&dxHP_equip/LRM AOE R22 R410a rDXHP Base/instance-out.sql,CZ06,MFm,0,rDXHP,Ex,dxHP_equip,,LRM AOE R22 R410a rDXHP Base,MFm&0&rDXHP&Ex&dxHP_equip,LRM AOE R22 R410a rDXHP Base,50.07,94.1,257239.85,483385.35,257239.85,10221.94,9862.43,14740.46,0.0,73945.06,0.0,3690.77,0.0,0.0,0.0,0.0,144779.19,0.0,0.0,10221.94,9862.43,0.0,0.0,59678.04,14267.02,0.0,0.0,2283.19,89421493.18718264
runs/CZ06/MFm&0&rDXHP&Ex&dxHP_equip/LRM AOE LSC R22 R410a rDXHP Measure/instance-out.sql,CZ06,MFm,0,rDXHP,Ex,dxHP_equip,,LRM AOE LSC R22 R410a rDXHP Measure,MFm&0&rDXHP&Ex&dxHP_equip,LRM AOE LSC R22 R410a rDXHP Measure,49.82,93.28,255914.15,479186.84,255914.13999999998,9828.64,8930.02,14740.46,0.0,73945.06,0.0,3690.77,0.0,0.0,0.0,0.0,144779.19,0.0,0.0,9828.64,8930.02,0.0,0.0,59678.04,14267.02,0.0,0.0,2283.19,86078602.02359061
runs/CZ06/MFm&0&rDXHP&Ex&dxHP_equip/LRM NR LSC R32 R454b rDXHP Measure/instance-out.sql,CZ06,MFm,0,rDXHP,Ex,dxHP_equip,,LRM NR LSC R32 R454b rDXHP Measure,MFm&0&rDXHP&Ex&dxHP_equip,LRM NR LSC R32 R454b rDXHP Measure,49.26,91.53,253070.19,470180.04,253070.18999999997,7857.74,8056.98,14740.46,0.0,73945.06,0.0,3690.77,0.0,0.0,0.0,0.0,144779.19,0.0,0.0,7857.74,8056.98,0.0,0.0,59678.04,14267.02,0.0,0.0,2283.19,82948533.64892292
runs/CZ06/MFm&0&rDXHP&Ex&dxHP_equip/LRM NR R32 R454b rDXHP Base/instance-out.sql,CZ06,MFm,0,rDXHP,Ex,dxHP_equip,,LRM NR R32 R454b rDXHP Base,MFm&0&rDXHP&Ex&dxHP_equip,LRM NR R32 R454b rDXHP Base,49.49,92.24,254223.95,473833.99,254223.94999999998,8170.24,8898.23,14740.46,0.0,73945.06,0.0,3690.77,0.0,0.0,0.0,0.0,144779.19,0.0,0.0,8170.24,8898.23,0.0,0.0,59678.04,14267.02,0.0,0.0,2283.19,85964605.84563588
runs/CZ07/MFm&0&rDXGF&Ex&dxAC_equip/LRM AOE +22.5% RCA LSC R22 R410a rDXGF Measure/instance-out.sql,CZ07,MFm,0,rDXGF,Ex,dxAC_equip,,LRM AOE +22.5% RCA LSC R22 R410a rDXGF Measure,MFm&0&rDXGF&Ex&dxAC_equip,LRM AOE +22.5% RCA LSC R22 R410a rDXGF Measure,50.98,88.68,261894.06,455548.37,261894.06,20922.1,4715.11,14740.46,0.0,73945.06,0.0,3274.08,0.0,0.0,0.0,0.0,144297.25,0.0,0.0,0.0,4715.11,20922.1,0.0,59678.04,14267.02,0.0,0.0,2283.19,83308926.94254816
runs/CZ07/MFm&0&rDXGF&Ex&dxAC_equip/LRM AOE +30% RCA LSC R22 R410a rDXGF Measure/instance-out.sql,CZ07,MFm,0,rDXGF,Ex,dxAC_equip,,LRM AOE +30% RCA LSC R22 R410a rDXGF Measure,MFm&0&rDXGF&Ex&dxAC_equip,LRM AOE +30% RCA LSC R22 R410a rDXGF Measure,50.78,88.03,260840.33,452211.2,260840.33000000002,20922.1,3661.38,14740.46,0.0,73945.06,0.0,3274.08,0.0,0.0,0.0,0.0,144297.25,0.0,0.0,0.0,3661.38,20922.1,0.0,59678.04,14267.02,0.0,0.0,2283.19,77319880.02710459
runs/CZ07/MFm&0&rDXGF&Ex&dxAC_equip/LRM AOE +7.5% RCA LSC R22 R410a rDXGF Measure/instance-out.sql,CZ07,MFm,0,rDXGF,Ex,dxAC_equip,,LRM AOE +7.5% RCA LSC R22 R410a rDXGF Measure,MFm&0&rDXGF&Ex&dxAC_equip,LRM AOE +7.5% RCA LSC R22 R410a rDXGF Measure,51.39,89.98,264001.52,462222.7,264001.52,20922.1,6822.57,14740.46,0.0,73945.06,0.0,3274.08,0.0,0.0,0.0,0.0,144297.25,0.0,0.0,0.0,6822.57,20922.1,0.0,59678.04,14267.02,0.0,0.0,2283.19,95287020.77395177
runs/CZ07/MFm&0&rDXGF&Ex&dxAC_equip/LRM AOE +40% RCA LSC R22 R410a rDXGF Measure/instance-out.sql,CZ07,MFm,0,rDXGF,Ex,dxAC_equip,,LRM AOE +40% RCA LSC R22 R410a rDXGF Measure,MFm&0&rDXGF&Ex&dxAC_equip,LRM AOE +40% RCA LSC R22 R410a rDXGF Measure,50.5,87.16,259435.35,447761.65,259435.34999999998,20922.1,2256.4,14740.46,0.0,73945.06,0.0,3274.08,0.0,0.0,0.0,0.0,144297.25,0.0,0.0,0.0,2256.4,20922.1,0.0,59678.04,14267.02,0.0,0.0,2283.19,69334484.1394651
runs/CZ07/MFm&0&rDXGF&Ex&dxAC_equip/LRM AOE LSC R22 R410a rDXGF Measure/instance-out.sql,CZ07,MFm,0,rDXGF,Ex,dxAC_equip,,LRM AOE LSC R22 R410a rDXGF Measure,MFm&0&rDXGF&Ex&dxAC_equip,LRM AOE LSC R22 R410a rDXGF Measure,51.45,90.17,264310.61,463201.6,264310.61,20922.1,7131.66,14740.46,0.0,73945.06,0.0,3274.08,0.0,0.0,0.0,0.0,144297.25,0.0,0.0,0.0,7131.66,20922.1,0.0,59678.04,14267.02,0.0,0.0,2283.19,97043807.87462561
runs/CZ07/MFm&0&rDXGF&Ex&dxAC_equip/LRM NR LSC R454b rDXGF Measure/instance-out.sql,CZ07,MFm,0,rDXGF,Ex,dxAC_equip,,LRM NR LSC R454b rDXGF Measure,MFm&0&rDXGF&Ex&dxAC_equip,LRM NR LSC R454b rDXGF Measure,51.31,89.74,263613.38,460993.47,263613.38,20922.1,6434.43,14740.46,0.0,73945.06,0.0,3274.08,0.0,0.0,0.0,0.0,144297.25,0.0,0.0,0.0,6434.43,20922.1,0.0,59678.04,14267.02,0.0,0.0,2283.19,93080991.8711734
runs/CZ07/MFm&0&rDXGF&Ex&dxAC_equip/LRM AOE R22 R410a rDXGF Base/instance-out.sql,CZ07,MFm,0,rDXGF,Ex,dxAC_equip,,LRM AOE R22 R410a rDXGF Base,MFm&0&rDXGF&Ex&dxAC_equip,LRM AOE R22 R410a rDXGF Base,51.6,90.63,265055.25,465559.86,265055.25,20922.1,7876.3,14740.46,0.0,73945.06,0.0,3274.08,0.0,0.0,0.0,0.0,144297.25,0.0,0.0,0.0,7876.3,20922.1,0.0,59678.04,14267.02,0.0,0.0,2283.19,101276067.68980865
runs/CZ07/MFm&0&rDXGF&Ex&dxAC_equip/LRM NR R454b rDXGF Base/instance-out.sql,CZ07,MFm,0,rDXGF,Ex,dxAC_equip,,LRM NR R454b rDXGF Base,MFm&0&rDXGF&Ex&dxAC_equip,LRM NR R454b rDXGF Base,51.45,90.15,264285.22,463121.18,264285.22,20922.1,7106.27,14740.46,0.0,73945.06,0.0,3274.08,0.0,0.0,0.0,0.0,144297.25,0.0,0.0,0.0,7106.27,20922.1,0.0,59678.04,14267.02,0.0,0.0,2283.19,96899483.27073278
runs/CZ07/MFm&0&rDXHP&Ex&dxHP_equip/LRM AOE +15% RCA LSC R22 R410a rDXHP Measure/instance-out.sql,CZ07,MFm,0,rDXHP,Ex,dxHP_equip,,LRM AOE +15% RCA LSC R22 R410a rDXHP Measure,MFm&0&rDXHP&Ex&dxHP_equip,LRM AOE +15% RCA LSC R22 R410a rDXHP Measure,48.48,89.23,249026.3,458374.52,249026.31,7329.1,5769.72,14740.46,0.0,73945.06,0.0,2943.56,0.0,0.0,0.0,0.0,144298.4,0.0,0.0,7329.1,5769.72,0.0,0.0,59678.04,14267.02,0.0,0.0,2283.19,89298151.14981483
runs/CZ07/MFm&0&rDXHP&Ex&dxHP_equip/LRM AOE +22.5% RCA LSC R22 R410a rDXHP Measure/instance-out.sql,CZ07,MFm,0,rDXHP,Ex,dxHP_equip,,LRM AOE +22.5% RCA LSC R22 R410a rDXHP Measure,MFm&0&rDXHP&Ex&dxHP_equip,LRM AOE +22.5% RCA LSC R22 R410a rDXHP Measure,48.18,88.3,247525.07,453620.13,247525.08,6881.76,4715.83,14740.46,0.0,73945.06,0.0,2943.56,0.0,0.0,0.0,0.0,144298.4,0.0,0.0,6881.76,4715.83,0.0,0.0,59678.04,14267.02,0.0,0.0,2283.19,83309079.81946224
runs/CZ07/MFm&0&rDXHP&Ex&dxHP_equip/LRM AOE +30% RCA LSC R22 R410a rDXHP Measure/instance-out.sql,CZ07,MFm,0,rDXHP,Ex,dxHP_equip,,LRM AOE +30% RCA LSC R22 R410a rDXHP Measure,MFm&0&rDXHP&Ex&dxHP_equip,LRM AOE +30% RCA LSC R22 R410a rDXHP Measure,47.89,87.38,246023.85,448865.74,246023.84999999998,6434.43,3661.93,14740.46,0.0,73945.06,0.0,2943.56,0.0,0.0,0.0,0.0,144298.4,0.0,0.0,6434.43,3661.93,0.0,0.0,59678.04,14267.02,0.0,0.0,2283.19,77320008.49187657
runs/CZ07/MFm&0&rDXHP&Ex&dxHP_equip/LRM AOE +40% RCA LSC R22 R410a rDXHP Measure/instance-out.sql,CZ07,MFm,0,rDXHP,Ex,dxHP_equip,,LRM AOE +40% RCA LSC R22 R410a rDXHP Measure,MFm&0&rDXHP&Ex&dxHP_equip,LRM AOE +40% RCA LSC R22 R410a rDXHP Measure,47.5,86.14,244022.21,442526.56,244022.21,5837.98,2256.75,14740.46,0.0,73945.06,0.0,2943.56,0.0,0.0,0.0,0.0,144298.4,0.0,0.0,5837.98,2256.75,0.0,0.0,59678.04,14267.02,0.0,0.0,2283.19,69334580.05471429
runs/CZ07/MFm&0&rDXHP&Ex&dxHP_equip/LRM AOE +7.5% RCA LSC R22 R410a rDXHP Measure/instance-out.sql,CZ07,MFm,0,rDXHP,Ex,dxHP_equip,,LRM AOE +7.5% RCA LSC R22 R410a rDXHP Measure,MFm&0&rDXHP&Ex&dxHP_equip,LRM AOE +7.5% RCA LSC R22 R410a rDXHP Measure,48.77,90.15,250527.53,463128.9,250527.53,7776.44,6823.61,14740.46,0.0,73945.06,0.0,2943.56,0.0,0.0,0.0,0.0,144298.4,0.0,0.0,7776.44,6823.61,0.0,0.0,59678.04,14267.02,0.0,0.0,2283.19,95287222.47515005
runs/CZ07/MFm&0&rDXHP&Ex&dxHP_equip/LRM AOE LSC R22 R410a rDXHP Measure/instance-out.sql,CZ07,MFm,0,rDXHP,Ex,dxHP_equip,,LRM AOE LSC R22 R410a rDXHP Measure,MFm&0&rDXHP&Ex&dxHP_equip,LRM AOE LSC R22 R410a rDXHP Measure,48.85,90.42,250967.89,464523.53,250967.89,7907.66,7132.75,14740.46,0.0,73945.06,0.0,2943.56,0.0,0.0,0.0,0.0,144298.4,0.0,0.0,7907.66,7132.75,0.0,0.0,59678.04,14267.02,0.0,0.0,2283.19,97044016.73671892
runs/CZ07/MFm&0&rDXHP&Ex&dxHP_equip/LRM AOE R22 R410a rDXHP Base/instance-out.sql,CZ07,MFm,0,rDXHP,Ex,dxHP_equip,,LRM AOE R22 R410a rDXHP Base,MFm&0&rDXHP&Ex&dxHP_equip,LRM AOE R22 R410a rDXHP Base,49.06,91.08,252028.76,467883.29,252028.76,8223.77,7877.5,14740.46,0.0,73945.06,0.0,2943.56,0.0,0.0,0.0,0.0,144298.4,0.0,0.0,8223.77,7877.5,0.0,0.0,59678.04,14267.02,0.0,0.0,2283.19,101276293.80314903
runs/CZ07/MFm&0&rDXHP&Ex&dxHP_equip/LRM NR LSC R32 R454b rDXHP Measure/instance-out.sql,CZ07,MFm,0,rDXHP,Ex,dxHP_equip,,LRM NR LSC R32 R454b rDXHP Measure,MFm&0&rDXHP&Ex&dxHP_equip,LRM NR LSC R32 R454b rDXHP Measure,48.41,89.02,248686.42,457298.1,248686.41999999998,6323.52,6435.41,14740.46,0.0,73945.06,0.0,2943.56,0.0,0.0,0.0,0.0,144298.4,0.0,0.0,6323.52,6435.41,0.0,0.0,59678.04,14267.02,0.0,0.0,2283.19,93081184.58030804
runs/CZ08/MFm&0&rDXGF&Ex&dxAC_equip/LRM AOE +22.5% RCA LSC R22 R410a rDXGF Measure/instance-out.sql,CZ08,MFm,0,rDXGF,Ex,dxAC_equip,,LRM AOE +22.5% RCA LSC R22 R410a rDXGF Measure,MFm&0&rDXGF&Ex&dxAC_equip,LRM AOE +22.5% RCA LSC R22 R410a rDXGF Measure,53.38,95.92,274213.01,492739.72,274213.01,22624.05,12888.69,14740.46,0.0,73945.06,0.0,6544.38,0.0,0.0,0.0,0.0,143470.37,0.0,0.0,0.0,12888.69,22624.05,0.0,59678.04,14267.02,0.0,0.0,2283.19,117418415.73395509
runs/CZ08/MFm&0&rDXGF&Ex&dxAC_equip/LRM AOE +15% RCA LSC R22 R410a rDXGF Measure/instance-out.sql,CZ08,MFm,0,rDXGF,Ex,dxAC_equip,,LRM AOE +15% RCA LSC R22 R410a rDXGF Measure,MFm&0&rDXGF&Ex&dxAC_equip,LRM AOE +15% RCA LSC R22 R410a rDXGF Measure,53.94,97.69,277093.37,501861.82,277093.37,22624.05,15769.05,14740.46,0.0,73945.06,0.0,6544.38,0.0,0.0,0.0,0.0,143470.37,0.0,0.0,0.0,15769.05,22624.05,0.0,59678.04,14267.02,0.0,0.0,2283.19,129338810.79468642
runs/CZ08/MFm&0&rDXGF&Ex&dxAC_equip/LRM AOE +40% RCA LSC R22 R410a rDXGF Measure/instance-out.sql,CZ08,MFm,0,rDXGF,Ex,dxAC_equip,,LRM AOE +40% RCA LSC R22 R410a rDXGF Measure,MFm&0&rDXGF&Ex&dxAC_equip,LRM AOE +40% RCA LSC R22 R410a rDXGF Measure,52.07,91.77,267492.17,471454.83,267492.17,22624.05,6167.85,14740.46,0.0,73945.06,0.0,6544.38,0.0,0.0,0.0,0.0,143470.37,0.0,0.0,0.0,6167.85,22624.05,0.0,59678.04,14267.02,0.0,0.0,2283.19,89604160.60433955
runs/CZ07/MFm&0&rDXHP&Ex&dxHP_equip/LRM NR R32 R454b rDXHP Base/instance-out.sql,CZ07,MFm,0,rDXHP,Ex,dxHP_equip,,LRM NR R32 R454b rDXHP Base,MFm&0&rDXHP&Ex&dxHP_equip,LRM NR R32 R454b rDXHP Base,48.59,89.59,249609.54,460221.62,249609.53999999998,6574.7,7107.35,14740.46,0.0,73945.06,0.0,2943.56,0.0,0.0,0.0,0.0,144298.4,0.0,0.0,6574.7,7107.35,0.0,0.0,59678.04,14267.02,0.0,0.0,2283.19,96899691.54454005
runs/CZ08/MFm&0&rDXGF&Ex&dxAC_equip/LRM AOE LSC R22 R410a rDXGF Measure/instance-out.sql,CZ08,MFm,0,rDXGF,Ex,dxAC_equip,,LRM AOE LSC R22 R410a rDXGF Measure,MFm&0&rDXGF&Ex&dxAC_equip,LRM AOE LSC R22 R410a rDXGF Measure,54.66,99.99,280818.63,513659.74,280818.64,22624.05,19494.31,14740.46,0.0,73945.06,0.0,6544.38,0.0,0.0,0.0,0.0,143470.37,0.0,0.0,0.0,19494.31,22624.05,0.0,59678.04,14267.02,0.0,0.0,2283.19,144755855.07253182
runs/CZ08/MFm&0&rDXGF&Ex&dxAC_equip/LRM AOE +30% RCA LSC R22 R410a rDXGF Measure/instance-out.sql,CZ08,MFm,0,rDXGF,Ex,dxAC_equip,,LRM AOE +30% RCA LSC R22 R410a rDXGF Measure,MFm&0&rDXGF&Ex&dxAC_equip,LRM AOE +30% RCA LSC R22 R410a rDXGF Measure,52.82,94.14,271332.65,483617.63,271332.65,22624.05,10008.33,14740.46,0.0,73945.06,0.0,6544.38,0.0,0.0,0.0,0.0,143470.37,0.0,0.0,0.0,10008.33,22624.05,0.0,59678.04,14267.02,0.0,0.0,2283.19,105498020.6787309
runs/CZ08/MFm&0&rDXGF&Ex&dxAC_equip/LRM AOE +7.5% RCA LSC R22 R410a rDXGF Measure/instance-out.sql,CZ08,MFm,0,rDXGF,Ex,dxAC_equip,,LRM AOE +7.5% RCA LSC R22 R410a rDXGF Measure,MFm&0&rDXGF&Ex&dxAC_equip,LRM AOE +7.5% RCA LSC R22 R410a rDXGF Measure,54.5,99.47,279973.73,510983.92,279973.73,22624.05,18649.41,14740.46,0.0,73945.06,0.0,6544.38,0.0,0.0,0.0,0.0,143470.37,0.0,0.0,0.0,18649.41,22624.05,0.0,59678.04,14267.02,0.0,0.0,2283.19,141259205.8454314
runs/CZ08/MFm&0&rDXGF&Ex&dxAC_equip/LRM NR R454b rDXGF Base/instance-out.sql,CZ08,MFm,0,rDXGF,Ex,dxAC_equip,,LRM NR R454b rDXGF Base,MFm&0&rDXGF&Ex&dxAC_equip,LRM NR R454b rDXGF Base,54.65,99.95,280749.22,513439.91,280749.22,22624.05,19424.9,14740.46,0.0,73945.06,0.0,6544.38,0.0,0.0,0.0,0.0,143470.37,0.0,0.0,0.0,19424.9,22624.05,0.0,59678.04,14267.02,0.0,0.0,2283.19,144468596.2951536
runs/CZ08/MFm&0&rDXGF&Ex&dxAC_equip/LRM NR LSC R454b rDXGF Measure/instance-out.sql,CZ08,MFm,0,rDXGF,Ex,dxAC_equip,,LRM NR LSC R454b rDXGF Measure,MFm&0&rDXGF&Ex&dxAC_equip,LRM NR LSC R454b rDXGF Measure,54.29,98.81,278912.77,507623.85,278912.77,22624.05,17588.44,14740.46,0.0,73945.06,0.0,6544.38,0.0,0.0,0.0,0.0,143470.37,0.0,0.0,0.0,17588.44,22624.05,0.0,59678.04,14267.02,0.0,0.0,2283.19,136868401.0319725
runs/CZ08/MFm&0&rDXGF&Ex&dxAC_equip/LRM AOE R22 R410a rDXGF Base/instance-out.sql,CZ08,MFm,0,rDXGF,Ex,dxAC_equip,,LRM AOE R22 R410a rDXGF Base,MFm&0&rDXGF&Ex&dxAC_equip,LRM AOE R22 R410a rDXGF Base,55.06,101.24,282854.09,520106.02,282854.08999999997,22624.05,21529.77,14740.46,0.0,73945.06,0.0,6544.38,0.0,0.0,0.0,0.0,143470.37,0.0,0.0,0.0,21529.77,22624.05,0.0,59678.04,14267.02,0.0,0.0,2283.19,153179600.90147823
runs/CZ08/MFm&0&rDXHP&Ex&dxHP_equip/LRM AOE +15% RCA LSC R22 R410a rDXHP Measure/instance-out.sql,CZ08,MFm,0,rDXHP,Ex,dxHP_equip,,LRM AOE +15% RCA LSC R22 R410a rDXHP Measure,MFm&0&rDXHP&Ex&dxHP_equip,LRM AOE +15% RCA LSC R22 R410a rDXHP Measure,51.12,97.94,262620.1,503145.15,262620.10000000003,8494.32,15774.43,14740.46,0.0,73945.06,0.0,6192.72,0.0,0.0,0.0,0.0,143473.11,0.0,0.0,8494.32,15774.43,0.0,0.0,59678.04,14267.02,0.0,0.0,2283.19,129340185.79105261
runs/CZ08/MFm&0&rDXHP&Ex&dxHP_equip/LRM AOE +30% RCA LSC R22 R410a rDXHP Measure/instance-out.sql,CZ08,MFm,0,rDXHP,Ex,dxHP_equip,,LRM AOE +30% RCA LSC R22 R410a rDXHP Measure,MFm&0&rDXHP&Ex&dxHP_equip,LRM AOE +30% RCA LSC R22 R410a rDXHP Measure,49.81,93.79,255882.94,481808.55,255882.94,7519.84,10011.74,14740.46,0.0,73945.06,0.0,6192.72,0.0,0.0,0.0,0.0,143473.11,0.0,0.0,7519.84,10011.74,0.0,0.0,59678.04,14267.02,0.0,0.0,2283.19,105499015.02277553
runs/CZ08/MFm&0&rDXHP&Ex&dxHP_equip/LRM AOE LSC R22 R410a rDXHP Measure/instance-out.sql,CZ08,MFm,0,rDXHP,Ex,dxHP_equip,,LRM AOE LSC R22 R410a rDXHP Measure,MFm&0&rDXHP&Ex&dxHP_equip,LRM AOE LSC R22 R410a rDXHP Measure,51.97,100.63,266976.8,516942.81,266976.80000000005,9124.48,19500.96,14740.46,0.0,73945.06,0.0,6192.72,0.0,0.0,0.0,0.0,143473.11,0.0,0.0,9124.48,19500.96,0.0,0.0,59678.04,14267.02,0.0,0.0,2283.19,144757476.22406602
runs/CZ08/MFm&0&rDXHP&Ex&dxHP_equip/LRM AOE +7.5% RCA LSC R22 R410a rDXHP Measure/instance-out.sql,CZ08,MFm,0,rDXHP,Ex,dxHP_equip,,LRM AOE +7.5% RCA LSC R22 R410a rDXHP Measure,MFm&0&rDXHP&Ex&dxHP_equip,LRM AOE +7.5% RCA LSC R22 R410a rDXHP Measure,51.78,100.02,265988.68,513813.45,265988.68,8981.56,18655.77,14740.46,0.0,73945.06,0.0,6192.72,0.0,0.0,0.0,0.0,143473.11,0.0,0.0,8981.56,18655.77,0.0,0.0,59678.04,14267.02,0.0,0.0,2283.19,141260771.16795826
runs/CZ08/MFm&0&rDXHP&Ex&dxHP_equip/LRM AOE +40% RCA LSC R22 R410a rDXHP Measure/instance-out.sql,CZ08,MFm,0,rDXHP,Ex,dxHP_equip,,LRM AOE +40% RCA LSC R22 R410a rDXHP Measure,MFm&0&rDXHP&Ex&dxHP_equip,LRM AOE +40% RCA LSC R22 R410a rDXHP Measure,48.94,91.02,251391.49,467584.15,251391.5,6870.18,6169.95,14740.46,0.0,73945.06,0.0,6192.72,0.0,0.0,0.0,0.0,143473.11,0.0,0.0,6870.18,6169.95,0.0,0.0,59678.04,14267.02,0.0,0.0,2283.19,89604901.18016982
runs/CZ08/MFm&0&rDXHP&Ex&dxHP_equip/LRM AOE +22.5% RCA LSC R22 R410a rDXHP Measure/instance-out.sql,CZ08,MFm,0,rDXHP,Ex,dxHP_equip,,LRM AOE +22.5% RCA LSC R22 R410a rDXHP Measure,MFm&0&rDXHP&Ex&dxHP_equip,LRM AOE +22.5% RCA LSC R22 R410a rDXHP Measure,50.47,95.87,259251.52,492476.85,259251.52000000002,8007.08,12893.08,14740.46,0.0,73945.06,0.0,6192.72,0.0,0.0,0.0,0.0,143473.11,0.0,0.0,8007.08,12893.08,0.0,0.0,59678.04,14267.02,0.0,0.0,2283.19,117419600.40416044
runs/CZ08/MFm&0&rDXHP&Ex&dxHP_equip/LRM NR LSC R32 R454b rDXHP Measure/instance-out.sql,CZ08,MFm,0,rDXHP,Ex,dxHP_equip,,LRM NR LSC R32 R454b rDXHP Measure,MFm&0&rDXHP&Ex&dxHP_equip,LRM NR LSC R32 R454b rDXHP Measure,51.26,98.39,263344.84,505440.39,263344.84,7399.04,17594.44,14740.46,0.0,73945.06,0.0,6192.72,0.0,0.0,0.0,0.0,143473.11,0.0,0.0,7399.04,17594.44,0.0,0.0,59678.04,14267.02,0.0,0.0,2283.19,136869896.2490189
runs/CZ08/MFm&0&rDXHP&Ex&dxHP_equip/LRM AOE R22 R410a rDXHP Base/instance-out.sql,CZ08,MFm,0,rDXHP,Ex,dxHP_equip,,LRM AOE R22 R410a rDXHP Base,MFm&0&rDXHP&Ex&dxHP_equip,LRM AOE R22 R410a rDXHP Base,52.43,102.1,269357.26,524481.74,269357.27,9468.8,21537.11,14740.46,0.0,73945.06,0.0,6192.72,0.0,0.0,0.0,0.0,143473.11,0.0,0.0,9468.8,21537.11,0.0,0.0,59678.04,14267.02,0.0,0.0,2283.19,153181356.55016583
runs/CZ08/MFm&0&rDXHP&Ex&dxHP_equip/LRM NR R32 R454b rDXHP Base/instance-out.sql,CZ08,MFm,0,rDXHP,Ex,dxHP_equip,,LRM NR R32 R454b rDXHP Base,MFm&0&rDXHP&Ex&dxHP_equip,LRM NR R32 R454b rDXHP Base,51.67,99.69,265455.5,512124.88,265455.51,7672.62,19431.53,14740.46,0.0,73945.06,0.0,6192.72,0.0,0.0,0.0,0.0,143473.11,0.0,0.0,7672.62,19431.53,0.0,0.0,59678.04,14267.02,0.0,0.0,2283.19,144470212.86019042
runs/CZ09/MFm&0&rDXGF&Ex&dxAC_equip/LRM AOE +15% RCA LSC R22 R410a rDXGF Measure/instance-out.sql,CZ09,MFm,0,rDXGF,Ex,dxAC_equip,,LRM AOE +15% RCA LSC R22 R410a rDXGF Measure,MFm&0&rDXGF&Ex&dxAC_equip,LRM AOE +15% RCA LSC R22 R410a rDXGF Measure,58.04,102.49,298150.87,526526.05,298150.87,42964.58,15566.1,14740.46,0.0,73945.06,0.0,7629.66,0.0,0.0,0.0,0.0,143305.0,0.0,0.0,0.0,15566.1,42964.58,0.0,59678.04,14267.02,0.0,0.0,2283.19,138421137.76075858
runs/CZ09/MFm&0&rDXGF&Ex&dxAC_equip/LRM AOE +22.5% RCA LSC R22 R410a rDXGF Measure/instance-out.sql,CZ09,MFm,0,rDXGF,Ex,dxAC_equip,,LRM AOE +22.5% RCA LSC R22 R410a rDXGF Measure,MFm&0&rDXGF&Ex&dxAC_equip,LRM AOE +22.5% RCA LSC R22 R410a rDXGF Measure,57.48,100.74,295307.58,517521.35,295307.57999999996,42964.58,12722.81,14740.46,0.0,73945.06,0.0,7629.66,0.0,0.0,0.0,0.0,143305.0,0.0,0.0,0.0,12722.81,42964.58,0.0,59678.04,14267.02,0.0,0.0,2283.19,125006814.07657914
runs/CZ09/MFm&0&rDXGF&Ex&dxAC_equip/LRM AOE +30% RCA LSC R22 R410a rDXGF Measure/instance-out.sql,CZ09,MFm,0,rDXGF,Ex,dxAC_equip,,LRM AOE +30% RCA LSC R22 R410a rDXGF Measure,MFm&0&rDXGF&Ex&dxAC_equip,LRM AOE +30% RCA LSC R22 R410a rDXGF Measure,56.93,98.99,292464.29,508516.65,292464.29,42964.58,9879.52,14740.46,0.0,73945.06,0.0,7629.66,0.0,0.0,0.0,0.0,143305.0,0.0,0.0,0.0,9879.52,42964.58,0.0,59678.04,14267.02,0.0,0.0,2283.19,111592490.39859706
runs/CZ09/MFm&0&rDXGF&Ex&dxAC_equip/LRM AOE LSC R22 R410a rDXGF Measure/instance-out.sql,CZ09,MFm,0,rDXGF,Ex,dxAC_equip,,LRM AOE LSC R22 R410a rDXGF Measure,MFm&0&rDXGF&Ex&dxAC_equip,LRM AOE LSC R22 R410a rDXGF Measure,58.75,104.76,301828.19,538172.13,301828.19,42964.58,19243.42,14740.46,0.0,73945.06,0.0,7629.66,0.0,0.0,0.0,0.0,143305.0,0.0,0.0,0.0,19243.42,42964.58,0.0,59678.04,14267.02,0.0,0.0,2283.19,155770329.72484243
runs/CZ09/MFm&0&rDXGF&Ex&dxAC_equip/LRM AOE +7.5% RCA LSC R22 R410a rDXGF Measure/instance-out.sql,CZ09,MFm,0,rDXGF,Ex,dxAC_equip,,LRM AOE +7.5% RCA LSC R22 R410a rDXGF Measure,MFm&0&rDXGF&Ex&dxAC_equip,LRM AOE +7.5% RCA LSC R22 R410a rDXGF Measure,58.59,104.25,300994.16,535530.75,300994.16,42964.58,18409.39,14740.46,0.0,73945.06,0.0,7629.66,0.0,0.0,0.0,0.0,143305.0,0.0,0.0,0.0,18409.39,42964.58,0.0,59678.04,14267.02,0.0,0.0,2283.19,151835461.43370014
runs/CZ09/MFm&0&rDXGF&Ex&dxAC_equip/LRM AOE R22 R410a rDXGF Base/instance-out.sql,CZ09,MFm,0,rDXGF,Ex,dxAC_equip,,LRM AOE R22 R410a rDXGF Base,MFm&0&rDXGF&Ex&dxAC_equip,LRM AOE R22 R410a rDXGF Base,59.14,106.0,303837.45,544535.45,303837.44999999995,42964.58,21252.68,14740.46,0.0,73945.06,0.0,7629.66,0.0,0.0,0.0,0.0,143305.0,0.0,0.0,0.0,21252.68,42964.58,0.0,59678.04,14267.02,0.0,0.0,2283.19,165249785.112608
runs/CZ09/MFm&0&rDXGF&Ex&dxAC_equip/LRM AOE +40% RCA LSC R22 R410a rDXGF Measure/instance-out.sql,CZ09,MFm,0,rDXGF,Ex,dxAC_equip,,LRM AOE +40% RCA LSC R22 R410a rDXGF Measure,MFm&0&rDXGF&Ex&dxAC_equip,LRM AOE +40% RCA LSC R22 R410a rDXGF Measure,56.19,96.65,288673.24,496510.39,288673.24,42964.58,6088.47,14740.46,0.0,73945.06,0.0,7629.66,0.0,0.0,0.0,0.0,143305.0,0.0,0.0,0.0,6088.47,42964.58,0.0,59678.04,14267.02,0.0,0.0,2283.19,93706725.49376667
runs/CZ09/MFm&0&rDXGF&Ex&dxAC_equip/LRM NR LSC R454b rDXGF Measure/instance-out.sql,CZ09,MFm,0,rDXGF,Ex,dxAC_equip,,LRM NR LSC R454b rDXGF Measure,MFm&0&rDXGF&Ex&dxAC_equip,LRM NR LSC R454b rDXGF Measure,58.39,103.6,299946.85,532213.92,299946.85,42964.58,17362.08,14740.46,0.0,73945.06,0.0,7629.66,0.0,0.0,0.0,0.0,143305.0,0.0,0.0,0.0,17362.08,42964.58,0.0,59678.04,14267.02,0.0,0.0,2283.19,146894377.1238503
runs/CZ09/MFm&0&rDXGF&Ex&dxAC_equip/LRM NR R454b rDXGF Base/instance-out.sql,CZ09,MFm,0,rDXGF,Ex,dxAC_equip,,LRM NR R454b rDXGF Base,MFm&0&rDXGF&Ex&dxAC_equip,LRM NR R454b rDXGF Base,58.74,104.72,301759.67,537955.13,301759.68,42964.58,19174.9,14740.46,0.0,73945.06,0.0,7629.66,0.0,0.0,0.0,0.0,143305.0,0.0,0.0,0.0,19174.9,42964.58,0.0,59678.04,14267.02,0.0,0.0,2283.19,155447070.11798868
runs/CZ09/MFm&0&rDXHP&Ex&dxHP_equip/LRM AOE +22.5% RCA LSC R22 R410a rDXHP Measure/instance-out.sql,CZ09,MFm,0,rDXHP,Ex,dxHP_equip,,LRM AOE +22.5% RCA LSC R22 R410a rDXHP Measure,MFm&0&rDXHP&Ex&dxHP_equip,LRM AOE +22.5% RCA LSC R22 R410a rDXHP Measure,51.88,100.42,266535.88,515882.05,266535.88,14925.66,12726.65,14740.46,0.0,73945.06,0.0,6886.06,0.0,0.0,0.0,0.0,143311.99,0.0,0.0,14925.66,12726.65,0.0,0.0,59678.04,14267.02,0.0,0.0,2283.19,125008911.11786562
runs/CZ09/MFm&0&rDXHP&Ex&dxHP_equip/LRM AOE +30% RCA LSC R22 R410a rDXHP Measure/instance-out.sql,CZ09,MFm,0,rDXHP,Ex,dxHP_equip,,LRM AOE +30% RCA LSC R22 R410a rDXHP Measure,MFm&0&rDXHP&Ex&dxHP_equip,LRM AOE +30% RCA LSC R22 R410a rDXHP Measure,51.15,98.09,262753.74,503904.01,262753.74,13987.67,9882.5,14740.46,0.0,73945.06,0.0,6886.06,0.0,0.0,0.0,0.0,143311.99,0.0,0.0,13987.67,9882.5,0.0,0.0,59678.04,14267.02,0.0,0.0,2283.19,111594237.13849302
runs/CZ09/MFm&0&rDXHP&Ex&dxHP_equip/LRM AOE +15% RCA LSC R22 R410a rDXHP Measure/instance-out.sql,CZ09,MFm,0,rDXHP,Ex,dxHP_equip,,LRM AOE +15% RCA LSC R22 R410a rDXHP Measure,MFm&0&rDXHP&Ex&dxHP_equip,LRM AOE +15% RCA LSC R22 R410a rDXHP Measure,52.62,102.75,270318.02,527860.09,270318.02,15863.66,15570.79,14740.46,0.0,73945.06,0.0,6886.06,0.0,0.0,0.0,0.0,143311.99,0.0,0.0,15863.66,15570.79,0.0,0.0,59678.04,14267.02,0.0,0.0,2283.19,138423585.10343572
runs/CZ09/MFm&0&rDXHP&Ex&dxHP_equip/LRM AOE LSC R22 R410a rDXHP Measure/instance-out.sql,CZ09,MFm,0,rDXHP,Ex,dxHP_equip,,LRM AOE LSC R22 R410a rDXHP Measure,MFm&0&rDXHP&Ex&dxHP_equip,LRM AOE LSC R22 R410a rDXHP Measure,53.57,105.77,275209.59,543351.69,275209.59,17076.8,19249.22,14740.46,0.0,73945.06,0.0,6886.06,0.0,0.0,0.0,0.0,143311.99,0.0,0.0,17076.8,19249.22,0.0,0.0,59678.04,14267.02,0.0,0.0,2283.19,155773230.1239848
runs/CZ09/MFm&0&rDXHP&Ex&dxHP_equip/LRM AOE +40% RCA LSC R22 R410a rDXHP Measure/instance-out.sql,CZ09,MFm,0,rDXHP,Ex,dxHP_equip,,LRM AOE +40% RCA LSC R22 R410a rDXHP Measure,MFm&0&rDXHP&Ex&dxHP_equip,LRM AOE +40% RCA LSC R22 R410a rDXHP Measure,50.17,94.98,257710.88,487933.29,257710.88,12737.01,6090.3,14740.46,0.0,73945.06,0.0,6886.06,0.0,0.0,0.0,0.0,143311.99,0.0,0.0,12737.01,6090.3,0.0,0.0,59678.04,14267.02,0.0,0.0,2283.19,93708005.16514193
runs/CZ09/MFm&0&rDXHP&Ex&dxHP_equip/LRM AOE +7.5% RCA LSC R22 R410a rDXHP Measure/instance-out.sql,CZ09,MFm,0,rDXHP,Ex,dxHP_equip,,LRM AOE +7.5% RCA LSC R22 R410a rDXHP Measure,MFm&0&rDXHP&Ex&dxHP_equip,LRM AOE +7.5% RCA LSC R22 R410a rDXHP Measure,53.36,105.08,274100.16,539838.13,274100.16000000003,16801.65,18414.94,14740.46,0.0,73945.06,0.0,6886.06,0.0,0.0,0.0,0.0,143311.99,0.0,0.0,16801.65,18414.94,0.0,0.0,59678.04,14267.02,0.0,0.0,2283.19,151838259.07776767
runs/CZ09/MFm&0&rDXHP&Ex&dxHP_equip/LRM NR LSC R32 R454b rDXHP Measure/instance-out.sql,CZ09,MFm,0,rDXHP,Ex,dxHP_equip,,LRM NR LSC R32 R454b rDXHP Measure,MFm&0&rDXHP&Ex&dxHP_equip,LRM NR LSC R32 R454b rDXHP Measure,52.56,102.56,270006.0,526871.92,270006.0,13755.11,17367.32,14740.46,0.0,73945.06,0.0,6886.06,0.0,0.0,0.0,0.0,143311.99,0.0,0.0,13755.11,17367.32,0.0,0.0,59678.04,14267.02,0.0,0.0,2283.19,146897045.73653722
runs/CZ09/MFm&0&rDXHP&Ex&dxHP_equip/LRM AOE R22 R410a rDXHP Base/instance-out.sql,CZ09,MFm,0,rDXHP,Ex,dxHP_equip,,LRM AOE R22 R410a rDXHP Base,MFm&0&rDXHP&Ex&dxHP_equip,LRM AOE R22 R410a rDXHP Base,54.09,107.42,277882.3,551816.18,277882.3,17739.65,21259.09,14740.46,0.0,73945.06,0.0,6886.06,0.0,0.0,0.0,0.0,143311.99,0.0,0.0,17739.65,21259.09,0.0,0.0,59678.04,14267.02,0.0,0.0,2283.19,165252933.058066
runs/CZ10/MFm&0&rDXGF&Ex&dxAC_equip/LRM AOE +30% RCA LSC R22 R410a rDXGF Measure/instance-out.sql,CZ10,MFm,0,rDXGF,Ex,dxAC_equip,,LRM AOE +30% RCA LSC R22 R410a rDXGF Measure,MFm&0&rDXGF&Ex&dxAC_equip,LRM AOE +30% RCA LSC R22 R410a rDXGF Measure,52.22,93.33,268272.03,479455.3,268272.02999999997,20179.69,10076.06,14740.46,0.0,73945.06,0.0,6071.16,0.0,0.0,0.0,0.0,143259.59,0.0,0.0,0.0,10076.06,20179.69,0.0,59678.04,14267.02,0.0,0.0,2283.19,104705054.5703859
runs/CZ10/MFm&0&rDXGF&Ex&dxAC_equip/LRM AOE +22.5% RCA LSC R22 R410a rDXGF Measure/instance-out.sql,CZ10,MFm,0,rDXGF,Ex,dxAC_equip,,LRM AOE +22.5% RCA LSC R22 R410a rDXGF Measure,MFm&0&rDXGF&Ex&dxAC_equip,LRM AOE +22.5% RCA LSC R22 R410a rDXGF Measure,52.79,95.12,271171.88,488639.14,271171.88,20179.69,12975.92,14740.46,0.0,73945.06,0.0,6071.16,0.0,0.0,0.0,0.0,143259.59,0.0,0.0,0.0,12975.92,20179.69,0.0,59678.04,14267.02,0.0,0.0,2283.19,116704081.94986631
runs/CZ10/MFm&0&rDXGF&Ex&dxAC_equip/LRM AOE +40% RCA LSC R22 R410a rDXGF Measure/instance-out.sql,CZ10,MFm,0,rDXGF,Ex,dxAC_equip,,LRM AOE +40% RCA LSC R22 R410a rDXGF Measure,MFm&0&rDXGF&Ex&dxAC_equip,LRM AOE +40% RCA LSC R22 R410a rDXGF Measure,51.47,90.95,264405.56,467210.18,264405.56,20179.69,6209.59,14740.46,0.0,73945.06,0.0,6071.16,0.0,0.0,0.0,0.0,143259.59,0.0,0.0,0.0,6209.59,20179.69,0.0,59678.04,14267.02,0.0,0.0,2283.19,88706351.39698116
runs/CZ10/MFm&0&rDXGF&Ex&dxAC_equip/LRM AOE +15% RCA LSC R22 R410a rDXGF Measure/instance-out.sql,CZ10,MFm,0,rDXGF,Ex,dxAC_equip,,LRM AOE +15% RCA LSC R22 R410a rDXGF Measure,MFm&0&rDXGF&Ex&dxAC_equip,LRM AOE +15% RCA LSC R22 R410a rDXGF Measure,53.35,96.91,274071.74,497822.97,274071.74,20179.69,15875.77,14740.46,0.0,73945.06,0.0,6071.16,0.0,0.0,0.0,0.0,143259.59,0.0,0.0,0.0,15875.77,20179.69,0.0,59678.04,14267.02,0.0,0.0,2283.19,128703109.33489025
runs/CZ09/MFm&0&rDXHP&Ex&dxHP_equip/LRM NR R32 R454b rDXHP Base/instance-out.sql,CZ09,MFm,0,rDXHP,Ex,dxHP_equip,,LRM NR R32 R454b rDXHP Base,MFm&0&rDXHP&Ex&dxHP_equip,LRM NR R32 R454b rDXHP Base,53.01,104.0,272346.05,534282.86,272346.05,14281.79,19180.69,14740.46,0.0,73945.06,0.0,6886.06,0.0,0.0,0.0,0.0,143311.99,0.0,0.0,14281.79,19180.69,0.0,0.0,59678.04,14267.02,0.0,0.0,2283.19,155449962.0755359
runs/CZ10/MFm&0&rDXGF&Ex&dxAC_equip/LRM AOE +7.5% RCA LSC R22 R410a rDXGF Measure/instance-out.sql,CZ10,MFm,0,rDXGF,Ex,dxAC_equip,,LRM AOE +7.5% RCA LSC R22 R410a rDXGF Measure,MFm&0&rDXGF&Ex&dxAC_equip,LRM AOE +7.5% RCA LSC R22 R410a rDXGF Measure,53.92,98.69,276971.59,507006.81,276971.58999999997,20179.69,18775.63,14740.46,0.0,73945.06,0.0,6071.16,0.0,0.0,0.0,0.0,143259.59,0.0,0.0,0.0,18775.63,20179.69,0.0,59678.04,14267.02,0.0,0.0,2283.19,140702136.70986193
runs/CZ10/MFm&0&rDXGF&Ex&dxAC_equip/LRM AOE LSC R22 R410a rDXGF Measure/instance-out.sql,CZ10,MFm,0,rDXGF,Ex,dxAC_equip,,LRM AOE LSC R22 R410a rDXGF Measure,MFm&0&rDXGF&Ex&dxAC_equip,LRM AOE LSC R22 R410a rDXGF Measure,54.08,99.22,277822.22,509700.74,277822.22,20179.69,19626.25,14740.46,0.0,73945.06,0.0,6071.16,0.0,0.0,0.0,0.0,143259.59,0.0,0.0,0.0,19626.25,20179.69,0.0,59678.04,14267.02,0.0,0.0,2283.19,144221851.41881615
runs/CZ10/MFm&0&rDXGF&Ex&dxAC_equip/LRM AOE R22 R410a rDXGF Base/instance-out.sql,CZ10,MFm,0,rDXGF,Ex,dxAC_equip,,LRM AOE R22 R410a rDXGF Base,MFm&0&rDXGF&Ex&dxAC_equip,LRM AOE R22 R410a rDXGF Base,54.48,100.48,279871.45,516190.65,279871.44999999995,20179.69,21675.48,14740.46,0.0,73945.06,0.0,6071.16,0.0,0.0,0.0,0.0,143259.59,0.0,0.0,0.0,21675.48,20179.69,0.0,59678.04,14267.02,0.0,0.0,2283.19,152701164.09017047
runs/CZ10/MFm&0&rDXGF&Ex&dxAC_equip/LRM NR LSC R454b rDXGF Measure/instance-out.sql,CZ10,MFm,0,rDXGF,Ex,dxAC_equip,,LRM NR LSC R454b rDXGF Measure,MFm&0&rDXGF&Ex&dxAC_equip,LRM NR LSC R454b rDXGF Measure,53.71,98.04,275903.45,503624.0,275903.44999999995,20179.69,17707.48,14740.46,0.0,73945.06,0.0,6071.16,0.0,0.0,0.0,0.0,143259.59,0.0,0.0,0.0,17707.48,20179.69,0.0,59678.04,14267.02,0.0,0.0,2283.19,136282368.15935922
runs/CZ10/MFm&0&rDXGF&Ex&dxAC_equip/LRM NR R454b rDXGF Base/instance-out.sql,CZ10,MFm,0,rDXGF,Ex,dxAC_equip,,LRM NR R454b rDXGF Base,MFm&0&rDXGF&Ex&dxAC_equip,LRM NR R454b rDXGF Base,54.07,99.18,277752.34,509479.43,277752.33999999997,20179.69,19556.37,14740.46,0.0,73945.06,0.0,6071.16,0.0,0.0,0.0,0.0,143259.59,0.0,0.0,0.0,19556.37,20179.69,0.0,59678.04,14267.02,0.0,0.0,2283.19,143932697.75244942
runs/CZ10/MFm&0&rDXHP&Ex&dxHP_equip/LRM AOE +15% RCA LSC R22 R410a rDXHP Measure/instance-out.sql,CZ10,MFm,0,rDXHP,Ex,dxHP_equip,,LRM AOE +15% RCA LSC R22 R410a rDXHP Measure,MFm&0&rDXHP&Ex&dxHP_equip,LRM AOE +15% RCA LSC R22 R410a rDXHP Measure,50.94,97.45,261684.68,500621.12,261684.67,8121.01,15878.33,14740.46,0.0,73945.06,0.0,5737.19,0.0,0.0,0.0,0.0,143262.62,0.0,0.0,8121.01,15878.33,0.0,0.0,59678.04,14267.02,0.0,0.0,2283.19,128703905.8866443
runs/CZ10/MFm&0&rDXHP&Ex&dxHP_equip/LRM AOE +22.5% RCA LSC R22 R410a rDXHP Measure/instance-out.sql,CZ10,MFm,0,rDXHP,Ex,dxHP_equip,,LRM AOE +22.5% RCA LSC R22 R410a rDXHP Measure,MFm&0&rDXHP&Ex&dxHP_equip,LRM AOE +22.5% RCA LSC R22 R410a rDXHP Measure,50.29,95.39,258348.17,490054.42,258348.17,7684.83,12978.01,14740.46,0.0,73945.06,0.0,5737.19,0.0,0.0,0.0,0.0,143262.62,0.0,0.0,7684.83,12978.01,0.0,0.0,59678.04,14267.02,0.0,0.0,2283.19,116704764.5716301
runs/CZ10/MFm&0&rDXHP&Ex&dxHP_equip/LRM AOE +30% RCA LSC R22 R410a rDXHP Measure/instance-out.sql,CZ10,MFm,0,rDXHP,Ex,dxHP_equip,,LRM AOE +30% RCA LSC R22 R410a rDXHP Measure,MFm&0&rDXHP&Ex&dxHP_equip,LRM AOE +30% RCA LSC R22 R410a rDXHP Measure,49.64,93.34,255011.67,479487.72,255011.67,7248.65,10077.69,14740.46,0.0,73945.06,0.0,5737.19,0.0,0.0,0.0,0.0,143262.62,0.0,0.0,7248.65,10077.69,0.0,0.0,59678.04,14267.02,0.0,0.0,2283.19,104705623.26215947
runs/CZ10/MFm&0&rDXHP&Ex&dxHP_equip/LRM AOE +40% RCA LSC R22 R410a rDXHP Measure/instance-out.sql,CZ10,MFm,0,rDXHP,Ex,dxHP_equip,,LRM AOE +40% RCA LSC R22 R410a rDXHP Measure,MFm&0&rDXHP&Ex&dxHP_equip,LRM AOE +40% RCA LSC R22 R410a rDXHP Measure,48.77,90.59,250563.01,465398.79,250563.0,6667.08,6210.59,14740.46,0.0,73945.06,0.0,5737.19,0.0,0.0,0.0,0.0,143262.62,0.0,0.0,6667.08,6210.59,0.0,0.0,59678.04,14267.02,0.0,0.0,2283.19,88706768.18210115
runs/CZ10/MFm&0&rDXHP&Ex&dxHP_equip/LRM AOE +7.5% RCA LSC R22 R410a rDXHP Measure/instance-out.sql,CZ10,MFm,0,rDXHP,Ex,dxHP_equip,,LRM AOE +7.5% RCA LSC R22 R410a rDXHP Measure,MFm&0&rDXHP&Ex&dxHP_equip,LRM AOE +7.5% RCA LSC R22 R410a rDXHP Measure,51.59,99.51,265021.18,511187.82,265021.17000000004,8557.19,18778.65,14740.46,0.0,73945.06,0.0,5737.19,0.0,0.0,0.0,0.0,143262.62,0.0,0.0,8557.19,18778.65,0.0,0.0,59678.04,14267.02,0.0,0.0,2283.19,140703047.19160613
runs/CZ10/MFm&0&rDXHP&Ex&dxHP_equip/LRM AOE LSC R22 R410a rDXHP Measure/instance-out.sql,CZ10,MFm,0,rDXHP,Ex,dxHP_equip,,LRM AOE LSC R22 R410a rDXHP Measure,MFm&0&rDXHP&Ex&dxHP_equip,LRM AOE LSC R22 R410a rDXHP Measure,51.78,100.11,265999.88,514287.39,265999.88,8685.14,19629.41,14740.46,0.0,73945.06,0.0,5737.19,0.0,0.0,0.0,0.0,143262.62,0.0,0.0,8685.14,19629.41,0.0,0.0,59678.04,14267.02,0.0,0.0,2283.19,144222795.32002425
runs/CZ10/MFm&0&rDXHP&Ex&dxHP_equip/LRM AOE R22 R410a rDXHP Base/instance-out.sql,CZ10,MFm,0,rDXHP,Ex,dxHP_equip,,LRM AOE R22 R410a rDXHP Base,MFm&0&rDXHP&Ex&dxHP_equip,LRM AOE R22 R410a rDXHP Base,52.24,101.56,268357.68,521754.52,268357.68,8993.37,21678.97,14740.46,0.0,73945.06,0.0,5737.19,0.0,0.0,0.0,0.0,143262.62,0.0,0.0,8993.37,21678.97,0.0,0.0,59678.04,14267.02,0.0,0.0,2283.19,152702188.5019049
runs/CZ11/MFm&0&rDXGF&Ex&dxAC_equip/LRM AOE +15% RCA LSC R22 R410a rDXGF Measure/instance-out.sql,CZ11,MFm,0,rDXGF,Ex,dxAC_equip,,LRM AOE +15% RCA LSC R22 R410a rDXGF Measure,MFm&0&rDXGF&Ex&dxAC_equip,LRM AOE +15% RCA LSC R22 R410a rDXGF Measure,58.54,106.07,300732.31,544912.87,300732.31000000006,36455.56,22058.25,14740.46,0.0,73945.06,0.0,8621.21,0.0,0.0,0.0,0.0,144911.76,0.0,0.0,0.0,22058.25,36455.56,0.0,59678.04,14267.02,0.0,0.0,2283.19,145150001.81456047
runs/CZ11/MFm&0&rDXGF&Ex&dxAC_equip/LRM AOE +30% RCA LSC R22 R410a rDXGF Measure/instance-out.sql,CZ11,MFm,0,rDXGF,Ex,dxAC_equip,,LRM AOE +30% RCA LSC R22 R410a rDXGF Measure,MFm&0&rDXGF&Ex&dxAC_equip,LRM AOE +30% RCA LSC R22 R410a rDXGF Measure,56.97,101.1,292674.03,519392.31,292674.03,36455.56,13999.97,14740.46,0.0,73945.06,0.0,8621.21,0.0,0.0,0.0,0.0,144911.76,0.0,0.0,0.0,13999.97,36455.56,0.0,59678.04,14267.02,0.0,0.0,2283.19,116427850.50144848
runs/CZ10/MFm&0&rDXHP&Ex&dxHP_equip/LRM NR LSC R32 R454b rDXHP Measure/instance-out.sql,CZ10,MFm,0,rDXHP,Ex,dxHP_equip,,LRM NR LSC R32 R454b rDXHP Measure,MFm&0&rDXHP&Ex&dxHP_equip,LRM NR LSC R32 R454b rDXHP Measure,51.11,97.98,262536.18,503317.84,262536.18,7140.51,17710.34,14740.46,0.0,73945.06,0.0,5737.19,0.0,0.0,0.0,0.0,143262.62,0.0,0.0,7140.51,17710.34,0.0,0.0,59678.04,14267.02,0.0,0.0,2283.19,136283236.67568642
runs/CZ11/MFm&0&rDXGF&Ex&dxAC_equip/LRM AOE +7.5% RCA LSC R22 R410a rDXGF Measure/instance-out.sql,CZ11,MFm,0,rDXGF,Ex,dxAC_equip,,LRM AOE +7.5% RCA LSC R22 R410a rDXGF Measure,MFm&0&rDXGF&Ex&dxAC_equip,LRM AOE +7.5% RCA LSC R22 R410a rDXGF Measure,59.32,108.56,304761.45,557673.16,304761.45,36455.56,26087.39,14740.46,0.0,73945.06,0.0,8621.21,0.0,0.0,0.0,0.0,144911.76,0.0,0.0,0.0,26087.39,36455.56,0.0,59678.04,14267.02,0.0,0.0,2283.19,159511077.4624028
runs/CZ11/MFm&0&rDXGF&Ex&dxAC_equip/LRM AOE +22.5% RCA LSC R22 R410a rDXGF Measure/instance-out.sql,CZ11,MFm,0,rDXGF,Ex,dxAC_equip,,LRM AOE +22.5% RCA LSC R22 R410a rDXGF Measure,MFm&0&rDXGF&Ex&dxAC_equip,LRM AOE +22.5% RCA LSC R22 R410a rDXGF Measure,57.76,103.59,296703.17,532152.59,296703.17000000004,36455.56,18029.11,14740.46,0.0,73945.06,0.0,8621.21,0.0,0.0,0.0,0.0,144911.76,0.0,0.0,0.0,18029.11,36455.56,0.0,59678.04,14267.02,0.0,0.0,2283.19,130788926.15468709
runs/CZ10/MFm&0&rDXHP&Ex&dxHP_equip/LRM NR R32 R454b rDXHP Base/instance-out.sql,CZ10,MFm,0,rDXHP,Ex,dxHP_equip,,LRM NR R32 R454b rDXHP Base,MFm&0&rDXHP&Ex&dxHP_equip,LRM NR R32 R454b rDXHP Base,51.51,99.27,264630.28,509949.85,264630.28,7385.43,19559.52,14740.46,0.0,73945.06,0.0,5737.19,0.0,0.0,0.0,0.0,143262.62,0.0,0.0,7385.43,19559.52,0.0,0.0,59678.04,14267.02,0.0,0.0,2283.19,143933638.90816215
runs/CZ11/MFm&0&rDXGF&Ex&dxAC_equip/LRM AOE +40% RCA LSC R22 R410a rDXGF Measure/instance-out.sql,CZ11,MFm,0,rDXGF,Ex,dxAC_equip,,LRM AOE +40% RCA LSC R22 R410a rDXGF Measure,MFm&0&rDXGF&Ex&dxAC_equip,LRM AOE +40% RCA LSC R22 R410a rDXGF Measure,55.93,97.79,287301.85,502378.59,287301.83999999997,36455.56,8627.78,14740.46,0.0,73945.06,0.0,8621.21,0.0,0.0,0.0,0.0,144911.76,0.0,0.0,0.0,8627.78,36455.56,0.0,59678.04,14267.02,0.0,0.0,2283.19,97279749.62954909
runs/CZ11/MFm&0&rDXGF&Ex&dxAC_equip/LRM NR LSC R454b rDXGF Measure/instance-out.sql,CZ11,MFm,0,rDXGF,Ex,dxAC_equip,,LRM NR LSC R454b rDXGF Measure,MFm&0&rDXGF&Ex&dxAC_equip,LRM NR LSC R454b rDXGF Measure,59.04,107.64,303277.34,552972.99,303277.33999999997,36455.56,24603.28,14740.46,0.0,73945.06,0.0,8621.21,0.0,0.0,0.0,0.0,144911.76,0.0,0.0,0.0,24603.28,36455.56,0.0,59678.04,14267.02,0.0,0.0,2283.19,154221262.83691746
runs/CZ11/MFm&0&rDXGF&Ex&dxAC_equip/LRM AOE LSC R22 R410a rDXGF Measure/instance-out.sql,CZ11,MFm,0,rDXGF,Ex,dxAC_equip,,LRM AOE LSC R22 R410a rDXGF Measure,MFm&0&rDXGF&Ex&dxAC_equip,LRM AOE LSC R22 R410a rDXGF Measure,59.55,109.29,305943.33,561416.18,305943.32999999996,36455.56,27269.27,14740.46,0.0,73945.06,0.0,8621.21,0.0,0.0,0.0,0.0,144911.76,0.0,0.0,0.0,27269.27,36455.56,0.0,59678.04,14267.02,0.0,0.0,2283.19,163723659.66715282
runs/CZ11/MFm&0&rDXGF&Ex&dxAC_equip/LRM AOE R22 R410a rDXGF Base/instance-out.sql,CZ11,MFm,0,rDXGF,Ex,dxAC_equip,,LRM AOE R22 R410a rDXGF Base,MFm&0&rDXGF&Ex&dxAC_equip,LRM AOE R22 R410a rDXGF Base,60.11,111.04,308790.59,570433.44,308790.58999999997,36455.56,30116.53,14740.46,0.0,73945.06,0.0,8621.21,0.0,0.0,0.0,0.0,144911.76,0.0,0.0,0.0,30116.53,36455.56,0.0,59678.04,14267.02,0.0,0.0,2283.19,173872153.1166325
runs/CZ11/MFm&0&rDXGF&Ex&dxAC_equip/LRM NR R454b rDXGF Base/instance-out.sql,CZ11,MFm,0,rDXGF,Ex,dxAC_equip,,LRM NR R454b rDXGF Base,MFm&0&rDXGF&Ex&dxAC_equip,LRM NR R454b rDXGF Base,59.54,109.23,305846.24,561108.68,305846.24,36455.56,27172.17,14740.46,0.0,73945.06,0.0,8621.21,0.0,0.0,0.0,0.0,144911.76,0.0,0.0,0.0,27172.17,36455.56,0.0,59678.04,14267.02,0.0,0.0,2283.19,163377585.14404568
runs/CZ11/MFm&0&rDXHP&Ex&dxHP_equip/LRM AOE +15% RCA LSC R22 R410a rDXHP Measure/instance-out.sql,CZ11,MFm,0,rDXHP,Ex,dxHP_equip,,LRM AOE +15% RCA LSC R22 R410a rDXHP Measure,MFm&0&rDXHP&Ex&dxHP_equip,LRM AOE +15% RCA LSC R22 R410a rDXHP Measure,54.19,107.07,278380.42,550039.72,278380.42,14682.39,22058.26,14740.46,0.0,73945.06,0.0,8032.09,0.0,0.0,0.0,0.0,144922.16,0.0,0.0,14682.39,22058.26,0.0,0.0,59678.04,14267.02,0.0,0.0,2283.19,145149996.96730897
runs/CZ11/MFm&0&rDXHP&Ex&dxHP_equip/LRM AOE +22.5% RCA LSC R22 R410a rDXHP Measure/instance-out.sql,CZ11,MFm,0,rDXHP,Ex,dxHP_equip,,LRM AOE +22.5% RCA LSC R22 R410a rDXHP Measure,MFm&0&rDXHP&Ex&dxHP_equip,LRM AOE +22.5% RCA LSC R22 R410a rDXHP Measure,53.26,104.12,273601.68,534905.47,273601.68,13932.79,18029.12,14740.46,0.0,73945.06,0.0,8032.09,0.0,0.0,0.0,0.0,144922.16,0.0,0.0,13932.79,18029.12,0.0,0.0,59678.04,14267.02,0.0,0.0,2283.19,130788922.32221882
runs/CZ11/MFm&0&rDXHP&Ex&dxHP_equip/LRM AOE +30% RCA LSC R22 R410a rDXHP Measure/instance-out.sql,CZ11,MFm,0,rDXHP,Ex,dxHP_equip,,LRM AOE +30% RCA LSC R22 R410a rDXHP Measure,MFm&0&rDXHP&Ex&dxHP_equip,LRM AOE +30% RCA LSC R22 R410a rDXHP Measure,52.33,101.18,268822.95,519771.21,268822.95,13183.2,13999.97,14740.46,0.0,73945.06,0.0,8032.09,0.0,0.0,0.0,0.0,144922.16,0.0,0.0,13183.2,13999.97,0.0,0.0,59678.04,14267.02,0.0,0.0,2283.19,116427847.6837634
runs/CZ11/MFm&0&rDXHP&Ex&dxHP_equip/LRM AOE +40% RCA LSC R22 R410a rDXHP Measure/instance-out.sql,CZ11,MFm,0,rDXHP,Ex,dxHP_equip,,LRM AOE +40% RCA LSC R22 R410a rDXHP Measure,MFm&0&rDXHP&Ex&dxHP_equip,LRM AOE +40% RCA LSC R22 R410a rDXHP Measure,51.09,97.25,262451.3,499592.21,262451.3,12183.74,8627.79,14740.46,0.0,73945.06,0.0,8032.09,0.0,0.0,0.0,0.0,144922.16,0.0,0.0,12183.74,8627.79,0.0,0.0,59678.04,14267.02,0.0,0.0,2283.19,97279748.16490826
runs/CZ11/MFm&0&rDXHP&Ex&dxHP_equip/LRM AOE +7.5% RCA LSC R22 R410a rDXHP Measure/instance-out.sql,CZ11,MFm,0,rDXHP,Ex,dxHP_equip,,LRM AOE +7.5% RCA LSC R22 R410a rDXHP Measure,MFm&0&rDXHP&Ex&dxHP_equip,LRM AOE +7.5% RCA LSC R22 R410a rDXHP Measure,55.12,110.02,283159.15,565173.97,283159.15,15431.98,26087.4,14740.46,0.0,73945.06,0.0,8032.09,0.0,0.0,0.0,0.0,144922.16,0.0,0.0,15431.98,26087.4,0.0,0.0,59678.04,14267.02,0.0,0.0,2283.19,159511071.6003681
runs/CZ11/MFm&0&rDXHP&Ex&dxHP_equip/LRM AOE LSC R22 R410a rDXHP Measure/instance-out.sql,CZ11,MFm,0,rDXHP,Ex,dxHP_equip,,LRM AOE LSC R22 R410a rDXHP Measure,MFm&0&rDXHP&Ex&dxHP_equip,LRM AOE LSC R22 R410a rDXHP Measure,55.39,110.88,284560.91,569613.36,284560.91,15651.86,27269.28,14740.46,0.0,73945.06,0.0,8032.09,0.0,0.0,0.0,0.0,144922.16,0.0,0.0,15651.86,27269.28,0.0,0.0,59678.04,14267.02,0.0,0.0,2283.19,163723653.50744843
runs/CZ11/MFm&0&rDXHP&Ex&dxHP_equip/LRM AOE R22 R410a rDXHP Base/instance-out.sql,CZ11,MFm,0,rDXHP,Ex,dxHP_equip,,LRM AOE R22 R410a rDXHP Base,MFm&0&rDXHP&Ex&dxHP_equip,LRM AOE R22 R410a rDXHP Base,56.05,112.96,287937.89,580308.23,287937.89,16181.57,30116.54,14740.46,0.0,73945.06,0.0,8032.09,0.0,0.0,0.0,0.0,144922.16,0.0,0.0,16181.57,30116.54,0.0,0.0,59678.04,14267.02,0.0,0.0,2283.19,173872146.2398146
runs/CZ12/MFm&0&rDXGF&Ex&dxAC_equip/LRM AOE +15% RCA LSC R22 R410a rDXGF Measure/instance-out.sql,CZ12,MFm,0,rDXGF,Ex,dxAC_equip,,LRM AOE +15% RCA LSC R22 R410a rDXGF Measure,MFm&0&rDXGF&Ex&dxAC_equip,LRM AOE +15% RCA LSC R22 R410a rDXGF Measure,55.31,96.14,284120.1,493863.74,284120.08999999997,35710.03,9723.8,14740.46,0.0,73945.06,0.0,5093.2,0.0,0.0,0.0,0.0,144907.53,0.0,0.0,0.0,9723.8,35710.03,0.0,59678.04,14267.02,0.0,0.0,2283.19,105342449.13291967
runs/CZ12/MFm&0&rDXGF&Ex&dxAC_equip/LRM AOE +22.5% RCA LSC R22 R410a rDXGF Measure/instance-out.sql,CZ12,MFm,0,rDXGF,Ex,dxAC_equip,,LRM AOE +22.5% RCA LSC R22 R410a rDXGF Measure,MFm&0&rDXGF&Ex&dxAC_equip,LRM AOE +22.5% RCA LSC R22 R410a rDXGF Measure,54.96,95.04,282343.96,488238.7,282343.94999999995,35710.03,7947.66,14740.46,0.0,73945.06,0.0,5093.2,0.0,0.0,0.0,0.0,144907.53,0.0,0.0,0.0,7947.66,35710.03,0.0,59678.04,14267.02,0.0,0.0,2283.19,96818591.88040277
runs/CZ11/MFm&0&rDXHP&Ex&dxHP_equip/LRM NR LSC R32 R454b rDXHP Measure/instance-out.sql,CZ11,MFm,0,rDXHP,Ex,dxHP_equip,,LRM NR LSC R32 R454b rDXHP Measure,MFm&0&rDXHP&Ex&dxHP_equip,LRM NR LSC R32 R454b rDXHP Measure,54.36,107.6,279240.41,552763.33,279240.41,12997.35,24603.29,14740.46,0.0,73945.06,0.0,8032.09,0.0,0.0,0.0,0.0,144922.16,0.0,0.0,12997.35,24603.29,0.0,0.0,59678.04,14267.02,0.0,0.0,2283.19,154221257.348672
runs/CZ12/MFm&0&rDXGF&Ex&dxAC_equip/LRM AOE +30% RCA LSC R22 R410a rDXGF Measure/instance-out.sql,CZ12,MFm,0,rDXGF,Ex,dxAC_equip,,LRM AOE +30% RCA LSC R22 R410a rDXGF Measure,MFm&0&rDXGF&Ex&dxAC_equip,LRM AOE +30% RCA LSC R22 R410a rDXGF Measure,54.62,93.95,280567.82,482613.67,280567.81,35710.03,6171.52,14740.46,0.0,73945.06,0.0,5093.2,0.0,0.0,0.0,0.0,144907.53,0.0,0.0,0.0,6171.52,35710.03,0.0,59678.04,14267.02,0.0,0.0,2283.19,88294734.6318239
runs/CZ11/MFm&0&rDXHP&Ex&dxHP_equip/LRM NR R32 R454b rDXHP Base/instance-out.sql,CZ11,MFm,0,rDXHP,Ex,dxHP_equip,,LRM NR R32 R454b rDXHP Base,MFm&0&rDXHP&Ex&dxHP_equip,LRM NR R32 R454b rDXHP Base,54.94,109.44,282230.21,562232.0,282230.20999999996,13418.25,27172.19,14740.46,0.0,73945.06,0.0,8032.09,0.0,0.0,0.0,0.0,144922.16,0.0,0.0,13418.25,27172.19,0.0,0.0,59678.04,14267.02,0.0,0.0,2283.19,163377579.00879556
runs/CZ12/MFm&0&rDXGF&Ex&dxAC_equip/LRM AOE +40% RCA LSC R22 R410a rDXGF Measure/instance-out.sql,CZ12,MFm,0,rDXGF,Ex,dxAC_equip,,LRM AOE +40% RCA LSC R22 R410a rDXGF Measure,MFm&0&rDXGF&Ex&dxAC_equip,LRM AOE +40% RCA LSC R22 R410a rDXGF Measure,54.15,92.49,278199.63,475113.62,278199.63,35710.03,3803.33,14740.46,0.0,73945.06,0.0,5093.2,0.0,0.0,0.0,0.0,144907.53,0.0,0.0,0.0,3803.33,35710.03,0.0,59678.04,14267.02,0.0,0.0,2283.19,76929591.63317588
runs/CZ12/MFm&0&rDXGF&Ex&dxAC_equip/LRM AOE +7.5% RCA LSC R22 R410a rDXGF Measure/instance-out.sql,CZ12,MFm,0,rDXGF,Ex,dxAC_equip,,LRM AOE +7.5% RCA LSC R22 R410a rDXGF Measure,MFm&0&rDXGF&Ex&dxAC_equip,LRM AOE +7.5% RCA LSC R22 R410a rDXGF Measure,55.65,97.23,285896.24,499488.78,285896.23,35710.03,11499.94,14740.46,0.0,73945.06,0.0,5093.2,0.0,0.0,0.0,0.0,144907.53,0.0,0.0,0.0,11499.94,35710.03,0.0,59678.04,14267.02,0.0,0.0,2283.19,113866306.37829563
runs/CZ12/MFm&0&rDXGF&Ex&dxAC_equip/LRM AOE R22 R410a rDXGF Base/instance-out.sql,CZ12,MFm,0,rDXGF,Ex,dxAC_equip,,LRM AOE R22 R410a rDXGF Base,MFm&0&rDXGF&Ex&dxAC_equip,LRM AOE R22 R410a rDXGF Base,56.0,98.33,287672.38,505113.81,287672.37,35710.03,13276.08,14740.46,0.0,73945.06,0.0,5093.2,0.0,0.0,0.0,0.0,144907.53,0.0,0.0,0.0,13276.08,35710.03,0.0,59678.04,14267.02,0.0,0.0,2283.19,122390163.62746277
runs/CZ12/MFm&0&rDXGF&Ex&dxAC_equip/LRM NR LSC R454b rDXGF Measure/instance-out.sql,CZ12,MFm,0,rDXGF,Ex,dxAC_equip,,LRM NR LSC R454b rDXGF Measure,MFm&0&rDXGF&Ex&dxAC_equip,LRM NR LSC R454b rDXGF Measure,55.53,96.83,285242.01,497416.83,285242.0,35710.03,10845.71,14740.46,0.0,73945.06,0.0,5093.2,0.0,0.0,0.0,0.0,144907.53,0.0,0.0,0.0,10845.71,35710.03,0.0,59678.04,14267.02,0.0,0.0,2283.19,110726595.54967722
runs/CZ12/MFm&0&rDXGF&Ex&dxAC_equip/LRM AOE LSC R22 R410a rDXGF Measure/instance-out.sql,CZ12,MFm,0,rDXGF,Ex,dxAC_equip,,LRM AOE LSC R22 R410a rDXGF Measure,MFm&0&rDXGF&Ex&dxAC_equip,LRM AOE LSC R22 R410a rDXGF Measure,55.75,97.55,286417.24,501138.79,286417.24,35710.03,12020.94,14740.46,0.0,73945.06,0.0,5093.2,0.0,0.0,0.0,0.0,144907.53,0.0,0.0,0.0,12020.94,35710.03,0.0,59678.04,14267.02,0.0,0.0,2283.19,116366637.84567393
runs/CZ12/MFm&0&rDXGF&Ex&dxAC_equip/LRM NR R454b rDXGF Base/instance-out.sql,CZ12,MFm,0,rDXGF,Ex,dxAC_equip,,LRM NR R454b rDXGF Base,MFm&0&rDXGF&Ex&dxAC_equip,LRM NR R454b rDXGF Base,55.75,97.53,286374.44,501003.23,286374.43,35710.03,11978.14,14740.46,0.0,73945.06,0.0,5093.2,0.0,0.0,0.0,0.0,144907.53,0.0,0.0,0.0,11978.14,35710.03,0.0,59678.04,14267.02,0.0,0.0,2283.19,116161229.14903009
runs/CZ12/MFm&0&rDXHP&Ex&dxHP_equip/LRM AOE +22.5% RCA LSC R22 R410a rDXHP Measure/instance-out.sql,CZ12,MFm,0,rDXHP,Ex,dxHP_equip,,LRM AOE +22.5% RCA LSC R22 R410a rDXHP Measure,MFm&0&rDXHP&Ex&dxHP_equip,LRM AOE +22.5% RCA LSC R22 R410a rDXHP Measure,50.54,95.53,259657.44,490768.85,259657.44,13580.56,7948.43,14740.46,0.0,73945.06,0.0,4532.68,0.0,0.0,0.0,0.0,144910.26,0.0,0.0,13580.56,7948.43,0.0,0.0,59678.04,14267.02,0.0,0.0,2283.19,96818843.12245876
runs/CZ12/MFm&0&rDXHP&Ex&dxHP_equip/LRM AOE +15% RCA LSC R22 R410a rDXHP Measure/instance-out.sql,CZ12,MFm,0,rDXHP,Ex,dxHP_equip,,LRM AOE +15% RCA LSC R22 R410a rDXHP Measure,MFm&0&rDXHP&Ex&dxHP_equip,LRM AOE +15% RCA LSC R22 R410a rDXHP Measure,51.03,97.08,262169.4,498724.21,262169.4,14316.2,9724.74,14740.46,0.0,73945.06,0.0,4532.68,0.0,0.0,0.0,0.0,144910.26,0.0,0.0,14316.2,9724.74,0.0,0.0,59678.04,14267.02,0.0,0.0,2283.19,105342742.15087736
runs/CZ12/MFm&0&rDXHP&Ex&dxHP_equip/LRM AOE +30% RCA LSC R22 R410a rDXHP Measure/instance-out.sql,CZ12,MFm,0,rDXHP,Ex,dxHP_equip,,LRM AOE +30% RCA LSC R22 R410a rDXHP Measure,MFm&0&rDXHP&Ex&dxHP_equip,LRM AOE +30% RCA LSC R22 R410a rDXHP Measure,50.06,93.98,257145.49,482813.49,257145.49000000002,12844.91,6172.11,14740.46,0.0,73945.06,0.0,4532.68,0.0,0.0,0.0,0.0,144910.26,0.0,0.0,12844.91,6172.11,0.0,0.0,59678.04,14267.02,0.0,0.0,2283.19,88294944.0979782
runs/CZ12/MFm&0&rDXHP&Ex&dxHP_equip/LRM AOE R22 R410a rDXHP Base/instance-out.sql,CZ12,MFm,0,rDXHP,Ex,dxHP_equip,,LRM AOE R22 R410a rDXHP Base,MFm&0&rDXHP&Ex&dxHP_equip,LRM AOE R22 R410a rDXHP Base,52.01,100.18,267193.31,514634.94,267193.31,15787.49,13277.36,14740.46,0.0,73945.06,0.0,4532.68,0.0,0.0,0.0,0.0,144910.26,0.0,0.0,15787.49,13277.36,0.0,0.0,59678.04,14267.02,0.0,0.0,2283.19,122390540.19722381
runs/CZ12/MFm&0&rDXHP&Ex&dxHP_equip/LRM AOE +40% RCA LSC R22 R410a rDXHP Measure/instance-out.sql,CZ12,MFm,0,rDXHP,Ex,dxHP_equip,,LRM AOE +40% RCA LSC R22 R410a rDXHP Measure,MFm&0&rDXHP&Ex&dxHP_equip,LRM AOE +40% RCA LSC R22 R410a rDXHP Measure,49.4,91.92,253796.22,472206.34,253796.22,11864.06,3803.7,14740.46,0.0,73945.06,0.0,4532.68,0.0,0.0,0.0,0.0,144910.26,0.0,0.0,11864.06,3803.7,0.0,0.0,59678.04,14267.02,0.0,0.0,2283.19,76929745.39812791
runs/CZ12/MFm&0&rDXHP&Ex&dxHP_equip/LRM AOE +7.5% RCA LSC R22 R410a rDXHP Measure/instance-out.sql,CZ12,MFm,0,rDXHP,Ex,dxHP_equip,,LRM AOE +7.5% RCA LSC R22 R410a rDXHP Measure,MFm&0&rDXHP&Ex&dxHP_equip,LRM AOE +7.5% RCA LSC R22 R410a rDXHP Measure,51.52,98.63,264681.35,506679.58,264681.35,15051.84,11501.05,14740.46,0.0,73945.06,0.0,4532.68,0.0,0.0,0.0,0.0,144910.26,0.0,0.0,15051.84,11501.05,0.0,0.0,59678.04,14267.02,0.0,0.0,2283.19,113866641.172155
runs/CZ12/MFm&0&rDXHP&Ex&dxHP_equip/LRM AOE LSC R22 R410a rDXHP Measure/instance-out.sql,CZ12,MFm,0,rDXHP,Ex,dxHP_equip,,LRM AOE LSC R22 R410a rDXHP Measure,MFm&0&rDXHP&Ex&dxHP_equip,LRM AOE LSC R22 R410a rDXHP Measure,51.67,99.08,265418.19,509013.15,265418.19,15267.63,12022.1,14740.46,0.0,73945.06,0.0,4532.68,0.0,0.0,0.0,0.0,144910.26,0.0,0.0,15267.63,12022.1,0.0,0.0,59678.04,14267.02,0.0,0.0,2283.19,116366984.89379784
runs/CZ12/MFm&0&rDXHP&Ex&dxHP_equip/LRM NR LSC R32 R454b rDXHP Measure/instance-out.sql,CZ12,MFm,0,rDXHP,Ex,dxHP_equip,,LRM NR LSC R32 R454b rDXHP Measure,MFm&0&rDXHP&Ex&dxHP_equip,LRM NR LSC R32 R454b rDXHP Measure,50.93,96.75,261637.74,497040.46,261637.74000000002,12662.53,10846.75,14740.46,0.0,73945.06,0.0,4532.68,0.0,0.0,0.0,0.0,144910.26,0.0,0.0,12662.53,10846.75,0.0,0.0,59678.04,14267.02,0.0,0.0,2283.19,110726914.95563799
runs/CZ12/MFm&0&rDXHP&Ex&dxHP_equip/LRM NR R32 R454b rDXHP Base/instance-out.sql,CZ12,MFm,0,rDXHP,Ex,dxHP_equip,,LRM NR R32 R454b rDXHP Base,MFm&0&rDXHP&Ex&dxHP_equip,LRM NR R32 R454b rDXHP Base,51.23,97.71,263183.35,501935.38,263183.35,13075.59,11979.29,14740.46,0.0,73945.06,0.0,4532.68,0.0,0.0,0.0,0.0,144910.26,0.0,0.0,13075.59,11979.29,0.0,0.0,59678.04,14267.02,0.0,0.0,2283.19,116161575.19043446
runs/CZ13/MFm&0&rDXGF&Ex&dxAC_equip/LRM AOE +15% RCA LSC R22 R410a rDXGF Measure/instance-out.sql,CZ13,MFm,0,rDXGF,Ex,dxAC_equip,,LRM AOE +15% RCA LSC R22 R410a rDXGF Measure,MFm&0&rDXGF&Ex&dxAC_equip,LRM AOE +15% RCA LSC R22 R410a rDXGF Measure,64.31,116.23,330387.0,597104.54,330387.0,57377.4,28484.17,14740.46,0.0,73945.06,0.0,11818.9,0.0,0.0,0.0,0.0,144021.0,0.0,0.0,0.0,28484.17,57377.4,0.0,59678.04,14267.02,0.0,0.0,2283.19,170200716.50224507
runs/CZ13/MFm&0&rDXGF&Ex&dxAC_equip/LRM AOE +22.5% RCA LSC R22 R410a rDXGF Measure/instance-out.sql,CZ13,MFm,0,rDXGF,Ex,dxAC_equip,,LRM AOE +22.5% RCA LSC R22 R410a rDXGF Measure,MFm&0&rDXGF&Ex&dxAC_equip,LRM AOE +22.5% RCA LSC R22 R410a rDXGF Measure,63.3,113.02,325184.1,580626.97,325184.11,57377.4,23281.28,14740.46,0.0,73945.06,0.0,11818.9,0.0,0.0,0.0,0.0,144021.0,0.0,0.0,0.0,23281.28,57377.4,0.0,59678.04,14267.02,0.0,0.0,2283.19,152134468.47689968
runs/CZ13/MFm&0&rDXGF&Ex&dxAC_equip/LRM AOE +30% RCA LSC R22 R410a rDXGF Measure/instance-out.sql,CZ13,MFm,0,rDXGF,Ex,dxAC_equip,,LRM AOE +30% RCA LSC R22 R410a rDXGF Measure,MFm&0&rDXGF&Ex&dxAC_equip,LRM AOE +30% RCA LSC R22 R410a rDXGF Measure,62.29,109.82,319981.21,564149.41,319981.20999999996,57377.4,18078.38,14740.46,0.0,73945.06,0.0,11818.9,0.0,0.0,0.0,0.0,144021.0,0.0,0.0,0.0,18078.38,57377.4,0.0,59678.04,14267.02,0.0,0.0,2283.19,134068220.45990077
runs/CZ13/MFm&0&rDXGF&Ex&dxAC_equip/LRM AOE +40% RCA LSC R22 R410a rDXGF Measure/instance-out.sql,CZ13,MFm,0,rDXGF,Ex,dxAC_equip,,LRM AOE +40% RCA LSC R22 R410a rDXGF Measure,MFm&0&rDXGF&Ex&dxAC_equip,LRM AOE +40% RCA LSC R22 R410a rDXGF Measure,60.94,105.54,313044.02,542179.33,313044.02,57377.4,11141.19,14740.46,0.0,73945.06,0.0,11818.9,0.0,0.0,0.0,0.0,144021.0,0.0,0.0,0.0,11141.19,57377.4,0.0,59678.04,14267.02,0.0,0.0,2283.19,109979889.7694184
runs/CZ13/MFm&0&rDXGF&Ex&dxAC_equip/LRM AOE +7.5% RCA LSC R22 R410a rDXGF Measure/instance-out.sql,CZ13,MFm,0,rDXGF,Ex,dxAC_equip,,LRM AOE +7.5% RCA LSC R22 R410a rDXGF Measure,MFm&0&rDXGF&Ex&dxAC_equip,LRM AOE +7.5% RCA LSC R22 R410a rDXGF Measure,65.33,119.44,335589.89,613582.1,335589.89,57377.4,33687.06,14740.46,0.0,73945.06,0.0,11818.9,0.0,0.0,0.0,0.0,144021.0,0.0,0.0,0.0,33687.06,57377.4,0.0,59678.04,14267.02,0.0,0.0,2283.19,188266964.51245543
runs/CZ13/MFm&0&rDXGF&Ex&dxAC_equip/LRM AOE LSC R22 R410a rDXGF Measure/instance-out.sql,CZ13,MFm,0,rDXGF,Ex,dxAC_equip,,LRM AOE LSC R22 R410a rDXGF Measure,MFm&0&rDXGF&Ex&dxAC_equip,LRM AOE LSC R22 R410a rDXGF Measure,65.62,120.38,337116.07,618415.51,337116.07,57377.4,35213.24,14740.46,0.0,73945.06,0.0,11818.9,0.0,0.0,0.0,0.0,144021.0,0.0,0.0,0.0,35213.24,57377.4,0.0,59678.04,14267.02,0.0,0.0,2283.19,193566397.28063026
runs/CZ13/MFm&0&rDXGF&Ex&dxAC_equip/LRM AOE R22 R410a rDXGF Base/instance-out.sql,CZ13,MFm,0,rDXGF,Ex,dxAC_equip,,LRM AOE R22 R410a rDXGF Base,MFm&0&rDXGF&Ex&dxAC_equip,LRM AOE R22 R410a rDXGF Base,66.34,122.65,340792.78,630059.66,340792.79,57377.4,38889.96,14740.46,0.0,73945.06,0.0,11818.9,0.0,0.0,0.0,0.0,144021.0,0.0,0.0,0.0,38889.96,57377.4,0.0,59678.04,14267.02,0.0,0.0,2283.19,206333212.53070116
runs/CZ13/MFm&0&rDXGF&Ex&dxAC_equip/LRM NR LSC R454b rDXGF Measure/instance-out.sql,CZ13,MFm,0,rDXGF,Ex,dxAC_equip,,LRM NR LSC R454b rDXGF Measure,MFm&0&rDXGF&Ex&dxAC_equip,LRM NR LSC R454b rDXGF Measure,64.95,118.26,333673.44,607512.69,333673.44,57377.4,31770.61,14740.46,0.0,73945.06,0.0,11818.9,0.0,0.0,0.0,0.0,144021.0,0.0,0.0,0.0,31770.61,57377.4,0.0,59678.04,14267.02,0.0,0.0,2283.19,181612372.24544695
runs/CZ13/MFm&0&rDXGF&Ex&dxAC_equip/LRM NR R454b rDXGF Base/instance-out.sql,CZ13,MFm,0,rDXGF,Ex,dxAC_equip,,LRM NR R454b rDXGF Base,MFm&0&rDXGF&Ex&dxAC_equip,LRM NR R454b rDXGF Base,65.6,120.3,336990.69,618018.44,336990.69,57377.4,35087.86,14740.46,0.0,73945.06,0.0,11818.9,0.0,0.0,0.0,0.0,144021.0,0.0,0.0,0.0,35087.86,57377.4,0.0,59678.04,14267.02,0.0,0.0,2283.19,193131035.17281985
runs/CZ13/MFm&0&rDXHP&Ex&dxHP_equip/LRM AOE +15% RCA LSC R22 R410a rDXHP Measure/instance-out.sql,CZ13,MFm,0,rDXHP,Ex,dxHP_equip,,LRM AOE +15% RCA LSC R22 R410a rDXHP Measure,MFm&0&rDXHP&Ex&dxHP_equip,LRM AOE +15% RCA LSC R22 R410a rDXHP Measure,57.14,116.76,293519.07,599824.24,293519.07,21434.07,28486.11,14740.46,0.0,73945.06,0.0,10874.74,0.0,0.0,0.0,0.0,144038.61,0.0,0.0,21434.07,28486.11,0.0,0.0,59678.04,14267.02,0.0,0.0,2283.19,170201129.41052195
runs/CZ13/MFm&0&rDXHP&Ex&dxHP_equip/LRM AOE +40% RCA LSC R22 R410a rDXHP Measure/instance-out.sql,CZ13,MFm,0,rDXHP,Ex,dxHP_equip,,LRM AOE +40% RCA LSC R22 R410a rDXHP Measure,MFm&0&rDXHP&Ex&dxHP_equip,LRM AOE +40% RCA LSC R22 R410a rDXHP Measure,52.98,103.6,272174.08,532224.68,272174.09,17433.25,11141.95,14740.46,0.0,73945.06,0.0,10874.74,0.0,0.0,0.0,0.0,144038.61,0.0,0.0,17433.25,11141.95,0.0,0.0,59678.04,14267.02,0.0,0.0,2283.19,109980103.23567477
runs/CZ13/MFm&0&rDXHP&Ex&dxHP_equip/LRM AOE +22.5% RCA LSC R22 R410a rDXHP Measure/instance-out.sql,CZ13,MFm,0,rDXHP,Ex,dxHP_equip,,LRM AOE +22.5% RCA LSC R22 R410a rDXHP Measure,MFm&0&rDXHP&Ex&dxHP_equip,LRM AOE +22.5% RCA LSC R22 R410a rDXHP Measure,55.89,112.81,287115.57,579544.37,287115.58,20233.83,23282.86,14740.46,0.0,73945.06,0.0,10874.74,0.0,0.0,0.0,0.0,144038.61,0.0,0.0,20233.83,23282.86,0.0,0.0,59678.04,14267.02,0.0,0.0,2283.19,152134821.55257034
runs/CZ13/MFm&0&rDXHP&Ex&dxHP_equip/LRM AOE +30% RCA LSC R22 R410a rDXHP Measure/instance-out.sql,CZ13,MFm,0,rDXHP,Ex,dxHP_equip,,LRM AOE +30% RCA LSC R22 R410a rDXHP Measure,MFm&0&rDXHP&Ex&dxHP_equip,LRM AOE +30% RCA LSC R22 R410a rDXHP Measure,54.64,108.87,280712.08,559264.51,280712.08,19033.58,18079.62,14740.46,0.0,73945.06,0.0,10874.74,0.0,0.0,0.0,0.0,144038.61,0.0,0.0,19033.58,18079.62,0.0,0.0,59678.04,14267.02,0.0,0.0,2283.19,134068513.70296532
runs/CZ13/MFm&0&rDXHP&Ex&dxHP_equip/LRM AOE +7.5% RCA LSC R22 R410a rDXHP Measure/instance-out.sql,CZ13,MFm,0,rDXHP,Ex,dxHP_equip,,LRM AOE +7.5% RCA LSC R22 R410a rDXHP Measure,MFm&0&rDXHP&Ex&dxHP_equip,LRM AOE +7.5% RCA LSC R22 R410a rDXHP Measure,58.38,120.71,299922.56,620104.11,299922.56000000006,22634.32,33689.36,14740.46,0.0,73945.06,0.0,10874.74,0.0,0.0,0.0,0.0,144038.61,0.0,0.0,22634.32,33689.36,0.0,0.0,59678.04,14267.02,0.0,0.0,2283.19,188267437.2533384
runs/CZ13/MFm&0&rDXHP&Ex&dxHP_equip/LRM AOE R22 R410a rDXHP Base/instance-out.sql,CZ13,MFm,0,rDXHP,Ex,dxHP_equip,,LRM AOE R22 R410a rDXHP Base,MFm&0&rDXHP&Ex&dxHP_equip,LRM AOE R22 R410a rDXHP Base,59.63,124.66,306326.05,640383.98,306326.06000000006,23834.57,38892.61,14740.46,0.0,73945.06,0.0,10874.74,0.0,0.0,0.0,0.0,144038.61,0.0,0.0,23834.57,38892.61,0.0,0.0,59678.04,14267.02,0.0,0.0,2283.19,206333745.10419023
runs/CZ13/MFm&0&rDXHP&Ex&dxHP_equip/LRM NR LSC R32 R454b rDXHP Measure/instance-out.sql,CZ13,MFm,0,rDXHP,Ex,dxHP_equip,,LRM NR LSC R32 R454b rDXHP Measure,MFm&0&rDXHP&Ex&dxHP_equip,LRM NR LSC R32 R454b rDXHP Measure,57.25,117.12,294107.66,601688.31,294107.66000000003,18736.0,31772.77,14740.46,0.0,73945.06,0.0,10874.74,0.0,0.0,0.0,0.0,144038.61,0.0,0.0,18736.0,31772.77,0.0,0.0,59678.04,14267.02,0.0,0.0,2283.19,181612822.94735435
runs/CZ14/MFm&0&rDXGF&Ex&dxAC_equip/LRM AOE +30% RCA LSC R22 R410a rDXGF Measure/instance-out.sql,CZ14,MFm,0,rDXGF,Ex,dxAC_equip,,LRM AOE +30% RCA LSC R22 R410a rDXGF Measure,MFm&0&rDXGF&Ex&dxAC_equip,LRM AOE +30% RCA LSC R22 R410a rDXGF Measure,59.21,102.08,304174.28,524398.14,304174.29000000004,52719.94,10675.48,14740.46,0.0,73945.06,0.0,8364.12,0.0,0.0,0.0,0.0,143729.22,0.0,0.0,0.0,10675.48,52719.94,0.0,59678.04,14267.02,0.0,0.0,2283.19,89841973.92804186
runs/CZ14/MFm&0&rDXGF&Ex&dxAC_equip/LRM AOE +40% RCA LSC R22 R410a rDXGF Measure/instance-out.sql,CZ14,MFm,0,rDXGF,Ex,dxAC_equip,,LRM AOE +40% RCA LSC R22 R410a rDXGF Measure,MFm&0&rDXGF&Ex&dxAC_equip,LRM AOE +40% RCA LSC R22 R410a rDXGF Measure,58.41,99.55,300077.8,511424.57,300077.8,52719.94,6578.99,14740.46,0.0,73945.06,0.0,8364.12,0.0,0.0,0.0,0.0,143729.22,0.0,0.0,0.0,6578.99,52719.94,0.0,59678.04,14267.02,0.0,0.0,2283.19,78067707.67417686
runs/CZ13/MFm&0&rDXHP&Ex&dxHP_equip/LRM AOE LSC R22 R410a rDXHP Measure/instance-out.sql,CZ13,MFm,0,rDXHP,Ex,dxHP_equip,,LRM AOE LSC R22 R410a rDXHP Measure,MFm&0&rDXHP&Ex&dxHP_equip,LRM AOE LSC R22 R410a rDXHP Measure,58.75,121.87,301800.92,626052.87,301800.92000000004,22986.39,35215.64,14740.46,0.0,73945.06,0.0,10874.74,0.0,0.0,0.0,0.0,144038.61,0.0,0.0,22986.39,35215.64,0.0,0.0,59678.04,14267.02,0.0,0.0,2283.19,193566887.57241106
runs/CZ14/MFm&0&rDXGF&Ex&dxAC_equip/LRM AOE +15% RCA LSC R22 R410a rDXGF Measure/instance-out.sql,CZ14,MFm,0,rDXGF,Ex,dxAC_equip,,LRM AOE +15% RCA LSC R22 R410a rDXGF Measure,MFm&0&rDXGF&Ex&dxAC_equip,LRM AOE +15% RCA LSC R22 R410a rDXGF Measure,60.41,105.87,310319.01,543858.49,310319.01,52719.94,16820.2,14740.46,0.0,73945.06,0.0,8364.12,0.0,0.0,0.0,0.0,143729.22,0.0,0.0,0.0,16820.2,52719.94,0.0,59678.04,14267.02,0.0,0.0,2283.19,107503373.31207553
runs/CZ14/MFm&0&rDXGF&Ex&dxAC_equip/LRM AOE +22.5% RCA LSC R22 R410a rDXGF Measure/instance-out.sql,CZ14,MFm,0,rDXGF,Ex,dxAC_equip,,LRM AOE +22.5% RCA LSC R22 R410a rDXGF Measure,MFm&0&rDXGF&Ex&dxAC_equip,LRM AOE +22.5% RCA LSC R22 R410a rDXGF Measure,59.81,103.97,307246.65,534128.31,307246.65,52719.94,13747.84,14740.46,0.0,73945.06,0.0,8364.12,0.0,0.0,0.0,0.0,143729.22,0.0,0.0,0.0,13747.84,52719.94,0.0,59678.04,14267.02,0.0,0.0,2283.19,98672673.61801884
runs/CZ13/MFm&0&rDXHP&Ex&dxHP_equip/LRM NR R32 R454b rDXHP Base/instance-out.sql,CZ13,MFm,0,rDXHP,Ex,dxHP_equip,,LRM NR R32 R454b rDXHP Base,MFm&0&rDXHP&Ex&dxHP_equip,LRM NR R32 R454b rDXHP Base,58.03,119.59,298099.08,614329.13,298099.08,19409.94,35090.26,14740.46,0.0,73945.06,0.0,10874.74,0.0,0.0,0.0,0.0,144038.61,0.0,0.0,19409.94,35090.26,0.0,0.0,59678.04,14267.02,0.0,0.0,2283.19,193131524.02274898
runs/CZ14/MFm&0&rDXGF&Ex&dxAC_equip/LRM AOE LSC R22 R410a rDXGF Measure/instance-out.sql,CZ14,MFm,0,rDXGF,Ex,dxAC_equip,,LRM AOE LSC R22 R410a rDXGF Measure,MFm&0&rDXGF&Ex&dxAC_equip,LRM AOE LSC R22 R410a rDXGF Measure,61.18,108.32,314292.6,556442.84,314292.6,52719.94,20793.79,14740.46,0.0,73945.06,0.0,8364.12,0.0,0.0,0.0,0.0,143729.22,0.0,0.0,0.0,20793.79,52719.94,0.0,59678.04,14267.02,0.0,0.0,2283.19,118924411.58253667
runs/CZ14/MFm&0&rDXGF&Ex&dxAC_equip/LRM AOE +7.5% RCA LSC R22 R410a rDXGF Measure/instance-out.sql,CZ14,MFm,0,rDXGF,Ex,dxAC_equip,,LRM AOE +7.5% RCA LSC R22 R410a rDXGF Measure,MFm&0&rDXGF&Ex&dxAC_equip,LRM AOE +7.5% RCA LSC R22 R410a rDXGF Measure,61.0,107.76,313391.37,553588.66,313391.38,52719.94,19892.57,14740.46,0.0,73945.06,0.0,8364.12,0.0,0.0,0.0,0.0,143729.22,0.0,0.0,0.0,19892.57,52719.94,0.0,59678.04,14267.02,0.0,0.0,2283.19,116334072.9987343
runs/CZ14/MFm&0&rDXGF&Ex&dxAC_equip/LRM AOE R22 R410a rDXGF Base/instance-out.sql,CZ14,MFm,0,rDXGF,Ex,dxAC_equip,,LRM AOE R22 R410a rDXGF Base,MFm&0&rDXGF&Ex&dxAC_equip,LRM AOE R22 R410a rDXGF Base,61.6,109.66,316463.74,563318.83,316463.74,52719.94,22964.93,14740.46,0.0,73945.06,0.0,8364.12,0.0,0.0,0.0,0.0,143729.22,0.0,0.0,0.0,22964.93,52719.94,0.0,59678.04,14267.02,0.0,0.0,2283.19,125164772.68932068
runs/CZ14/MFm&0&rDXGF&Ex&dxAC_equip/LRM NR LSC R454b rDXGF Measure/instance-out.sql,CZ14,MFm,0,rDXGF,Ex,dxAC_equip,,LRM NR LSC R454b rDXGF Measure,MFm&0&rDXGF&Ex&dxAC_equip,LRM NR LSC R454b rDXGF Measure,60.78,107.06,312259.69,550004.61,312259.69,52719.94,18760.88,14740.46,0.0,73945.06,0.0,8364.12,0.0,0.0,0.0,0.0,143729.22,0.0,0.0,0.0,18760.88,52719.94,0.0,59678.04,14267.02,0.0,0.0,2283.19,113081338.62832698
runs/CZ14/MFm&0&rDXGF&Ex&dxAC_equip/LRM NR R454b rDXGF Base/instance-out.sql,CZ14,MFm,0,rDXGF,Ex,dxAC_equip,,LRM NR R454b rDXGF Base,MFm&0&rDXGF&Ex&dxAC_equip,LRM NR R454b rDXGF Base,61.17,108.27,314218.56,556208.37,314218.56,52719.94,20719.76,14740.46,0.0,73945.06,0.0,8364.12,0.0,0.0,0.0,0.0,143729.22,0.0,0.0,0.0,20719.76,52719.94,0.0,59678.04,14267.02,0.0,0.0,2283.19,118711608.56849346
runs/CZ14/MFm&0&rDXHP&Ex&dxHP_equip/LRM AOE +15% RCA LSC R22 R410a rDXHP Measure/instance-out.sql,CZ14,MFm,0,rDXHP,Ex,dxHP_equip,,LRM AOE +15% RCA LSC R22 R410a rDXHP Measure,MFm&0&rDXHP&Ex&dxHP_equip,LRM AOE +15% RCA LSC R22 R410a rDXHP Measure,54.24,107.7,278616.52,553265.71,278616.51,21909.51,16823.91,14740.46,0.0,73945.06,0.0,7465.17,0.0,0.0,0.0,0.0,143732.4,0.0,0.0,21909.51,16823.91,0.0,0.0,59678.04,14267.02,0.0,0.0,2283.19,107504346.5122816
runs/CZ14/MFm&0&rDXHP&Ex&dxHP_equip/LRM AOE +30% RCA LSC R22 R410a rDXHP Measure/instance-out.sql,CZ14,MFm,0,rDXHP,Ex,dxHP_equip,,LRM AOE +30% RCA LSC R22 R410a rDXHP Measure,MFm&0&rDXHP&Ex&dxHP_equip,LRM AOE +30% RCA LSC R22 R410a rDXHP Measure,52.59,102.49,270164.19,526497.2,270164.19000000006,19603.27,10677.83,14740.46,0.0,73945.06,0.0,7465.17,0.0,0.0,0.0,0.0,143732.4,0.0,0.0,19603.27,10677.83,0.0,0.0,59678.04,14267.02,0.0,0.0,2283.19,89842669.64765498
runs/CZ14/MFm&0&rDXHP&Ex&dxHP_equip/LRM AOE +22.5% RCA LSC R22 R410a rDXHP Measure/instance-out.sql,CZ14,MFm,0,rDXHP,Ex,dxHP_equip,,LRM AOE +22.5% RCA LSC R22 R410a rDXHP Measure,MFm&0&rDXHP&Ex&dxHP_equip,LRM AOE +22.5% RCA LSC R22 R410a rDXHP Measure,53.41,105.09,274390.35,539881.46,274390.35,20756.39,13750.87,14740.46,0.0,73945.06,0.0,7465.17,0.0,0.0,0.0,0.0,143732.4,0.0,0.0,20756.39,13750.87,0.0,0.0,59678.04,14267.02,0.0,0.0,2283.19,98673508.07792836
runs/CZ14/MFm&0&rDXHP&Ex&dxHP_equip/LRM AOE +40% RCA LSC R22 R410a rDXHP Measure/instance-out.sql,CZ14,MFm,0,rDXHP,Ex,dxHP_equip,,LRM AOE +40% RCA LSC R22 R410a rDXHP Measure,MFm&0&rDXHP&Ex&dxHP_equip,LRM AOE +40% RCA LSC R22 R410a rDXHP Measure,51.49,99.01,264529.31,508651.53,264529.31000000006,18065.77,6580.44,14740.46,0.0,73945.06,0.0,7465.17,0.0,0.0,0.0,0.0,143732.4,0.0,0.0,18065.77,6580.44,0.0,0.0,59678.04,14267.02,0.0,0.0,2283.19,78068218.40672806
runs/CZ14/MFm&0&rDXHP&Ex&dxHP_equip/LRM AOE +7.5% RCA LSC R22 R410a rDXHP Measure/instance-out.sql,CZ14,MFm,0,rDXHP,Ex,dxHP_equip,,LRM AOE +7.5% RCA LSC R22 R410a rDXHP Measure,MFm&0&rDXHP&Ex&dxHP_equip,LRM AOE +7.5% RCA LSC R22 R410a rDXHP Measure,55.06,110.3,282842.68,566649.96,282842.68000000005,23062.63,19896.95,14740.46,0.0,73945.06,0.0,7465.17,0.0,0.0,0.0,0.0,143732.4,0.0,0.0,23062.63,19896.95,0.0,0.0,59678.04,14267.02,0.0,0.0,2283.19,116335184.93923673
runs/CZ14/MFm&0&rDXHP&Ex&dxHP_equip/LRM AOE LSC R22 R410a rDXHP Measure/instance-out.sql,CZ14,MFm,0,rDXHP,Ex,dxHP_equip,,LRM AOE LSC R22 R410a rDXHP Measure,MFm&0&rDXHP&Ex&dxHP_equip,LRM AOE LSC R22 R410a rDXHP Measure,55.3,111.07,284082.35,570576.01,284082.35,23400.88,20798.37,14740.46,0.0,73945.06,0.0,7465.17,0.0,0.0,0.0,0.0,143732.4,0.0,0.0,23400.88,20798.37,0.0,0.0,59678.04,14267.02,0.0,0.0,2283.19,118925564.22019285
runs/CZ14/MFm&0&rDXHP&Ex&dxHP_equip/LRM AOE R22 R410a rDXHP Base/instance-out.sql,CZ14,MFm,0,rDXHP,Ex,dxHP_equip,,LRM AOE R22 R410a rDXHP Base,MFm&0&rDXHP&Ex&dxHP_equip,LRM AOE R22 R410a rDXHP Base,55.88,112.91,287068.84,580034.22,287068.83999999997,24215.75,22969.99,14740.46,0.0,73945.06,0.0,7465.17,0.0,0.0,0.0,0.0,143732.4,0.0,0.0,24215.75,22969.99,0.0,0.0,59678.04,14267.02,0.0,0.0,2283.19,125166023.37011957
runs/CZ14/MFm&0&rDXHP&Ex&dxHP_equip/LRM NR R32 R454b rDXHP Base/instance-out.sql,CZ14,MFm,0,rDXHP,Ex,dxHP_equip,,LRM NR R32 R454b rDXHP Base,MFm&0&rDXHP&Ex&dxHP_equip,LRM NR R32 R454b rDXHP Base,54.62,108.9,280572.27,559459.57,280572.26,19964.85,20724.32,14740.46,0.0,73945.06,0.0,7465.17,0.0,0.0,0.0,0.0,143732.4,0.0,0.0,19964.85,20724.32,0.0,0.0,59678.04,14267.02,0.0,0.0,2283.19,118712757.86277321
runs/CZ14/MFm&0&rDXHP&Ex&dxHP_equip/LRM NR LSC R32 R454b rDXHP Measure/instance-out.sql,CZ14,MFm,0,rDXHP,Ex,dxHP_equip,,LRM NR LSC R32 R454b rDXHP Measure,MFm&0&rDXHP&Ex&dxHP_equip,LRM NR LSC R32 R454b rDXHP Measure,54.11,107.3,277965.48,551203.89,277965.48,19317.37,18765.01,14740.46,0.0,73945.06,0.0,7465.17,0.0,0.0,0.0,0.0,143732.4,0.0,0.0,19317.37,18765.01,0.0,0.0,59678.04,14267.02,0.0,0.0,2283.19,113082399.46468745
runs/CZ15/MFm&0&rDXGF&Ex&dxAC_equip/LRM AOE +22.5% RCA LSC R22 R410a rDXGF Measure/instance-out.sql,CZ15,MFm,0,rDXGF,Ex,dxAC_equip,,LRM AOE +22.5% RCA LSC R22 R410a rDXGF Measure,MFm&0&rDXGF&Ex&dxAC_equip,LRM AOE +22.5% RCA LSC R22 R410a rDXGF Measure,58.71,116.51,301594.59,598548.1,301594.58999999997,15780.89,41081.62,14740.46,0.0,73945.06,0.0,14898.13,0.0,0.0,0.0,0.0,141148.42,0.0,0.0,0.0,41081.62,15780.89,0.0,59678.04,14267.02,0.0,0.0,2283.19,166423872.26254624
runs/CZ15/MFm&0&rDXGF&Ex&dxAC_equip/LRM AOE +15% RCA LSC R22 R410a rDXGF Measure/instance-out.sql,CZ15,MFm,0,rDXGF,Ex,dxAC_equip,,LRM AOE +15% RCA LSC R22 R410a rDXGF Measure,MFm&0&rDXGF&Ex&dxAC_equip,LRM AOE +15% RCA LSC R22 R410a rDXGF Measure,60.5,122.17,310775.5,627624.03,310775.5,15780.89,50262.53,14740.46,0.0,73945.06,0.0,14898.13,0.0,0.0,0.0,0.0,141148.42,0.0,0.0,0.0,50262.53,15780.89,0.0,59678.04,14267.02,0.0,0.0,2283.19,187382427.67708796
runs/CZ15/MFm&0&rDXGF&Ex&dxAC_equip/LRM AOE +30% RCA LSC R22 R410a rDXGF Measure/instance-out.sql,CZ15,MFm,0,rDXGF,Ex,dxAC_equip,,LRM AOE +30% RCA LSC R22 R410a rDXGF Measure,MFm&0&rDXGF&Ex&dxAC_equip,LRM AOE +30% RCA LSC R22 R410a rDXGF Measure,56.92,110.85,292413.68,569472.17,292413.69,15780.89,31900.71,14740.46,0.0,73945.06,0.0,14898.13,0.0,0.0,0.0,0.0,141148.42,0.0,0.0,0.0,31900.71,15780.89,0.0,59678.04,14267.02,0.0,0.0,2283.19,145465316.8576873
runs/CZ15/MFm&0&rDXGF&Ex&dxAC_equip/LRM AOE +40% RCA LSC R22 R410a rDXGF Measure/instance-out.sql,CZ15,MFm,0,rDXGF,Ex,dxAC_equip,,LRM AOE +40% RCA LSC R22 R410a rDXGF Measure,MFm&0&rDXGF&Ex&dxAC_equip,LRM AOE +40% RCA LSC R22 R410a rDXGF Measure,54.54,103.31,280172.47,530704.25,280172.48,15780.89,19659.5,14740.46,0.0,73945.06,0.0,14898.13,0.0,0.0,0.0,0.0,141148.42,0.0,0.0,0.0,19659.5,15780.89,0.0,59678.04,14267.02,0.0,0.0,2283.19,117520576.31654066
runs/CZ15/MFm&0&rDXGF&Ex&dxAC_equip/LRM NR LSC R454b rDXGF Measure/instance-out.sql,CZ15,MFm,0,rDXGF,Ex,dxAC_equip,,LRM NR LSC R454b rDXGF Measure,MFm&0&rDXGF&Ex&dxAC_equip,LRM NR LSC R454b rDXGF Measure,61.62,125.75,316574.67,645990.02,316574.68,15780.89,56061.7,14740.46,0.0,73945.06,0.0,14898.13,0.0,0.0,0.0,0.0,141148.42,0.0,0.0,0.0,56061.7,15780.89,0.0,59678.04,14267.02,0.0,0.0,2283.19,200621027.02156895
runs/CZ15/MFm&0&rDXGF&Ex&dxAC_equip/LRM AOE +7.5% RCA LSC R22 R410a rDXGF Measure/instance-out.sql,CZ15,MFm,0,rDXGF,Ex,dxAC_equip,,LRM AOE +7.5% RCA LSC R22 R410a rDXGF Measure,MFm&0&rDXGF&Ex&dxAC_equip,LRM AOE +7.5% RCA LSC R22 R410a rDXGF Measure,62.28,127.83,319956.41,656699.97,319956.41000000003,15780.89,59443.43,14740.46,0.0,73945.06,0.0,14898.13,0.0,0.0,0.0,0.0,141148.42,0.0,0.0,0.0,59443.43,15780.89,0.0,59678.04,14267.02,0.0,0.0,2283.19,208340983.07407153
runs/CZ15/MFm&0&rDXGF&Ex&dxAC_equip/LRM AOE LSC R22 R410a rDXGF Measure/instance-out.sql,CZ15,MFm,0,rDXGF,Ex,dxAC_equip,,LRM AOE LSC R22 R410a rDXGF Measure,MFm&0&rDXGF&Ex&dxAC_equip,LRM AOE LSC R22 R410a rDXGF Measure,62.81,129.49,322649.47,665228.91,322649.47,15780.89,62136.5,14740.46,0.0,73945.06,0.0,14898.13,0.0,0.0,0.0,0.0,141148.42,0.0,0.0,0.0,62136.5,15780.89,0.0,59678.04,14267.02,0.0,0.0,2283.19,214488826.01199704
runs/CZ15/MFm&0&rDXGF&Ex&dxAC_equip/LRM AOE R22 R410a rDXGF Base/instance-out.sql,CZ15,MFm,0,rDXGF,Ex,dxAC_equip,,LRM AOE R22 R410a rDXGF Base,MFm&0&rDXGF&Ex&dxAC_equip,LRM AOE R22 R410a rDXGF Base,64.07,133.49,329137.31,685775.9,329137.32,15780.89,68624.34,14740.46,0.0,73945.06,0.0,14898.13,0.0,0.0,0.0,0.0,141148.42,0.0,0.0,0.0,68624.34,15780.89,0.0,59678.04,14267.02,0.0,0.0,2283.19,229299538.48037687
runs/CZ15/MFm&0&rDXGF&Ex&dxAC_equip/LRM NR R454b rDXGF Base/instance-out.sql,CZ15,MFm,0,rDXGF,Ex,dxAC_equip,,LRM NR R454b rDXGF Base,MFm&0&rDXGF&Ex&dxAC_equip,LRM NR R454b rDXGF Base,62.76,129.36,322428.23,664528.23,322428.23,15780.89,61915.26,14740.46,0.0,73945.06,0.0,14898.13,0.0,0.0,0.0,0.0,141148.42,0.0,0.0,0.0,61915.26,15780.89,0.0,59678.04,14267.02,0.0,0.0,2283.19,213983764.81450123
runs/CZ15/MFm&0&rDXHP&Ex&dxHP_equip/LRM AOE +15% RCA LSC R22 R410a rDXHP Measure/instance-out.sql,CZ15,MFm,0,rDXHP,Ex,dxHP_equip,,LRM AOE +15% RCA LSC R22 R410a rDXHP Measure,MFm&0&rDXHP&Ex&dxHP_equip,LRM AOE +15% RCA LSC R22 R410a rDXHP Measure,58.53,122.35,300691.15,628548.79,300691.15,5949.1,50265.96,14740.46,0.0,73945.06,0.0,14637.48,0.0,0.0,0.0,0.0,141153.08,0.0,0.0,5949.1,50265.96,0.0,0.0,59678.04,14267.02,0.0,0.0,2283.19,187382533.94031018
runs/CZ15/MFm&0&rDXHP&Ex&dxHP_equip/LRM AOE +22.5% RCA LSC R22 R410a rDXHP Measure/instance-out.sql,CZ15,MFm,0,rDXHP,Ex,dxHP_equip,,LRM AOE +22.5% RCA LSC R22 R410a rDXHP Measure,MFm&0&rDXHP&Ex&dxHP_equip,LRM AOE +22.5% RCA LSC R22 R410a rDXHP Measure,56.68,116.48,291171.25,598399.28,291171.26,5610.74,41084.42,14740.46,0.0,73945.06,0.0,14637.48,0.0,0.0,0.0,0.0,141153.08,0.0,0.0,5610.74,41084.42,0.0,0.0,59678.04,14267.02,0.0,0.0,2283.19,166423962.88737905
runs/CZ15/MFm&0&rDXHP&Ex&dxHP_equip/LRM AOE +30% RCA LSC R22 R410a rDXHP Measure/instance-out.sql,CZ15,MFm,0,rDXHP,Ex,dxHP_equip,,LRM AOE +30% RCA LSC R22 R410a rDXHP Measure,MFm&0&rDXHP&Ex&dxHP_equip,LRM AOE +30% RCA LSC R22 R410a rDXHP Measure,54.83,110.62,281651.35,568249.76,281651.36,5272.38,31902.89,14740.46,0.0,73945.06,0.0,14637.48,0.0,0.0,0.0,0.0,141153.08,0.0,0.0,5272.38,31902.89,0.0,0.0,59678.04,14267.02,0.0,0.0,2283.19,145465391.8441307
runs/CZ15/MFm&0&rDXHP&Ex&dxHP_equip/LRM AOE +40% RCA LSC R22 R410a rDXHP Measure/instance-out.sql,CZ15,MFm,0,rDXHP,Ex,dxHP_equip,,LRM AOE +40% RCA LSC R22 R410a rDXHP Measure,MFm&0&rDXHP&Ex&dxHP_equip,LRM AOE +40% RCA LSC R22 R410a rDXHP Measure,52.36,102.79,268958.16,528050.41,268958.16,4821.23,19660.84,14740.46,0.0,73945.06,0.0,14637.48,0.0,0.0,0.0,0.0,141153.08,0.0,0.0,4821.23,19660.84,0.0,0.0,59678.04,14267.02,0.0,0.0,2283.19,117520630.45179811
runs/CZ15/MFm&0&rDXHP&Ex&dxHP_equip/LRM AOE +7.5% RCA LSC R22 R410a rDXHP Measure/instance-out.sql,CZ15,MFm,0,rDXHP,Ex,dxHP_equip,,LRM AOE +7.5% RCA LSC R22 R410a rDXHP Measure,MFm&0&rDXHP&Ex&dxHP_equip,LRM AOE +7.5% RCA LSC R22 R410a rDXHP Measure,60.39,128.22,310211.05,658698.31,310211.05,6287.47,59447.49,14740.46,0.0,73945.06,0.0,14637.48,0.0,0.0,0.0,0.0,141153.08,0.0,0.0,6287.47,59447.49,0.0,0.0,59678.04,14267.02,0.0,0.0,2283.19,208341104.9756832
runs/CZ15/MFm&0&rDXHP&Ex&dxHP_equip/LRM AOE LSC R22 R410a rDXHP Measure/instance-out.sql,CZ15,MFm,0,rDXHP,Ex,dxHP_equip,,LRM AOE LSC R22 R410a rDXHP Measure,MFm&0&rDXHP&Ex&dxHP_equip,LRM AOE LSC R22 R410a rDXHP Measure,60.93,129.94,313003.55,667542.17,313003.56,6386.72,62140.74,14740.46,0.0,73945.06,0.0,14637.48,0.0,0.0,0.0,0.0,141153.08,0.0,0.0,6386.72,62140.74,0.0,0.0,59678.04,14267.02,0.0,0.0,2283.19,214488952.50086963
runs/CZ16/MFm&0&rDXGF&Ex&dxAC_equip/LRM AOE +15% RCA LSC R22 R410a rDXGF Measure/instance-out.sql,CZ16,MFm,0,rDXGF,Ex,dxAC_equip,,LRM AOE +15% RCA LSC R22 R410a rDXGF Measure,MFm&0&rDXGF&Ex&dxAC_equip,LRM AOE +15% RCA LSC R22 R410a rDXGF Measure,60.02,100.49,308315.65,516225.23,308315.64999999997,59108.66,6337.92,14740.46,0.0,73945.06,0.0,6622.87,0.0,0.0,0.0,0.0,147560.68,0.0,0.0,0.0,6337.92,59108.66,0.0,59678.04,14267.02,0.0,0.0,2283.19,95890765.84099045
runs/CZ15/MFm&0&rDXHP&Ex&dxHP_equip/LRM NR R32 R454b rDXHP Base/instance-out.sql,CZ15,MFm,0,rDXHP,Ex,dxHP_equip,,LRM NR R32 R454b rDXHP Base,MFm&0&rDXHP&Ex&dxHP_equip,LRM NR R32 R454b rDXHP Base,60.69,129.19,311774.05,663648.34,311774.06,5378.48,61919.49,14740.46,0.0,73945.06,0.0,14637.48,0.0,0.0,0.0,0.0,141153.08,0.0,0.0,5378.48,61919.49,0.0,0.0,59678.04,14267.02,0.0,0.0,2283.19,213983890.9265185
runs/CZ15/MFm&0&rDXHP&Ex&dxHP_equip/LRM NR LSC R32 R454b rDXHP Measure/instance-out.sql,CZ15,MFm,0,rDXHP,Ex,dxHP_equip,,LRM NR LSC R32 R454b rDXHP Measure,MFm&0&rDXHP&Ex&dxHP_equip,LRM NR LSC R32 R454b rDXHP Measure,59.51,125.46,305730.11,644507.17,305730.11,5188.49,56065.53,14740.46,0.0,73945.06,0.0,14637.48,0.0,0.0,0.0,0.0,141153.08,0.0,0.0,5188.49,56065.53,0.0,0.0,59678.04,14267.02,0.0,0.0,2283.19,200621143.1628753
runs/CZ16/MFm&0&rDXGF&Ex&dxAC_equip/LRM AOE +22.5% RCA LSC R22 R410a rDXGF Measure/instance-out.sql,CZ16,MFm,0,rDXGF,Ex,dxAC_equip,,LRM AOE +22.5% RCA LSC R22 R410a rDXGF Measure,MFm&0&rDXGF&Ex&dxAC_equip,LRM AOE +22.5% RCA LSC R22 R410a rDXGF Measure,59.79,99.77,307157.97,512558.86,307157.97,59108.66,5180.24,14740.46,0.0,73945.06,0.0,6622.87,0.0,0.0,0.0,0.0,147560.68,0.0,0.0,0.0,5180.24,59108.66,0.0,59678.04,14267.02,0.0,0.0,2283.19,89036731.22243318
runs/CZ15/MFm&0&rDXHP&Ex&dxHP_equip/LRM AOE R22 R410a rDXHP Base/instance-out.sql,CZ15,MFm,0,rDXHP,Ex,dxHP_equip,,LRM AOE R22 R410a rDXHP Base,MFm&0&rDXHP&Ex&dxHP_equip,LRM AOE R22 R410a rDXHP Base,62.24,134.09,319730.95,688847.83,319730.94999999995,6625.83,68629.03,14740.46,0.0,73945.06,0.0,14637.48,0.0,0.0,0.0,0.0,141153.08,0.0,0.0,6625.83,68629.03,0.0,0.0,59678.04,14267.02,0.0,0.0,2283.19,229299676.02037802
runs/CZ16/MFm&0&rDXGF&Ex&dxAC_equip/LRM AOE +30% RCA LSC R22 R410a rDXGF Measure/instance-out.sql,CZ16,MFm,0,rDXGF,Ex,dxAC_equip,,LRM AOE +30% RCA LSC R22 R410a rDXGF Measure,MFm&0&rDXGF&Ex&dxAC_equip,LRM AOE +30% RCA LSC R22 R410a rDXGF Measure,59.57,99.06,306000.29,508892.5,306000.3,59108.66,4022.56,14740.46,0.0,73945.06,0.0,6622.87,0.0,0.0,0.0,0.0,147560.68,0.0,0.0,0.0,4022.56,59108.66,0.0,59678.04,14267.02,0.0,0.0,2283.19,82182696.60704246
runs/CZ16/MFm&0&rDXGF&Ex&dxAC_equip/LRM AOE +7.5% RCA LSC R22 R410a rDXGF Measure/instance-out.sql,CZ16,MFm,0,rDXGF,Ex,dxAC_equip,,LRM AOE +7.5% RCA LSC R22 R410a rDXGF Measure,MFm&0&rDXGF&Ex&dxAC_equip,LRM AOE +7.5% RCA LSC R22 R410a rDXGF Measure,60.24,101.2,309473.33,519891.6,309473.32999999996,59108.66,7495.6,14740.46,0.0,73945.06,0.0,6622.87,0.0,0.0,0.0,0.0,147560.68,0.0,0.0,0.0,7495.6,59108.66,0.0,59678.04,14267.02,0.0,0.0,2283.19,102744800.45380571
runs/CZ16/MFm&0&rDXGF&Ex&dxAC_equip/LRM AOE +40% RCA LSC R22 R410a rDXGF Measure/instance-out.sql,CZ16,MFm,0,rDXGF,Ex,dxAC_equip,,LRM AOE +40% RCA LSC R22 R410a rDXGF Measure,MFm&0&rDXGF&Ex&dxAC_equip,LRM AOE +40% RCA LSC R22 R410a rDXGF Measure,59.27,98.11,304456.72,504004.01,304456.72,59108.66,2478.99,14740.46,0.0,73945.06,0.0,6622.87,0.0,0.0,0.0,0.0,147560.68,0.0,0.0,0.0,2478.99,59108.66,0.0,59678.04,14267.02,0.0,0.0,2283.19,73043983.78608501
runs/CZ16/MFm&0&rDXGF&Ex&dxAC_equip/LRM AOE R22 R410a rDXGF Base/instance-out.sql,CZ16,MFm,0,rDXGF,Ex,dxAC_equip,,LRM AOE R22 R410a rDXGF Base,MFm&0&rDXGF&Ex&dxAC_equip,LRM AOE R22 R410a rDXGF Base,60.47,101.92,310631.01,523557.97,310631.01,59108.66,8653.28,14740.46,0.0,73945.06,0.0,6622.87,0.0,0.0,0.0,0.0,147560.68,0.0,0.0,0.0,8653.28,59108.66,0.0,59678.04,14267.02,0.0,0.0,2283.19,109598835.06966944
runs/CZ16/MFm&0&rDXGF&Ex&dxAC_equip/LRM NR LSC R454b rDXGF Measure/instance-out.sql,CZ16,MFm,0,rDXGF,Ex,dxAC_equip,,LRM NR LSC R454b rDXGF Measure,MFm&0&rDXGF&Ex&dxAC_equip,LRM NR LSC R454b rDXGF Measure,60.16,100.94,309046.9,518541.12,309046.91,59108.66,7069.17,14740.46,0.0,73945.06,0.0,6622.87,0.0,0.0,0.0,0.0,147560.68,0.0,0.0,0.0,7069.17,59108.66,0.0,59678.04,14267.02,0.0,0.0,2283.19,100220158.60750361
runs/CZ16/MFm&0&rDXGF&Ex&dxAC_equip/LRM NR R454b rDXGF Base/instance-out.sql,CZ16,MFm,0,rDXGF,Ex,dxAC_equip,,LRM NR R454b rDXGF Base,MFm&0&rDXGF&Ex&dxAC_equip,LRM NR R454b rDXGF Base,60.3,101.39,309785.02,520878.72,309785.02,59108.66,7807.29,14740.46,0.0,73945.06,0.0,6622.87,0.0,0.0,0.0,0.0,147560.68,0.0,0.0,0.0,7807.29,59108.66,0.0,59678.04,14267.02,0.0,0.0,2283.19,104590148.12347543
runs/CZ16/MFm&0&rDXGF&Ex&dxAC_equip/LRM AOE LSC R22 R410a rDXGF Measure/instance-out.sql,CZ16,MFm,0,rDXGF,Ex,dxAC_equip,,LRM AOE LSC R22 R410a rDXGF Measure,MFm&0&rDXGF&Ex&dxAC_equip,LRM AOE LSC R22 R410a rDXGF Measure,60.31,101.41,309812.91,520967.07,309812.92,59108.66,7835.18,14740.46,0.0,73945.06,0.0,6622.87,0.0,0.0,0.0,0.0,147560.68,0.0,0.0,0.0,7835.18,59108.66,0.0,59678.04,14267.02,0.0,0.0,2283.19,104755317.28058842
runs/CZ16/MFm&0&rDXHP&Ex&dxHP_equip/LRM AOE +15% RCA LSC R22 R410a rDXHP Measure/instance-out.sql,CZ16,MFm,0,rDXHP,Ex,dxHP_equip,,LRM AOE +15% RCA LSC R22 R410a rDXHP Measure,MFm&0&rDXHP&Ex&dxHP_equip,LRM AOE +15% RCA LSC R22 R410a rDXHP Measure,53.6,104.14,275365.99,534988.9,275365.99,27324.85,6338.82,14740.46,0.0,73945.06,0.0,5452.23,0.0,0.0,0.0,0.0,147564.56,0.0,0.0,27324.85,6338.82,0.0,0.0,59678.04,14267.02,0.0,0.0,2283.19,95891490.98608683
runs/CZ16/MFm&0&rDXHP&Ex&dxHP_equip/LRM AOE +40% RCA LSC R22 R410a rDXHP Measure/instance-out.sql,CZ16,MFm,0,rDXHP,Ex,dxHP_equip,,LRM AOE +40% RCA LSC R22 R410a rDXHP Measure,MFm&0&rDXHP&Ex&dxHP_equip,LRM AOE +40% RCA LSC R22 R410a rDXHP Measure,52.05,99.21,267365.51,509651.38,267365.51,23183.85,2479.34,14740.46,0.0,73945.06,0.0,5452.23,0.0,0.0,0.0,0.0,147564.56,0.0,0.0,23183.85,2479.34,0.0,0.0,59678.04,14267.02,0.0,0.0,2283.19,73044377.98143105
runs/CZ16/MFm&0&rDXHP&Ex&dxHP_equip/LRM AOE +30% RCA LSC R22 R410a rDXHP Measure/instance-out.sql,CZ16,MFm,0,rDXHP,Ex,dxHP_equip,,LRM AOE +30% RCA LSC R22 R410a rDXHP Measure,MFm&0&rDXHP&Ex&dxHP_equip,LRM AOE +30% RCA LSC R22 R410a rDXHP Measure,52.67,101.18,270565.7,519786.39,270565.69999999995,24840.25,4023.13,14740.46,0.0,73945.06,0.0,5452.23,0.0,0.0,0.0,0.0,147564.56,0.0,0.0,24840.25,4023.13,0.0,0.0,59678.04,14267.02,0.0,0.0,2283.19,82183223.18228863
runs/CZ16/MFm&0&rDXHP&Ex&dxHP_equip/LRM AOE +22.5% RCA LSC R22 R410a rDXHP Measure/instance-out.sql,CZ16,MFm,0,rDXHP,Ex,dxHP_equip,,LRM AOE +22.5% RCA LSC R22 R410a rDXHP Measure,MFm&0&rDXHP&Ex&dxHP_equip,LRM AOE +22.5% RCA LSC R22 R410a rDXHP Measure,53.14,102.66,272965.85,527387.64,272965.83999999997,26082.55,5180.98,14740.46,0.0,73945.06,0.0,5452.23,0.0,0.0,0.0,0.0,147564.56,0.0,0.0,26082.55,5180.98,0.0,0.0,59678.04,14267.02,0.0,0.0,2283.19,89037357.08260444
runs/CZ16/MFm&0&rDXHP&Ex&dxHP_equip/LRM AOE LSC R22 R410a rDXHP Measure/instance-out.sql,CZ16,MFm,0,rDXHP,Ex,dxHP_equip,,LRM AOE LSC R22 R410a rDXHP Measure,MFm&0&rDXHP&Ex&dxHP_equip,LRM AOE LSC R22 R410a rDXHP Measure,54.21,106.05,278470.18,544819.86,278470.17,28931.56,7836.3,14740.46,0.0,73945.06,0.0,5452.23,0.0,0.0,0.0,0.0,147564.56,0.0,0.0,28931.56,7836.3,0.0,0.0,59678.04,14267.02,0.0,0.0,2283.19,104756170.83418797
runs/CZ16/MFm&0&rDXHP&Ex&dxHP_equip/LRM AOE +7.5% RCA LSC R22 R410a rDXHP Measure/instance-out.sql,CZ16,MFm,0,rDXHP,Ex,dxHP_equip,,LRM AOE +7.5% RCA LSC R22 R410a rDXHP Measure,MFm&0&rDXHP&Ex&dxHP_equip,LRM AOE +7.5% RCA LSC R22 R410a rDXHP Measure,54.07,105.62,277766.13,542590.15,277766.13,28567.15,7496.66,14740.46,0.0,73945.06,0.0,5452.23,0.0,0.0,0.0,0.0,147564.56,0.0,0.0,28567.15,7496.66,0.0,0.0,59678.04,14267.02,0.0,0.0,2283.19,102745624.88382715
runs/CZ16/MFm&0&rDXHP&Ex&dxHP_equip/LRM AOE R22 R410a rDXHP Base/instance-out.sql,CZ16,MFm,0,rDXHP,Ex,dxHP_equip,,LRM AOE R22 R410a rDXHP Base,MFm&0&rDXHP&Ex&dxHP_equip,LRM AOE R22 R410a rDXHP Base,54.54,107.1,280166.28,550191.41,280166.27,29809.46,8654.51,14740.46,0.0,73945.06,0.0,5452.23,0.0,0.0,0.0,0.0,147564.56,0.0,0.0,29809.46,8654.51,0.0,0.0,59678.04,14267.02,0.0,0.0,2283.19,109599758.78461598
runs/CZ16/MFm&0&rDXHP&Ex&dxHP_equip/LRM NR LSC R32 R454b rDXHP Measure/instance-out.sql,CZ16,MFm,0,rDXHP,Ex,dxHP_equip,,LRM NR LSC R32 R454b rDXHP Measure,MFm&0&rDXHP&Ex&dxHP_equip,LRM NR LSC R32 R454b rDXHP Measure,53.2,102.87,273304.74,528460.93,273304.74,24532.25,7070.18,14740.46,0.0,73945.06,0.0,5452.23,0.0,0.0,0.0,0.0,147564.56,0.0,0.0,24532.25,7070.18,0.0,0.0,59678.04,14267.02,0.0,0.0,2283.19,100220946.46652845
runs/CZ16/MFm&0&rDXHP&Ex&dxHP_equip/LRM NR R32 R454b rDXHP Base/instance-out.sql,CZ16,MFm,0,rDXHP,Ex,dxHP_equip,,LRM NR R32 R454b rDXHP Base,MFm&0&rDXHP&Ex&dxHP_equip,LRM NR R32 R454b rDXHP Base,53.48,103.76,274740.51,533008.01,274740.51,25229.8,7808.39,14740.46,0.0,73945.06,0.0,5452.23,0.0,0.0,0.0,0.0,147564.56,0.0,0.0,25229.8,7808.39,0.0,0.0,59678.04,14267.02,0.0,0.0,2283.19,104590999.28449771
