File Name,BldgLoc,BldgType,Story,BldgHVAC,BldgVint,TechGroup,TechType,TechID,Cohort,Case,Net Site EUI,Net Source EUI,Total Energy/Net Site Energy,Total Energy/Net Source Energy,Total,Heating,Cooling,Interior Lighting,Exterior Lighting,Interior Equipment,Exterior Equipment,Fans,Pumps,Heat Rejection,Humidification,Heat Recovery,Water Systems,Refrigeration,Generators,Heating Elec,Cooling Elec,Heating NG,Cooling NG,Interior Equipment Elec,Interior Equipment NG,Unmet Heating,Unmet Cooling,Conditioned Area,Electricity:Facility [J](Hourly),Area ft2,DEER Peak kW/ft2
runs/CZ01/MFm&0&rDXGF&Ex&dxAC_equip/LRM AOE +15% RCA LSC R22 R410a rDXGF Measure/instance-out.sql,CZ01,MFm,weighted,rDXGF,Ex,dxAC_equip,,LRM AOE +15% RCA LSC R22 R410a rDXGF Measure,MFm&0&rDXGF&Ex&dxAC_equip,LRM AOE +15% RCA LSC R22 R410a rDXGF Measure,51.33,86.88,263696.9,446295.67,10.72984174,0.90993139,0.03676306,0.59979015,0.0,3.00882866,0.0,0.06939608,0.0,0.0,0.0,0.0,6.105132,0.0,0.0,0.0,0.03676306,0.90993139,0.0,2.42830281,0.58052585,0.0,0.0,2283.19,0.00061107,24576.0,0.00061107
runs/CZ01/MFm&0&rDXGF&Ex&dxAC_equip/LRM AOE +22.5% RCA LSC R22 R410a rDXGF Measure/instance-out.sql,CZ01,MFm,weighted,rDXGF,Ex,dxAC_equip,,LRM AOE +22.5% RCA LSC R22 R410a rDXGF Measure,MFm&0&rDXGF&Ex&dxAC_equip,LRM AOE +22.5% RCA LSC R22 R410a rDXGF Measure,51.3,86.77,263531.87,445773.02,10.72312666,0.90993139,0.03004798,0.59979015,0.0,3.00882866,0.0,0.06939608,0.0,0.0,0.0,0.0,6.105132,0.0,0.0,0.0,0.03004798,0.90993139,0.0,2.42830281,0.58052585,0.0,0.0,2283.19,0.00059819,24576.0,0.00059819
runs/CZ01/MFm&0&rDXGF&Ex&dxAC_equip/LRM AOE +30% RCA LSC R22 R410a rDXGF Measure/instance-out.sql,CZ01,MFm,weighted,rDXGF,Ex,dxAC_equip,,LRM AOE +30% RCA LSC R22 R410a rDXGF Measure,MFm&0&rDXGF&Ex&dxAC_equip,LRM AOE +30% RCA LSC R22 R410a rDXGF Measure,51.27,86.67,263366.84,445250.36,10.71641158,0.90993139,0.0233329,0.59979015,0.0,3.00882866,0.0,0.06939608,0.0,0.0,0.0,0.0,6.105132,0.0,0.0,0.0,0.0233329,0.90993139,0.0,2.42830281,0.58052585,0.0,0.0,2283.19,0.0005853,24576.0,0.0005853
runs/CZ01/MFm&0&rDXGF&Ex&dxAC_equip/LRM AOE +40% RCA LSC R22 R410a rDXGF Measure/instance-out.sql,CZ01,MFm,weighted,rDXGF,Ex,dxAC_equip,,LRM AOE +40% RCA LSC R22 R410a rDXGF Measure,MFm&0&rDXGF&Ex&dxAC_equip,LRM AOE +40% RCA LSC R22 R410a rDXGF Measure,51.22,86.54,263146.8,444553.5,10.70745814,0.90993139,0.01437946,0.59979015,0.0,3.00882866,0.0,0.06939608,0.0,0.0,0.0,0.0,6.105132,0.0,0.0,0.0,0.01437946,0.90993139,0.0,2.42830281,0.58052585,0.0,0.0,2283.19,0.00056811,24576.0,0.00056811
runs/CZ01/MFm&0&rDXGF&Ex&dxAC_equip/LRM AOE +7.5% RCA LSC R22 R410a rDXGF Measure/instance-out.sql,CZ01,MFm,weighted,rDXGF,Ex,dxAC_equip,,LRM AOE +7.5% RCA LSC R22 R410a rDXGF Measure,MFm&0&rDXGF&Ex&dxAC_equip,LRM AOE +7.5% RCA LSC R22 R410a rDXGF Measure,51.36,86.98,263861.93,446818.32,10.73655682,0.90993139,0.04347814,0.59979015,0.0,3.00882866,0.0,0.06939608,0.0,0.0,0.0,0.0,6.105132,0.0,0.0,0.0,0.04347814,0.90993139,0.0,2.42830281,0.58052585,0.0,0.0,2283.19,0.00062396,24576.0,0.00062396
runs/CZ01/MFm&0&rDXGF&Ex&dxAC_equip/LRM AOE LSC R22 R410a rDXGF Measure/instance-out.sql,CZ01,MFm,weighted,rDXGF,Ex,dxAC_equip,,LRM AOE LSC R22 R410a rDXGF Measure,MFm&0&rDXGF&Ex&dxAC_equip,LRM AOE LSC R22 R410a rDXGF Measure,51.37,87.01,263910.34,446971.63,10.73852662,0.90993139,0.04544794,0.59979015,0.0,3.00882866,0.0,0.06939608,0.0,0.0,0.0,0.0,6.105132,0.0,0.0,0.0,0.04544794,0.90993139,0.0,2.42830281,0.58052585,0.0,0.0,2283.19,0.00062774,24576.0,0.00062774
runs/CZ01/MFm&0&rDXGF&Ex&dxAC_equip/LRM AOE R22 R410a rDXGF Base/instance-out.sql,CZ01,MFm,weighted,rDXGF,Ex,dxAC_equip,,LRM AOE R22 R410a rDXGF Base,MFm&0&rDXGF&Ex&dxAC_equip,LRM AOE R22 R410a rDXGF Base,51.4,87.08,264026.96,447340.97,10.7432719,0.90993139,0.05019322,0.59979015,0.0,3.00882866,0.0,0.06939608,0.0,0.0,0.0,0.0,6.105132,0.0,0.0,0.0,0.05019322,0.90993139,0.0,2.42830281,0.58052585,0.0,0.0,2283.19,0.00063685,24576.0,0.00063685
runs/CZ01/MFm&0&rDXGF&Ex&dxAC_equip/LRM NR LSC R454b rDXGF Measure/instance-out.sql,CZ01,MFm,weighted,rDXGF,Ex,dxAC_equip,,LRM NR LSC R454b rDXGF Measure,MFm&0&rDXGF&Ex&dxAC_equip,LRM NR LSC R454b rDXGF Measure,51.35,86.94,263801.14,446625.8,10.73408368,0.90993139,0.04100459,0.59979015,0.0,3.00882866,0.0,0.06939608,0.0,0.0,0.0,0.0,6.105132,0.0,0.0,0.0,0.04100459,0.90993139,0.0,2.42830281,0.58052585,0.0,0.0,2283.19,0.00061921,24576.0,0.00061921
runs/CZ01/MFm&0&rDXGF&Ex&dxAC_equip/LRM NR R454b rDXGF Base/instance-out.sql,CZ01,MFm,weighted,rDXGF,Ex,dxAC_equip,,LRM NR R454b rDXGF Base,MFm&0&rDXGF&Ex&dxAC_equip,LRM NR R454b rDXGF Base,51.37,87.0,263906.36,446959.03,10.73836468,0.90993139,0.045286,0.59979015,0.0,3.00882866,0.0,0.06939608,0.0,0.0,0.0,0.0,6.105132,0.0,0.0,0.0,0.045286,0.90993139,0.0,2.42830281,0.58052585,0.0,0.0,2283.19,0.00062743,24576.0,0.00062743
runs/CZ01/MFm&0&rDXHP&Ex&dxHP_equip/LRM AOE +15% RCA LSC R22 R410a rDXHP Measure/instance-out.sql,CZ01,MFm,weighted,rDXHP,Ex,dxHP_equip,,LRM AOE +15% RCA LSC R22 R410a rDXHP Measure,MFm&0&rDXHP&Ex&dxHP_equip,LRM AOE +15% RCA LSC R22 R410a rDXHP Measure,49.07,88.77,252059.54,456022.64,10.2563169,0.45037097,0.0367948,0.59979015,0.0,3.00882866,0.0,0.05542718,0.0,0.0,0.0,0.0,6.10510473,0.0,0.0,0.45037097,0.0367948,0.0,0.0,2.42830281,0.58052585,0.0,0.0,2283.19,0.00061116,24576.0,0.00061116
runs/CZ01/MFm&0&rDXHP&Ex&dxHP_equip/LRM AOE +30% RCA LSC R22 R410a rDXHP Measure/instance-out.sql,CZ01,MFm,weighted,rDXHP,Ex,dxHP_equip,,LRM AOE +30% RCA LSC R22 R410a rDXHP Measure,MFm&0&rDXHP&Ex&dxHP_equip,LRM AOE +30% RCA LSC R22 R410a rDXHP Measure,48.83,88.01,250835.91,452147.39,10.20652692,0.41402295,0.02335324,0.59979015,0.0,3.00882866,0.0,0.05542718,0.0,0.0,0.0,0.0,6.10510473,0.0,0.0,0.41402295,0.02335324,0.0,0.0,2.42830281,0.58052585,0.0,0.0,2283.19,0.00058536,24576.0,0.00058536
runs/CZ01/MFm&0&rDXHP&Ex&dxHP_equip/LRM AOE +22.5% RCA LSC R22 R410a rDXHP Measure/instance-out.sql,CZ01,MFm,weighted,rDXHP,Ex,dxHP_equip,,LRM AOE +22.5% RCA LSC R22 R410a rDXHP Measure,MFm&0&rDXHP&Ex&dxHP_equip,LRM AOE +22.5% RCA LSC R22 R410a rDXHP Measure,48.95,88.39,251447.72,454085.01,10.23142191,0.43219717,0.03007402,0.59979015,0.0,3.00882866,0.0,0.05542718,0.0,0.0,0.0,0.0,6.10510473,0.0,0.0,0.43219717,0.03007402,0.0,0.0,2.42830281,0.58052585,0.0,0.0,2283.19,0.00059826,24576.0,0.00059826
runs/CZ01/MFm&0&rDXHP&Ex&dxHP_equip/LRM AOE R22 R410a rDXHP Base/instance-out.sql,CZ01,MFm,weighted,rDXHP,Ex,dxHP_equip,,LRM AOE R22 R410a rDXHP Base,MFm&0&rDXHP&Ex&dxHP_equip,LRM AOE R22 R410a rDXHP Base,49.3,89.52,253283.18,459897.9,10.30610648,0.48671899,0.05023676,0.59979015,0.0,3.00882866,0.0,0.05542718,0.0,0.0,0.0,0.0,6.10510473,0.0,0.0,0.48671899,0.05023676,0.0,0.0,2.42830281,0.58052585,0.0,0.0,2283.19,0.00063696,24576.0,0.00063696
runs/CZ01/MFm&0&rDXHP&Ex&dxHP_equip/LRM AOE +40% RCA LSC R22 R410a rDXHP Measure/instance-out.sql,CZ01,MFm,weighted,rDXHP,Ex,dxHP_equip,,LRM AOE +40% RCA LSC R22 R410a rDXHP Measure,MFm&0&rDXHP&Ex&dxHP_equip,LRM AOE +40% RCA LSC R22 R410a rDXHP Measure,48.67,87.51,250020.15,449563.88,10.17333401,0.38979121,0.01439167,0.59979015,0.0,3.00882866,0.0,0.05542718,0.0,0.0,0.0,0.0,6.10510473,0.0,0.0,0.38979121,0.01439167,0.0,0.0,2.42830281,0.58052585,0.0,0.0,2283.19,0.00056816,24576.0,0.00056816
runs/CZ01/MFm&0&rDXHP&Ex&dxHP_equip/LRM NR LSC R32 R454b rDXHP Measure/instance-out.sql,CZ01,MFm,weighted,rDXHP,Ex,dxHP_equip,,LRM NR LSC R32 R454b rDXHP Measure,MFm&0&rDXHP&Ex&dxHP_equip,LRM NR LSC R32 R454b rDXHP Measure,48.89,88.21,251159.85,453173.32,10.21970847,0.40951734,0.0410404,0.59979015,0.0,3.00882866,0.0,0.05542718,0.0,0.0,0.0,0.0,6.10510473,0.0,0.0,0.40951734,0.0410404,0.0,0.0,2.42830281,0.58052585,0.0,0.0,2283.19,0.00061931,24576.0,0.00061931
runs/CZ02/MFm&0&rDXGF&Ex&dxAC_equip/LRM AOE +22.5% RCA LSC R22 R410a rDXGF Measure/instance-out.sql,CZ02,MFm,weighted,rDXGF,Ex,dxAC_equip,,LRM AOE +22.5% RCA LSC R22 R410a rDXGF Measure,MFm&0&rDXGF&Ex&dxAC_equip,LRM AOE +22.5% RCA LSC R22 R410a rDXGF Measure,55.14,93.08,283271.89,478174.04,11.52634918,1.64561656,0.15797385,0.59979015,0.0,3.00882866,0.0,0.15640363,0.0,0.0,0.0,0.0,5.95773593,0.0,0.0,0.0,0.15797385,1.64561656,0.0,2.42830281,0.58052585,0.0,0.0,2283.19,0.00090498,24576.0,0.00090498
runs/CZ01/MFm&0&rDXHP&Ex&dxHP_equip/LRM AOE +7.5% RCA LSC R22 R410a rDXHP Measure/instance-out.sql,CZ01,MFm,weighted,rDXHP,Ex,dxHP_equip,,LRM AOE +7.5% RCA LSC R22 R410a rDXHP Measure,MFm&0&rDXHP&Ex&dxHP_equip,LRM AOE +7.5% RCA LSC R22 R410a rDXHP Measure,49.18,89.15,252671.36,457960.27,10.28121189,0.46854519,0.04351598,0.59979015,0.0,3.00882866,0.0,0.05542718,0.0,0.0,0.0,0.0,6.10510473,0.0,0.0,0.46854519,0.04351598,0.0,0.0,2.42830281,0.58052585,0.0,0.0,2283.19,0.00062406,24576.0,0.00062406
runs/CZ01/MFm&0&rDXHP&Ex&dxHP_equip/LRM AOE LSC R22 R410a rDXHP Measure/instance-out.sql,CZ01,MFm,weighted,rDXHP,Ex,dxHP_equip,,LRM AOE LSC R22 R410a rDXHP Measure,MFm&0&rDXHP&Ex&dxHP_equip,LRM AOE LSC R22 R410a rDXHP Measure,49.22,89.26,252850.83,458528.64,10.28851413,0.47387599,0.04548741,0.59979015,0.0,3.00882866,0.0,0.05542718,0.0,0.0,0.0,0.0,6.10510473,0.0,0.0,0.47387599,0.04548741,0.0,0.0,2.42830281,0.58052585,0.0,0.0,2283.19,0.00062784,24576.0,0.00062784
runs/CZ02/MFm&0&rDXGF&Ex&dxAC_equip/LRM AOE +30% RCA LSC R22 R410a rDXGF Measure/instance-out.sql,CZ02,MFm,weighted,rDXGF,Ex,dxAC_equip,,LRM AOE +30% RCA LSC R22 R410a rDXGF Measure,MFm&0&rDXGF&Ex&dxAC_equip,LRM AOE +30% RCA LSC R22 R410a rDXGF Measure,54.97,92.55,282404.26,475426.25,11.49104527,1.64561656,0.12266994,0.59979015,0.0,3.00882866,0.0,0.15640363,0.0,0.0,0.0,0.0,5.95773593,0.0,0.0,0.0,0.12266994,1.64561656,0.0,2.42830281,0.58052585,0.0,0.0,2283.19,0.00084174,24576.0,0.00084174
runs/CZ01/MFm&0&rDXHP&Ex&dxHP_equip/LRM NR R32 R454b rDXHP Base/instance-out.sql,CZ01,MFm,weighted,rDXHP,Ex,dxHP_equip,,LRM NR R32 R454b rDXHP Base,MFm&0&rDXHP&Ex&dxHP_equip,LRM NR R32 R454b rDXHP Base,48.96,88.43,251515.95,454301.09,10.23419819,0.419722,0.04532547,0.59979015,0.0,3.00882866,0.0,0.05542718,0.0,0.0,0.0,0.0,6.10510473,0.0,0.0,0.419722,0.04532547,0.0,0.0,2.42830281,0.58052585,0.0,0.0,2283.19,0.00062753,24576.0,0.00062753
runs/CZ02/MFm&0&rDXGF&Ex&dxAC_equip/LRM AOE +15% RCA LSC R22 R410a rDXGF Measure/instance-out.sql,CZ02,MFm,weighted,rDXGF,Ex,dxAC_equip,,LRM AOE +15% RCA LSC R22 R410a rDXGF Measure,MFm&0&rDXGF&Ex&dxAC_equip,LRM AOE +15% RCA LSC R22 R410a rDXGF Measure,55.31,93.62,284139.52,480921.82,11.5616531,1.64561656,0.19327777,0.59979015,0.0,3.00882866,0.0,0.15640363,0.0,0.0,0.0,0.0,5.95773593,0.0,0.0,0.0,0.19327777,1.64561656,0.0,2.42830281,0.58052585,0.0,0.0,2283.19,0.00096822,24576.0,0.00096822
runs/CZ02/MFm&0&rDXGF&Ex&dxAC_equip/LRM AOE +40% RCA LSC R22 R410a rDXGF Measure/instance-out.sql,CZ02,MFm,weighted,rDXGF,Ex,dxAC_equip,,LRM AOE +40% RCA LSC R22 R410a rDXGF Measure,MFm&0&rDXGF&Ex&dxAC_equip,LRM AOE +40% RCA LSC R22 R410a rDXGF Measure,54.75,91.83,281247.42,471762.53,11.44397339,1.64561656,0.07559806,0.59979015,0.0,3.00882866,0.0,0.15640363,0.0,0.0,0.0,0.0,5.95773593,0.0,0.0,0.0,0.07559806,1.64561656,0.0,2.42830281,0.58052585,0.0,0.0,2283.19,0.00075742,24576.0,0.00075742
runs/CZ02/MFm&0&rDXGF&Ex&dxAC_equip/LRM AOE +7.5% RCA LSC R22 R410a rDXGF Measure/instance-out.sql,CZ02,MFm,weighted,rDXGF,Ex,dxAC_equip,,LRM AOE +7.5% RCA LSC R22 R410a rDXGF Measure,MFm&0&rDXGF&Ex&dxAC_equip,LRM AOE +7.5% RCA LSC R22 R410a rDXGF Measure,55.48,94.15,285007.15,483669.61,11.59695701,1.64561656,0.22858168,0.59979015,0.0,3.00882866,0.0,0.15640363,0.0,0.0,0.0,0.0,5.95773593,0.0,0.0,0.0,0.22858168,1.64561656,0.0,2.42830281,0.58052585,0.0,0.0,2283.19,0.00103147,24576.0,0.00103147
runs/CZ02/MFm&0&rDXGF&Ex&dxAC_equip/LRM AOE LSC R22 R410a rDXGF Measure/instance-out.sql,CZ02,MFm,weighted,rDXGF,Ex,dxAC_equip,,LRM AOE LSC R22 R410a rDXGF Measure,MFm&0&rDXGF&Ex&dxAC_equip,LRM AOE LSC R22 R410a rDXGF Measure,55.53,94.31,285261.66,484475.63,11.60731304,1.64561656,0.23893771,0.59979015,0.0,3.00882866,0.0,0.15640363,0.0,0.0,0.0,0.0,5.95773593,0.0,0.0,0.0,0.23893771,1.64561656,0.0,2.42830281,0.58052585,0.0,0.0,2283.19,0.00105002,24576.0,0.00105002
runs/CZ02/MFm&0&rDXGF&Ex&dxAC_equip/LRM NR LSC R454b rDXGF Measure/instance-out.sql,CZ02,MFm,weighted,rDXGF,Ex,dxAC_equip,,LRM NR LSC R454b rDXGF Measure,MFm&0&rDXGF&Ex&dxAC_equip,LRM NR LSC R454b rDXGF Measure,55.42,93.95,284687.56,482657.48,11.58395328,1.64561656,0.21557795,0.59979015,0.0,3.00882866,0.0,0.15640363,0.0,0.0,0.0,0.0,5.95773593,0.0,0.0,0.0,0.21557795,1.64561656,0.0,2.42830281,0.58052585,0.0,0.0,2283.19,0.00100817,24576.0,0.00100817
runs/CZ02/MFm&0&rDXGF&Ex&dxAC_equip/LRM AOE R22 R410a rDXGF Base/instance-out.sql,CZ02,MFm,weighted,rDXGF,Ex,dxAC_equip,,LRM AOE R22 R410a rDXGF Base,MFm&0&rDXGF&Ex&dxAC_equip,LRM AOE R22 R410a rDXGF Base,55.65,94.69,285874.78,486417.4,11.63226093,1.64561656,0.263886,0.59979015,0.0,3.00882866,0.0,0.15640363,0.0,0.0,0.0,0.0,5.95773593,0.0,0.0,0.0,0.263886,1.64561656,0.0,2.42830281,0.58052585,0.0,0.0,2283.19,0.00109471,24576.0,0.00109471
runs/CZ02/MFm&0&rDXGF&Ex&dxAC_equip/LRM NR R454b rDXGF Base/instance-out.sql,CZ02,MFm,weighted,rDXGF,Ex,dxAC_equip,,LRM NR R454b rDXGF Base,MFm&0&rDXGF&Ex&dxAC_equip,LRM NR R454b rDXGF Base,55.52,94.3,285240.75,484409.41,11.60646221,1.64561656,0.23808688,0.59979015,0.0,3.00882866,0.0,0.15640363,0.0,0.0,0.0,0.0,5.95773593,0.0,0.0,0.0,0.23808688,1.64561656,0.0,2.42830281,0.58052585,0.0,0.0,2283.19,0.00104849,24576.0,0.00104849
runs/CZ02/MFm&0&rDXHP&Ex&dxHP_equip/LRM AOE +30% RCA LSC R22 R410a rDXHP Measure/instance-out.sql,CZ02,MFm,weighted,rDXHP,Ex,dxHP_equip,,LRM AOE +30% RCA LSC R22 R410a rDXHP Measure,MFm&0&rDXHP&Ex&dxHP_equip,LRM AOE +30% RCA LSC R22 R410a rDXHP Measure,49.93,92.97,256494.01,477596.78,10.43675574,0.61317148,0.12302028,0.59979015,0.0,3.00882866,0.0,0.13393742,0.0,0.0,0.0,0.0,5.95800774,0.0,0.0,0.61317148,0.12302028,0.0,0.0,2.42830281,0.58052585,0.0,0.0,2283.19,0.00084141,24576.0,0.00084141
runs/CZ02/MFm&0&rDXHP&Ex&dxHP_equip/LRM AOE +15% RCA LSC R22 R410a rDXHP Measure/instance-out.sql,CZ02,MFm,weighted,rDXHP,Ex,dxHP_equip,,LRM AOE +15% RCA LSC R22 R410a rDXHP Measure,MFm&0&rDXHP&Ex&dxHP_equip,LRM AOE +15% RCA LSC R22 R410a rDXHP Measure,50.59,95.07,259902.87,488392.64,10.57546244,0.68106894,0.19382953,0.59979015,0.0,3.00882866,0.0,0.13393742,0.0,0.0,0.0,0.0,5.95800774,0.0,0.0,0.68106894,0.19382953,0.0,0.0,2.42830281,0.58052585,0.0,0.0,2283.19,0.00096846,24576.0,0.00096846
runs/CZ02/MFm&0&rDXHP&Ex&dxHP_equip/LRM AOE +22.5% RCA LSC R22 R410a rDXHP Measure/instance-out.sql,CZ02,MFm,weighted,rDXHP,Ex,dxHP_equip,,LRM AOE +22.5% RCA LSC R22 R410a rDXHP Measure,MFm&0&rDXHP&Ex&dxHP_equip,LRM AOE +22.5% RCA LSC R22 R410a rDXHP Measure,50.26,94.02,258198.44,482994.71,10.50610909,0.64712042,0.1584247,0.59979015,0.0,3.00882866,0.0,0.13393742,0.0,0.0,0.0,0.0,5.95800774,0.0,0.0,0.64712042,0.1584247,0.0,0.0,2.42830281,0.58052585,0.0,0.0,2283.19,0.00090494,24576.0,0.00090494
runs/CZ02/MFm&0&rDXHP&Ex&dxHP_equip/LRM AOE +7.5% RCA LSC R22 R410a rDXHP Measure/instance-out.sql,CZ02,MFm,weighted,rDXHP,Ex,dxHP_equip,,LRM AOE +7.5% RCA LSC R22 R410a rDXHP Measure,MFm&0&rDXHP&Ex&dxHP_equip,LRM AOE +7.5% RCA LSC R22 R410a rDXHP Measure,50.92,96.12,261607.3,493790.58,10.6448158,0.71501747,0.22923435,0.59979015,0.0,3.00882866,0.0,0.13393742,0.0,0.0,0.0,0.0,5.95800774,0.0,0.0,0.71501747,0.22923435,0.0,0.0,2.42830281,0.58052585,0.0,0.0,2283.19,0.00103199,24576.0,0.00103199
runs/CZ02/MFm&0&rDXHP&Ex&dxHP_equip/LRM AOE +40% RCA LSC R22 R410a rDXHP Measure/instance-out.sql,CZ02,MFm,weighted,rDXHP,Ex,dxHP_equip,,LRM AOE +40% RCA LSC R22 R410a rDXHP Measure,MFm&0&rDXHP&Ex&dxHP_equip,LRM AOE +40% RCA LSC R22 R410a rDXHP Measure,49.49,91.57,254221.43,470399.53,10.34428433,0.56790664,0.07581371,0.59979015,0.0,3.00882866,0.0,0.13393742,0.0,0.0,0.0,0.0,5.95800774,0.0,0.0,0.56790664,0.07581371,0.0,0.0,2.42830281,0.58052585,0.0,0.0,2283.19,0.0007567,24576.0,0.0007567
runs/CZ02/MFm&0&rDXHP&Ex&dxHP_equip/LRM AOE LSC R22 R410a rDXHP Measure/instance-out.sql,CZ02,MFm,weighted,rDXHP,Ex,dxHP_equip,,LRM AOE LSC R22 R410a rDXHP Measure,MFm&0&rDXHP&Ex&dxHP_equip,LRM AOE LSC R22 R410a rDXHP Measure,51.02,96.43,262107.27,495373.97,10.6651596,0.72497596,0.23961967,0.59979015,0.0,3.00882866,0.0,0.13393742,0.0,0.0,0.0,0.0,5.95800774,0.0,0.0,0.72497596,0.23961967,0.0,0.0,2.42830281,0.58052585,0.0,0.0,2283.19,0.00105063,24576.0,0.00105063
runs/CZ02/MFm&0&rDXHP&Ex&dxHP_equip/LRM NR R32 R454b rDXHP Base/instance-out.sql,CZ02,MFm,weighted,rDXHP,Ex,dxHP_equip,,LRM NR R32 R454b rDXHP Base,MFm&0&rDXHP&Ex&dxHP_equip,LRM NR R32 R454b rDXHP Base,50.53,94.88,259600.21,487434.13,10.56314719,0.62381681,0.2387664,0.59979015,0.0,3.00882866,0.0,0.13393742,0.0,0.0,0.0,0.0,5.95800774,0.0,0.0,0.62381681,0.2387664,0.0,0.0,2.42830281,0.58052585,0.0,0.0,2283.19,0.0010491,24576.0,0.0010491
runs/CZ03/MFm&0&rDXGF&Ex&dxAC_equip/LRM AOE +15% RCA LSC R22 R410a rDXGF Measure/instance-out.sql,CZ03,MFm,weighted,rDXGF,Ex,dxAC_equip,,LRM AOE +15% RCA LSC R22 R410a rDXGF Measure,MFm&0&rDXGF&Ex&dxAC_equip,LRM AOE +15% RCA LSC R22 R410a rDXGF Measure,56.74,96.17,291462.76,494017.54,11.85963615,1.8196166,0.25171683,0.59979015,0.0,3.00882866,0.0,0.19870948,0.0,0.0,0.0,0.0,5.98097402,0.0,0.0,0.0,0.25171683,1.8196166,0.0,2.42830281,0.58052585,0.0,0.0,2283.19,0.0009623,24576.0,0.0009623
runs/CZ02/MFm&0&rDXHP&Ex&dxHP_equip/LRM NR LSC R32 R454b rDXHP Measure/instance-out.sql,CZ02,MFm,weighted,rDXHP,Ex,dxHP_equip,,LRM NR LSC R32 R454b rDXHP Measure,MFm&0&rDXHP&Ex&dxHP_equip,LRM NR LSC R32 R454b rDXHP Measure,50.33,94.25,258576.98,484193.55,10.5215119,0.60475474,0.21619319,0.59979015,0.0,3.00882866,0.0,0.13393742,0.0,0.0,0.0,0.0,5.95800774,0.0,0.0,0.60475474,0.21619319,0.0,0.0,2.42830281,0.58052585,0.0,0.0,2283.19,0.00100859,24576.0,0.00100859
runs/CZ02/MFm&0&rDXHP&Ex&dxHP_equip/LRM AOE R22 R410a rDXHP Base/instance-out.sql,CZ02,MFm,weighted,rDXHP,Ex,dxHP_equip,,LRM AOE R22 R410a rDXHP Base,MFm&0&rDXHP&Ex&dxHP_equip,LRM AOE R22 R410a rDXHP Base,51.26,97.17,263311.73,499188.51,10.71416915,0.74896641,0.26463918,0.59979015,0.0,3.00882866,0.0,0.13393742,0.0,0.0,0.0,0.0,5.95800774,0.0,0.0,0.74896641,0.26463918,0.0,0.0,2.42830281,0.58052585,0.0,0.0,2283.19,0.00109552,24576.0,0.00109552
runs/CZ03/MFm&0&rDXGF&Ex&dxAC_equip/LRM AOE +40% RCA LSC R22 R410a rDXGF Measure/instance-out.sql,CZ03,MFm,weighted,rDXGF,Ex,dxAC_equip,,LRM AOE +40% RCA LSC R22 R410a rDXGF Measure,MFm&0&rDXGF&Ex&dxAC_equip,LRM AOE +40% RCA LSC R22 R410a rDXGF Measure,56.0,93.84,287696.21,482088.87,11.70637502,1.8196166,0.0984557,0.59979015,0.0,3.00882866,0.0,0.19870948,0.0,0.0,0.0,0.0,5.98097402,0.0,0.0,0.0,0.0984557,1.8196166,0.0,2.42830281,0.58052585,0.0,0.0,2283.19,0.00075498,24576.0,0.00075498
runs/CZ03/MFm&0&rDXGF&Ex&dxAC_equip/LRM AOE LSC R22 R410a rDXGF Measure/instance-out.sql,CZ03,MFm,weighted,rDXGF,Ex,dxAC_equip,,LRM AOE LSC R22 R410a rDXGF Measure,MFm&0&rDXGF&Ex&dxAC_equip,LRM AOE LSC R22 R410a rDXGF Measure,57.02,97.07,292924.18,498645.86,11.91910141,1.8196166,0.31118209,0.59979015,0.0,3.00882866,0.0,0.19870948,0.0,0.0,0.0,0.0,5.98097402,0.0,0.0,0.0,0.31118209,1.8196166,0.0,2.42830281,0.58052585,0.0,0.0,2283.19,0.00104273,24576.0,0.00104273
runs/CZ03/MFm&0&rDXGF&Ex&dxAC_equip/LRM NR LSC R454b rDXGF Measure/instance-out.sql,CZ03,MFm,weighted,rDXGF,Ex,dxAC_equip,,LRM NR LSC R454b rDXGF Measure,MFm&0&rDXGF&Ex&dxAC_equip,LRM NR LSC R454b rDXGF Measure,56.88,96.61,292176.51,496277.98,11.88867868,1.8196166,0.28075935,0.59979015,0.0,3.00882866,0.0,0.19870948,0.0,0.0,0.0,0.0,5.98097402,0.0,0.0,0.0,0.28075935,1.8196166,0.0,2.42830281,0.58052585,0.0,0.0,2283.19,0.00100158,24576.0,0.00100158
runs/CZ03/MFm&0&rDXGF&Ex&dxAC_equip/LRM AOE +30% RCA LSC R22 R410a rDXGF Measure/instance-out.sql,CZ03,MFm,weighted,rDXGF,Ex,dxAC_equip,,LRM AOE +30% RCA LSC R22 R410a rDXGF Measure,MFm&0&rDXGF&Ex&dxAC_equip,LRM AOE +30% RCA LSC R22 R410a rDXGF Measure,56.3,94.77,289202.83,486860.33,11.76767947,1.8196166,0.15976015,0.59979015,0.0,3.00882866,0.0,0.19870948,0.0,0.0,0.0,0.0,5.98097402,0.0,0.0,0.0,0.15976015,1.8196166,0.0,2.42830281,0.58052585,0.0,0.0,2283.19,0.00083791,24576.0,0.00083791
runs/CZ03/MFm&0&rDXGF&Ex&dxAC_equip/LRM AOE +22.5% RCA LSC R22 R410a rDXGF Measure/instance-out.sql,CZ03,MFm,weighted,rDXGF,Ex,dxAC_equip,,LRM AOE +22.5% RCA LSC R22 R410a rDXGF Measure,MFm&0&rDXGF&Ex&dxAC_equip,LRM AOE +22.5% RCA LSC R22 R410a rDXGF Measure,56.52,95.47,290332.8,490438.93,11.81365801,1.8196166,0.20573828,0.59979015,0.0,3.00882866,0.0,0.19870948,0.0,0.0,0.0,0.0,5.98097402,0.0,0.0,0.0,0.20573828,1.8196166,0.0,2.42830281,0.58052585,0.0,0.0,2283.19,0.0009001,24576.0,0.0009001
runs/CZ03/MFm&0&rDXGF&Ex&dxAC_equip/LRM NR R454b rDXGF Base/instance-out.sql,CZ03,MFm,weighted,rDXGF,Ex,dxAC_equip,,LRM NR R454b rDXGF Base,MFm&0&rDXGF&Ex&dxAC_equip,LRM NR R454b rDXGF Base,57.02,97.05,292896.95,498559.62,11.91799342,1.8196166,0.3100741,0.59979015,0.0,3.00882866,0.0,0.19870948,0.0,0.0,0.0,0.0,5.98097402,0.0,0.0,0.0,0.3100741,1.8196166,0.0,2.42830281,0.58052585,0.0,0.0,2283.19,0.00104124,24576.0,0.00104124
runs/CZ03/MFm&0&rDXGF&Ex&dxAC_equip/LRM AOE +7.5% RCA LSC R22 R410a rDXGF Measure/instance-out.sql,CZ03,MFm,weighted,rDXGF,Ex,dxAC_equip,,LRM AOE +7.5% RCA LSC R22 R410a rDXGF Measure,MFm&0&rDXGF&Ex&dxAC_equip,LRM AOE +7.5% RCA LSC R22 R410a rDXGF Measure,56.96,96.86,292592.73,497596.14,11.90561469,1.8196166,0.29769496,0.59979015,0.0,3.00882866,0.0,0.19870948,0.0,0.0,0.0,0.0,5.98097402,0.0,0.0,0.0,0.29769496,1.8196166,0.0,2.42830281,0.58052585,0.0,0.0,2283.19,0.00102449,24576.0,0.00102449
runs/CZ03/MFm&0&rDXGF&Ex&dxAC_equip/LRM AOE R22 R410a rDXGF Base/instance-out.sql,CZ03,MFm,weighted,rDXGF,Ex,dxAC_equip,,LRM AOE R22 R410a rDXGF Base,MFm&0&rDXGF&Ex&dxAC_equip,LRM AOE R22 R410a rDXGF Base,57.18,97.56,293722.69,501174.74,11.95159283,1.8196166,0.34367351,0.59979015,0.0,3.00882866,0.0,0.19870948,0.0,0.0,0.0,0.0,5.98097402,0.0,0.0,0.0,0.34367351,1.8196166,0.0,2.42830281,0.58052585,0.0,0.0,2283.19,0.00108669,24576.0,0.00108669
runs/CZ03/MFm&0&rDXHP&Ex&dxHP_equip/LRM AOE +15% RCA LSC R22 R410a rDXHP Measure/instance-out.sql,CZ03,MFm,weighted,rDXHP,Ex,dxHP_equip,,LRM AOE +15% RCA LSC R22 R410a rDXHP Measure,MFm&0&rDXHP&Ex&dxHP_equip,LRM AOE +15% RCA LSC R22 R410a rDXHP Measure,51.09,96.41,262451.41,495285.52,10.67916227,0.67390627,0.25200857,0.59979015,0.0,3.00882866,0.0,0.16360292,0.0,0.0,0.0,0.0,5.9810257,0.0,0.0,0.67390627,0.25200857,0.0,0.0,2.42830281,0.58052585,0.0,0.0,2283.19,0.00096231,24576.0,0.00096231
runs/CZ03/MFm&0&rDXHP&Ex&dxHP_equip/LRM AOE +22.5% RCA LSC R22 R410a rDXHP Measure/instance-out.sql,CZ03,MFm,weighted,rDXHP,Ex,dxHP_equip,,LRM AOE +22.5% RCA LSC R22 R410a rDXHP Measure,MFm&0&rDXHP&Ex&dxHP_equip,LRM AOE +22.5% RCA LSC R22 R410a rDXHP Measure,50.69,95.13,260379.29,488723.13,10.594848,0.63562344,0.20597713,0.59979015,0.0,3.00882866,0.0,0.16360292,0.0,0.0,0.0,0.0,5.9810257,0.0,0.0,0.63562344,0.20597713,0.0,0.0,2.42830281,0.58052585,0.0,0.0,2283.19,0.00090011,24576.0,0.00090011
runs/CZ03/MFm&0&rDXHP&Ex&dxHP_equip/LRM AOE +30% RCA LSC R22 R410a rDXHP Measure/instance-out.sql,CZ03,MFm,weighted,rDXHP,Ex,dxHP_equip,,LRM AOE +30% RCA LSC R22 R410a rDXHP Measure,MFm&0&rDXHP&Ex&dxHP_equip,LRM AOE +30% RCA LSC R22 R410a rDXHP Measure,50.28,93.86,258307.18,482160.74,10.51053332,0.59734061,0.15994529,0.59979015,0.0,3.00882866,0.0,0.16360292,0.0,0.0,0.0,0.0,5.9810257,0.0,0.0,0.59734061,0.15994529,0.0,0.0,2.42830281,0.58052585,0.0,0.0,2283.19,0.00083792,24576.0,0.00083792
runs/CZ03/MFm&0&rDXHP&Ex&dxHP_equip/LRM AOE +40% RCA LSC R22 R410a rDXHP Measure/instance-out.sql,CZ03,MFm,weighted,rDXHP,Ex,dxHP_equip,,LRM AOE +40% RCA LSC R22 R410a rDXHP Measure,MFm&0&rDXHP&Ex&dxHP_equip,LRM AOE +40% RCA LSC R22 R410a rDXHP Measure,49.74,92.15,255544.36,473410.89,10.39811402,0.54629697,0.09856963,0.59979015,0.0,3.00882866,0.0,0.16360292,0.0,0.0,0.0,0.0,5.9810257,0.0,0.0,0.54629697,0.09856963,0.0,0.0,2.42830281,0.58052585,0.0,0.0,2283.19,0.00075499,24576.0,0.00075499
runs/CZ03/MFm&0&rDXHP&Ex&dxHP_equip/LRM AOE +7.5% RCA LSC R22 R410a rDXHP Measure/instance-out.sql,CZ03,MFm,weighted,rDXHP,Ex,dxHP_equip,,LRM AOE +7.5% RCA LSC R22 R410a rDXHP Measure,MFm&0&rDXHP&Ex&dxHP_equip,LRM AOE +7.5% RCA LSC R22 R410a rDXHP Measure,51.49,97.69,264523.52,501847.91,10.76347695,0.71218911,0.29804042,0.59979015,0.0,3.00882866,0.0,0.16360292,0.0,0.0,0.0,0.0,5.9810257,0.0,0.0,0.71218911,0.29804042,0.0,0.0,2.42830281,0.58052585,0.0,0.0,2283.19,0.00102451,24576.0,0.00102451
runs/CZ03/MFm&0&rDXHP&Ex&dxHP_equip/LRM AOE LSC R22 R410a rDXHP Measure/instance-out.sql,CZ03,MFm,weighted,rDXHP,Ex,dxHP_equip,,LRM AOE LSC R22 R410a rDXHP Measure,MFm&0&rDXHP&Ex&dxHP_equip,LRM AOE LSC R22 R410a rDXHP Measure,51.61,98.06,265131.34,503772.87,10.78820918,0.72341875,0.31154301,0.59979015,0.0,3.00882866,0.0,0.16360292,0.0,0.0,0.0,0.0,5.9810257,0.0,0.0,0.72341875,0.31154301,0.0,0.0,2.42830281,0.58052585,0.0,0.0,2283.19,0.00104275,24576.0,0.00104275
runs/CZ03/MFm&0&rDXHP&Ex&dxHP_equip/LRM AOE R22 R410a rDXHP Base/instance-out.sql,CZ03,MFm,weighted,rDXHP,Ex,dxHP_equip,,LRM AOE R22 R410a rDXHP Base,MFm&0&rDXHP&Ex&dxHP_equip,LRM AOE R22 R410a rDXHP Base,51.9,98.97,266595.64,508410.3,10.84779122,0.75047194,0.34407227,0.59979015,0.0,3.00882866,0.0,0.16360292,0.0,0.0,0.0,0.0,5.9810257,0.0,0.0,0.75047194,0.34407227,0.0,0.0,2.42830281,0.58052585,0.0,0.0,2283.19,0.0010867,24576.0,0.0010867
runs/CZ03/MFm&0&rDXHP&Ex&dxHP_equip/LRM NR LSC R32 R454b rDXHP Measure/instance-out.sql,CZ03,MFm,weighted,rDXHP,Ex,dxHP_equip,,LRM NR LSC R32 R454b rDXHP Measure,MFm&0&rDXHP&Ex&dxHP_equip,LRM NR LSC R32 R454b rDXHP Measure,50.82,95.55,261051.05,490850.57,10.62218154,0.58784925,0.28108488,0.59979015,0.0,3.00882866,0.0,0.16360292,0.0,0.0,0.0,0.0,5.9810257,0.0,0.0,0.58784925,0.28108488,0.0,0.0,2.42830281,0.58052585,0.0,0.0,2283.19,0.0010016,24576.0,0.0010016
runs/CZ03/MFm&0&rDXHP&Ex&dxHP_equip/LRM NR R32 R454b rDXHP Base/instance-out.sql,CZ03,MFm,weighted,rDXHP,Ex,dxHP_equip,,LRM NR R32 R454b rDXHP Base,MFm&0&rDXHP&Ex&dxHP_equip,LRM NR R32 R454b rDXHP Base,51.06,96.32,262300.6,494807.92,10.67302621,0.60934499,0.3104338,0.59979015,0.0,3.00882866,0.0,0.16360292,0.0,0.0,0.0,0.0,5.9810257,0.0,0.0,0.60934499,0.3104338,0.0,0.0,2.42830281,0.58052585,0.0,0.0,2283.19,0.00104125,24576.0,0.00104125
runs/CZ04/MFm&0&rDXGF&Ex&dxAC_equip/LRM AOE +15% RCA LSC R22 R410a rDXGF Measure/instance-out.sql,CZ04,MFm,weighted,rDXGF,Ex,dxAC_equip,,LRM AOE +15% RCA LSC R22 R410a rDXGF Measure,MFm&0&rDXGF&Ex&dxAC_equip,LRM AOE +15% RCA LSC R22 R410a rDXGF Measure,61.92,105.05,318078.4,539683.39,12.94262845,2.66902844,0.47465561,0.59979015,0.0,3.00882866,0.0,0.30423101,0.0,0.0,0.0,0.0,5.88609376,0.0,0.0,0.0,0.47465561,2.66902844,0.0,2.42830281,0.58052585,0.0,0.0,2283.19,0.00132891,24576.0,0.00132891
runs/CZ04/MFm&0&rDXGF&Ex&dxAC_equip/LRM AOE +22.5% RCA LSC R22 R410a rDXGF Measure/instance-out.sql,CZ04,MFm,weighted,rDXGF,Ex,dxAC_equip,,LRM AOE +22.5% RCA LSC R22 R410a rDXGF Measure,MFm&0&rDXGF&Ex&dxAC_equip,LRM AOE +22.5% RCA LSC R22 R410a rDXGF Measure,61.5,103.74,315947.65,532935.32,12.85592811,2.66902844,0.38795568,0.59979015,0.0,3.00882866,0.0,0.30423101,0.0,0.0,0.0,0.0,5.88609376,0.0,0.0,0.0,0.38795568,2.66902844,0.0,2.42830281,0.58052585,0.0,0.0,2283.19,0.00121316,24576.0,0.00121316
runs/CZ04/MFm&0&rDXGF&Ex&dxAC_equip/LRM AOE +30% RCA LSC R22 R410a rDXGF Measure/instance-out.sql,CZ04,MFm,weighted,rDXGF,Ex,dxAC_equip,,LRM AOE +30% RCA LSC R22 R410a rDXGF Measure,MFm&0&rDXGF&Ex&dxAC_equip,LRM AOE +30% RCA LSC R22 R410a rDXGF Measure,61.09,102.43,313816.91,526187.25,12.76922777,2.66902844,0.30125534,0.59979015,0.0,3.00882866,0.0,0.30423101,0.0,0.0,0.0,0.0,5.88609376,0.0,0.0,0.0,0.30125534,2.66902844,0.0,2.42830281,0.58052585,0.0,0.0,2283.19,0.00109742,24576.0,0.00109742
runs/CZ04/MFm&0&rDXGF&Ex&dxAC_equip/LRM AOE LSC R22 R410a rDXGF Measure/instance-out.sql,CZ04,MFm,weighted,rDXGF,Ex,dxAC_equip,,LRM AOE LSC R22 R410a rDXGF Measure,MFm&0&rDXGF&Ex&dxAC_equip,LRM AOE LSC R22 R410a rDXGF Measure,62.45,106.75,320834.17,548410.9,13.05476048,2.66902844,0.58678805,0.59979015,0.0,3.00882866,0.0,0.30423101,0.0,0.0,0.0,0.0,5.88609376,0.0,0.0,0.0,0.58678805,2.66902844,0.0,2.42830281,0.58052585,0.0,0.0,2283.19,0.0014786,24576.0,0.0014786
runs/CZ04/MFm&0&rDXGF&Ex&dxAC_equip/LRM AOE +40% RCA LSC R22 R410a rDXGF Measure/instance-out.sql,CZ04,MFm,weighted,rDXGF,Ex,dxAC_equip,,LRM AOE +40% RCA LSC R22 R410a rDXGF Measure,MFm&0&rDXGF&Ex&dxAC_equip,LRM AOE +40% RCA LSC R22 R410a rDXGF Measure,60.53,100.68,310975.91,517189.81,12.65362773,2.66902844,0.1856553,0.59979015,0.0,3.00882866,0.0,0.30423101,0.0,0.0,0.0,0.0,5.88609376,0.0,0.0,0.0,0.1856553,2.66902844,0.0,2.42830281,0.58052585,0.0,0.0,2283.19,0.00094309,24576.0,0.00094309
runs/CZ04/MFm&0&rDXGF&Ex&dxAC_equip/LRM AOE R22 R410a rDXGF Base/instance-out.sql,CZ04,MFm,weighted,rDXGF,Ex,dxAC_equip,,LRM AOE R22 R410a rDXGF Base,MFm&0&rDXGF&Ex&dxAC_equip,LRM AOE R22 R410a rDXGF Base,62.75,107.68,322339.89,553179.54,13.11602872,2.66902844,0.64805629,0.59979015,0.0,3.00882866,0.0,0.30423101,0.0,0.0,0.0,0.0,5.88609376,0.0,0.0,0.0,0.64805629,2.66902844,0.0,2.42830281,0.58052585,0.0,0.0,2283.19,0.0015604,24576.0,0.0015604
runs/CZ04/MFm&0&rDXGF&Ex&dxAC_equip/LRM AOE +7.5% RCA LSC R22 R410a rDXGF Measure/instance-out.sql,CZ04,MFm,weighted,rDXGF,Ex,dxAC_equip,,LRM AOE +7.5% RCA LSC R22 R410a rDXGF Measure,MFm&0&rDXGF&Ex&dxAC_equip,LRM AOE +7.5% RCA LSC R22 R410a rDXGF Measure,62.33,106.37,320209.15,546431.47,13.02932838,2.66902844,0.56135595,0.59979015,0.0,3.00882866,0.0,0.30423101,0.0,0.0,0.0,0.0,5.88609376,0.0,0.0,0.0,0.56135595,2.66902844,0.0,2.42830281,0.58052585,0.0,0.0,2283.19,0.00144465,24576.0,0.00144465
runs/CZ04/MFm&0&rDXGF&Ex&dxAC_equip/LRM NR R454b rDXGF Base/instance-out.sql,CZ04,MFm,weighted,rDXGF,Ex,dxAC_equip,,LRM NR R454b rDXGF Base,MFm&0&rDXGF&Ex&dxAC_equip,LRM NR R454b rDXGF Base,62.44,106.72,320782.82,548248.29,13.05267104,2.66902844,0.58469861,0.59979015,0.0,3.00882866,0.0,0.30423101,0.0,0.0,0.0,0.0,5.88609376,0.0,0.0,0.0,0.58469861,2.66902844,0.0,2.42830281,0.58052585,0.0,0.0,2283.19,0.00147581,24576.0,0.00147581
runs/CZ04/MFm&0&rDXGF&Ex&dxAC_equip/LRM NR LSC R454b rDXGF Measure/instance-out.sql,CZ04,MFm,weighted,rDXGF,Ex,dxAC_equip,,LRM NR LSC R454b rDXGF Measure,MFm&0&rDXGF&Ex&dxAC_equip,LRM NR LSC R454b rDXGF Measure,62.18,105.88,319424.3,543945.86,12.99739279,2.66902844,0.52942036,0.59979015,0.0,3.00882866,0.0,0.30423101,0.0,0.0,0.0,0.0,5.88609376,0.0,0.0,0.0,0.52942036,2.66902844,0.0,2.42830281,0.58052585,0.0,0.0,2283.19,0.00140202,24576.0,0.00140202
runs/CZ04/MFm&0&rDXHP&Ex&dxHP_equip/LRM AOE +40% RCA LSC R22 R410a rDXHP Measure/instance-out.sql,CZ04,MFm,weighted,rDXHP,Ex,dxHP_equip,,LRM AOE +40% RCA LSC R22 R410a rDXHP Measure,MFm&0&rDXHP&Ex&dxHP_equip,LRM AOE +40% RCA LSC R22 R410a rDXHP Measure,51.73,99.39,265761.85,510595.02,10.81386467,0.8694814,0.18572244,0.59979015,0.0,3.00882866,0.0,0.26327565,0.0,0.0,0.0,0.0,5.88676596,0.0,0.0,0.8694814,0.18572244,0.0,0.0,2.42830281,0.58052585,0.0,0.0,2283.19,0.0009431,24576.0,0.0009431
runs/CZ04/MFm&0&rDXHP&Ex&dxHP_equip/LRM AOE +15% RCA LSC R22 R410a rDXHP Measure/instance-out.sql,CZ04,MFm,weighted,rDXHP,Ex,dxHP_equip,,LRM AOE +15% RCA LSC R22 R410a rDXHP Measure,MFm&0&rDXHP&Ex&dxHP_equip,LRM AOE +15% RCA LSC R22 R410a rDXHP Measure,54.04,106.69,277592.69,548063.28,11.29526181,1.06177325,0.47482814,0.59979015,0.0,3.00882866,0.0,0.26327565,0.0,0.0,0.0,0.0,5.88676596,0.0,0.0,1.06177325,0.47482814,0.0,0.0,2.42830281,0.58052585,0.0,0.0,2283.19,0.00132891,24576.0,0.00132891
runs/CZ04/MFm&0&rDXHP&Ex&dxHP_equip/LRM AOE +22.5% RCA LSC R22 R410a rDXHP Measure/instance-out.sql,CZ04,MFm,weighted,rDXHP,Ex,dxHP_equip,,LRM AOE +22.5% RCA LSC R22 R410a rDXHP Measure,MFm&0&rDXHP&Ex&dxHP_equip,LRM AOE +22.5% RCA LSC R22 R410a rDXHP Measure,53.35,104.5,274043.43,536822.8,11.15084263,1.00408574,0.38809647,0.59979015,0.0,3.00882866,0.0,0.26327565,0.0,0.0,0.0,0.0,5.88676596,0.0,0.0,1.00408574,0.38809647,0.0,0.0,2.42830281,0.58052585,0.0,0.0,2283.19,0.00121317,24576.0,0.00121317
runs/CZ04/MFm&0&rDXHP&Ex&dxHP_equip/LRM AOE +30% RCA LSC R22 R410a rDXHP Measure/instance-out.sql,CZ04,MFm,weighted,rDXHP,Ex,dxHP_equip,,LRM AOE +30% RCA LSC R22 R410a rDXHP Measure,MFm&0&rDXHP&Ex&dxHP_equip,LRM AOE +30% RCA LSC R22 R410a rDXHP Measure,52.65,102.31,270494.18,525582.32,11.00642344,0.94639822,0.3013648,0.59979015,0.0,3.00882866,0.0,0.26327565,0.0,0.0,0.0,0.0,5.88676596,0.0,0.0,0.94639822,0.3013648,0.0,0.0,2.42830281,0.58052585,0.0,0.0,2283.19,0.00109742,24576.0,0.00109742
runs/CZ04/MFm&0&rDXHP&Ex&dxHP_equip/LRM AOE LSC R22 R410a rDXHP Measure/instance-out.sql,CZ04,MFm,weighted,rDXHP,Ex,dxHP_equip,,LRM AOE LSC R22 R410a rDXHP Measure,MFm&0&rDXHP&Ex&dxHP_equip,LRM AOE LSC R22 R410a rDXHP Measure,54.93,109.52,282183.05,562600.97,11.48204422,1.13638254,0.58700126,0.59979015,0.0,3.00882866,0.0,0.26327565,0.0,0.0,0.0,0.0,5.88676596,0.0,0.0,1.13638254,0.58700126,0.0,0.0,2.42830281,0.58052585,0.0,0.0,2283.19,0.00147861,24576.0,0.00147861
runs/CZ04/MFm&0&rDXHP&Ex&dxHP_equip/LRM AOE +7.5% RCA LSC R22 R410a rDXHP Measure/instance-out.sql,CZ04,MFm,weighted,rDXHP,Ex,dxHP_equip,,LRM AOE +7.5% RCA LSC R22 R410a rDXHP Measure,MFm&0&rDXHP&Ex&dxHP_equip,LRM AOE +7.5% RCA LSC R22 R410a rDXHP Measure,54.73,108.87,281141.94,559303.77,11.4396814,1.11946076,0.56155981,0.59979015,0.0,3.00882866,0.0,0.26327565,0.0,0.0,0.0,0.0,5.88676596,0.0,0.0,1.11946076,0.56155981,0.0,0.0,2.42830281,0.58052585,0.0,0.0,2283.19,0.00144466,24576.0,0.00144466
runs/CZ04/MFm&0&rDXHP&Ex&dxHP_equip/LRM AOE R22 R410a rDXHP Base/instance-out.sql,CZ04,MFm,weighted,rDXHP,Ex,dxHP_equip,,LRM AOE R22 R410a rDXHP Base,MFm&0&rDXHP&Ex&dxHP_equip,LRM AOE R22 R410a rDXHP Base,55.42,111.06,284691.19,570544.25,11.58410058,1.17714828,0.64829148,0.59979015,0.0,3.00882866,0.0,0.26327565,0.0,0.0,0.0,0.0,5.88676596,0.0,0.0,1.17714828,0.64829148,0.0,0.0,2.42830281,0.58052585,0.0,0.0,2283.19,0.0015604,24576.0,0.0015604
runs/CZ04/MFm&0&rDXHP&Ex&dxHP_equip/LRM NR LSC R32 R454b rDXHP Measure/instance-out.sql,CZ04,MFm,weighted,rDXHP,Ex,dxHP_equip,,LRM NR LSC R32 R454b rDXHP Measure,MFm&0&rDXHP&Ex&dxHP_equip,LRM NR LSC R32 R454b rDXHP Measure,53.68,105.55,275752.11,542234.19,11.22036891,0.93209567,0.52961282,0.59979015,0.0,3.00882866,0.0,0.26327565,0.0,0.0,0.0,0.0,5.88676596,0.0,0.0,0.93209567,0.52961282,0.0,0.0,2.42830281,0.58052585,0.0,0.0,2283.19,0.00140202,24576.0,0.00140202
runs/CZ04/MFm&0&rDXHP&Ex&dxHP_equip/LRM NR R32 R454b rDXHP Base/instance-out.sql,CZ04,MFm,weighted,rDXHP,Ex,dxHP_equip,,LRM NR R32 R454b rDXHP Base,MFm&0&rDXHP&Ex&dxHP_equip,LRM NR R32 R454b rDXHP Base,54.1,106.88,277907.18,549059.29,11.30805883,0.96448739,0.58491102,0.59979015,0.0,3.00882866,0.0,0.26327565,0.0,0.0,0.0,0.0,5.88676596,0.0,0.0,0.96448739,0.58491102,0.0,0.0,2.42830281,0.58052585,0.0,0.0,2283.19,0.00147582,24576.0,0.00147582
runs/CZ05/MFm&0&rDXGF&Ex&dxAC_equip/LRM AOE +15% RCA LSC R22 R410a rDXGF Measure/instance-out.sql,CZ05,MFm,weighted,rDXGF,Ex,dxAC_equip,,LRM AOE +15% RCA LSC R22 R410a rDXGF Measure,MFm&0&rDXGF&Ex&dxAC_equip,LRM AOE +15% RCA LSC R22 R410a rDXGF Measure,56.97,96.14,292672.58,493876.45,11.90886379,1.90890116,0.22505345,0.59979015,0.0,3.00882866,0.0,0.19699847,0.0,0.0,0.0,0.0,5.96929109,0.0,0.0,0.0,0.22505345,1.90890116,0.0,2.42830281,0.58052585,0.0,0.0,2283.19,0.00084589,24576.0,0.00084589
runs/CZ05/MFm&0&rDXGF&Ex&dxAC_equip/LRM AOE +22.5% RCA LSC R22 R410a rDXGF Measure/instance-out.sql,CZ05,MFm,weighted,rDXGF,Ex,dxAC_equip,,LRM AOE +22.5% RCA LSC R22 R410a rDXGF Measure,MFm&0&rDXGF&Ex&dxAC_equip,LRM AOE +22.5% RCA LSC R22 R410a rDXGF Measure,56.77,95.52,291662.3,490676.91,11.86775544,1.90890116,0.1839455,0.59979015,0.0,3.00882866,0.0,0.19699847,0.0,0.0,0.0,0.0,5.96929109,0.0,0.0,0.0,0.1839455,1.90890116,0.0,2.42830281,0.58052585,0.0,0.0,2283.19,0.0008005,24576.0,0.0008005
runs/CZ05/MFm&0&rDXGF&Ex&dxAC_equip/LRM AOE +30% RCA LSC R22 R410a rDXGF Measure/instance-out.sql,CZ05,MFm,weighted,rDXGF,Ex,dxAC_equip,,LRM AOE +30% RCA LSC R22 R410a rDXGF Measure,MFm&0&rDXGF&Ex&dxAC_equip,LRM AOE +30% RCA LSC R22 R410a rDXGF Measure,56.58,94.89,290652.03,487477.38,11.8266475,1.90890116,0.14283756,0.59979015,0.0,3.00882866,0.0,0.19699847,0.0,0.0,0.0,0.0,5.96929109,0.0,0.0,0.0,0.14283756,1.90890116,0.0,2.42830281,0.58052585,0.0,0.0,2283.19,0.0007551,24576.0,0.0007551
runs/CZ05/MFm&0&rDXGF&Ex&dxAC_equip/LRM AOE LSC R22 R410a rDXGF Measure/instance-out.sql,CZ05,MFm,weighted,rDXGF,Ex,dxAC_equip,,LRM AOE LSC R22 R410a rDXGF Measure,MFm&0&rDXGF&Ex&dxAC_equip,LRM AOE LSC R22 R410a rDXGF Measure,57.23,96.94,293979.2,498014.52,11.96203023,1.90890116,0.27821989,0.59979015,0.0,3.00882866,0.0,0.19699847,0.0,0.0,0.0,0.0,5.96929109,0.0,0.0,0.0,0.27821989,1.90890116,0.0,2.42830281,0.58052585,0.0,0.0,2283.19,0.00090461,24576.0,0.00090461
runs/CZ05/MFm&0&rDXGF&Ex&dxAC_equip/LRM AOE +7.5% RCA LSC R22 R410a rDXGF Measure/instance-out.sql,CZ05,MFm,weighted,rDXGF,Ex,dxAC_equip,,LRM AOE +7.5% RCA LSC R22 R410a rDXGF Measure,MFm&0&rDXGF&Ex&dxAC_equip,LRM AOE +7.5% RCA LSC R22 R410a rDXGF Measure,57.17,96.76,293682.85,497075.99,11.94997173,1.90890116,0.2661618,0.59979015,0.0,3.00882866,0.0,0.19699847,0.0,0.0,0.0,0.0,5.96929109,0.0,0.0,0.0,0.2661618,1.90890116,0.0,2.42830281,0.58052585,0.0,0.0,2283.19,0.00089129,24576.0,0.00089129
runs/CZ05/MFm&0&rDXGF&Ex&dxAC_equip/LRM AOE +40% RCA LSC R22 R410a rDXGF Measure/instance-out.sql,CZ05,MFm,weighted,rDXGF,Ex,dxAC_equip,,LRM AOE +40% RCA LSC R22 R410a rDXGF Measure,MFm&0&rDXGF&Ex&dxAC_equip,LRM AOE +40% RCA LSC R22 R410a rDXGF Measure,56.32,94.06,289305.0,483211.33,11.77183677,1.90890116,0.08802643,0.59979015,0.0,3.00882866,0.0,0.19699847,0.0,0.0,0.0,0.0,5.96929109,0.0,0.0,0.0,0.08802643,1.90890116,0.0,2.42830281,0.58052585,0.0,0.0,2283.19,0.00069456,24576.0,0.00069456
runs/CZ05/MFm&0&rDXGF&Ex&dxAC_equip/LRM AOE R22 R410a rDXGF Base/instance-out.sql,CZ05,MFm,weighted,rDXGF,Ex,dxAC_equip,,LRM AOE R22 R410a rDXGF Base,MFm&0&rDXGF&Ex&dxAC_equip,LRM AOE R22 R410a rDXGF Base,57.36,97.38,294693.12,500275.52,11.99107968,1.90890116,0.30726974,0.59979015,0.0,3.00882866,0.0,0.19699847,0.0,0.0,0.0,0.0,5.96929109,0.0,0.0,0.0,0.30726974,1.90890116,0.0,2.42830281,0.58052585,0.0,0.0,2283.19,0.00093669,24576.0,0.00093669
runs/CZ05/MFm&0&rDXGF&Ex&dxAC_equip/LRM NR LSC R454b rDXGF Measure/instance-out.sql,CZ05,MFm,weighted,rDXGF,Ex,dxAC_equip,,LRM NR LSC R454b rDXGF Measure,MFm&0&rDXGF&Ex&dxAC_equip,LRM NR LSC R454b rDXGF Measure,57.1,96.53,293310.72,495897.46,11.93482974,1.90890116,0.25101981,0.59979015,0.0,3.00882866,0.0,0.19699847,0.0,0.0,0.0,0.0,5.96929109,0.0,0.0,0.0,0.25101981,1.90890116,0.0,2.42830281,0.58052585,0.0,0.0,2283.19,0.00087457,24576.0,0.00087457
runs/CZ05/MFm&0&rDXGF&Ex&dxAC_equip/LRM NR R454b rDXGF Base/instance-out.sql,CZ05,MFm,weighted,rDXGF,Ex,dxAC_equip,,LRM NR R454b rDXGF Base,MFm&0&rDXGF&Ex&dxAC_equip,LRM NR R454b rDXGF Base,57.22,96.93,293954.85,497937.41,11.96103943,1.90890116,0.27722949,0.59979015,0.0,3.00882866,0.0,0.19699847,0.0,0.0,0.0,0.0,5.96929109,0.0,0.0,0.0,0.27722949,1.90890116,0.0,2.42830281,0.58052585,0.0,0.0,2283.19,0.00090352,24576.0,0.00090352
runs/CZ05/MFm&0&rDXHP&Ex&dxHP_equip/LRM AOE +15% RCA LSC R22 R410a rDXHP Measure/instance-out.sql,CZ05,MFm,weighted,rDXHP,Ex,dxHP_equip,,LRM AOE +15% RCA LSC R22 R410a rDXHP Measure,MFm&0&rDXHP&Ex&dxHP_equip,LRM AOE +15% RCA LSC R22 R410a rDXHP Measure,51.14,96.69,262714.98,496710.41,10.68988736,0.72057655,0.22529393,0.59979015,0.0,3.00882866,0.0,0.16590028,0.0,0.0,0.0,0.0,5.96949739,0.0,0.0,0.72057655,0.22529393,0.0,0.0,2.42830281,0.58052585,0.0,0.0,2283.19,0.00084592,24576.0,0.00084592
runs/CZ05/MFm&0&rDXHP&Ex&dxHP_equip/LRM AOE +22.5% RCA LSC R22 R410a rDXHP Measure/instance-out.sql,CZ05,MFm,weighted,rDXHP,Ex,dxHP_equip,,LRM AOE +22.5% RCA LSC R22 R410a rDXHP Measure,MFm&0&rDXHP&Ex&dxHP_equip,LRM AOE +22.5% RCA LSC R22 R410a rDXHP Measure,50.75,95.46,260714.41,490374.61,10.60848405,0.68032554,0.18414163,0.59979015,0.0,3.00882866,0.0,0.16590028,0.0,0.0,0.0,0.0,5.96949739,0.0,0.0,0.68032554,0.18414163,0.0,0.0,2.42830281,0.58052585,0.0,0.0,2283.19,0.00080051,24576.0,0.00080051
runs/CZ05/MFm&0&rDXHP&Ex&dxHP_equip/LRM AOE +40% RCA LSC R22 R410a rDXHP Measure/instance-out.sql,CZ05,MFm,weighted,rDXHP,Ex,dxHP_equip,,LRM AOE +40% RCA LSC R22 R410a rDXHP Measure,MFm&0&rDXHP&Ex&dxHP_equip,LRM AOE +40% RCA LSC R22 R410a rDXHP Measure,49.84,92.58,256046.42,475591.08,10.41854327,0.58640597,0.08812042,0.59979015,0.0,3.00882866,0.0,0.16590028,0.0,0.0,0.0,0.0,5.96949739,0.0,0.0,0.58640597,0.08812042,0.0,0.0,2.42830281,0.58052585,0.0,0.0,2283.19,0.00069458,24576.0,0.00069458
runs/CZ05/MFm&0&rDXHP&Ex&dxHP_equip/LRM AOE +30% RCA LSC R22 R410a rDXHP Measure/instance-out.sql,CZ05,MFm,weighted,rDXHP,Ex,dxHP_equip,,LRM AOE +30% RCA LSC R22 R410a rDXHP Measure,MFm&0&rDXHP&Ex&dxHP_equip,LRM AOE +30% RCA LSC R22 R410a rDXHP Measure,50.36,94.22,258713.84,484038.81,10.52708074,0.64007412,0.14298974,0.59979015,0.0,3.00882866,0.0,0.16590028,0.0,0.0,0.0,0.0,5.96949739,0.0,0.0,0.64007412,0.14298974,0.0,0.0,2.42830281,0.58052585,0.0,0.0,2283.19,0.00075511,24576.0,0.00075511
runs/CZ05/MFm&0&rDXHP&Ex&dxHP_equip/LRM AOE +7.5% RCA LSC R22 R410a rDXHP Measure/instance-out.sql,CZ05,MFm,weighted,rDXHP,Ex,dxHP_equip,,LRM AOE +7.5% RCA LSC R22 R410a rDXHP Measure,MFm&0&rDXHP&Ex&dxHP_equip,LRM AOE +7.5% RCA LSC R22 R410a rDXHP Measure,51.53,97.92,264715.55,503046.21,10.77129026,0.76082796,0.26644581,0.59979015,0.0,3.00882866,0.0,0.16590028,0.0,0.0,0.0,0.0,5.96949739,0.0,0.0,0.76082796,0.26644581,0.0,0.0,2.42830281,0.58052585,0.0,0.0,2283.19,0.00089132,24576.0,0.00089132
runs/CZ05/MFm&0&rDXHP&Ex&dxHP_equip/LRM AOE LSC R22 R410a rDXHP Measure/instance-out.sql,CZ05,MFm,weighted,rDXHP,Ex,dxHP_equip,,LRM AOE LSC R22 R410a rDXHP Measure,MFm&0&rDXHP&Ex&dxHP_equip,LRM AOE LSC R22 R410a rDXHP Measure,51.64,98.28,265302.38,504904.71,10.79516881,0.772635,0.27851693,0.59979015,0.0,3.00882866,0.0,0.16590028,0.0,0.0,0.0,0.0,5.96949739,0.0,0.0,0.772635,0.27851693,0.0,0.0,2.42830281,0.58052585,0.0,0.0,2283.19,0.00090464,24576.0,0.00090464
runs/CZ05/MFm&0&rDXHP&Ex&dxHP_equip/LRM NR R32 R454b rDXHP Base/instance-out.sql,CZ05,MFm,weighted,rDXHP,Ex,dxHP_equip,,LRM NR R32 R454b rDXHP Base,MFm&0&rDXHP&Ex&dxHP_equip,LRM NR R32 R454b rDXHP Base,51.07,96.45,262330.38,495492.37,10.67423755,0.65269577,0.27752531,0.59979015,0.0,3.00882866,0.0,0.16590028,0.0,0.0,0.0,0.0,5.96949739,0.0,0.0,0.65269577,0.27752531,0.0,0.0,2.42830281,0.58052585,0.0,0.0,2283.19,0.00090354,24576.0,0.00090354
runs/CZ05/MFm&0&rDXHP&Ex&dxHP_equip/LRM AOE R22 R410a rDXHP Base/instance-out.sql,CZ05,MFm,weighted,rDXHP,Ex,dxHP_equip,,LRM AOE R22 R410a rDXHP Base,MFm&0&rDXHP&Ex&dxHP_equip,LRM AOE R22 R410a rDXHP Base,51.92,99.16,266716.12,509382.01,10.85269356,0.80107938,0.3075977,0.59979015,0.0,3.00882866,0.0,0.16590028,0.0,0.0,0.0,0.0,5.96949739,0.0,0.0,0.80107938,0.3075977,0.0,0.0,2.42830281,0.58052585,0.0,0.0,2283.19,0.00093672,24576.0,0.00093672
runs/CZ06/MFm&0&rDXGF&Ex&dxAC_equip/LRM AOE +15% RCA LSC R22 R410a rDXGF Measure/instance-out.sql,CZ06,MFm,weighted,rDXGF,Ex,dxAC_equip,,LRM AOE +15% RCA LSC R22 R410a rDXGF Measure,MFm&0&rDXGF&Ex&dxAC_equip,LRM AOE +15% RCA LSC R22 R410a rDXGF Measure,52.58,91.75,270120.65,471317.22,10.99122449,1.03231365,0.29374274,0.59979015,0.0,3.00882866,0.0,0.16517193,0.0,0.0,0.0,0.0,5.89137736,0.0,0.0,0.0,0.29374274,1.03231365,0.0,2.42830281,0.58052585,0.0,0.0,2283.19,0.00090377,24576.0,0.00090377
runs/CZ05/MFm&0&rDXHP&Ex&dxHP_equip/LRM NR LSC R32 R454b rDXHP Measure/instance-out.sql,CZ05,MFm,weighted,rDXHP,Ex,dxHP_equip,,LRM NR LSC R32 R454b rDXHP Measure,MFm&0&rDXHP&Ex&dxHP_equip,LRM NR LSC R32 R454b rDXHP Measure,50.83,95.71,261130.12,491691.15,10.62539891,0.63009448,0.25128755,0.59979015,0.0,3.00882866,0.0,0.16590028,0.0,0.0,0.0,0.0,5.96949739,0.0,0.0,0.63009448,0.25128755,0.0,0.0,2.42830281,0.58052585,0.0,0.0,2283.19,0.0008746,24576.0,0.0008746
runs/CZ06/MFm&0&rDXGF&Ex&dxAC_equip/LRM AOE +22.5% RCA LSC R22 R410a rDXGF Measure/instance-out.sql,CZ06,MFm,weighted,rDXGF,Ex,dxAC_equip,,LRM AOE +22.5% RCA LSC R22 R410a rDXGF Measure,MFm&0&rDXGF&Ex&dxAC_equip,LRM AOE +22.5% RCA LSC R22 R410a rDXGF Measure,52.32,90.93,268802.03,467141.15,10.93756977,1.03231365,0.24008761,0.59979015,0.0,3.00882866,0.0,0.16517193,0.0,0.0,0.0,0.0,5.89137736,0.0,0.0,0.0,0.24008761,1.03231365,0.0,2.42830281,0.58052585,0.0,0.0,2283.19,0.00085031,24576.0,0.00085031
runs/CZ06/MFm&0&rDXGF&Ex&dxAC_equip/LRM AOE +7.5% RCA LSC R22 R410a rDXGF Measure/instance-out.sql,CZ06,MFm,weighted,rDXGF,Ex,dxAC_equip,,LRM AOE +7.5% RCA LSC R22 R410a rDXGF Measure,MFm&0&rDXGF&Ex&dxAC_equip,LRM AOE +7.5% RCA LSC R22 R410a rDXGF Measure,52.84,92.56,271439.27,475493.29,11.04487921,1.03231365,0.34739746,0.59979015,0.0,3.00882866,0.0,0.16517193,0.0,0.0,0.0,0.0,5.89137736,0.0,0.0,0.0,0.34739746,1.03231365,0.0,2.42830281,0.58052585,0.0,0.0,2283.19,0.00095724,24576.0,0.00095724
runs/CZ06/MFm&0&rDXGF&Ex&dxAC_equip/LRM AOE +30% RCA LSC R22 R410a rDXGF Measure/instance-out.sql,CZ06,MFm,weighted,rDXGF,Ex,dxAC_equip,,LRM AOE +30% RCA LSC R22 R410a rDXGF Measure,MFm&0&rDXGF&Ex&dxAC_equip,LRM AOE +30% RCA LSC R22 R410a rDXGF Measure,52.07,90.12,267483.41,462965.08,10.88391504,1.03231365,0.18643289,0.59979015,0.0,3.00882866,0.0,0.16517193,0.0,0.0,0.0,0.0,5.89137736,0.0,0.0,0.0,0.18643289,1.03231365,0.0,2.42830281,0.58052585,0.0,0.0,2283.19,0.00079684,24576.0,0.00079684
runs/CZ06/MFm&0&rDXGF&Ex&dxAC_equip/LRM AOE +40% RCA LSC R22 R410a rDXGF Measure/instance-out.sql,CZ06,MFm,weighted,rDXGF,Ex,dxAC_equip,,LRM AOE +40% RCA LSC R22 R410a rDXGF Measure,MFm&0&rDXGF&Ex&dxAC_equip,LRM AOE +40% RCA LSC R22 R410a rDXGF Measure,51.73,89.04,265725.25,457396.98,10.81237541,1.03231365,0.11489326,0.59979015,0.0,3.00882866,0.0,0.16517193,0.0,0.0,0.0,0.0,5.89137736,0.0,0.0,0.0,0.11489326,1.03231365,0.0,2.42830281,0.58052585,0.0,0.0,2283.19,0.00072555,24576.0,0.00072555
runs/CZ06/MFm&0&rDXGF&Ex&dxAC_equip/LRM AOE LSC R22 R410a rDXGF Measure/instance-out.sql,CZ06,MFm,weighted,rDXGF,Ex,dxAC_equip,,LRM AOE LSC R22 R410a rDXGF Measure,MFm&0&rDXGF&Ex&dxAC_equip,LRM AOE LSC R22 R410a rDXGF Measure,52.91,92.8,271826.07,476718.28,11.06061812,1.03231365,0.36313597,0.59979015,0.0,3.00882866,0.0,0.16517193,0.0,0.0,0.0,0.0,5.89137736,0.0,0.0,0.0,0.36313597,1.03231365,0.0,2.42830281,0.58052585,0.0,0.0,2283.19,0.00097293,24576.0,0.00097293
runs/CZ06/MFm&0&rDXGF&Ex&dxAC_equip/LRM AOE R22 R410a rDXGF Base/instance-out.sql,CZ06,MFm,weighted,rDXGF,Ex,dxAC_equip,,LRM AOE R22 R410a rDXGF Base,MFm&0&rDXGF&Ex&dxAC_equip,LRM AOE R22 R410a rDXGF Base,53.1,93.37,272757.9,479669.37,11.09853393,1.03231365,0.40105218,0.59979015,0.0,3.00882866,0.0,0.16517193,0.0,0.0,0.0,0.0,5.89137736,0.0,0.0,0.0,0.40105218,1.03231365,0.0,2.42830281,0.58052585,0.0,0.0,2283.19,0.00101071,24576.0,0.00101071
runs/CZ06/MFm&0&rDXGF&Ex&dxAC_equip/LRM NR LSC R454b rDXGF Measure/instance-out.sql,CZ06,MFm,weighted,rDXGF,Ex,dxAC_equip,,LRM NR LSC R454b rDXGF Measure,MFm&0&rDXGF&Ex&dxAC_equip,LRM NR LSC R454b rDXGF Measure,52.74,92.26,270953.57,473955.06,11.02511564,1.03231365,0.32763389,0.59979015,0.0,3.00882866,0.0,0.16517193,0.0,0.0,0.0,0.0,5.89137736,0.0,0.0,0.0,0.32763389,1.03231365,0.0,2.42830281,0.58052585,0.0,0.0,2283.19,0.00093755,24576.0,0.00093755
runs/CZ06/MFm&0&rDXGF&Ex&dxAC_equip/LRM NR R454b rDXGF Base/instance-out.sql,CZ06,MFm,weighted,rDXGF,Ex,dxAC_equip,,LRM NR R454b rDXGF Base,MFm&0&rDXGF&Ex&dxAC_equip,LRM NR R454b rDXGF Base,52.91,92.78,271794.29,476617.64,11.05932499,1.03231365,0.36184324,0.59979015,0.0,3.00882866,0.0,0.16517193,0.0,0.0,0.0,0.0,5.89137736,0.0,0.0,0.0,0.36184324,1.03231365,0.0,2.42830281,0.58052585,0.0,0.0,2283.19,0.00097164,24576.0,0.00097164
runs/CZ06/MFm&0&rDXHP&Ex&dxHP_equip/LRM AOE +15% RCA LSC R22 R410a rDXHP Measure/instance-out.sql,CZ06,MFm,weighted,rDXHP,Ex,dxHP_equip,,LRM AOE +15% RCA LSC R22 R410a rDXHP Measure,MFm&0&rDXHP&Ex&dxHP_equip,LRM AOE +15% RCA LSC R22 R410a rDXHP Measure,49.34,91.78,253487.85,471502.77,10.31443492,0.37063881,0.29392625,0.59979015,0.0,3.00882866,0.0,0.15017764,0.0,0.0,0.0,0.0,5.89107341,0.0,0.0,0.37063881,0.29392625,0.0,0.0,2.42830281,0.58052585,0.0,0.0,2283.19,0.00090378,24576.0,0.00090378
runs/CZ06/MFm&0&rDXHP&Ex&dxHP_equip/LRM AOE +30% RCA LSC R22 R410a rDXHP Measure/instance-out.sql,CZ06,MFm,weighted,rDXHP,Ex,dxHP_equip,,LRM AOE +30% RCA LSC R22 R410a rDXHP Measure,MFm&0&rDXHP&Ex&dxHP_equip,LRM AOE +30% RCA LSC R22 R410a rDXHP Measure,48.61,89.47,249735.85,459620.19,10.16176583,0.3253463,0.18654967,0.59979015,0.0,3.00882866,0.0,0.15017764,0.0,0.0,0.0,0.0,5.89107341,0.0,0.0,0.3253463,0.18654967,0.0,0.0,2.42830281,0.58052585,0.0,0.0,2283.19,0.00079684,24576.0,0.00079684
runs/CZ06/MFm&0&rDXHP&Ex&dxHP_equip/LRM AOE +22.5% RCA LSC R22 R410a rDXHP Measure/instance-out.sql,CZ06,MFm,weighted,rDXHP,Ex,dxHP_equip,,LRM AOE +22.5% RCA LSC R22 R410a rDXHP Measure,MFm&0&rDXHP&Ex&dxHP_equip,LRM AOE +22.5% RCA LSC R22 R410a rDXHP Measure,48.98,90.63,251611.85,465561.48,10.23810037,0.34799276,0.24023816,0.59979015,0.0,3.00882866,0.0,0.15017764,0.0,0.0,0.0,0.0,5.89107341,0.0,0.0,0.34799276,0.24023816,0.0,0.0,2.42830281,0.58052585,0.0,0.0,2283.19,0.00085031,24576.0,0.00085031
runs/CZ06/MFm&0&rDXHP&Ex&dxHP_equip/LRM AOE +40% RCA LSC R22 R410a rDXHP Measure/instance-out.sql,CZ06,MFm,weighted,rDXHP,Ex,dxHP_equip,,LRM AOE +40% RCA LSC R22 R410a rDXHP Measure,MFm&0&rDXHP&Ex&dxHP_equip,LRM AOE +40% RCA LSC R22 R410a rDXHP Measure,48.13,87.93,247234.52,451698.46,10.05998657,0.29515143,0.11496528,0.59979015,0.0,3.00882866,0.0,0.15017764,0.0,0.0,0.0,0.0,5.89107341,0.0,0.0,0.29515143,0.11496528,0.0,0.0,2.42830281,0.58052585,0.0,0.0,2283.19,0.00072555,24576.0,0.00072555
runs/CZ06/MFm&0&rDXHP&Ex&dxHP_equip/LRM AOE +7.5% RCA LSC R22 R410a rDXHP Measure/instance-out.sql,CZ06,MFm,weighted,rDXHP,Ex,dxHP_equip,,LRM AOE +7.5% RCA LSC R22 R410a rDXHP Measure,MFm&0&rDXHP&Ex&dxHP_equip,LRM AOE +7.5% RCA LSC R22 R410a rDXHP Measure,49.71,92.94,255363.85,477444.06,10.39076946,0.39328526,0.34761475,0.59979015,0.0,3.00882866,0.0,0.15017764,0.0,0.0,0.0,0.0,5.89107341,0.0,0.0,0.39328526,0.34761475,0.0,0.0,2.42830281,0.58052585,0.0,0.0,2283.19,0.00095725,24576.0,0.00095725
runs/CZ07/MFm&0&rDXGF&Ex&dxAC_equip/LRM AOE +15% RCA LSC R22 R410a rDXGF Measure/instance-out.sql,CZ07,MFm,weighted,rDXGF,Ex,dxAC_equip,,LRM AOE +15% RCA LSC R22 R410a rDXGF Measure,MFm&0&rDXGF&Ex&dxAC_equip,LRM AOE +15% RCA LSC R22 R410a rDXGF Measure,51.19,89.33,262947.79,458885.53,10.69936041,0.85132143,0.23473443,0.59979015,0.0,3.00882866,0.0,0.1332225,0.0,0.0,0.0,0.0,5.87146324,0.0,0.0,0.0,0.23473443,0.85132143,0.0,2.42830281,0.58052585,0.0,0.0,2283.19,0.00100932,24576.0,0.00100932
runs/CZ06/MFm&0&rDXHP&Ex&dxHP_equip/LRM AOE R22 R410a rDXHP Base/instance-out.sql,CZ06,MFm,weighted,rDXHP,Ex,dxHP_equip,,LRM AOE R22 R410a rDXHP Base,MFm&0&rDXHP&Ex&dxHP_equip,LRM AOE R22 R410a rDXHP Base,50.07,94.1,257239.85,483385.35,10.46710401,0.41593132,0.40130283,0.59979015,0.0,3.00882866,0.0,0.15017764,0.0,0.0,0.0,0.0,5.89107341,0.0,0.0,0.41593132,0.40130283,0.0,0.0,2.42830281,0.58052585,0.0,0.0,2283.19,0.00101071,24576.0,0.00101071
runs/CZ06/MFm&0&rDXHP&Ex&dxHP_equip/LRM AOE LSC R22 R410a rDXHP Measure/instance-out.sql,CZ06,MFm,weighted,rDXHP,Ex,dxHP_equip,,LRM AOE LSC R22 R410a rDXHP Measure,MFm&0&rDXHP&Ex&dxHP_equip,LRM AOE LSC R22 R410a rDXHP Measure,49.82,93.28,255914.15,479186.84,10.41316079,0.39992792,0.36336302,0.59979015,0.0,3.00882866,0.0,0.15017764,0.0,0.0,0.0,0.0,5.89107341,0.0,0.0,0.39992792,0.36336302,0.0,0.0,2.42830281,0.58052585,0.0,0.0,2283.19,0.00097293,24576.0,0.00097293
runs/CZ06/MFm&0&rDXHP&Ex&dxHP_equip/LRM NR LSC R32 R454b rDXHP Measure/instance-out.sql,CZ06,MFm,weighted,rDXHP,Ex,dxHP_equip,,LRM NR LSC R32 R454b rDXHP Measure,MFm&0&rDXHP&Ex&dxHP_equip,LRM NR LSC R32 R454b rDXHP Measure,49.26,91.53,253070.19,470180.04,10.29744031,0.31973188,0.32783897,0.59979015,0.0,3.00882866,0.0,0.15017764,0.0,0.0,0.0,0.0,5.89107341,0.0,0.0,0.31973188,0.32783897,0.0,0.0,2.42830281,0.58052585,0.0,0.0,2283.19,0.00093755,24576.0,0.00093755
runs/CZ06/MFm&0&rDXHP&Ex&dxHP_equip/LRM NR R32 R454b rDXHP Base/instance-out.sql,CZ06,MFm,weighted,rDXHP,Ex,dxHP_equip,,LRM NR R32 R454b rDXHP Base,MFm&0&rDXHP&Ex&dxHP_equip,LRM NR R32 R454b rDXHP Base,49.49,92.24,254223.95,473833.99,10.34438687,0.33244753,0.36206948,0.59979015,0.0,3.00882866,0.0,0.15017764,0.0,0.0,0.0,0.0,5.89107341,0.0,0.0,0.33244753,0.36206948,0.0,0.0,2.42830281,0.58052585,0.0,0.0,2283.19,0.00097164,24576.0,0.00097164
runs/CZ07/MFm&0&rDXGF&Ex&dxAC_equip/LRM AOE +22.5% RCA LSC R22 R410a rDXGF Measure/instance-out.sql,CZ07,MFm,weighted,rDXGF,Ex,dxAC_equip,,LRM AOE +22.5% RCA LSC R22 R410a rDXGF Measure,MFm&0&rDXGF&Ex&dxAC_equip,LRM AOE +22.5% RCA LSC R22 R410a rDXGF Measure,50.98,88.68,261894.06,455548.37,10.65648408,0.85132143,0.19185809,0.59979015,0.0,3.00882866,0.0,0.1332225,0.0,0.0,0.0,0.0,5.87146324,0.0,0.0,0.0,0.19185809,0.85132143,0.0,2.42830281,0.58052585,0.0,0.0,2283.19,0.00094162,24576.0,0.00094162
runs/CZ07/MFm&0&rDXGF&Ex&dxAC_equip/LRM AOE +30% RCA LSC R22 R410a rDXGF Measure/instance-out.sql,CZ07,MFm,weighted,rDXGF,Ex,dxAC_equip,,LRM AOE +30% RCA LSC R22 R410a rDXGF Measure,MFm&0&rDXGF&Ex&dxAC_equip,LRM AOE +30% RCA LSC R22 R410a rDXGF Measure,50.78,88.03,260840.33,452211.2,10.61360774,0.85132143,0.14898176,0.59979015,0.0,3.00882866,0.0,0.1332225,0.0,0.0,0.0,0.0,5.87146324,0.0,0.0,0.0,0.14898176,0.85132143,0.0,2.42830281,0.58052585,0.0,0.0,2283.19,0.00087393,24576.0,0.00087393
runs/CZ07/MFm&0&rDXGF&Ex&dxAC_equip/LRM AOE +7.5% RCA LSC R22 R410a rDXGF Measure/instance-out.sql,CZ07,MFm,weighted,rDXGF,Ex,dxAC_equip,,LRM AOE +7.5% RCA LSC R22 R410a rDXGF Measure,MFm&0&rDXGF&Ex&dxAC_equip,LRM AOE +7.5% RCA LSC R22 R410a rDXGF Measure,51.39,89.98,264001.52,462222.7,10.74223674,0.85132143,0.27761076,0.59979015,0.0,3.00882866,0.0,0.1332225,0.0,0.0,0.0,0.0,5.87146324,0.0,0.0,0.0,0.27761076,0.85132143,0.0,2.42830281,0.58052585,0.0,0.0,2283.19,0.00107701,24576.0,0.00107701
runs/CZ07/MFm&0&rDXGF&Ex&dxAC_equip/LRM AOE +40% RCA LSC R22 R410a rDXGF Measure/instance-out.sql,CZ07,MFm,weighted,rDXGF,Ex,dxAC_equip,,LRM AOE +40% RCA LSC R22 R410a rDXGF Measure,MFm&0&rDXGF&Ex&dxAC_equip,LRM AOE +40% RCA LSC R22 R410a rDXGF Measure,50.5,87.16,259435.35,447761.65,10.55643903,0.85132143,0.09181304,0.59979015,0.0,3.00882866,0.0,0.1332225,0.0,0.0,0.0,0.0,5.87146324,0.0,0.0,0.0,0.09181304,0.85132143,0.0,2.42830281,0.58052585,0.0,0.0,2283.19,0.00078367,24576.0,0.00078367
runs/CZ07/MFm&0&rDXGF&Ex&dxAC_equip/LRM AOE LSC R22 R410a rDXGF Measure/instance-out.sql,CZ07,MFm,weighted,rDXGF,Ex,dxAC_equip,,LRM AOE LSC R22 R410a rDXGF Measure,MFm&0&rDXGF&Ex&dxAC_equip,LRM AOE LSC R22 R410a rDXGF Measure,51.45,90.17,264310.61,463201.6,10.75481363,0.85132143,0.29018765,0.59979015,0.0,3.00882866,0.0,0.1332225,0.0,0.0,0.0,0.0,5.87146324,0.0,0.0,0.0,0.29018765,0.85132143,0.0,2.42830281,0.58052585,0.0,0.0,2283.19,0.00109687,24576.0,0.00109687
runs/CZ07/MFm&0&rDXGF&Ex&dxAC_equip/LRM NR LSC R454b rDXGF Measure/instance-out.sql,CZ07,MFm,weighted,rDXGF,Ex,dxAC_equip,,LRM NR LSC R454b rDXGF Measure,MFm&0&rDXGF&Ex&dxAC_equip,LRM NR LSC R454b rDXGF Measure,51.31,89.74,263613.38,460993.47,10.7264433,0.85132143,0.26181732,0.59979015,0.0,3.00882866,0.0,0.1332225,0.0,0.0,0.0,0.0,5.87146324,0.0,0.0,0.0,0.26181732,0.85132143,0.0,2.42830281,0.58052585,0.0,0.0,2283.19,0.00105208,24576.0,0.00105208
runs/CZ07/MFm&0&rDXGF&Ex&dxAC_equip/LRM AOE R22 R410a rDXGF Base/instance-out.sql,CZ07,MFm,weighted,rDXGF,Ex,dxAC_equip,,LRM AOE R22 R410a rDXGF Base,MFm&0&rDXGF&Ex&dxAC_equip,LRM AOE R22 R410a rDXGF Base,51.6,90.63,265055.25,465559.86,10.78511308,0.85132143,0.32048709,0.59979015,0.0,3.00882866,0.0,0.1332225,0.0,0.0,0.0,0.0,5.87146324,0.0,0.0,0.0,0.32048709,0.85132143,0.0,2.42830281,0.58052585,0.0,0.0,2283.19,0.0011447,24576.0,0.0011447
runs/CZ07/MFm&0&rDXGF&Ex&dxAC_equip/LRM NR R454b rDXGF Base/instance-out.sql,CZ07,MFm,weighted,rDXGF,Ex,dxAC_equip,,LRM NR R454b rDXGF Base,MFm&0&rDXGF&Ex&dxAC_equip,LRM NR R454b rDXGF Base,51.45,90.15,264285.22,463121.18,10.75378051,0.85132143,0.28915453,0.59979015,0.0,3.00882866,0.0,0.1332225,0.0,0.0,0.0,0.0,5.87146324,0.0,0.0,0.0,0.28915453,0.85132143,0.0,2.42830281,0.58052585,0.0,0.0,2283.19,0.00109524,24576.0,0.00109524
runs/CZ07/MFm&0&rDXHP&Ex&dxHP_equip/LRM AOE +15% RCA LSC R22 R410a rDXHP Measure/instance-out.sql,CZ07,MFm,weighted,rDXHP,Ex,dxHP_equip,,LRM AOE +15% RCA LSC R22 R410a rDXHP Measure,MFm&0&rDXHP&Ex&dxHP_equip,LRM AOE +15% RCA LSC R22 R410a rDXHP Measure,48.48,89.23,249026.3,458374.52,10.1328946,0.29822149,0.23477023,0.59979015,0.0,3.00882866,0.0,0.11977362,0.0,0.0,0.0,0.0,5.87151004,0.0,0.0,0.29822149,0.23477023,0.0,0.0,2.42830281,0.58052585,0.0,0.0,2283.19,0.00100932,24576.0,0.00100932
runs/CZ07/MFm&0&rDXHP&Ex&dxHP_equip/LRM AOE +22.5% RCA LSC R22 R410a rDXHP Measure/instance-out.sql,CZ07,MFm,weighted,rDXHP,Ex,dxHP_equip,,LRM AOE +22.5% RCA LSC R22 R410a rDXHP Measure,MFm&0&rDXHP&Ex&dxHP_equip,LRM AOE +22.5% RCA LSC R22 R410a rDXHP Measure,48.18,88.3,247525.07,453620.13,10.07180947,0.2800192,0.19188739,0.59979015,0.0,3.00882866,0.0,0.11977362,0.0,0.0,0.0,0.0,5.87151004,0.0,0.0,0.2800192,0.19188739,0.0,0.0,2.42830281,0.58052585,0.0,0.0,2283.19,0.00094163,24576.0,0.00094163
runs/CZ07/MFm&0&rDXHP&Ex&dxHP_equip/LRM AOE +30% RCA LSC R22 R410a rDXHP Measure/instance-out.sql,CZ07,MFm,weighted,rDXHP,Ex,dxHP_equip,,LRM AOE +30% RCA LSC R22 R410a rDXHP Measure,MFm&0&rDXHP&Ex&dxHP_equip,LRM AOE +30% RCA LSC R22 R410a rDXHP Measure,47.89,87.38,246023.85,448865.74,10.01072434,0.26181732,0.14900414,0.59979015,0.0,3.00882866,0.0,0.11977362,0.0,0.0,0.0,0.0,5.87151004,0.0,0.0,0.26181732,0.14900414,0.0,0.0,2.42830281,0.58052585,0.0,0.0,2283.19,0.00087393,24576.0,0.00087393
runs/CZ07/MFm&0&rDXHP&Ex&dxHP_equip/LRM AOE +40% RCA LSC R22 R410a rDXHP Measure/instance-out.sql,CZ07,MFm,weighted,rDXHP,Ex,dxHP_equip,,LRM AOE +40% RCA LSC R22 R410a rDXHP Measure,MFm&0&rDXHP&Ex&dxHP_equip,LRM AOE +40% RCA LSC R22 R410a rDXHP Measure,47.5,86.14,244022.21,442526.56,9.92927749,0.23754774,0.09182728,0.59979015,0.0,3.00882866,0.0,0.11977362,0.0,0.0,0.0,0.0,5.87151004,0.0,0.0,0.23754774,0.09182728,0.0,0.0,2.42830281,0.58052585,0.0,0.0,2283.19,0.00078368,24576.0,0.00078368
runs/CZ07/MFm&0&rDXHP&Ex&dxHP_equip/LRM AOE +7.5% RCA LSC R22 R410a rDXHP Measure/instance-out.sql,CZ07,MFm,weighted,rDXHP,Ex,dxHP_equip,,LRM AOE +7.5% RCA LSC R22 R410a rDXHP Measure,MFm&0&rDXHP&Ex&dxHP_equip,LRM AOE +7.5% RCA LSC R22 R410a rDXHP Measure,48.77,90.15,250527.53,463128.9,10.19397933,0.31642378,0.27765308,0.59979015,0.0,3.00882866,0.0,0.11977362,0.0,0.0,0.0,0.0,5.87151004,0.0,0.0,0.31642378,0.27765308,0.0,0.0,2.42830281,0.58052585,0.0,0.0,2283.19,0.00107701,24576.0,0.00107701
runs/CZ07/MFm&0&rDXHP&Ex&dxHP_equip/LRM AOE LSC R22 R410a rDXHP Measure/instance-out.sql,CZ07,MFm,weighted,rDXHP,Ex,dxHP_equip,,LRM AOE LSC R22 R410a rDXHP Measure,MFm&0&rDXHP&Ex&dxHP_equip,LRM AOE LSC R22 R410a rDXHP Measure,48.85,90.42,250967.89,464523.53,10.2118976,0.32176313,0.290232,0.59979015,0.0,3.00882866,0.0,0.11977362,0.0,0.0,0.0,0.0,5.87151004,0.0,0.0,0.32176313,0.290232,0.0,0.0,2.42830281,0.58052585,0.0,0.0,2283.19,0.00109687,24576.0,0.00109687
runs/CZ07/MFm&0&rDXHP&Ex&dxHP_equip/LRM AOE R22 R410a rDXHP Base/instance-out.sql,CZ07,MFm,weighted,rDXHP,Ex,dxHP_equip,,LRM AOE R22 R410a rDXHP Base,MFm&0&rDXHP&Ex&dxHP_equip,LRM AOE R22 R410a rDXHP Base,49.06,91.08,252028.76,467883.29,10.25506446,0.33462567,0.32053592,0.59979015,0.0,3.00882866,0.0,0.11977362,0.0,0.0,0.0,0.0,5.87151004,0.0,0.0,0.33462567,0.32053592,0.0,0.0,2.42830281,0.58052585,0.0,0.0,2283.19,0.00114471,24576.0,0.00114471
runs/CZ07/MFm&0&rDXHP&Ex&dxHP_equip/LRM NR LSC R32 R454b rDXHP Measure/instance-out.sql,CZ07,MFm,weighted,rDXHP,Ex,dxHP_equip,,LRM NR LSC R32 R454b rDXHP Measure,MFm&0&rDXHP&Ex&dxHP_equip,LRM NR LSC R32 R454b rDXHP Measure,48.41,89.02,248686.42,457298.1,10.11906446,0.25730439,0.2618572,0.59979015,0.0,3.00882866,0.0,0.11977362,0.0,0.0,0.0,0.0,5.87151004,0.0,0.0,0.25730439,0.2618572,0.0,0.0,2.42830281,0.58052585,0.0,0.0,2283.19,0.00105208,24576.0,0.00105208
runs/CZ08/MFm&0&rDXGF&Ex&dxAC_equip/LRM AOE +22.5% RCA LSC R22 R410a rDXGF Measure/instance-out.sql,CZ08,MFm,weighted,rDXGF,Ex,dxAC_equip,,LRM AOE +22.5% RCA LSC R22 R410a rDXGF Measure,MFm&0&rDXGF&Ex&dxAC_equip,LRM AOE +22.5% RCA LSC R22 R410a rDXGF Measure,53.38,95.92,274213.01,492739.72,11.15774285,0.92057387,0.52444152,0.59979015,0.0,3.00882866,0.0,0.26629119,0.0,0.0,0.0,0.0,5.83781745,0.0,0.0,0.0,0.52444152,0.92057387,0.0,2.42830281,0.58052585,0.0,0.0,2283.19,0.00132716,24576.0,0.00132716
runs/CZ08/MFm&0&rDXGF&Ex&dxAC_equip/LRM AOE +15% RCA LSC R22 R410a rDXGF Measure/instance-out.sql,CZ08,MFm,weighted,rDXGF,Ex,dxAC_equip,,LRM AOE +15% RCA LSC R22 R410a rDXGF Measure,MFm&0&rDXGF&Ex&dxAC_equip,LRM AOE +15% RCA LSC R22 R410a rDXGF Measure,53.94,97.69,277093.37,501861.82,11.27494486,0.92057387,0.64164353,0.59979015,0.0,3.00882866,0.0,0.26629119,0.0,0.0,0.0,0.0,5.83781745,0.0,0.0,0.0,0.64164353,0.92057387,0.0,2.42830281,0.58052585,0.0,0.0,2283.19,0.00146189,24576.0,0.00146189
runs/CZ08/MFm&0&rDXGF&Ex&dxAC_equip/LRM AOE +40% RCA LSC R22 R410a rDXGF Measure/instance-out.sql,CZ08,MFm,weighted,rDXGF,Ex,dxAC_equip,,LRM AOE +40% RCA LSC R22 R410a rDXGF Measure,MFm&0&rDXGF&Ex&dxAC_equip,LRM AOE +40% RCA LSC R22 R410a rDXGF Measure,52.07,91.77,267492.17,471454.83,10.88427149,0.92057387,0.25097016,0.59979015,0.0,3.00882866,0.0,0.26629119,0.0,0.0,0.0,0.0,5.83781745,0.0,0.0,0.0,0.25097016,0.92057387,0.0,2.42830281,0.58052585,0.0,0.0,2283.19,0.00101278,24576.0,0.00101278
runs/CZ07/MFm&0&rDXHP&Ex&dxHP_equip/LRM NR R32 R454b rDXHP Base/instance-out.sql,CZ07,MFm,weighted,rDXHP,Ex,dxHP_equip,,LRM NR R32 R454b rDXHP Base,MFm&0&rDXHP&Ex&dxHP_equip,LRM NR R32 R454b rDXHP Base,48.59,89.59,249609.54,460221.62,10.15662626,0.26752491,0.28919847,0.59979015,0.0,3.00882866,0.0,0.11977362,0.0,0.0,0.0,0.0,5.87151004,0.0,0.0,0.26752491,0.28919847,0.0,0.0,2.42830281,0.58052585,0.0,0.0,2283.19,0.00109524,24576.0,0.00109524
runs/CZ08/MFm&0&rDXGF&Ex&dxAC_equip/LRM AOE LSC R22 R410a rDXGF Measure/instance-out.sql,CZ08,MFm,weighted,rDXGF,Ex,dxAC_equip,,LRM AOE LSC R22 R410a rDXGF Measure,MFm&0&rDXGF&Ex&dxAC_equip,LRM AOE LSC R22 R410a rDXGF Measure,54.66,99.99,280818.63,513659.74,11.4265263,0.92057387,0.79322457,0.59979015,0.0,3.00882866,0.0,0.26629119,0.0,0.0,0.0,0.0,5.83781745,0.0,0.0,0.0,0.79322457,0.92057387,0.0,2.42830281,0.58052585,0.0,0.0,2283.19,0.00163615,24576.0,0.00163615
runs/CZ08/MFm&0&rDXGF&Ex&dxAC_equip/LRM AOE +30% RCA LSC R22 R410a rDXGF Measure/instance-out.sql,CZ08,MFm,weighted,rDXGF,Ex,dxAC_equip,,LRM AOE +30% RCA LSC R22 R410a rDXGF Measure,MFm&0&rDXGF&Ex&dxAC_equip,LRM AOE +30% RCA LSC R22 R410a rDXGF Measure,52.82,94.14,271332.65,483617.63,11.04054084,0.92057387,0.40723951,0.59979015,0.0,3.00882866,0.0,0.26629119,0.0,0.0,0.0,0.0,5.83781745,0.0,0.0,0.0,0.40723951,0.92057387,0.0,2.42830281,0.58052585,0.0,0.0,2283.19,0.00119242,24576.0,0.00119242
runs/CZ08/MFm&0&rDXGF&Ex&dxAC_equip/LRM AOE +7.5% RCA LSC R22 R410a rDXGF Measure/instance-out.sql,CZ08,MFm,weighted,rDXGF,Ex,dxAC_equip,,LRM AOE +7.5% RCA LSC R22 R410a rDXGF Measure,MFm&0&rDXGF&Ex&dxAC_equip,LRM AOE +7.5% RCA LSC R22 R410a rDXGF Measure,54.5,99.47,279973.73,510983.92,11.39214687,0.92057387,0.75884555,0.59979015,0.0,3.00882866,0.0,0.26629119,0.0,0.0,0.0,0.0,5.83781745,0.0,0.0,0.0,0.75884555,0.92057387,0.0,2.42830281,0.58052585,0.0,0.0,2283.19,0.00159662,24576.0,0.00159662
runs/CZ08/MFm&0&rDXGF&Ex&dxAC_equip/LRM NR R454b rDXGF Base/instance-out.sql,CZ08,MFm,weighted,rDXGF,Ex,dxAC_equip,,LRM NR R454b rDXGF Base,MFm&0&rDXGF&Ex&dxAC_equip,LRM NR R454b rDXGF Base,54.65,99.95,280749.22,513439.91,11.4237016,0.92057387,0.79040028,0.59979015,0.0,3.00882866,0.0,0.26629119,0.0,0.0,0.0,0.0,5.83781745,0.0,0.0,0.0,0.79040028,0.92057387,0.0,2.42830281,0.58052585,0.0,0.0,2283.19,0.0016329,24576.0,0.0016329
runs/CZ08/MFm&0&rDXGF&Ex&dxAC_equip/LRM NR LSC R454b rDXGF Measure/instance-out.sql,CZ08,MFm,weighted,rDXGF,Ex,dxAC_equip,,LRM NR LSC R454b rDXGF Measure,MFm&0&rDXGF&Ex&dxAC_equip,LRM NR LSC R454b rDXGF Measure,54.29,98.81,278912.77,507623.85,11.34897635,0.92057387,0.71567462,0.59979015,0.0,3.00882866,0.0,0.26629119,0.0,0.0,0.0,0.0,5.83781745,0.0,0.0,0.0,0.71567462,0.92057387,0.0,2.42830281,0.58052585,0.0,0.0,2283.19,0.001547,24576.0,0.001547
runs/CZ08/MFm&0&rDXGF&Ex&dxAC_equip/LRM AOE R22 R410a rDXGF Base/instance-out.sql,CZ08,MFm,weighted,rDXGF,Ex,dxAC_equip,,LRM AOE R22 R410a rDXGF Base,MFm&0&rDXGF&Ex&dxAC_equip,LRM AOE R22 R410a rDXGF Base,55.06,101.24,282854.09,520106.02,11.50934888,0.92057387,0.87604756,0.59979015,0.0,3.00882866,0.0,0.26629119,0.0,0.0,0.0,0.0,5.83781745,0.0,0.0,0.0,0.87604756,0.92057387,0.0,2.42830281,0.58052585,0.0,0.0,2283.19,0.00173136,24576.0,0.00173136
runs/CZ08/MFm&0&rDXHP&Ex&dxHP_equip/LRM AOE +15% RCA LSC R22 R410a rDXHP Measure/instance-out.sql,CZ08,MFm,weighted,rDXHP,Ex,dxHP_equip,,LRM AOE +15% RCA LSC R22 R410a rDXHP Measure,MFm&0&rDXHP&Ex&dxHP_equip,LRM AOE +15% RCA LSC R22 R410a rDXHP Measure,51.12,97.94,262620.1,503145.15,10.68602668,0.34563436,0.64186245,0.59979015,0.0,3.00882866,0.0,0.25198213,0.0,0.0,0.0,0.0,5.83792894,0.0,0.0,0.34563436,0.64186245,0.0,0.0,2.42830281,0.58052585,0.0,0.0,2283.19,0.00146191,24576.0,0.00146191
runs/CZ08/MFm&0&rDXHP&Ex&dxHP_equip/LRM AOE +30% RCA LSC R22 R410a rDXHP Measure/instance-out.sql,CZ08,MFm,weighted,rDXHP,Ex,dxHP_equip,,LRM AOE +30% RCA LSC R22 R410a rDXHP Measure,MFm&0&rDXHP&Ex&dxHP_equip,LRM AOE +30% RCA LSC R22 R410a rDXHP Measure,49.81,93.79,255882.94,481808.55,10.41189126,0.30598271,0.40737827,0.59979015,0.0,3.00882866,0.0,0.25198213,0.0,0.0,0.0,0.0,5.83792894,0.0,0.0,0.30598271,0.40737827,0.0,0.0,2.42830281,0.58052585,0.0,0.0,2283.19,0.00119243,24576.0,0.00119243
runs/CZ08/MFm&0&rDXHP&Ex&dxHP_equip/LRM AOE LSC R22 R410a rDXHP Measure/instance-out.sql,CZ08,MFm,weighted,rDXHP,Ex,dxHP_equip,,LRM AOE LSC R22 R410a rDXHP Measure,MFm&0&rDXHP&Ex&dxHP_equip,LRM AOE LSC R22 R410a rDXHP Measure,51.97,100.63,266976.8,516942.81,10.86330105,0.37127561,0.79349516,0.59979015,0.0,3.00882866,0.0,0.25198213,0.0,0.0,0.0,0.0,5.83792894,0.0,0.0,0.37127561,0.79349516,0.0,0.0,2.42830281,0.58052585,0.0,0.0,2283.19,0.00163617,24576.0,0.00163617
runs/CZ08/MFm&0&rDXHP&Ex&dxHP_equip/LRM AOE +7.5% RCA LSC R22 R410a rDXHP Measure/instance-out.sql,CZ08,MFm,weighted,rDXHP,Ex,dxHP_equip,,LRM AOE +7.5% RCA LSC R22 R410a rDXHP Measure,MFm&0&rDXHP&Ex&dxHP_equip,LRM AOE +7.5% RCA LSC R22 R410a rDXHP Measure,51.78,100.02,265988.68,513813.45,10.82309439,0.36546018,0.75910433,0.59979015,0.0,3.00882866,0.0,0.25198213,0.0,0.0,0.0,0.0,5.83792894,0.0,0.0,0.36546018,0.75910433,0.0,0.0,2.42830281,0.58052585,0.0,0.0,2283.19,0.00159664,24576.0,0.00159664
runs/CZ08/MFm&0&rDXHP&Ex&dxHP_equip/LRM AOE +40% RCA LSC R22 R410a rDXHP Measure/instance-out.sql,CZ08,MFm,weighted,rDXHP,Ex,dxHP_equip,,LRM AOE +40% RCA LSC R22 R410a rDXHP Measure,MFm&0&rDXHP&Ex&dxHP_equip,LRM AOE +40% RCA LSC R22 R410a rDXHP Measure,48.94,91.02,251391.49,467584.15,10.22913432,0.27954801,0.25105561,0.59979015,0.0,3.00882866,0.0,0.25198213,0.0,0.0,0.0,0.0,5.83792894,0.0,0.0,0.27954801,0.25105561,0.0,0.0,2.42830281,0.58052585,0.0,0.0,2283.19,0.00101279,24576.0,0.00101279
runs/CZ08/MFm&0&rDXHP&Ex&dxHP_equip/LRM AOE +22.5% RCA LSC R22 R410a rDXHP Measure/instance-out.sql,CZ08,MFm,weighted,rDXHP,Ex,dxHP_equip,,LRM AOE +22.5% RCA LSC R22 R410a rDXHP Measure,MFm&0&rDXHP&Ex&dxHP_equip,LRM AOE +22.5% RCA LSC R22 R410a rDXHP Measure,50.47,95.87,259251.52,492476.85,10.54895897,0.32580854,0.52462015,0.59979015,0.0,3.00882866,0.0,0.25198213,0.0,0.0,0.0,0.0,5.83792894,0.0,0.0,0.32580854,0.52462015,0.0,0.0,2.42830281,0.58052585,0.0,0.0,2283.19,0.00132717,24576.0,0.00132717
runs/CZ08/MFm&0&rDXHP&Ex&dxHP_equip/LRM NR LSC R32 R454b rDXHP Measure/instance-out.sql,CZ08,MFm,weighted,rDXHP,Ex,dxHP_equip,,LRM NR LSC R32 R454b rDXHP Measure,MFm&0&rDXHP&Ex&dxHP_equip,LRM NR LSC R32 R454b rDXHP Measure,51.26,98.39,263344.84,505440.39,10.7155164,0.30106736,0.71591876,0.59979015,0.0,3.00882866,0.0,0.25198213,0.0,0.0,0.0,0.0,5.83792894,0.0,0.0,0.30106736,0.71591876,0.0,0.0,2.42830281,0.58052585,0.0,0.0,2283.19,0.00154701,24576.0,0.00154701
runs/CZ08/MFm&0&rDXHP&Ex&dxHP_equip/LRM AOE R22 R410a rDXHP Base/instance-out.sql,CZ08,MFm,weighted,rDXHP,Ex,dxHP_equip,,LRM AOE R22 R410a rDXHP Base,MFm&0&rDXHP&Ex&dxHP_equip,LRM AOE R22 R410a rDXHP Base,52.43,102.1,269357.26,524481.74,10.96016251,0.38528601,0.87634622,0.59979015,0.0,3.00882866,0.0,0.25198213,0.0,0.0,0.0,0.0,5.83792894,0.0,0.0,0.38528601,0.87634622,0.0,0.0,2.42830281,0.58052585,0.0,0.0,2283.19,0.00173138,24576.0,0.00173138
runs/CZ08/MFm&0&rDXHP&Ex&dxHP_equip/LRM NR R32 R454b rDXHP Base/instance-out.sql,CZ08,MFm,weighted,rDXHP,Ex,dxHP_equip,,LRM NR R32 R454b rDXHP Base,MFm&0&rDXHP&Ex&dxHP_equip,LRM NR R32 R454b rDXHP Base,51.67,99.69,265455.5,512124.88,10.80139968,0.31219934,0.79067005,0.59979015,0.0,3.00882866,0.0,0.25198213,0.0,0.0,0.0,0.0,5.83792894,0.0,0.0,0.31219934,0.79067005,0.0,0.0,2.42830281,0.58052585,0.0,0.0,2283.19,0.00163292,24576.0,0.00163292
runs/CZ09/MFm&0&rDXGF&Ex&dxAC_equip/LRM AOE +15% RCA LSC R22 R410a rDXGF Measure/instance-out.sql,CZ09,MFm,weighted,rDXGF,Ex,dxAC_equip,,LRM AOE +15% RCA LSC R22 R410a rDXGF Measure,MFm&0&rDXGF&Ex&dxAC_equip,LRM AOE +15% RCA LSC R22 R410a rDXGF Measure,58.04,102.49,298150.87,526526.05,12.13177572,1.74823118,0.63338549,0.59979015,0.0,3.00882866,0.0,0.3104513,0.0,0.0,0.0,0.0,5.83108853,0.0,0.0,0.0,0.63338549,1.74823118,0.0,2.42830281,0.58052585,0.0,0.0,2283.19,0.00156455,24576.0,0.00156455
runs/CZ09/MFm&0&rDXGF&Ex&dxAC_equip/LRM AOE +22.5% RCA LSC R22 R410a rDXGF Measure/instance-out.sql,CZ09,MFm,weighted,rDXGF,Ex,dxAC_equip,,LRM AOE +22.5% RCA LSC R22 R410a rDXGF Measure,MFm&0&rDXGF&Ex&dxAC_equip,LRM AOE +22.5% RCA LSC R22 R410a rDXGF Measure,57.48,100.74,295307.58,517521.35,12.01608209,1.74823118,0.51769186,0.59979015,0.0,3.00882866,0.0,0.3104513,0.0,0.0,0.0,0.0,5.83108853,0.0,0.0,0.0,0.51769186,1.74823118,0.0,2.42830281,0.58052585,0.0,0.0,2283.19,0.00141293,24576.0,0.00141293
runs/CZ09/MFm&0&rDXGF&Ex&dxAC_equip/LRM AOE +30% RCA LSC R22 R410a rDXGF Measure/instance-out.sql,CZ09,MFm,weighted,rDXGF,Ex,dxAC_equip,,LRM AOE +30% RCA LSC R22 R410a rDXGF Measure,MFm&0&rDXGF&Ex&dxAC_equip,LRM AOE +30% RCA LSC R22 R410a rDXGF Measure,56.93,98.99,292464.29,508516.65,11.90038846,1.74823118,0.40199823,0.59979015,0.0,3.00882866,0.0,0.3104513,0.0,0.0,0.0,0.0,5.83108853,0.0,0.0,0.0,0.40199823,1.74823118,0.0,2.42830281,0.58052585,0.0,0.0,2283.19,0.00126131,24576.0,0.00126131
runs/CZ09/MFm&0&rDXGF&Ex&dxAC_equip/LRM AOE LSC R22 R410a rDXGF Measure/instance-out.sql,CZ09,MFm,weighted,rDXGF,Ex,dxAC_equip,,LRM AOE LSC R22 R410a rDXGF Measure,MFm&0&rDXGF&Ex&dxAC_equip,LRM AOE LSC R22 R410a rDXGF Measure,58.75,104.76,301828.19,538172.13,12.28140608,1.74823118,0.78301585,0.59979015,0.0,3.00882866,0.0,0.3104513,0.0,0.0,0.0,0.0,5.83108853,0.0,0.0,0.0,0.78301585,1.74823118,0.0,2.42830281,0.58052585,0.0,0.0,2283.19,0.00176064,24576.0,0.00176064
runs/CZ09/MFm&0&rDXGF&Ex&dxAC_equip/LRM AOE +7.5% RCA LSC R22 R410a rDXGF Measure/instance-out.sql,CZ09,MFm,weighted,rDXGF,Ex,dxAC_equip,,LRM AOE +7.5% RCA LSC R22 R410a rDXGF Measure,MFm&0&rDXGF&Ex&dxAC_equip,LRM AOE +7.5% RCA LSC R22 R410a rDXGF Measure,58.59,104.25,300994.16,535530.75,12.24746935,1.74823118,0.74907912,0.59979015,0.0,3.00882866,0.0,0.3104513,0.0,0.0,0.0,0.0,5.83108853,0.0,0.0,0.0,0.74907912,1.74823118,0.0,2.42830281,0.58052585,0.0,0.0,2283.19,0.00171617,24576.0,0.00171617
runs/CZ09/MFm&0&rDXGF&Ex&dxAC_equip/LRM AOE R22 R410a rDXGF Base/instance-out.sql,CZ09,MFm,weighted,rDXGF,Ex,dxAC_equip,,LRM AOE R22 R410a rDXGF Base,MFm&0&rDXGF&Ex&dxAC_equip,LRM AOE R22 R410a rDXGF Base,59.14,106.0,303837.45,544535.45,12.36316298,1.74823118,0.86477275,0.59979015,0.0,3.00882866,0.0,0.3104513,0.0,0.0,0.0,0.0,5.83108853,0.0,0.0,0.0,0.86477275,1.74823118,0.0,2.42830281,0.58052585,0.0,0.0,2283.19,0.00186779,24576.0,0.00186779
runs/CZ09/MFm&0&rDXGF&Ex&dxAC_equip/LRM AOE +40% RCA LSC R22 R410a rDXGF Measure/instance-out.sql,CZ09,MFm,weighted,rDXGF,Ex,dxAC_equip,,LRM AOE +40% RCA LSC R22 R410a rDXGF Measure,MFm&0&rDXGF&Ex&dxAC_equip,LRM AOE +40% RCA LSC R22 R410a rDXGF Measure,56.19,96.65,288673.24,496510.39,11.74613042,1.74823118,0.24774019,0.59979015,0.0,3.00882866,0.0,0.3104513,0.0,0.0,0.0,0.0,5.83108853,0.0,0.0,0.0,0.24774019,1.74823118,0.0,2.42830281,0.58052585,0.0,0.0,2283.19,0.00105915,24576.0,0.00105915
runs/CZ09/MFm&0&rDXGF&Ex&dxAC_equip/LRM NR LSC R454b rDXGF Measure/instance-out.sql,CZ09,MFm,weighted,rDXGF,Ex,dxAC_equip,,LRM NR LSC R454b rDXGF Measure,MFm&0&rDXGF&Ex&dxAC_equip,LRM NR LSC R454b rDXGF Measure,58.39,103.6,299946.85,532213.92,12.20485425,1.74823118,0.70646401,0.59979015,0.0,3.00882866,0.0,0.3104513,0.0,0.0,0.0,0.0,5.83108853,0.0,0.0,0.0,0.70646401,1.74823118,0.0,2.42830281,0.58052585,0.0,0.0,2283.19,0.00166032,24576.0,0.00166032
runs/CZ09/MFm&0&rDXGF&Ex&dxAC_equip/LRM NR R454b rDXGF Base/instance-out.sql,CZ09,MFm,weighted,rDXGF,Ex,dxAC_equip,,LRM NR R454b rDXGF Base,MFm&0&rDXGF&Ex&dxAC_equip,LRM NR R454b rDXGF Base,58.74,104.72,301759.67,537955.13,12.2786184,1.74823118,0.78022776,0.59979015,0.0,3.00882866,0.0,0.3104513,0.0,0.0,0.0,0.0,5.83108853,0.0,0.0,0.0,0.78022776,1.74823118,0.0,2.42830281,0.58052585,0.0,0.0,2283.19,0.00175699,24576.0,0.00175699
runs/CZ09/MFm&0&rDXHP&Ex&dxHP_equip/LRM AOE +22.5% RCA LSC R22 R410a rDXHP Measure/instance-out.sql,CZ09,MFm,weighted,rDXHP,Ex,dxHP_equip,,LRM AOE +22.5% RCA LSC R22 R410a rDXHP Measure,MFm&0&rDXHP&Ex&dxHP_equip,LRM AOE +22.5% RCA LSC R22 R410a rDXHP Measure,51.88,100.42,266535.88,515882.05,10.84535999,0.60732595,0.51784811,0.59979015,0.0,3.00882866,0.0,0.28019417,0.0,0.0,0.0,0.0,5.83137296,0.0,0.0,0.60732595,0.51784811,0.0,0.0,2.42830281,0.58052585,0.0,0.0,2283.19,0.00141295,24576.0,0.00141295
runs/CZ09/MFm&0&rDXHP&Ex&dxHP_equip/LRM AOE +30% RCA LSC R22 R410a rDXHP Measure/instance-out.sql,CZ09,MFm,weighted,rDXHP,Ex,dxHP_equip,,LRM AOE +30% RCA LSC R22 R410a rDXHP Measure,MFm&0&rDXHP&Ex&dxHP_equip,LRM AOE +30% RCA LSC R22 R410a rDXHP Measure,51.15,98.09,262753.74,503904.01,10.6914645,0.56915908,0.40211948,0.59979015,0.0,3.00882866,0.0,0.28019417,0.0,0.0,0.0,0.0,5.83137296,0.0,0.0,0.56915908,0.40211948,0.0,0.0,2.42830281,0.58052585,0.0,0.0,2283.19,0.00126133,24576.0,0.00126133
runs/CZ09/MFm&0&rDXHP&Ex&dxHP_equip/LRM AOE +15% RCA LSC R22 R410a rDXHP Measure/instance-out.sql,CZ09,MFm,weighted,rDXHP,Ex,dxHP_equip,,LRM AOE +15% RCA LSC R22 R410a rDXHP Measure,MFm&0&rDXHP&Ex&dxHP_equip,LRM AOE +15% RCA LSC R22 R410a rDXHP Measure,52.62,102.75,270318.02,527860.09,10.99925548,0.64549322,0.63357632,0.59979015,0.0,3.00882866,0.0,0.28019417,0.0,0.0,0.0,0.0,5.83137296,0.0,0.0,0.64549322,0.63357632,0.0,0.0,2.42830281,0.58052585,0.0,0.0,2283.19,0.00156457,24576.0,0.00156457
runs/CZ09/MFm&0&rDXHP&Ex&dxHP_equip/LRM AOE LSC R22 R410a rDXHP Measure/instance-out.sql,CZ09,MFm,weighted,rDXHP,Ex,dxHP_equip,,LRM AOE LSC R22 R410a rDXHP Measure,MFm&0&rDXHP&Ex&dxHP_equip,LRM AOE LSC R22 R410a rDXHP Measure,53.57,105.77,275209.59,543351.69,11.19829374,0.69485596,0.78325185,0.59979015,0.0,3.00882866,0.0,0.28019417,0.0,0.0,0.0,0.0,5.83137296,0.0,0.0,0.69485596,0.78325185,0.0,0.0,2.42830281,0.58052585,0.0,0.0,2283.19,0.00176067,24576.0,0.00176067
runs/CZ09/MFm&0&rDXHP&Ex&dxHP_equip/LRM AOE +40% RCA LSC R22 R410a rDXHP Measure/instance-out.sql,CZ09,MFm,weighted,rDXHP,Ex,dxHP_equip,,LRM AOE +40% RCA LSC R22 R410a rDXHP Measure,MFm&0&rDXHP&Ex&dxHP_equip,LRM AOE +40% RCA LSC R22 R410a rDXHP Measure,50.17,94.98,257710.88,487933.29,10.48627025,0.51826966,0.24781465,0.59979015,0.0,3.00882866,0.0,0.28019417,0.0,0.0,0.0,0.0,5.83137296,0.0,0.0,0.51826966,0.24781465,0.0,0.0,2.42830281,0.58052585,0.0,0.0,2283.19,0.00105916,24576.0,0.00105916
runs/CZ09/MFm&0&rDXHP&Ex&dxHP_equip/LRM AOE +7.5% RCA LSC R22 R410a rDXHP Measure/instance-out.sql,CZ09,MFm,weighted,rDXHP,Ex,dxHP_equip,,LRM AOE +7.5% RCA LSC R22 R410a rDXHP Measure,MFm&0&rDXHP&Ex&dxHP_equip,LRM AOE +7.5% RCA LSC R22 R410a rDXHP Measure,53.36,105.08,274100.16,539838.13,11.15315097,0.68366009,0.74930495,0.59979015,0.0,3.00882866,0.0,0.28019417,0.0,0.0,0.0,0.0,5.83137296,0.0,0.0,0.68366009,0.74930495,0.0,0.0,2.42830281,0.58052585,0.0,0.0,2283.19,0.0017162,24576.0,0.0017162
runs/CZ09/MFm&0&rDXHP&Ex&dxHP_equip/LRM NR LSC R32 R454b rDXHP Measure/instance-out.sql,CZ09,MFm,weighted,rDXHP,Ex,dxHP_equip,,LRM NR LSC R32 R454b rDXHP Measure,MFm&0&rDXHP&Ex&dxHP_equip,LRM NR LSC R32 R454b rDXHP Measure,52.56,102.56,270006.0,526871.92,10.98655937,0.5596962,0.70667723,0.59979015,0.0,3.00882866,0.0,0.28019417,0.0,0.0,0.0,0.0,5.83137296,0.0,0.0,0.5596962,0.70667723,0.0,0.0,2.42830281,0.58052585,0.0,0.0,2283.19,0.00166035,24576.0,0.00166035
runs/CZ09/MFm&0&rDXHP&Ex&dxHP_equip/LRM AOE R22 R410a rDXHP Base/instance-out.sql,CZ09,MFm,weighted,rDXHP,Ex,dxHP_equip,,LRM AOE R22 R410a rDXHP Base,MFm&0&rDXHP&Ex&dxHP_equip,LRM AOE R22 R410a rDXHP Base,54.09,107.42,277882.3,551816.18,11.30704646,0.72182736,0.86503357,0.59979015,0.0,3.00882866,0.0,0.28019417,0.0,0.0,0.0,0.0,5.83137296,0.0,0.0,0.72182736,0.86503357,0.0,0.0,2.42830281,0.58052585,0.0,0.0,2283.19,0.00186782,24576.0,0.00186782
runs/CZ10/MFm&0&rDXGF&Ex&dxAC_equip/LRM AOE +30% RCA LSC R22 R410a rDXGF Measure/instance-out.sql,CZ10,MFm,weighted,rDXGF,Ex,dxAC_equip,,LRM AOE +30% RCA LSC R22 R410a rDXGF Measure,MFm&0&rDXGF&Ex&dxAC_equip,LRM AOE +30% RCA LSC R22 R410a rDXGF Measure,52.22,93.33,268272.03,479455.3,10.91600404,0.82111272,0.40999545,0.59979015,0.0,3.00882866,0.0,0.24703584,0.0,0.0,0.0,0.0,5.8292408,0.0,0.0,0.0,0.40999545,0.82111272,0.0,2.42830281,0.58052585,0.0,0.0,2283.19,0.00118346,24576.0,0.00118346
runs/CZ10/MFm&0&rDXGF&Ex&dxAC_equip/LRM AOE +22.5% RCA LSC R22 R410a rDXGF Measure/instance-out.sql,CZ10,MFm,weighted,rDXGF,Ex,dxAC_equip,,LRM AOE +22.5% RCA LSC R22 R410a rDXGF Measure,MFm&0&rDXGF&Ex&dxAC_equip,LRM AOE +22.5% RCA LSC R22 R410a rDXGF Measure,52.79,95.12,271171.88,488639.14,11.0339991,0.82111272,0.52799092,0.59979015,0.0,3.00882866,0.0,0.24703584,0.0,0.0,0.0,0.0,5.8292408,0.0,0.0,0.0,0.52799092,0.82111272,0.0,2.42830281,0.58052585,0.0,0.0,2283.19,0.00131908,24576.0,0.00131908
runs/CZ10/MFm&0&rDXGF&Ex&dxAC_equip/LRM AOE +40% RCA LSC R22 R410a rDXGF Measure/instance-out.sql,CZ10,MFm,weighted,rDXGF,Ex,dxAC_equip,,LRM AOE +40% RCA LSC R22 R410a rDXGF Measure,MFm&0&rDXGF&Ex&dxAC_equip,LRM AOE +40% RCA LSC R22 R410a rDXGF Measure,51.47,90.95,264405.56,467210.18,10.75867715,0.82111272,0.25266857,0.59979015,0.0,3.00882866,0.0,0.24703584,0.0,0.0,0.0,0.0,5.8292408,0.0,0.0,0.0,0.25266857,0.82111272,0.0,2.42830281,0.58052585,0.0,0.0,2283.19,0.00100263,24576.0,0.00100263
runs/CZ10/MFm&0&rDXGF&Ex&dxAC_equip/LRM AOE +15% RCA LSC R22 R410a rDXGF Measure/instance-out.sql,CZ10,MFm,weighted,rDXGF,Ex,dxAC_equip,,LRM AOE +15% RCA LSC R22 R410a rDXGF Measure,MFm&0&rDXGF&Ex&dxAC_equip,LRM AOE +15% RCA LSC R22 R410a rDXGF Measure,53.35,96.91,274071.74,497822.97,11.15199456,0.82111272,0.64598598,0.59979015,0.0,3.00882866,0.0,0.24703584,0.0,0.0,0.0,0.0,5.8292408,0.0,0.0,0.0,0.64598598,0.82111272,0.0,2.42830281,0.58052585,0.0,0.0,2283.19,0.00145471,24576.0,0.00145471
runs/CZ09/MFm&0&rDXHP&Ex&dxHP_equip/LRM NR R32 R454b rDXHP Base/instance-out.sql,CZ09,MFm,weighted,rDXHP,Ex,dxHP_equip,,LRM NR R32 R454b rDXHP Base,MFm&0&rDXHP&Ex&dxHP_equip,LRM NR R32 R454b rDXHP Base,53.01,104.0,272346.05,534282.86,11.08177614,0.58112684,0.78046336,0.59979015,0.0,3.00882866,0.0,0.28019417,0.0,0.0,0.0,0.0,5.83137296,0.0,0.0,0.58112684,0.78046336,0.0,0.0,2.42830281,0.58052585,0.0,0.0,2283.19,0.00175702,24576.0,0.00175702
runs/CZ10/MFm&0&rDXGF&Ex&dxAC_equip/LRM AOE +7.5% RCA LSC R22 R410a rDXGF Measure/instance-out.sql,CZ10,MFm,weighted,rDXGF,Ex,dxAC_equip,,LRM AOE +7.5% RCA LSC R22 R410a rDXGF Measure,MFm&0&rDXGF&Ex&dxAC_equip,LRM AOE +7.5% RCA LSC R22 R410a rDXGF Measure,53.92,98.69,276971.59,507006.81,11.26998962,0.82111272,0.76398144,0.59979015,0.0,3.00882866,0.0,0.24703584,0.0,0.0,0.0,0.0,5.8292408,0.0,0.0,0.0,0.76398144,0.82111272,0.0,2.42830281,0.58052585,0.0,0.0,2283.19,0.00159033,24576.0,0.00159033
runs/CZ10/MFm&0&rDXGF&Ex&dxAC_equip/LRM AOE LSC R22 R410a rDXGF Measure/instance-out.sql,CZ10,MFm,weighted,rDXGF,Ex,dxAC_equip,,LRM AOE LSC R22 R410a rDXGF Measure,MFm&0&rDXGF&Ex&dxAC_equip,LRM AOE LSC R22 R410a rDXGF Measure,54.08,99.22,277822.22,509700.74,11.30460181,0.82111272,0.79859322,0.59979015,0.0,3.00882866,0.0,0.24703584,0.0,0.0,0.0,0.0,5.8292408,0.0,0.0,0.0,0.79859322,0.82111272,0.0,2.42830281,0.58052585,0.0,0.0,2283.19,0.00163011,24576.0,0.00163011
runs/CZ10/MFm&0&rDXGF&Ex&dxAC_equip/LRM AOE R22 R410a rDXGF Base/instance-out.sql,CZ10,MFm,weighted,rDXGF,Ex,dxAC_equip,,LRM AOE R22 R410a rDXGF Base,MFm&0&rDXGF&Ex&dxAC_equip,LRM AOE R22 R410a rDXGF Base,54.48,100.48,279871.45,516190.65,11.38798509,0.82111272,0.8819765,0.59979015,0.0,3.00882866,0.0,0.24703584,0.0,0.0,0.0,0.0,5.8292408,0.0,0.0,0.0,0.8819765,0.82111272,0.0,2.42830281,0.58052585,0.0,0.0,2283.19,0.00172595,24576.0,0.00172595
runs/CZ10/MFm&0&rDXGF&Ex&dxAC_equip/LRM NR LSC R454b rDXGF Measure/instance-out.sql,CZ10,MFm,weighted,rDXGF,Ex,dxAC_equip,,LRM NR LSC R454b rDXGF Measure,MFm&0&rDXGF&Ex&dxAC_equip,LRM NR LSC R454b rDXGF Measure,53.71,98.04,275903.45,503624.0,11.22652695,0.82111272,0.72051836,0.59979015,0.0,3.00882866,0.0,0.24703584,0.0,0.0,0.0,0.0,5.8292408,0.0,0.0,0.0,0.72051836,0.82111272,0.0,2.42830281,0.58052585,0.0,0.0,2283.19,0.00154037,24576.0,0.00154037
runs/CZ10/MFm&0&rDXGF&Ex&dxAC_equip/LRM NR R454b rDXGF Base/instance-out.sql,CZ10,MFm,weighted,rDXGF,Ex,dxAC_equip,,LRM NR R454b rDXGF Base,MFm&0&rDXGF&Ex&dxAC_equip,LRM NR R454b rDXGF Base,54.07,99.18,277752.34,509479.43,11.30175838,0.82111272,0.7957498,0.59979015,0.0,3.00882866,0.0,0.24703584,0.0,0.0,0.0,0.0,5.8292408,0.0,0.0,0.0,0.7957498,0.82111272,0.0,2.42830281,0.58052585,0.0,0.0,2283.19,0.00162684,24576.0,0.00162684
runs/CZ10/MFm&0&rDXHP&Ex&dxHP_equip/LRM AOE +15% RCA LSC R22 R410a rDXHP Measure/instance-out.sql,CZ10,MFm,weighted,rDXHP,Ex,dxHP_equip,,LRM AOE +15% RCA LSC R22 R410a rDXHP Measure,MFm&0&rDXHP&Ex&dxHP_equip,LRM AOE +15% RCA LSC R22 R410a rDXHP Measure,50.94,97.45,261684.68,500621.12,10.64796399,0.33044436,0.64609014,0.59979015,0.0,3.00882866,0.0,0.23344658,0.0,0.0,0.0,0.0,5.82936409,0.0,0.0,0.33044436,0.64609014,0.0,0.0,2.42830281,0.58052585,0.0,0.0,2283.19,0.00145471,24576.0,0.00145471
runs/CZ10/MFm&0&rDXHP&Ex&dxHP_equip/LRM AOE +22.5% RCA LSC R22 R410a rDXHP Measure/instance-out.sql,CZ10,MFm,weighted,rDXHP,Ex,dxHP_equip,,LRM AOE +22.5% RCA LSC R22 R410a rDXHP Measure,MFm&0&rDXHP&Ex&dxHP_equip,LRM AOE +22.5% RCA LSC R22 R410a rDXHP Measure,50.29,95.39,258348.17,490054.42,10.51220161,0.31269617,0.52807596,0.59979015,0.0,3.00882866,0.0,0.23344658,0.0,0.0,0.0,0.0,5.82936409,0.0,0.0,0.31269617,0.52807596,0.0,0.0,2.42830281,0.58052585,0.0,0.0,2283.19,0.00131909,24576.0,0.00131909
runs/CZ10/MFm&0&rDXHP&Ex&dxHP_equip/LRM AOE +30% RCA LSC R22 R410a rDXHP Measure/instance-out.sql,CZ10,MFm,weighted,rDXHP,Ex,dxHP_equip,,LRM AOE +30% RCA LSC R22 R410a rDXHP Measure,MFm&0&rDXHP&Ex&dxHP_equip,LRM AOE +30% RCA LSC R22 R410a rDXHP Measure,49.64,93.34,255011.67,479487.72,10.37643924,0.29494798,0.41006177,0.59979015,0.0,3.00882866,0.0,0.23344658,0.0,0.0,0.0,0.0,5.82936409,0.0,0.0,0.29494798,0.41006177,0.0,0.0,2.42830281,0.58052585,0.0,0.0,2283.19,0.00118347,24576.0,0.00118347
runs/CZ10/MFm&0&rDXHP&Ex&dxHP_equip/LRM AOE +40% RCA LSC R22 R410a rDXHP Measure/instance-out.sql,CZ10,MFm,weighted,rDXHP,Ex,dxHP_equip,,LRM AOE +40% RCA LSC R22 R410a rDXHP Measure,MFm&0&rDXHP&Ex&dxHP_equip,LRM AOE +40% RCA LSC R22 R410a rDXHP Measure,48.77,90.59,250563.01,465398.79,10.19542261,0.27128386,0.25270926,0.59979015,0.0,3.00882866,0.0,0.23344658,0.0,0.0,0.0,0.0,5.82936409,0.0,0.0,0.27128386,0.25270926,0.0,0.0,2.42830281,0.58052585,0.0,0.0,2283.19,0.00100264,24576.0,0.00100264
runs/CZ10/MFm&0&rDXHP&Ex&dxHP_equip/LRM AOE +7.5% RCA LSC R22 R410a rDXHP Measure/instance-out.sql,CZ10,MFm,weighted,rDXHP,Ex,dxHP_equip,,LRM AOE +7.5% RCA LSC R22 R410a rDXHP Measure,MFm&0&rDXHP&Ex&dxHP_equip,LRM AOE +7.5% RCA LSC R22 R410a rDXHP Measure,51.59,99.51,265021.18,511187.82,10.78372636,0.34819254,0.76410433,0.59979015,0.0,3.00882866,0.0,0.23344658,0.0,0.0,0.0,0.0,5.82936409,0.0,0.0,0.34819254,0.76410433,0.0,0.0,2.42830281,0.58052585,0.0,0.0,2283.19,0.00159034,24576.0,0.00159034
runs/CZ10/MFm&0&rDXHP&Ex&dxHP_equip/LRM AOE LSC R22 R410a rDXHP Measure/instance-out.sql,CZ10,MFm,weighted,rDXHP,Ex,dxHP_equip,,LRM AOE LSC R22 R410a rDXHP Measure,MFm&0&rDXHP&Ex&dxHP_equip,LRM AOE LSC R22 R410a rDXHP Measure,51.78,100.11,265999.88,514287.39,10.82355012,0.35339884,0.7987218,0.59979015,0.0,3.00882866,0.0,0.23344658,0.0,0.0,0.0,0.0,5.82936409,0.0,0.0,0.35339884,0.7987218,0.0,0.0,2.42830281,0.58052585,0.0,0.0,2283.19,0.00163012,24576.0,0.00163012
runs/CZ10/MFm&0&rDXHP&Ex&dxHP_equip/LRM AOE R22 R410a rDXHP Base/instance-out.sql,CZ10,MFm,weighted,rDXHP,Ex,dxHP_equip,,LRM AOE R22 R410a rDXHP Base,MFm&0&rDXHP&Ex&dxHP_equip,LRM AOE R22 R410a rDXHP Base,52.24,101.56,268357.68,521754.52,10.91948914,0.36594073,0.88211851,0.59979015,0.0,3.00882866,0.0,0.23344658,0.0,0.0,0.0,0.0,5.82936409,0.0,0.0,0.36594073,0.88211851,0.0,0.0,2.42830281,0.58052585,0.0,0.0,2283.19,0.00172596,24576.0,0.00172596
runs/CZ11/MFm&0&rDXGF&Ex&dxAC_equip/LRM AOE +15% RCA LSC R22 R410a rDXGF Measure/instance-out.sql,CZ11,MFm,weighted,rDXGF,Ex,dxAC_equip,,LRM AOE +15% RCA LSC R22 R410a rDXGF Measure,MFm&0&rDXGF&Ex&dxAC_equip,LRM AOE +15% RCA LSC R22 R410a rDXGF Measure,58.54,106.07,300732.31,544912.87,12.23681466,1.48337879,0.89755144,0.59979015,0.0,3.00882866,0.0,0.35079752,0.0,0.0,0.0,0.0,5.89646769,0.0,0.0,0.0,0.89755144,1.48337879,0.0,2.42830281,0.58052585,0.0,0.0,2283.19,0.0016406,24576.0,0.0016406
runs/CZ11/MFm&0&rDXGF&Ex&dxAC_equip/LRM AOE +30% RCA LSC R22 R410a rDXGF Measure/instance-out.sql,CZ11,MFm,weighted,rDXGF,Ex,dxAC_equip,,LRM AOE +30% RCA LSC R22 R410a rDXGF Measure,MFm&0&rDXGF&Ex&dxAC_equip,LRM AOE +30% RCA LSC R22 R410a rDXGF Measure,56.97,101.1,292674.03,519392.31,11.90892279,1.48337879,0.56965957,0.59979015,0.0,3.00882866,0.0,0.35079752,0.0,0.0,0.0,0.0,5.89646769,0.0,0.0,0.0,0.56965957,1.48337879,0.0,2.42830281,0.58052585,0.0,0.0,2283.19,0.00131596,24576.0,0.00131596
runs/CZ10/MFm&0&rDXHP&Ex&dxHP_equip/LRM NR LSC R32 R454b rDXHP Measure/instance-out.sql,CZ10,MFm,weighted,rDXHP,Ex,dxHP_equip,,LRM NR LSC R32 R454b rDXHP Measure,MFm&0&rDXHP&Ex&dxHP_equip,LRM NR LSC R32 R454b rDXHP Measure,51.11,97.98,262536.18,503317.84,10.68261198,0.29054775,0.72063473,0.59979015,0.0,3.00882866,0.0,0.23344658,0.0,0.0,0.0,0.0,5.82936409,0.0,0.0,0.29054775,0.72063473,0.0,0.0,2.42830281,0.58052585,0.0,0.0,2283.19,0.00154038,24576.0,0.00154038
runs/CZ11/MFm&0&rDXGF&Ex&dxAC_equip/LRM AOE +7.5% RCA LSC R22 R410a rDXGF Measure/instance-out.sql,CZ11,MFm,weighted,rDXGF,Ex,dxAC_equip,,LRM AOE +7.5% RCA LSC R22 R410a rDXGF Measure,MFm&0&rDXGF&Ex&dxAC_equip,LRM AOE +7.5% RCA LSC R22 R410a rDXGF Measure,59.32,108.56,304761.45,557673.16,12.40076059,1.48337879,1.06149737,0.59979015,0.0,3.00882866,0.0,0.35079752,0.0,0.0,0.0,0.0,5.89646769,0.0,0.0,0.0,1.06149737,1.48337879,0.0,2.42830281,0.58052585,0.0,0.0,2283.19,0.00180292,24576.0,0.00180292
runs/CZ11/MFm&0&rDXGF&Ex&dxAC_equip/LRM AOE +22.5% RCA LSC R22 R410a rDXGF Measure/instance-out.sql,CZ11,MFm,weighted,rDXGF,Ex,dxAC_equip,,LRM AOE +22.5% RCA LSC R22 R410a rDXGF Measure,MFm&0&rDXGF&Ex&dxAC_equip,LRM AOE +22.5% RCA LSC R22 R410a rDXGF Measure,57.76,103.59,296703.17,532152.59,12.07286873,1.48337879,0.7336055,0.59979015,0.0,3.00882866,0.0,0.35079752,0.0,0.0,0.0,0.0,5.89646769,0.0,0.0,0.0,0.7336055,1.48337879,0.0,2.42830281,0.58052585,0.0,0.0,2283.19,0.00147828,24576.0,0.00147828
runs/CZ10/MFm&0&rDXHP&Ex&dxHP_equip/LRM NR R32 R454b rDXHP Base/instance-out.sql,CZ10,MFm,weighted,rDXHP,Ex,dxHP_equip,,LRM NR R32 R454b rDXHP Base,MFm&0&rDXHP&Ex&dxHP_equip,LRM NR R32 R454b rDXHP Base,51.51,99.27,264630.28,509949.85,10.76782102,0.30051356,0.79587797,0.59979015,0.0,3.00882866,0.0,0.23344658,0.0,0.0,0.0,0.0,5.82936409,0.0,0.0,0.30051356,0.79587797,0.0,0.0,2.42830281,0.58052585,0.0,0.0,2283.19,0.00162685,24576.0,0.00162685
runs/CZ11/MFm&0&rDXGF&Ex&dxAC_equip/LRM AOE +40% RCA LSC R22 R410a rDXGF Measure/instance-out.sql,CZ11,MFm,weighted,rDXGF,Ex,dxAC_equip,,LRM AOE +40% RCA LSC R22 R410a rDXGF Measure,MFm&0&rDXGF&Ex&dxAC_equip,LRM AOE +40% RCA LSC R22 R410a rDXGF Measure,55.93,97.79,287301.85,502378.59,11.69032808,1.48337879,0.35106485,0.59979015,0.0,3.00882866,0.0,0.35079752,0.0,0.0,0.0,0.0,5.89646769,0.0,0.0,0.0,0.35106485,1.48337879,0.0,2.42830281,0.58052585,0.0,0.0,2283.19,0.00109953,24576.0,0.00109953
runs/CZ11/MFm&0&rDXGF&Ex&dxAC_equip/LRM NR LSC R454b rDXGF Measure/instance-out.sql,CZ11,MFm,weighted,rDXGF,Ex,dxAC_equip,,LRM NR LSC R454b rDXGF Measure,MFm&0&rDXGF&Ex&dxAC_equip,LRM NR LSC R454b rDXGF Measure,59.04,107.64,303277.34,552972.99,12.34037207,1.48337879,1.00110885,0.59979015,0.0,3.00882866,0.0,0.35079752,0.0,0.0,0.0,0.0,5.89646769,0.0,0.0,0.0,1.00110885,1.48337879,0.0,2.42830281,0.58052585,0.0,0.0,2283.19,0.00174313,24576.0,0.00174313
runs/CZ11/MFm&0&rDXGF&Ex&dxAC_equip/LRM AOE LSC R22 R410a rDXGF Measure/instance-out.sql,CZ11,MFm,weighted,rDXGF,Ex,dxAC_equip,,LRM AOE LSC R22 R410a rDXGF Measure,MFm&0&rDXGF&Ex&dxAC_equip,LRM AOE LSC R22 R410a rDXGF Measure,59.55,109.29,305943.33,561416.18,12.44885136,1.48337879,1.10958813,0.59979015,0.0,3.00882866,0.0,0.35079752,0.0,0.0,0.0,0.0,5.89646769,0.0,0.0,0.0,1.10958813,1.48337879,0.0,2.42830281,0.58052585,0.0,0.0,2283.19,0.00185054,24576.0,0.00185054
runs/CZ11/MFm&0&rDXGF&Ex&dxAC_equip/LRM AOE R22 R410a rDXGF Base/instance-out.sql,CZ11,MFm,weighted,rDXGF,Ex,dxAC_equip,,LRM AOE R22 R410a rDXGF Base,MFm&0&rDXGF&Ex&dxAC_equip,LRM AOE R22 R410a rDXGF Base,60.11,111.04,308790.59,570433.44,12.56470653,1.48337879,1.2254433,0.59979015,0.0,3.00882866,0.0,0.35079752,0.0,0.0,0.0,0.0,5.89646769,0.0,0.0,0.0,1.2254433,1.48337879,0.0,2.42830281,0.58052585,0.0,0.0,2283.19,0.00196524,24576.0,0.00196524
runs/CZ11/MFm&0&rDXGF&Ex&dxAC_equip/LRM NR R454b rDXGF Base/instance-out.sql,CZ11,MFm,weighted,rDXGF,Ex,dxAC_equip,,LRM NR R454b rDXGF Base,MFm&0&rDXGF&Ex&dxAC_equip,LRM NR R454b rDXGF Base,59.54,109.23,305846.24,561108.68,12.44490076,1.48337879,1.10563713,0.59979015,0.0,3.00882866,0.0,0.35079752,0.0,0.0,0.0,0.0,5.89646769,0.0,0.0,0.0,1.10563713,1.48337879,0.0,2.42830281,0.58052585,0.0,0.0,2283.19,0.00184662,24576.0,0.00184662
runs/CZ11/MFm&0&rDXHP&Ex&dxHP_equip/LRM AOE +15% RCA LSC R22 R410a rDXHP Measure/instance-out.sql,CZ11,MFm,weighted,rDXHP,Ex,dxHP_equip,,LRM AOE +15% RCA LSC R22 R410a rDXHP Measure,MFm&0&rDXHP&Ex&dxHP_equip,LRM AOE +15% RCA LSC R22 R410a rDXHP Measure,54.19,107.07,278380.42,550039.72,11.32731499,0.59742728,0.89755184,0.59979015,0.0,3.00882866,0.0,0.3268262,0.0,0.0,0.0,0.0,5.89689087,0.0,0.0,0.59742728,0.89755184,0.0,0.0,2.42830281,0.58052585,0.0,0.0,2283.19,0.0016406,24576.0,0.0016406
runs/CZ11/MFm&0&rDXHP&Ex&dxHP_equip/LRM AOE +22.5% RCA LSC R22 R410a rDXHP Measure/instance-out.sql,CZ11,MFm,weighted,rDXHP,Ex,dxHP_equip,,LRM AOE +22.5% RCA LSC R22 R410a rDXHP Measure,MFm&0&rDXHP&Ex&dxHP_equip,LRM AOE +22.5% RCA LSC R22 R410a rDXHP Measure,53.26,104.12,273601.68,534905.47,11.13286779,0.56692601,0.73360591,0.59979015,0.0,3.00882866,0.0,0.3268262,0.0,0.0,0.0,0.0,5.89689087,0.0,0.0,0.56692601,0.73360591,0.0,0.0,2.42830281,0.58052585,0.0,0.0,2283.19,0.00147828,24576.0,0.00147828
runs/CZ11/MFm&0&rDXHP&Ex&dxHP_equip/LRM AOE +30% RCA LSC R22 R410a rDXHP Measure/instance-out.sql,CZ11,MFm,weighted,rDXHP,Ex,dxHP_equip,,LRM AOE +30% RCA LSC R22 R410a rDXHP Measure,MFm&0&rDXHP&Ex&dxHP_equip,LRM AOE +30% RCA LSC R22 R410a rDXHP Measure,52.33,101.18,268822.95,519771.21,10.938421,0.53642515,0.56965957,0.59979015,0.0,3.00882866,0.0,0.3268262,0.0,0.0,0.0,0.0,5.89689087,0.0,0.0,0.53642515,0.56965957,0.0,0.0,2.42830281,0.58052585,0.0,0.0,2283.19,0.00131596,24576.0,0.00131596
runs/CZ11/MFm&0&rDXHP&Ex&dxHP_equip/LRM AOE +40% RCA LSC R22 R410a rDXHP Measure/instance-out.sql,CZ11,MFm,weighted,rDXHP,Ex,dxHP_equip,,LRM AOE +40% RCA LSC R22 R410a rDXHP Measure,MFm&0&rDXHP&Ex&dxHP_equip,LRM AOE +40% RCA LSC R22 R410a rDXHP Measure,51.09,97.25,262451.3,499592.21,10.6791582,0.49575707,0.35106526,0.59979015,0.0,3.00882866,0.0,0.3268262,0.0,0.0,0.0,0.0,5.89689087,0.0,0.0,0.49575707,0.35106526,0.0,0.0,2.42830281,0.58052585,0.0,0.0,2283.19,0.00109953,24576.0,0.00109953
runs/CZ11/MFm&0&rDXHP&Ex&dxHP_equip/LRM AOE +7.5% RCA LSC R22 R410a rDXHP Measure/instance-out.sql,CZ11,MFm,weighted,rDXHP,Ex,dxHP_equip,,LRM AOE +7.5% RCA LSC R22 R410a rDXHP Measure,MFm&0&rDXHP&Ex&dxHP_equip,LRM AOE +7.5% RCA LSC R22 R410a rDXHP Measure,55.12,110.02,283159.15,565173.97,11.52176179,0.62792814,1.06149778,0.59979015,0.0,3.00882866,0.0,0.3268262,0.0,0.0,0.0,0.0,5.89689087,0.0,0.0,0.62792814,1.06149778,0.0,0.0,2.42830281,0.58052585,0.0,0.0,2283.19,0.00180292,24576.0,0.00180292
runs/CZ11/MFm&0&rDXHP&Ex&dxHP_equip/LRM AOE LSC R22 R410a rDXHP Measure/instance-out.sql,CZ11,MFm,weighted,rDXHP,Ex,dxHP_equip,,LRM AOE LSC R22 R410a rDXHP Measure,MFm&0&rDXHP&Ex&dxHP_equip,LRM AOE LSC R22 R410a rDXHP Measure,55.39,110.88,284560.91,569613.36,11.57879948,0.63687507,1.10958854,0.59979015,0.0,3.00882866,0.0,0.3268262,0.0,0.0,0.0,0.0,5.89689087,0.0,0.0,0.63687507,1.10958854,0.0,0.0,2.42830281,0.58052585,0.0,0.0,2283.19,0.00185054,24576.0,0.00185054
runs/CZ11/MFm&0&rDXHP&Ex&dxHP_equip/LRM AOE R22 R410a rDXHP Base/instance-out.sql,CZ11,MFm,weighted,rDXHP,Ex,dxHP_equip,,LRM AOE R22 R410a rDXHP Base,MFm&0&rDXHP&Ex&dxHP_equip,LRM AOE R22 R410a rDXHP Base,56.05,112.96,287937.89,580308.23,11.71620899,0.658429,1.22544371,0.59979015,0.0,3.00882866,0.0,0.3268262,0.0,0.0,0.0,0.0,5.89689087,0.0,0.0,0.658429,1.22544371,0.0,0.0,2.42830281,0.58052585,0.0,0.0,2283.19,0.00196524,24576.0,0.00196524
runs/CZ12/MFm&0&rDXGF&Ex&dxAC_equip/LRM AOE +15% RCA LSC R22 R410a rDXGF Measure/instance-out.sql,CZ12,MFm,weighted,rDXGF,Ex,dxAC_equip,,LRM AOE +15% RCA LSC R22 R410a rDXGF Measure,MFm&0&rDXGF&Ex&dxAC_equip,LRM AOE +15% RCA LSC R22 R410a rDXGF Measure,55.31,96.14,284120.1,493863.74,11.56086249,1.45304314,0.39566197,0.59979015,0.0,3.00882866,0.0,0.2072426,0.0,0.0,0.0,0.0,5.89629557,0.0,0.0,0.0,0.39566197,1.45304314,0.0,2.42830281,0.58052585,0.0,0.0,2283.19,0.00119066,24576.0,0.00119066
runs/CZ12/MFm&0&rDXGF&Ex&dxAC_equip/LRM AOE +22.5% RCA LSC R22 R410a rDXGF Measure/instance-out.sql,CZ12,MFm,weighted,rDXGF,Ex,dxAC_equip,,LRM AOE +22.5% RCA LSC R22 R410a rDXGF Measure,MFm&0&rDXGF&Ex&dxAC_equip,LRM AOE +22.5% RCA LSC R22 R410a rDXGF Measure,54.96,95.04,282343.96,488238.7,11.48859125,1.45304314,0.32339073,0.59979015,0.0,3.00882866,0.0,0.2072426,0.0,0.0,0.0,0.0,5.89629557,0.0,0.0,0.0,0.32339073,1.45304314,0.0,2.42830281,0.58052585,0.0,0.0,2283.19,0.00109432,24576.0,0.00109432
runs/CZ11/MFm&0&rDXHP&Ex&dxHP_equip/LRM NR LSC R32 R454b rDXHP Measure/instance-out.sql,CZ11,MFm,weighted,rDXHP,Ex,dxHP_equip,,LRM NR LSC R32 R454b rDXHP Measure,MFm&0&rDXHP&Ex&dxHP_equip,LRM NR LSC R32 R454b rDXHP Measure,54.36,107.6,279240.41,552763.33,11.36230804,0.5288629,1.00110926,0.59979015,0.0,3.00882866,0.0,0.3268262,0.0,0.0,0.0,0.0,5.89689087,0.0,0.0,0.5288629,1.00110926,0.0,0.0,2.42830281,0.58052585,0.0,0.0,2283.19,0.00174313,24576.0,0.00174313
runs/CZ12/MFm&0&rDXGF&Ex&dxAC_equip/LRM AOE +30% RCA LSC R22 R410a rDXGF Measure/instance-out.sql,CZ12,MFm,weighted,rDXGF,Ex,dxAC_equip,,LRM AOE +30% RCA LSC R22 R410a rDXGF Measure,MFm&0&rDXGF&Ex&dxAC_equip,LRM AOE +30% RCA LSC R22 R410a rDXGF Measure,54.62,93.95,280567.82,482613.67,11.41632002,1.45304314,0.2511195,0.59979015,0.0,3.00882866,0.0,0.2072426,0.0,0.0,0.0,0.0,5.89629557,0.0,0.0,0.0,0.2511195,1.45304314,0.0,2.42830281,0.58052585,0.0,0.0,2283.19,0.00099798,24576.0,0.00099798
runs/CZ11/MFm&0&rDXHP&Ex&dxHP_equip/LRM NR R32 R454b rDXHP Base/instance-out.sql,CZ11,MFm,weighted,rDXHP,Ex,dxHP_equip,,LRM NR R32 R454b rDXHP Base,MFm&0&rDXHP&Ex&dxHP_equip,LRM NR R32 R454b rDXHP Base,54.94,109.44,282230.21,562232.0,11.48396317,0.54598935,1.10563794,0.59979015,0.0,3.00882866,0.0,0.3268262,0.0,0.0,0.0,0.0,5.89689087,0.0,0.0,0.54598935,1.10563794,0.0,0.0,2.42830281,0.58052585,0.0,0.0,2283.19,0.00184662,24576.0,0.00184662
runs/CZ12/MFm&0&rDXGF&Ex&dxAC_equip/LRM AOE +40% RCA LSC R22 R410a rDXGF Measure/instance-out.sql,CZ12,MFm,weighted,rDXGF,Ex,dxAC_equip,,LRM AOE +40% RCA LSC R22 R410a rDXGF Measure,MFm&0&rDXGF&Ex&dxAC_equip,LRM AOE +40% RCA LSC R22 R410a rDXGF Measure,54.15,92.49,278199.63,475113.62,11.31995864,1.45304314,0.15475771,0.59979015,0.0,3.00882866,0.0,0.2072426,0.0,0.0,0.0,0.0,5.89629557,0.0,0.0,0.0,0.15475771,1.45304314,0.0,2.42830281,0.58052585,0.0,0.0,2283.19,0.00086952,24576.0,0.00086952
runs/CZ12/MFm&0&rDXGF&Ex&dxAC_equip/LRM AOE +7.5% RCA LSC R22 R410a rDXGF Measure/instance-out.sql,CZ12,MFm,weighted,rDXGF,Ex,dxAC_equip,,LRM AOE +7.5% RCA LSC R22 R410a rDXGF Measure,MFm&0&rDXGF&Ex&dxAC_equip,LRM AOE +7.5% RCA LSC R22 R410a rDXGF Measure,55.65,97.23,285896.24,499488.78,11.63313373,1.45304314,0.46793321,0.59979015,0.0,3.00882866,0.0,0.2072426,0.0,0.0,0.0,0.0,5.89629557,0.0,0.0,0.0,0.46793321,1.45304314,0.0,2.42830281,0.58052585,0.0,0.0,2283.19,0.00128701,24576.0,0.00128701
runs/CZ12/MFm&0&rDXGF&Ex&dxAC_equip/LRM AOE R22 R410a rDXGF Base/instance-out.sql,CZ12,MFm,weighted,rDXGF,Ex,dxAC_equip,,LRM AOE R22 R410a rDXGF Base,MFm&0&rDXGF&Ex&dxAC_equip,LRM AOE R22 R410a rDXGF Base,56.0,98.33,287672.38,505113.81,11.70540496,1.45304314,0.54020444,0.59979015,0.0,3.00882866,0.0,0.2072426,0.0,0.0,0.0,0.0,5.89629557,0.0,0.0,0.0,0.54020444,1.45304314,0.0,2.42830281,0.58052585,0.0,0.0,2283.19,0.00138335,24576.0,0.00138335
runs/CZ12/MFm&0&rDXGF&Ex&dxAC_equip/LRM NR LSC R454b rDXGF Measure/instance-out.sql,CZ12,MFm,weighted,rDXGF,Ex,dxAC_equip,,LRM NR LSC R454b rDXGF Measure,MFm&0&rDXGF&Ex&dxAC_equip,LRM NR LSC R454b rDXGF Measure,55.53,96.83,285242.01,497416.83,11.60651307,1.45304314,0.44131255,0.59979015,0.0,3.00882866,0.0,0.2072426,0.0,0.0,0.0,0.0,5.89629557,0.0,0.0,0.0,0.44131255,1.45304314,0.0,2.42830281,0.58052585,0.0,0.0,2283.19,0.00125152,24576.0,0.00125152
runs/CZ12/MFm&0&rDXGF&Ex&dxAC_equip/LRM AOE LSC R22 R410a rDXGF Measure/instance-out.sql,CZ12,MFm,weighted,rDXGF,Ex,dxAC_equip,,LRM AOE LSC R22 R410a rDXGF Measure,MFm&0&rDXGF&Ex&dxAC_equip,LRM AOE LSC R22 R410a rDXGF Measure,55.75,97.55,286417.24,501138.79,11.65433365,1.45304314,0.48913273,0.59979015,0.0,3.00882866,0.0,0.2072426,0.0,0.0,0.0,0.0,5.89629557,0.0,0.0,0.0,0.48913273,1.45304314,0.0,2.42830281,0.58052585,0.0,0.0,2283.19,0.00131527,24576.0,0.00131527
runs/CZ12/MFm&0&rDXGF&Ex&dxAC_equip/LRM NR R454b rDXGF Base/instance-out.sql,CZ12,MFm,weighted,rDXGF,Ex,dxAC_equip,,LRM NR R454b rDXGF Base,MFm&0&rDXGF&Ex&dxAC_equip,LRM NR R454b rDXGF Base,55.75,97.53,286374.44,501003.23,11.65259171,1.45304314,0.48739119,0.59979015,0.0,3.00882866,0.0,0.2072426,0.0,0.0,0.0,0.0,5.89629557,0.0,0.0,0.0,0.48739119,1.45304314,0.0,2.42830281,0.58052585,0.0,0.0,2283.19,0.00131295,24576.0,0.00131295
runs/CZ12/MFm&0&rDXHP&Ex&dxHP_equip/LRM AOE +22.5% RCA LSC R22 R410a rDXHP Measure/instance-out.sql,CZ12,MFm,weighted,rDXHP,Ex,dxHP_equip,,LRM AOE +22.5% RCA LSC R22 R410a rDXHP Measure,MFm&0&rDXHP&Ex&dxHP_equip,LRM AOE +22.5% RCA LSC R22 R410a rDXHP Measure,50.54,95.53,259657.44,490768.85,10.56547588,0.55259375,0.32342207,0.59979015,0.0,3.00882866,0.0,0.184435,0.0,0.0,0.0,0.0,5.89640665,0.0,0.0,0.55259375,0.32342207,0.0,0.0,2.42830281,0.58052585,0.0,0.0,2283.19,0.00109432,24576.0,0.00109432
runs/CZ12/MFm&0&rDXHP&Ex&dxHP_equip/LRM AOE +15% RCA LSC R22 R410a rDXHP Measure/instance-out.sql,CZ12,MFm,weighted,rDXHP,Ex,dxHP_equip,,LRM AOE +15% RCA LSC R22 R410a rDXHP Measure,MFm&0&rDXHP&Ex&dxHP_equip,LRM AOE +15% RCA LSC R22 R410a rDXHP Measure,51.03,97.08,262169.4,498724.21,10.66768768,0.58252699,0.39570022,0.59979015,0.0,3.00882866,0.0,0.184435,0.0,0.0,0.0,0.0,5.89640665,0.0,0.0,0.58252699,0.39570022,0.0,0.0,2.42830281,0.58052585,0.0,0.0,2283.19,0.00119067,24576.0,0.00119067
runs/CZ12/MFm&0&rDXHP&Ex&dxHP_equip/LRM AOE +30% RCA LSC R22 R410a rDXHP Measure/instance-out.sql,CZ12,MFm,weighted,rDXHP,Ex,dxHP_equip,,LRM AOE +30% RCA LSC R22 R410a rDXHP Measure,MFm&0&rDXHP&Ex&dxHP_equip,LRM AOE +30% RCA LSC R22 R410a rDXHP Measure,50.06,93.98,257145.49,482813.49,10.46326449,0.52266011,0.2511435,0.59979015,0.0,3.00882866,0.0,0.184435,0.0,0.0,0.0,0.0,5.89640665,0.0,0.0,0.52266011,0.2511435,0.0,0.0,2.42830281,0.58052585,0.0,0.0,2283.19,0.00099798,24576.0,0.00099798
runs/CZ12/MFm&0&rDXHP&Ex&dxHP_equip/LRM AOE R22 R410a rDXHP Base/instance-out.sql,CZ12,MFm,weighted,rDXHP,Ex,dxHP_equip,,LRM AOE R22 R410a rDXHP Base,MFm&0&rDXHP&Ex&dxHP_equip,LRM AOE R22 R410a rDXHP Base,52.01,100.18,267193.31,514634.94,10.87211086,0.64239386,0.54025653,0.59979015,0.0,3.00882866,0.0,0.184435,0.0,0.0,0.0,0.0,5.89640665,0.0,0.0,0.64239386,0.54025653,0.0,0.0,2.42830281,0.58052585,0.0,0.0,2283.19,0.00138336,24576.0,0.00138336
runs/CZ12/MFm&0&rDXHP&Ex&dxHP_equip/LRM AOE +40% RCA LSC R22 R410a rDXHP Measure/instance-out.sql,CZ12,MFm,weighted,rDXHP,Ex,dxHP_equip,,LRM AOE +40% RCA LSC R22 R410a rDXHP Measure,MFm&0&rDXHP&Ex&dxHP_equip,LRM AOE +40% RCA LSC R22 R410a rDXHP Measure,49.4,91.92,253796.22,472206.34,10.32698251,0.48274927,0.15477277,0.59979015,0.0,3.00882866,0.0,0.184435,0.0,0.0,0.0,0.0,5.89640665,0.0,0.0,0.48274927,0.15477277,0.0,0.0,2.42830281,0.58052585,0.0,0.0,2283.19,0.00086952,24576.0,0.00086952
runs/CZ12/MFm&0&rDXHP&Ex&dxHP_equip/LRM AOE +7.5% RCA LSC R22 R410a rDXHP Measure/instance-out.sql,CZ12,MFm,weighted,rDXHP,Ex,dxHP_equip,,LRM AOE +7.5% RCA LSC R22 R410a rDXHP Measure,MFm&0&rDXHP&Ex&dxHP_equip,LRM AOE +7.5% RCA LSC R22 R410a rDXHP Measure,51.52,98.63,264681.35,506679.58,10.76989906,0.61246022,0.46797837,0.59979015,0.0,3.00882866,0.0,0.184435,0.0,0.0,0.0,0.0,5.89640665,0.0,0.0,0.61246022,0.46797837,0.0,0.0,2.42830281,0.58052585,0.0,0.0,2283.19,0.00128701,24576.0,0.00128701
runs/CZ12/MFm&0&rDXHP&Ex&dxHP_equip/LRM AOE LSC R22 R410a rDXHP Measure/instance-out.sql,CZ12,MFm,weighted,rDXHP,Ex,dxHP_equip,,LRM AOE LSC R22 R410a rDXHP Measure,MFm&0&rDXHP&Ex&dxHP_equip,LRM AOE LSC R22 R410a rDXHP Measure,51.67,99.08,265418.19,509013.15,10.79988112,0.62124073,0.48917993,0.59979015,0.0,3.00882866,0.0,0.184435,0.0,0.0,0.0,0.0,5.89640665,0.0,0.0,0.62124073,0.48917993,0.0,0.0,2.42830281,0.58052585,0.0,0.0,2283.19,0.00131527,24576.0,0.00131527
runs/CZ12/MFm&0&rDXHP&Ex&dxHP_equip/LRM NR LSC R32 R454b rDXHP Measure/instance-out.sql,CZ12,MFm,weighted,rDXHP,Ex,dxHP_equip,,LRM NR LSC R32 R454b rDXHP Measure,MFm&0&rDXHP&Ex&dxHP_equip,LRM NR LSC R32 R454b rDXHP Measure,50.93,96.75,261637.74,497040.46,10.6460544,0.51523906,0.44135487,0.59979015,0.0,3.00882866,0.0,0.184435,0.0,0.0,0.0,0.0,5.89640665,0.0,0.0,0.51523906,0.44135487,0.0,0.0,2.42830281,0.58052585,0.0,0.0,2283.19,0.00125152,24576.0,0.00125152
runs/CZ12/MFm&0&rDXHP&Ex&dxHP_equip/LRM NR R32 R454b rDXHP Base/instance-out.sql,CZ12,MFm,weighted,rDXHP,Ex,dxHP_equip,,LRM NR R32 R454b rDXHP Base,MFm&0&rDXHP&Ex&dxHP_equip,LRM NR R32 R454b rDXHP Base,51.23,97.71,263183.35,501935.38,10.70894536,0.53204649,0.48743799,0.59979015,0.0,3.00882866,0.0,0.184435,0.0,0.0,0.0,0.0,5.89640665,0.0,0.0,0.53204649,0.48743799,0.0,0.0,2.42830281,0.58052585,0.0,0.0,2283.19,0.00131295,24576.0,0.00131295
runs/CZ13/MFm&0&rDXGF&Ex&dxAC_equip/LRM AOE +15% RCA LSC R22 R410a rDXGF Measure/instance-out.sql,CZ13,MFm,weighted,rDXGF,Ex,dxAC_equip,,LRM AOE +15% RCA LSC R22 R410a rDXGF Measure,MFm&0&rDXGF&Ex&dxAC_equip,LRM AOE +15% RCA LSC R22 R410a rDXGF Measure,64.31,116.23,330387.0,597104.54,13.44346567,2.33468964,1.15902248,0.59979015,0.0,3.00882866,0.0,0.48091171,0.0,0.0,0.0,0.0,5.86022261,0.0,0.0,0.0,1.15902248,2.33468964,0.0,2.42830281,0.58052585,0.0,0.0,2283.19,0.00192375,24576.0,0.00192375
runs/CZ13/MFm&0&rDXGF&Ex&dxAC_equip/LRM AOE +22.5% RCA LSC R22 R410a rDXGF Measure/instance-out.sql,CZ13,MFm,weighted,rDXGF,Ex,dxAC_equip,,LRM AOE +22.5% RCA LSC R22 R410a rDXGF Measure,MFm&0&rDXGF&Ex&dxAC_equip,LRM AOE +22.5% RCA LSC R22 R410a rDXGF Measure,63.3,113.02,325184.1,580626.97,13.23175978,2.33468964,0.9473166,0.59979015,0.0,3.00882866,0.0,0.48091171,0.0,0.0,0.0,0.0,5.86022261,0.0,0.0,0.0,0.9473166,2.33468964,0.0,2.42830281,0.58052585,0.0,0.0,2283.19,0.00171955,24576.0,0.00171955
runs/CZ13/MFm&0&rDXGF&Ex&dxAC_equip/LRM AOE +30% RCA LSC R22 R410a rDXGF Measure/instance-out.sql,CZ13,MFm,weighted,rDXGF,Ex,dxAC_equip,,LRM AOE +30% RCA LSC R22 R410a rDXGF Measure,MFm&0&rDXGF&Ex&dxAC_equip,LRM AOE +30% RCA LSC R22 R410a rDXGF Measure,62.29,109.82,319981.21,564149.41,13.02005349,2.33468964,0.7356103,0.59979015,0.0,3.00882866,0.0,0.48091171,0.0,0.0,0.0,0.0,5.86022261,0.0,0.0,0.0,0.7356103,2.33468964,0.0,2.42830281,0.58052585,0.0,0.0,2283.19,0.00151535,24576.0,0.00151535
runs/CZ13/MFm&0&rDXGF&Ex&dxAC_equip/LRM AOE +40% RCA LSC R22 R410a rDXGF Measure/instance-out.sql,CZ13,MFm,weighted,rDXGF,Ex,dxAC_equip,,LRM AOE +40% RCA LSC R22 R410a rDXGF Measure,MFm&0&rDXGF&Ex&dxAC_equip,LRM AOE +40% RCA LSC R22 R410a rDXGF Measure,60.94,105.54,313044.02,542179.33,12.73777883,2.33468964,0.45333565,0.59979015,0.0,3.00882866,0.0,0.48091171,0.0,0.0,0.0,0.0,5.86022261,0.0,0.0,0.0,0.45333565,2.33468964,0.0,2.42830281,0.58052585,0.0,0.0,2283.19,0.00124308,24576.0,0.00124308
runs/CZ13/MFm&0&rDXGF&Ex&dxAC_equip/LRM AOE +7.5% RCA LSC R22 R410a rDXGF Measure/instance-out.sql,CZ13,MFm,weighted,rDXGF,Ex,dxAC_equip,,LRM AOE +7.5% RCA LSC R22 R410a rDXGF Measure,MFm&0&rDXGF&Ex&dxAC_equip,LRM AOE +7.5% RCA LSC R22 R410a rDXGF Measure,65.33,119.44,335589.89,613582.1,13.65517156,2.33468964,1.37072837,0.59979015,0.0,3.00882866,0.0,0.48091171,0.0,0.0,0.0,0.0,5.86022261,0.0,0.0,0.0,1.37072837,2.33468964,0.0,2.42830281,0.58052585,0.0,0.0,2283.19,0.00212794,24576.0,0.00212794
runs/CZ13/MFm&0&rDXGF&Ex&dxAC_equip/LRM AOE LSC R22 R410a rDXGF Measure/instance-out.sql,CZ13,MFm,weighted,rDXGF,Ex,dxAC_equip,,LRM AOE LSC R22 R410a rDXGF Measure,MFm&0&rDXGF&Ex&dxAC_equip,LRM AOE LSC R22 R410a rDXGF Measure,65.62,120.38,337116.07,618415.51,13.71727191,2.33468964,1.43282872,0.59979015,0.0,3.00882866,0.0,0.48091171,0.0,0.0,0.0,0.0,5.86022261,0.0,0.0,0.0,1.43282872,2.33468964,0.0,2.42830281,0.58052585,0.0,0.0,2283.19,0.00218784,24576.0,0.00218784
runs/CZ13/MFm&0&rDXGF&Ex&dxAC_equip/LRM AOE R22 R410a rDXGF Base/instance-out.sql,CZ13,MFm,weighted,rDXGF,Ex,dxAC_equip,,LRM AOE R22 R410a rDXGF Base,MFm&0&rDXGF&Ex&dxAC_equip,LRM AOE R22 R410a rDXGF Base,66.34,122.65,340792.78,630059.66,13.86687785,2.33468964,1.58243467,0.59979015,0.0,3.00882866,0.0,0.48091171,0.0,0.0,0.0,0.0,5.86022261,0.0,0.0,0.0,1.58243467,2.33468964,0.0,2.42830281,0.58052585,0.0,0.0,2283.19,0.00233214,24576.0,0.00233214
runs/CZ13/MFm&0&rDXGF&Ex&dxAC_equip/LRM NR LSC R454b rDXGF Measure/instance-out.sql,CZ13,MFm,weighted,rDXGF,Ex,dxAC_equip,,LRM NR LSC R454b rDXGF Measure,MFm&0&rDXGF&Ex&dxAC_equip,LRM NR LSC R454b rDXGF Measure,64.95,118.26,333673.44,607512.69,13.5771911,2.33468964,1.29274791,0.59979015,0.0,3.00882866,0.0,0.48091171,0.0,0.0,0.0,0.0,5.86022261,0.0,0.0,0.0,1.29274791,2.33468964,0.0,2.42830281,0.58052585,0.0,0.0,2283.19,0.00205273,24576.0,0.00205273
runs/CZ13/MFm&0&rDXGF&Ex&dxAC_equip/LRM NR R454b rDXGF Base/instance-out.sql,CZ13,MFm,weighted,rDXGF,Ex,dxAC_equip,,LRM NR R454b rDXGF Base,MFm&0&rDXGF&Ex&dxAC_equip,LRM NR R454b rDXGF Base,65.6,120.3,336990.69,618018.44,13.71217019,2.33468964,1.427727,0.59979015,0.0,3.00882866,0.0,0.48091171,0.0,0.0,0.0,0.0,5.86022261,0.0,0.0,0.0,1.427727,2.33468964,0.0,2.42830281,0.58052585,0.0,0.0,2283.19,0.00218292,24576.0,0.00218292
runs/CZ13/MFm&0&rDXHP&Ex&dxHP_equip/LRM AOE +15% RCA LSC R22 R410a rDXHP Measure/instance-out.sql,CZ13,MFm,weighted,rDXHP,Ex,dxHP_equip,,LRM AOE +15% RCA LSC R22 R410a rDXHP Measure,MFm&0&rDXHP&Ex&dxHP_equip,LRM AOE +15% RCA LSC R22 R410a rDXHP Measure,57.14,116.76,293519.07,599824.24,11.94330752,0.87215352,1.15910142,0.59979015,0.0,3.00882866,0.0,0.44249378,0.0,0.0,0.0,0.0,5.86093917,0.0,0.0,0.87215352,1.15910142,0.0,0.0,2.42830281,0.58052585,0.0,0.0,2283.19,0.00192375,24576.0,0.00192375
runs/CZ13/MFm&0&rDXHP&Ex&dxHP_equip/LRM AOE +40% RCA LSC R22 R410a rDXHP Measure/instance-out.sql,CZ13,MFm,weighted,rDXHP,Ex,dxHP_equip,,LRM AOE +40% RCA LSC R22 R410a rDXHP Measure,MFm&0&rDXHP&Ex&dxHP_equip,LRM AOE +40% RCA LSC R22 R410a rDXHP Measure,52.98,103.6,272174.08,532224.68,11.07477908,0.70935993,0.45336657,0.59979015,0.0,3.00882866,0.0,0.44249378,0.0,0.0,0.0,0.0,5.86093917,0.0,0.0,0.70935993,0.45336657,0.0,0.0,2.42830281,0.58052585,0.0,0.0,2283.19,0.00124308,24576.0,0.00124308
runs/CZ13/MFm&0&rDXHP&Ex&dxHP_equip/LRM AOE +22.5% RCA LSC R22 R410a rDXHP Measure/instance-out.sql,CZ13,MFm,weighted,rDXHP,Ex,dxHP_equip,,LRM AOE +22.5% RCA LSC R22 R410a rDXHP Measure,MFm&0&rDXHP&Ex&dxHP_equip,LRM AOE +22.5% RCA LSC R22 R410a rDXHP Measure,55.89,112.81,287115.57,579544.37,11.68274915,0.82331568,0.94738089,0.59979015,0.0,3.00882866,0.0,0.44249378,0.0,0.0,0.0,0.0,5.86093917,0.0,0.0,0.82331568,0.94738089,0.0,0.0,2.42830281,0.58052585,0.0,0.0,2283.19,0.00171955,24576.0,0.00171955
runs/CZ13/MFm&0&rDXHP&Ex&dxHP_equip/LRM AOE +30% RCA LSC R22 R410a rDXHP Measure/instance-out.sql,CZ13,MFm,weighted,rDXHP,Ex,dxHP_equip,,LRM AOE +30% RCA LSC R22 R410a rDXHP Measure,MFm&0&rDXHP&Ex&dxHP_equip,LRM AOE +30% RCA LSC R22 R410a rDXHP Measure,54.64,108.87,280712.08,559264.51,11.42219037,0.77447744,0.73566076,0.59979015,0.0,3.00882866,0.0,0.44249378,0.0,0.0,0.0,0.0,5.86093917,0.0,0.0,0.77447744,0.73566076,0.0,0.0,2.42830281,0.58052585,0.0,0.0,2283.19,0.00151535,24576.0,0.00151535
runs/CZ13/MFm&0&rDXHP&Ex&dxHP_equip/LRM AOE +7.5% RCA LSC R22 R410a rDXHP Measure/instance-out.sql,CZ13,MFm,weighted,rDXHP,Ex,dxHP_equip,,LRM AOE +7.5% RCA LSC R22 R410a rDXHP Measure,MFm&0&rDXHP&Ex&dxHP_equip,LRM AOE +7.5% RCA LSC R22 R410a rDXHP Measure,58.38,120.71,299922.56,620104.11,12.20386589,0.92099176,1.37082196,0.59979015,0.0,3.00882866,0.0,0.44249378,0.0,0.0,0.0,0.0,5.86093917,0.0,0.0,0.92099176,1.37082196,0.0,0.0,2.42830281,0.58052585,0.0,0.0,2283.19,0.00212795,24576.0,0.00212795
runs/CZ13/MFm&0&rDXHP&Ex&dxHP_equip/LRM AOE R22 R410a rDXHP Base/instance-out.sql,CZ13,MFm,weighted,rDXHP,Ex,dxHP_equip,,LRM AOE R22 R410a rDXHP Base,MFm&0&rDXHP&Ex&dxHP_equip,LRM AOE R22 R410a rDXHP Base,59.63,124.66,306326.05,640383.98,12.46442466,0.96983,1.5825425,0.59979015,0.0,3.00882866,0.0,0.44249378,0.0,0.0,0.0,0.0,5.86093917,0.0,0.0,0.96983,1.5825425,0.0,0.0,2.42830281,0.58052585,0.0,0.0,2283.19,0.00233215,24576.0,0.00233215
runs/CZ13/MFm&0&rDXHP&Ex&dxHP_equip/LRM NR LSC R32 R454b rDXHP Measure/instance-out.sql,CZ13,MFm,weighted,rDXHP,Ex,dxHP_equip,,LRM NR LSC R32 R454b rDXHP Measure,MFm&0&rDXHP&Ex&dxHP_equip,LRM NR LSC R32 R454b rDXHP Measure,57.25,117.12,294107.66,601688.31,11.96725728,0.7623689,1.2928358,0.59979015,0.0,3.00882866,0.0,0.44249378,0.0,0.0,0.0,0.0,5.86093917,0.0,0.0,0.7623689,1.2928358,0.0,0.0,2.42830281,0.58052585,0.0,0.0,2283.19,0.00205273,24576.0,0.00205273
runs/CZ14/MFm&0&rDXGF&Ex&dxAC_equip/LRM AOE +30% RCA LSC R22 R410a rDXGF Measure/instance-out.sql,CZ14,MFm,weighted,rDXGF,Ex,dxAC_equip,,LRM AOE +30% RCA LSC R22 R410a rDXGF Measure,MFm&0&rDXGF&Ex&dxAC_equip,LRM AOE +30% RCA LSC R22 R410a rDXGF Measure,59.21,102.08,304174.28,524398.14,12.37686902,2.14517733,0.43438588,0.59979015,0.0,3.00882866,0.0,0.34033651,0.0,0.0,0.0,0.0,5.84835007,0.0,0.0,0.0,0.43438588,2.14517733,0.0,2.42830281,0.58052585,0.0,0.0,2283.19,0.00101547,24576.0,0.00101547
runs/CZ14/MFm&0&rDXGF&Ex&dxAC_equip/LRM AOE +40% RCA LSC R22 R410a rDXGF Measure/instance-out.sql,CZ14,MFm,weighted,rDXGF,Ex,dxAC_equip,,LRM AOE +40% RCA LSC R22 R410a rDXGF Measure,MFm&0&rDXGF&Ex&dxAC_equip,LRM AOE +40% RCA LSC R22 R410a rDXGF Measure,58.41,99.55,300077.8,511424.57,12.21018261,2.14517733,0.26769947,0.59979015,0.0,3.00882866,0.0,0.34033651,0.0,0.0,0.0,0.0,5.84835007,0.0,0.0,0.0,0.26769947,2.14517733,0.0,2.42830281,0.58052585,0.0,0.0,2283.19,0.00088238,24576.0,0.00088238
runs/CZ13/MFm&0&rDXHP&Ex&dxHP_equip/LRM AOE LSC R22 R410a rDXHP Measure/instance-out.sql,CZ13,MFm,weighted,rDXHP,Ex,dxHP_equip,,LRM AOE LSC R22 R410a rDXHP Measure,MFm&0&rDXHP&Ex&dxHP_equip,LRM AOE LSC R22 R410a rDXHP Measure,58.75,121.87,301800.92,626052.87,12.28029646,0.93531751,1.43292638,0.59979015,0.0,3.00882866,0.0,0.44249378,0.0,0.0,0.0,0.0,5.86093917,0.0,0.0,0.93531751,1.43292638,0.0,0.0,2.42830281,0.58052585,0.0,0.0,2283.19,0.00218785,24576.0,0.00218785
runs/CZ14/MFm&0&rDXGF&Ex&dxAC_equip/LRM AOE +15% RCA LSC R22 R410a rDXGF Measure/instance-out.sql,CZ14,MFm,weighted,rDXGF,Ex,dxAC_equip,,LRM AOE +15% RCA LSC R22 R410a rDXGF Measure,MFm&0&rDXGF&Ex&dxAC_equip,LRM AOE +15% RCA LSC R22 R410a rDXGF Measure,60.41,105.87,310319.01,543858.49,12.62689802,2.14517733,0.68441489,0.59979015,0.0,3.00882866,0.0,0.34033651,0.0,0.0,0.0,0.0,5.84835007,0.0,0.0,0.0,0.68441489,2.14517733,0.0,2.42830281,0.58052585,0.0,0.0,2283.19,0.00121509,24576.0,0.00121509
runs/CZ14/MFm&0&rDXGF&Ex&dxAC_equip/LRM AOE +22.5% RCA LSC R22 R410a rDXGF Measure/instance-out.sql,CZ14,MFm,weighted,rDXGF,Ex,dxAC_equip,,LRM AOE +22.5% RCA LSC R22 R410a rDXGF Measure,MFm&0&rDXGF&Ex&dxAC_equip,LRM AOE +22.5% RCA LSC R22 R410a rDXGF Measure,59.81,103.97,307246.65,534128.31,12.50188352,2.14517733,0.55940039,0.59979015,0.0,3.00882866,0.0,0.34033651,0.0,0.0,0.0,0.0,5.84835007,0.0,0.0,0.0,0.55940039,2.14517733,0.0,2.42830281,0.58052585,0.0,0.0,2283.19,0.00111528,24576.0,0.00111528
runs/CZ13/MFm&0&rDXHP&Ex&dxHP_equip/LRM NR R32 R454b rDXHP Base/instance-out.sql,CZ13,MFm,weighted,rDXHP,Ex,dxHP_equip,,LRM NR R32 R454b rDXHP Base,MFm&0&rDXHP&Ex&dxHP_equip,LRM NR R32 R454b rDXHP Base,58.03,119.59,298099.08,614329.13,12.12966838,0.78979155,1.42782466,0.59979015,0.0,3.00882866,0.0,0.44249378,0.0,0.0,0.0,0.0,5.86093917,0.0,0.0,0.78979155,1.42782466,0.0,0.0,2.42830281,0.58052585,0.0,0.0,2283.19,0.00218293,24576.0,0.00218293
runs/CZ14/MFm&0&rDXGF&Ex&dxAC_equip/LRM AOE LSC R22 R410a rDXGF Measure/instance-out.sql,CZ14,MFm,weighted,rDXGF,Ex,dxAC_equip,,LRM AOE LSC R22 R410a rDXGF Measure,MFm&0&rDXGF&Ex&dxAC_equip,LRM AOE LSC R22 R410a rDXGF Measure,61.18,108.32,314292.6,556442.84,12.78858362,2.14517733,0.84610049,0.59979015,0.0,3.00882866,0.0,0.34033651,0.0,0.0,0.0,0.0,5.84835007,0.0,0.0,0.0,0.84610049,2.14517733,0.0,2.42830281,0.58052585,0.0,0.0,2283.19,0.00134418,24576.0,0.00134418
runs/CZ14/MFm&0&rDXGF&Ex&dxAC_equip/LRM AOE +7.5% RCA LSC R22 R410a rDXGF Measure/instance-out.sql,CZ14,MFm,weighted,rDXGF,Ex,dxAC_equip,,LRM AOE +7.5% RCA LSC R22 R410a rDXGF Measure,MFm&0&rDXGF&Ex&dxAC_equip,LRM AOE +7.5% RCA LSC R22 R410a rDXGF Measure,61.0,107.76,313391.37,553588.66,12.75191293,2.14517733,0.8094298,0.59979015,0.0,3.00882866,0.0,0.34033651,0.0,0.0,0.0,0.0,5.84835007,0.0,0.0,0.0,0.8094298,2.14517733,0.0,2.42830281,0.58052585,0.0,0.0,2283.19,0.0013149,24576.0,0.0013149
runs/CZ14/MFm&0&rDXGF&Ex&dxAC_equip/LRM AOE R22 R410a rDXGF Base/instance-out.sql,CZ14,MFm,weighted,rDXGF,Ex,dxAC_equip,,LRM AOE R22 R410a rDXGF Base,MFm&0&rDXGF&Ex&dxAC_equip,LRM AOE R22 R410a rDXGF Base,61.6,109.66,316463.74,563318.83,12.87692743,2.14517733,0.9344443,0.59979015,0.0,3.00882866,0.0,0.34033651,0.0,0.0,0.0,0.0,5.84835007,0.0,0.0,0.0,0.9344443,2.14517733,0.0,2.42830281,0.58052585,0.0,0.0,2283.19,0.00141471,24576.0,0.00141471
runs/CZ14/MFm&0&rDXGF&Ex&dxAC_equip/LRM NR LSC R454b rDXGF Measure/instance-out.sql,CZ14,MFm,weighted,rDXGF,Ex,dxAC_equip,,LRM NR LSC R454b rDXGF Measure,MFm&0&rDXGF&Ex&dxAC_equip,LRM NR LSC R454b rDXGF Measure,60.78,107.06,312259.69,550004.61,12.7058644,2.14517733,0.76338127,0.59979015,0.0,3.00882866,0.0,0.34033651,0.0,0.0,0.0,0.0,5.84835007,0.0,0.0,0.0,0.76338127,2.14517733,0.0,2.42830281,0.58052585,0.0,0.0,2283.19,0.00127814,24576.0,0.00127814
runs/CZ14/MFm&0&rDXGF&Ex&dxAC_equip/LRM NR R454b rDXGF Base/instance-out.sql,CZ14,MFm,weighted,rDXGF,Ex,dxAC_equip,,LRM NR R454b rDXGF Base,MFm&0&rDXGF&Ex&dxAC_equip,LRM NR R454b rDXGF Base,61.17,108.27,314218.56,556208.37,12.78557093,2.14517733,0.8430882,0.59979015,0.0,3.00882866,0.0,0.34033651,0.0,0.0,0.0,0.0,5.84835007,0.0,0.0,0.0,0.8430882,2.14517733,0.0,2.42830281,0.58052585,0.0,0.0,2283.19,0.00134177,24576.0,0.00134177
runs/CZ14/MFm&0&rDXHP&Ex&dxHP_equip/LRM AOE +15% RCA LSC R22 R410a rDXHP Measure/instance-out.sql,CZ14,MFm,weighted,rDXHP,Ex,dxHP_equip,,LRM AOE +15% RCA LSC R22 R410a rDXHP Measure,MFm&0&rDXHP&Ex&dxHP_equip,LRM AOE +15% RCA LSC R22 R410a rDXHP Measure,54.24,107.7,278616.52,553265.71,11.33692151,0.8914992,0.68456585,0.59979015,0.0,3.00882866,0.0,0.30375819,0.0,0.0,0.0,0.0,5.84847946,0.0,0.0,0.8914992,0.68456585,0.0,0.0,2.42830281,0.58052585,0.0,0.0,2283.19,0.0012151,24576.0,0.0012151
runs/CZ14/MFm&0&rDXHP&Ex&dxHP_equip/LRM AOE +30% RCA LSC R22 R410a rDXHP Measure/instance-out.sql,CZ14,MFm,weighted,rDXHP,Ex,dxHP_equip,,LRM AOE +30% RCA LSC R22 R410a rDXHP Measure,MFm&0&rDXHP&Ex&dxHP_equip,LRM AOE +30% RCA LSC R22 R410a rDXHP Measure,52.59,102.49,270164.19,526497.2,10.99299613,0.79765816,0.43448151,0.59979015,0.0,3.00882866,0.0,0.30375819,0.0,0.0,0.0,0.0,5.84847946,0.0,0.0,0.79765816,0.43448151,0.0,0.0,2.42830281,0.58052585,0.0,0.0,2283.19,0.00101547,24576.0,0.00101547
runs/CZ14/MFm&0&rDXHP&Ex&dxHP_equip/LRM AOE +22.5% RCA LSC R22 R410a rDXHP Measure/instance-out.sql,CZ14,MFm,weighted,rDXHP,Ex,dxHP_equip,,LRM AOE +22.5% RCA LSC R22 R410a rDXHP Measure,MFm&0&rDXHP&Ex&dxHP_equip,LRM AOE +22.5% RCA LSC R22 R410a rDXHP Measure,53.41,105.09,274390.35,539881.46,11.16495882,0.84457868,0.55952368,0.59979015,0.0,3.00882866,0.0,0.30375819,0.0,0.0,0.0,0.0,5.84847946,0.0,0.0,0.84457868,0.55952368,0.0,0.0,2.42830281,0.58052585,0.0,0.0,2283.19,0.00111529,24576.0,0.00111529
runs/CZ14/MFm&0&rDXHP&Ex&dxHP_equip/LRM AOE +40% RCA LSC R22 R410a rDXHP Measure/instance-out.sql,CZ14,MFm,weighted,rDXHP,Ex,dxHP_equip,,LRM AOE +40% RCA LSC R22 R410a rDXHP Measure,MFm&0&rDXHP&Ex&dxHP_equip,LRM AOE +40% RCA LSC R22 R410a rDXHP Measure,51.49,99.01,264529.31,508651.53,10.76371255,0.7350972,0.26775847,0.59979015,0.0,3.00882866,0.0,0.30375819,0.0,0.0,0.0,0.0,5.84847946,0.0,0.0,0.7350972,0.26775847,0.0,0.0,2.42830281,0.58052585,0.0,0.0,2283.19,0.00088239,24576.0,0.00088239
runs/CZ14/MFm&0&rDXHP&Ex&dxHP_equip/LRM AOE +7.5% RCA LSC R22 R410a rDXHP Measure/instance-out.sql,CZ14,MFm,weighted,rDXHP,Ex,dxHP_equip,,LRM AOE +7.5% RCA LSC R22 R410a rDXHP Measure,MFm&0&rDXHP&Ex&dxHP_equip,LRM AOE +7.5% RCA LSC R22 R410a rDXHP Measure,55.06,110.3,282842.68,566649.96,11.50888461,0.93841972,0.80960802,0.59979015,0.0,3.00882866,0.0,0.30375819,0.0,0.0,0.0,0.0,5.84847946,0.0,0.0,0.93841972,0.80960802,0.0,0.0,2.42830281,0.58052585,0.0,0.0,2283.19,0.00131491,24576.0,0.00131491
runs/CZ14/MFm&0&rDXHP&Ex&dxHP_equip/LRM AOE LSC R22 R410a rDXHP Measure/instance-out.sql,CZ14,MFm,weighted,rDXHP,Ex,dxHP_equip,,LRM AOE LSC R22 R410a rDXHP Measure,MFm&0&rDXHP&Ex&dxHP_equip,LRM AOE LSC R22 R410a rDXHP Measure,55.3,111.07,284082.35,570576.01,11.55932685,0.95218313,0.84628685,0.59979015,0.0,3.00882866,0.0,0.30375819,0.0,0.0,0.0,0.0,5.84847946,0.0,0.0,0.95218313,0.84628685,0.0,0.0,2.42830281,0.58052585,0.0,0.0,2283.19,0.00134419,24576.0,0.00134419
runs/CZ14/MFm&0&rDXHP&Ex&dxHP_equip/LRM AOE R22 R410a rDXHP Base/instance-out.sql,CZ14,MFm,weighted,rDXHP,Ex,dxHP_equip,,LRM AOE R22 R410a rDXHP Base,MFm&0&rDXHP&Ex&dxHP_equip,LRM AOE R22 R410a rDXHP Base,55.88,112.91,287068.84,580034.22,11.68084729,0.98534023,0.93465019,0.59979015,0.0,3.00882866,0.0,0.30375819,0.0,0.0,0.0,0.0,5.84847946,0.0,0.0,0.98534023,0.93465019,0.0,0.0,2.42830281,0.58052585,0.0,0.0,2283.19,0.00141473,24576.0,0.00141473
runs/CZ14/MFm&0&rDXHP&Ex&dxHP_equip/LRM NR R32 R454b rDXHP Base/instance-out.sql,CZ14,MFm,weighted,rDXHP,Ex,dxHP_equip,,LRM NR R32 R454b rDXHP Base,MFm&0&rDXHP&Ex&dxHP_equip,LRM NR R32 R454b rDXHP Base,54.62,108.9,280572.27,559459.57,11.41650109,0.81237087,0.84327375,0.59979015,0.0,3.00882866,0.0,0.30375819,0.0,0.0,0.0,0.0,5.84847946,0.0,0.0,0.81237087,0.84327375,0.0,0.0,2.42830281,0.58052585,0.0,0.0,2283.19,0.00134179,24576.0,0.00134179
runs/CZ14/MFm&0&rDXHP&Ex&dxHP_equip/LRM NR LSC R32 R454b rDXHP Measure/instance-out.sql,CZ14,MFm,weighted,rDXHP,Ex,dxHP_equip,,LRM NR LSC R32 R454b rDXHP Measure,MFm&0&rDXHP&Ex&dxHP_equip,LRM NR LSC R32 R454b rDXHP Measure,54.11,107.3,277965.48,551203.89,11.31043106,0.78602488,0.76354932,0.59979015,0.0,3.00882866,0.0,0.30375819,0.0,0.0,0.0,0.0,5.84847946,0.0,0.0,0.78602488,0.76354932,0.0,0.0,2.42830281,0.58052585,0.0,0.0,2283.19,0.00127815,24576.0,0.00127815
runs/CZ15/MFm&0&rDXGF&Ex&dxAC_equip/LRM AOE +22.5% RCA LSC R22 R410a rDXGF Measure/instance-out.sql,CZ15,MFm,weighted,rDXGF,Ex,dxAC_equip,,LRM AOE +22.5% RCA LSC R22 R410a rDXGF Measure,MFm&0&rDXGF&Ex&dxAC_equip,LRM AOE +22.5% RCA LSC R22 R410a rDXGF Measure,58.71,116.51,301594.59,598548.1,12.27190088,0.6421253,1.67161344,0.59979015,0.0,3.00882866,0.0,0.60620575,0.0,0.0,0.0,0.0,5.74333717,0.0,0.0,0.0,1.67161344,0.6421253,0.0,2.42830281,0.58052585,0.0,0.0,2283.19,0.00188106,24576.0,0.00188106
runs/CZ15/MFm&0&rDXGF&Ex&dxAC_equip/LRM AOE +15% RCA LSC R22 R410a rDXGF Measure/instance-out.sql,CZ15,MFm,weighted,rDXGF,Ex,dxAC_equip,,LRM AOE +15% RCA LSC R22 R410a rDXGF Measure,MFm&0&rDXGF&Ex&dxAC_equip,LRM AOE +15% RCA LSC R22 R410a rDXGF Measure,60.5,122.17,310775.5,627624.03,12.64547263,0.6421253,2.04518518,0.59979015,0.0,3.00882866,0.0,0.60620575,0.0,0.0,0.0,0.0,5.74333717,0.0,0.0,0.0,2.04518518,0.6421253,0.0,2.42830281,0.58052585,0.0,0.0,2283.19,0.00211795,24576.0,0.00211795
runs/CZ15/MFm&0&rDXGF&Ex&dxAC_equip/LRM AOE +30% RCA LSC R22 R410a rDXGF Measure/instance-out.sql,CZ15,MFm,weighted,rDXGF,Ex,dxAC_equip,,LRM AOE +30% RCA LSC R22 R410a rDXGF Measure,MFm&0&rDXGF&Ex&dxAC_equip,LRM AOE +30% RCA LSC R22 R410a rDXGF Measure,56.92,110.85,292413.68,569472.17,11.89832954,0.6421253,1.29804169,0.59979015,0.0,3.00882866,0.0,0.60620575,0.0,0.0,0.0,0.0,5.74333717,0.0,0.0,0.0,1.29804169,0.6421253,0.0,2.42830281,0.58052585,0.0,0.0,2283.19,0.00164417,24576.0,0.00164417
runs/CZ15/MFm&0&rDXGF&Ex&dxAC_equip/LRM AOE +40% RCA LSC R22 R410a rDXGF Measure/instance-out.sql,CZ15,MFm,weighted,rDXGF,Ex,dxAC_equip,,LRM AOE +40% RCA LSC R22 R410a rDXGF Measure,MFm&0&rDXGF&Ex&dxAC_equip,LRM AOE +40% RCA LSC R22 R410a rDXGF Measure,54.54,103.31,280172.47,530704.25,11.40023402,0.6421253,0.79994616,0.59979015,0.0,3.00882866,0.0,0.60620575,0.0,0.0,0.0,0.0,5.74333717,0.0,0.0,0.0,0.79994616,0.6421253,0.0,2.42830281,0.58052585,0.0,0.0,2283.19,0.00132831,24576.0,0.00132831
runs/CZ15/MFm&0&rDXGF&Ex&dxAC_equip/LRM NR LSC R454b rDXGF Measure/instance-out.sql,CZ15,MFm,weighted,rDXGF,Ex,dxAC_equip,,LRM NR LSC R454b rDXGF Measure,MFm&0&rDXGF&Ex&dxAC_equip,LRM NR LSC R454b rDXGF Measure,61.62,125.75,316574.67,645990.02,12.88144159,0.6421253,2.28115374,0.59979015,0.0,3.00882866,0.0,0.60620575,0.0,0.0,0.0,0.0,5.74333717,0.0,0.0,0.0,2.28115374,0.6421253,0.0,2.42830281,0.58052585,0.0,0.0,2283.19,0.00226758,24576.0,0.00226758
runs/CZ15/MFm&0&rDXGF&Ex&dxAC_equip/LRM AOE +7.5% RCA LSC R22 R410a rDXGF Measure/instance-out.sql,CZ15,MFm,weighted,rDXGF,Ex,dxAC_equip,,LRM AOE +7.5% RCA LSC R22 R410a rDXGF Measure,MFm&0&rDXGF&Ex&dxAC_equip,LRM AOE +7.5% RCA LSC R22 R410a rDXGF Measure,62.28,127.83,319956.41,656699.97,13.01904437,0.6421253,2.41875652,0.59979015,0.0,3.00882866,0.0,0.60620575,0.0,0.0,0.0,0.0,5.74333717,0.0,0.0,0.0,2.41875652,0.6421253,0.0,2.42830281,0.58052585,0.0,0.0,2283.19,0.00235484,24576.0,0.00235484
runs/CZ15/MFm&0&rDXGF&Ex&dxAC_equip/LRM AOE LSC R22 R410a rDXGF Measure/instance-out.sql,CZ15,MFm,weighted,rDXGF,Ex,dxAC_equip,,LRM AOE LSC R22 R410a rDXGF Measure,MFm&0&rDXGF&Ex&dxAC_equip,LRM AOE LSC R22 R410a rDXGF Measure,62.81,129.49,322649.47,665228.91,13.12862514,0.6421253,2.52833769,0.59979015,0.0,3.00882866,0.0,0.60620575,0.0,0.0,0.0,0.0,5.74333717,0.0,0.0,0.0,2.52833769,0.6421253,0.0,2.42830281,0.58052585,0.0,0.0,2283.19,0.00242432,24576.0,0.00242432
runs/CZ15/MFm&0&rDXGF&Ex&dxAC_equip/LRM AOE R22 R410a rDXGF Base/instance-out.sql,CZ15,MFm,weighted,rDXGF,Ex,dxAC_equip,,LRM AOE R22 R410a rDXGF Base,MFm&0&rDXGF&Ex&dxAC_equip,LRM AOE R22 R410a rDXGF Base,64.07,133.49,329137.31,685775.9,13.39261612,0.6421253,2.79232827,0.59979015,0.0,3.00882866,0.0,0.60620575,0.0,0.0,0.0,0.0,5.74333717,0.0,0.0,0.0,2.79232827,0.6421253,0.0,2.42830281,0.58052585,0.0,0.0,2283.19,0.00259173,24576.0,0.00259173
runs/CZ15/MFm&0&rDXGF&Ex&dxAC_equip/LRM NR R454b rDXGF Base/instance-out.sql,CZ15,MFm,weighted,rDXGF,Ex,dxAC_equip,,LRM NR R454b rDXGF Base,MFm&0&rDXGF&Ex&dxAC_equip,LRM NR R454b rDXGF Base,62.76,129.36,322428.23,664528.23,13.11962287,0.6421253,2.51933542,0.59979015,0.0,3.00882866,0.0,0.60620575,0.0,0.0,0.0,0.0,5.74333717,0.0,0.0,0.0,2.51933542,0.6421253,0.0,2.42830281,0.58052585,0.0,0.0,2283.19,0.00241862,24576.0,0.00241862
runs/CZ15/MFm&0&rDXHP&Ex&dxHP_equip/LRM AOE +15% RCA LSC R22 R410a rDXHP Measure/instance-out.sql,CZ15,MFm,weighted,rDXHP,Ex,dxHP_equip,,LRM AOE +15% RCA LSC R22 R410a rDXHP Measure,MFm&0&rDXHP&Ex&dxHP_equip,LRM AOE +15% RCA LSC R22 R410a rDXHP Measure,58.53,122.35,300691.15,628548.79,12.23513986,0.24206921,2.04532475,0.59979015,0.0,3.00882866,0.0,0.59559989,0.0,0.0,0.0,0.0,5.74352679,0.0,0.0,0.24206921,2.04532475,0.0,0.0,2.42830281,0.58052585,0.0,0.0,2283.19,0.00211795,24576.0,0.00211795
runs/CZ15/MFm&0&rDXHP&Ex&dxHP_equip/LRM AOE +22.5% RCA LSC R22 R410a rDXHP Measure/instance-out.sql,CZ15,MFm,weighted,rDXHP,Ex,dxHP_equip,,LRM AOE +22.5% RCA LSC R22 R410a rDXHP Measure,MFm&0&rDXHP&Ex&dxHP_equip,LRM AOE +22.5% RCA LSC R22 R410a rDXHP Measure,56.68,116.48,291171.25,598399.28,11.847775,0.22830133,1.67172737,0.59979015,0.0,3.00882866,0.0,0.59559989,0.0,0.0,0.0,0.0,5.74352679,0.0,0.0,0.22830133,1.67172737,0.0,0.0,2.42830281,0.58052585,0.0,0.0,2283.19,0.00188106,24576.0,0.00188106
runs/CZ15/MFm&0&rDXHP&Ex&dxHP_equip/LRM AOE +30% RCA LSC R22 R410a rDXHP Measure/instance-out.sql,CZ15,MFm,weighted,rDXHP,Ex,dxHP_equip,,LRM AOE +30% RCA LSC R22 R410a rDXHP Measure,MFm&0&rDXHP&Ex&dxHP_equip,LRM AOE +30% RCA LSC R22 R410a rDXHP Measure,54.83,110.62,281651.35,568249.76,11.46040973,0.21453344,1.29813039,0.59979015,0.0,3.00882866,0.0,0.59559989,0.0,0.0,0.0,0.0,5.74352679,0.0,0.0,0.21453344,1.29813039,0.0,0.0,2.42830281,0.58052585,0.0,0.0,2283.19,0.00164417,24576.0,0.00164417
runs/CZ15/MFm&0&rDXHP&Ex&dxHP_equip/LRM AOE +40% RCA LSC R22 R410a rDXHP Measure/instance-out.sql,CZ15,MFm,weighted,rDXHP,Ex,dxHP_equip,,LRM AOE +40% RCA LSC R22 R410a rDXHP Measure,MFm&0&rDXHP&Ex&dxHP_equip,LRM AOE +40% RCA LSC R22 R410a rDXHP Measure,52.36,102.79,268958.16,528050.41,10.9439227,0.19617612,0.80000069,0.59979015,0.0,3.00882866,0.0,0.59559989,0.0,0.0,0.0,0.0,5.74352679,0.0,0.0,0.19617612,0.80000069,0.0,0.0,2.42830281,0.58052585,0.0,0.0,2283.19,0.00132831,24576.0,0.00132831
runs/CZ15/MFm&0&rDXHP&Ex&dxHP_equip/LRM AOE +7.5% RCA LSC R22 R410a rDXHP Measure/instance-out.sql,CZ15,MFm,weighted,rDXHP,Ex,dxHP_equip,,LRM AOE +7.5% RCA LSC R22 R410a rDXHP Measure,MFm&0&rDXHP&Ex&dxHP_equip,LRM AOE +7.5% RCA LSC R22 R410a rDXHP Measure,60.39,128.22,310211.05,658698.31,12.62250513,0.25583751,2.41892172,0.59979015,0.0,3.00882866,0.0,0.59559989,0.0,0.0,0.0,0.0,5.74352679,0.0,0.0,0.25583751,2.41892172,0.0,0.0,2.42830281,0.58052585,0.0,0.0,2283.19,0.00235484,24576.0,0.00235484
runs/CZ15/MFm&0&rDXHP&Ex&dxHP_equip/LRM AOE LSC R22 R410a rDXHP Measure/instance-out.sql,CZ15,MFm,weighted,rDXHP,Ex,dxHP_equip,,LRM AOE LSC R22 R410a rDXHP Measure,MFm&0&rDXHP&Ex&dxHP_equip,LRM AOE LSC R22 R410a rDXHP Measure,60.93,129.94,313003.55,667542.17,12.73613251,0.259876,2.52851022,0.59979015,0.0,3.00882866,0.0,0.59559989,0.0,0.0,0.0,0.0,5.74352679,0.0,0.0,0.259876,2.52851022,0.0,0.0,2.42830281,0.58052585,0.0,0.0,2283.19,0.00242433,24576.0,0.00242433
runs/CZ16/MFm&0&rDXGF&Ex&dxAC_equip/LRM AOE +15% RCA LSC R22 R410a rDXGF Measure/instance-out.sql,CZ16,MFm,weighted,rDXGF,Ex,dxAC_equip,,LRM AOE +15% RCA LSC R22 R410a rDXGF Measure,MFm&0&rDXGF&Ex&dxAC_equip,LRM AOE +15% RCA LSC R22 R410a rDXGF Measure,60.02,100.49,308315.65,516225.23,12.54538119,2.40513471,0.25789032,0.59979015,0.0,3.00882866,0.0,0.26948495,0.0,0.0,0.0,0.0,6.00425239,0.0,0.0,0.0,0.25789032,2.40513471,0.0,2.42830281,0.58052585,0.0,0.0,2283.19,0.00108383,24576.0,0.00108383
runs/CZ15/MFm&0&rDXHP&Ex&dxHP_equip/LRM NR R32 R454b rDXHP Base/instance-out.sql,CZ15,MFm,weighted,rDXHP,Ex,dxHP_equip,,LRM NR R32 R454b rDXHP Base,MFm&0&rDXHP&Ex&dxHP_equip,LRM NR R32 R454b rDXHP Base,60.69,129.19,311774.05,663648.34,12.68610409,0.21885065,2.51950754,0.59979015,0.0,3.00882866,0.0,0.59559989,0.0,0.0,0.0,0.0,5.74352679,0.0,0.0,0.21885065,2.51950754,0.0,0.0,2.42830281,0.58052585,0.0,0.0,2283.19,0.00241862,24576.0,0.00241862
runs/CZ15/MFm&0&rDXHP&Ex&dxHP_equip/LRM NR LSC R32 R454b rDXHP Measure/instance-out.sql,CZ15,MFm,weighted,rDXHP,Ex,dxHP_equip,,LRM NR LSC R32 R454b rDXHP Measure,MFm&0&rDXHP&Ex&dxHP_equip,LRM NR LSC R32 R454b rDXHP Measure,59.51,125.46,305730.11,644507.17,12.44017542,0.21111995,2.28130958,0.59979015,0.0,3.00882866,0.0,0.59559989,0.0,0.0,0.0,0.0,5.74352679,0.0,0.0,0.21111995,2.28130958,0.0,0.0,2.42830281,0.58052585,0.0,0.0,2283.19,0.00226758,24576.0,0.00226758
runs/CZ16/MFm&0&rDXGF&Ex&dxAC_equip/LRM AOE +22.5% RCA LSC R22 R410a rDXGF Measure/instance-out.sql,CZ16,MFm,weighted,rDXGF,Ex,dxAC_equip,,LRM AOE +22.5% RCA LSC R22 R410a rDXGF Measure,MFm&0&rDXGF&Ex&dxAC_equip,LRM AOE +22.5% RCA LSC R22 R410a rDXGF Measure,59.79,99.77,307157.97,512558.86,12.49827513,2.40513471,0.21078426,0.59979015,0.0,3.00882866,0.0,0.26948495,0.0,0.0,0.0,0.0,6.00425239,0.0,0.0,0.0,0.21078426,2.40513471,0.0,2.42830281,0.58052585,0.0,0.0,2283.19,0.00100636,24576.0,0.00100636
runs/CZ15/MFm&0&rDXHP&Ex&dxHP_equip/LRM AOE R22 R410a rDXHP Base/instance-out.sql,CZ15,MFm,weighted,rDXHP,Ex,dxHP_equip,,LRM AOE R22 R410a rDXHP Base,MFm&0&rDXHP&Ex&dxHP_equip,LRM AOE R22 R410a rDXHP Base,62.24,134.09,319730.95,688847.83,13.00987039,0.2696054,2.7925191,0.59979015,0.0,3.00882866,0.0,0.59559989,0.0,0.0,0.0,0.0,5.74352679,0.0,0.0,0.2696054,2.7925191,0.0,0.0,2.42830281,0.58052585,0.0,0.0,2283.19,0.00259173,24576.0,0.00259173
runs/CZ16/MFm&0&rDXGF&Ex&dxAC_equip/LRM AOE +30% RCA LSC R22 R410a rDXGF Measure/instance-out.sql,CZ16,MFm,weighted,rDXGF,Ex,dxAC_equip,,LRM AOE +30% RCA LSC R22 R410a rDXGF Measure,MFm&0&rDXGF&Ex&dxAC_equip,LRM AOE +30% RCA LSC R22 R410a rDXGF Measure,59.57,99.06,306000.29,508892.5,12.45116947,2.40513471,0.16367819,0.59979015,0.0,3.00882866,0.0,0.26948495,0.0,0.0,0.0,0.0,6.00425239,0.0,0.0,0.0,0.16367819,2.40513471,0.0,2.42830281,0.58052585,0.0,0.0,2283.19,0.00092889,24576.0,0.00092889
runs/CZ16/MFm&0&rDXGF&Ex&dxAC_equip/LRM AOE +7.5% RCA LSC R22 R410a rDXGF Measure/instance-out.sql,CZ16,MFm,weighted,rDXGF,Ex,dxAC_equip,,LRM AOE +7.5% RCA LSC R22 R410a rDXGF Measure,MFm&0&rDXGF&Ex&dxAC_equip,LRM AOE +7.5% RCA LSC R22 R410a rDXGF Measure,60.24,101.2,309473.33,519891.6,12.59248726,2.40513471,0.30499639,0.59979015,0.0,3.00882866,0.0,0.26948495,0.0,0.0,0.0,0.0,6.00425239,0.0,0.0,0.0,0.30499639,2.40513471,0.0,2.42830281,0.58052585,0.0,0.0,2283.19,0.0011613,24576.0,0.0011613
runs/CZ16/MFm&0&rDXGF&Ex&dxAC_equip/LRM AOE +40% RCA LSC R22 R410a rDXGF Measure/instance-out.sql,CZ16,MFm,weighted,rDXGF,Ex,dxAC_equip,,LRM AOE +40% RCA LSC R22 R410a rDXGF Measure,MFm&0&rDXGF&Ex&dxAC_equip,LRM AOE +40% RCA LSC R22 R410a rDXGF Measure,59.27,98.11,304456.72,504004.01,12.38836111,2.40513471,0.10087024,0.59979015,0.0,3.00882866,0.0,0.26948495,0.0,0.0,0.0,0.0,6.00425239,0.0,0.0,0.0,0.10087024,2.40513471,0.0,2.42830281,0.58052585,0.0,0.0,2283.19,0.0008256,24576.0,0.0008256
runs/CZ16/MFm&0&rDXGF&Ex&dxAC_equip/LRM AOE R22 R410a rDXGF Base/instance-out.sql,CZ16,MFm,weighted,rDXGF,Ex,dxAC_equip,,LRM AOE R22 R410a rDXGF Base,MFm&0&rDXGF&Ex&dxAC_equip,LRM AOE R22 R410a rDXGF Base,60.47,101.92,310631.01,523557.97,12.63959332,2.40513471,0.35210245,0.59979015,0.0,3.00882866,0.0,0.26948495,0.0,0.0,0.0,0.0,6.00425239,0.0,0.0,0.0,0.35210245,2.40513471,0.0,2.42830281,0.58052585,0.0,0.0,2283.19,0.00123877,24576.0,0.00123877
runs/CZ16/MFm&0&rDXGF&Ex&dxAC_equip/LRM NR LSC R454b rDXGF Measure/instance-out.sql,CZ16,MFm,weighted,rDXGF,Ex,dxAC_equip,,LRM NR LSC R454b rDXGF Measure,MFm&0&rDXGF&Ex&dxAC_equip,LRM NR LSC R454b rDXGF Measure,60.16,100.94,309046.9,518541.12,12.5751362,2.40513471,0.28764493,0.59979015,0.0,3.00882866,0.0,0.26948495,0.0,0.0,0.0,0.0,6.00425239,0.0,0.0,0.0,0.28764493,2.40513471,0.0,2.42830281,0.58052585,0.0,0.0,2283.19,0.00113277,24576.0,0.00113277
runs/CZ16/MFm&0&rDXGF&Ex&dxAC_equip/LRM NR R454b rDXGF Base/instance-out.sql,CZ16,MFm,weighted,rDXGF,Ex,dxAC_equip,,LRM NR R454b rDXGF Base,MFm&0&rDXGF&Ex&dxAC_equip,LRM NR R454b rDXGF Base,60.3,101.39,309785.02,520878.72,12.60516994,2.40513471,0.31767907,0.59979015,0.0,3.00882866,0.0,0.26948495,0.0,0.0,0.0,0.0,6.00425239,0.0,0.0,0.0,0.31767907,2.40513471,0.0,2.42830281,0.58052585,0.0,0.0,2283.19,0.00118216,24576.0,0.00118216
runs/CZ16/MFm&0&rDXGF&Ex&dxAC_equip/LRM AOE LSC R22 R410a rDXGF Measure/instance-out.sql,CZ16,MFm,weighted,rDXGF,Ex,dxAC_equip,,LRM AOE LSC R22 R410a rDXGF Measure,MFm&0&rDXGF&Ex&dxAC_equip,LRM AOE LSC R22 R410a rDXGF Measure,60.31,101.41,309812.91,520967.07,12.60630519,2.40513471,0.31881392,0.59979015,0.0,3.00882866,0.0,0.26948495,0.0,0.0,0.0,0.0,6.00425239,0.0,0.0,0.0,0.31881392,2.40513471,0.0,2.42830281,0.58052585,0.0,0.0,2283.19,0.00118403,24576.0,0.00118403
runs/CZ16/MFm&0&rDXHP&Ex&dxHP_equip/LRM AOE +15% RCA LSC R22 R410a rDXHP Measure/instance-out.sql,CZ16,MFm,weighted,rDXHP,Ex,dxHP_equip,,LRM AOE +15% RCA LSC R22 R410a rDXHP Measure,MFm&0&rDXHP&Ex&dxHP_equip,LRM AOE +15% RCA LSC R22 R410a rDXHP Measure,53.6,104.14,275365.99,534988.9,11.20465767,1.11184969,0.25792694,0.59979015,0.0,3.00882866,0.0,0.22185155,0.0,0.0,0.0,0.0,6.00441027,0.0,0.0,1.11184969,0.25792694,0.0,0.0,2.42830281,0.58052585,0.0,0.0,2283.19,0.00108384,24576.0,0.00108384
runs/CZ16/MFm&0&rDXHP&Ex&dxHP_equip/LRM AOE +40% RCA LSC R22 R410a rDXHP Measure/instance-out.sql,CZ16,MFm,weighted,rDXHP,Ex,dxHP_equip,,LRM AOE +40% RCA LSC R22 R410a rDXHP Measure,MFm&0&rDXHP&Ex&dxHP_equip,LRM AOE +40% RCA LSC R22 R410a rDXHP Measure,52.05,99.21,267365.51,509651.38,10.87911769,0.94335216,0.10088448,0.59979015,0.0,3.00882866,0.0,0.22185155,0.0,0.0,0.0,0.0,6.00441027,0.0,0.0,0.94335216,0.10088448,0.0,0.0,2.42830281,0.58052585,0.0,0.0,2283.19,0.00082561,24576.0,0.00082561
runs/CZ16/MFm&0&rDXHP&Ex&dxHP_equip/LRM AOE +30% RCA LSC R22 R410a rDXHP Measure/instance-out.sql,CZ16,MFm,weighted,rDXHP,Ex,dxHP_equip,,LRM AOE +30% RCA LSC R22 R410a rDXHP Measure,MFm&0&rDXHP&Ex&dxHP_equip,LRM AOE +30% RCA LSC R22 R410a rDXHP Measure,52.67,101.18,270565.7,519786.39,11.0093336,1.01075117,0.16370139,0.59979015,0.0,3.00882866,0.0,0.22185155,0.0,0.0,0.0,0.0,6.00441027,0.0,0.0,1.01075117,0.16370139,0.0,0.0,2.42830281,0.58052585,0.0,0.0,2283.19,0.0009289,24576.0,0.0009289
runs/CZ16/MFm&0&rDXHP&Ex&dxHP_equip/LRM AOE +22.5% RCA LSC R22 R410a rDXHP Measure/instance-out.sql,CZ16,MFm,weighted,rDXHP,Ex,dxHP_equip,,LRM AOE +22.5% RCA LSC R22 R410a rDXHP Measure,MFm&0&rDXHP&Ex&dxHP_equip,LRM AOE +22.5% RCA LSC R22 R410a rDXHP Measure,53.14,102.66,272965.85,527387.64,11.10699543,1.06130043,0.21081437,0.59979015,0.0,3.00882866,0.0,0.22185155,0.0,0.0,0.0,0.0,6.00441027,0.0,0.0,1.06130043,0.21081437,0.0,0.0,2.42830281,0.58052585,0.0,0.0,2283.19,0.00100637,24576.0,0.00100637
runs/CZ16/MFm&0&rDXHP&Ex&dxHP_equip/LRM AOE LSC R22 R410a rDXHP Measure/instance-out.sql,CZ16,MFm,weighted,rDXHP,Ex,dxHP_equip,,LRM AOE LSC R22 R410a rDXHP Measure,MFm&0&rDXHP&Ex&dxHP_equip,LRM AOE LSC R22 R410a rDXHP Measure,54.21,106.05,278470.18,544819.86,11.33096693,1.17722681,0.31885949,0.59979015,0.0,3.00882866,0.0,0.22185155,0.0,0.0,0.0,0.0,6.00441027,0.0,0.0,1.17722681,0.31885949,0.0,0.0,2.42830281,0.58052585,0.0,0.0,2283.19,0.00118404,24576.0,0.00118404
runs/CZ16/MFm&0&rDXHP&Ex&dxHP_equip/LRM AOE +7.5% RCA LSC R22 R410a rDXHP Measure/instance-out.sql,CZ16,MFm,weighted,rDXHP,Ex,dxHP_equip,,LRM AOE +7.5% RCA LSC R22 R410a rDXHP Measure,MFm&0&rDXHP&Ex&dxHP_equip,LRM AOE +7.5% RCA LSC R22 R410a rDXHP Measure,54.07,105.62,277766.13,542590.15,11.3023195,1.16239895,0.30503952,0.59979015,0.0,3.00882866,0.0,0.22185155,0.0,0.0,0.0,0.0,6.00441027,0.0,0.0,1.16239895,0.30503952,0.0,0.0,2.42830281,0.58052585,0.0,0.0,2283.19,0.00116131,24576.0,0.00116131
runs/CZ16/MFm&0&rDXHP&Ex&dxHP_equip/LRM AOE R22 R410a rDXHP Base/instance-out.sql,CZ16,MFm,weighted,rDXHP,Ex,dxHP_equip,,LRM AOE R22 R410a rDXHP Base,MFm&0&rDXHP&Ex&dxHP_equip,LRM AOE R22 R410a rDXHP Base,54.54,107.1,280166.28,550191.41,11.39998133,1.21294861,0.3521525,0.59979015,0.0,3.00882866,0.0,0.22185155,0.0,0.0,0.0,0.0,6.00441027,0.0,0.0,1.21294861,0.3521525,0.0,0.0,2.42830281,0.58052585,0.0,0.0,2283.19,0.00123878,24576.0,0.00123878
runs/CZ16/MFm&0&rDXHP&Ex&dxHP_equip/LRM NR LSC R32 R454b rDXHP Measure/instance-out.sql,CZ16,MFm,weighted,rDXHP,Ex,dxHP_equip,,LRM NR LSC R32 R454b rDXHP Measure,MFm&0&rDXHP&Ex&dxHP_equip,LRM NR LSC R32 R454b rDXHP Measure,53.2,102.87,273304.74,528460.93,11.12078529,0.99821864,0.28768602,0.59979015,0.0,3.00882866,0.0,0.22185155,0.0,0.0,0.0,0.0,6.00441027,0.0,0.0,0.99821864,0.28768602,0.0,0.0,2.42830281,0.58052585,0.0,0.0,2283.19,0.00113278,24576.0,0.00113278
runs/CZ16/MFm&0&rDXHP&Ex&dxHP_equip/LRM NR R32 R454b rDXHP Base/instance-out.sql,CZ16,MFm,weighted,rDXHP,Ex,dxHP_equip,,LRM NR R32 R454b rDXHP Base,MFm&0&rDXHP&Ex&dxHP_equip,LRM NR R32 R454b rDXHP Base,53.48,103.76,274740.51,533008.01,11.17920685,1.02660199,0.31772383,0.59979015,0.0,3.00882866,0.0,0.22185155,0.0,0.0,0.0,0.0,6.00441027,0.0,0.0,1.02660199,0.31772383,0.0,0.0,2.42830281,0.58052585,0.0,0.0,2283.19,0.00118217,24576.0,0.00118217
