File Name,BldgLoc,BldgType,Story,BldgHVAC,BldgVint,TechGroup,TechType,TechID,Cohort,Case,Net Site EUI,Net Source EUI,Total Energy/Net Site Energy,Total Energy/Net Source Energy,Total,Heating,Cooling,Interior Lighting,Exterior Lighting,Interior Equipment,Exterior Equipment,Fans,Pumps,Heat Rejection,Humidification,Heat Recovery,Water Systems,Refrigeration,Generators,Heating Elec,Cooling Elec,Heating NG,Cooling NG,Interior Equipment Elec,Interior Equipment NG,Unmet Heating,Unmet Cooling,Conditioned Area,Electricity:Facility [J](Hourly)
runs/CZ01/SFm&1&rDXGF&Ex&dxAC_equip/LRM AOE +15% RCA LSC R22 R410a rDXGF Measure/instance-out.sql,CZ01,SFm,1,rDXGF,Ex,dxAC_equip,,LRM AOE +15% RCA LSC R22 R410a rDXGF Measure,SFm&1&rDXGF&Ex&dxAC_equip,LRM AOE +15% RCA LSC R22 R410a rDXGF Measure,42.62,75.45,32782.93,58031.1,32782.93,7521.73,41.67,1557.5,457.71,10338.53,0.0,473.89,0.0,0.0,0.0,0.0,12391.89,0.0,0.0,0.0,41.67,7521.73,0.0,8268.27,2070.26,0.0,0.0,270.12,7127974.883854634
runs/CZ01/SFm&1&rDXGF&Ex&dxAC_equip/LRM AOE +22.5% RCA LSC R22 R410a rDXGF Measure/instance-out.sql,CZ01,SFm,1,rDXGF,Ex,dxAC_equip,,LRM AOE +22.5% RCA LSC R22 R410a rDXGF Measure,SFm&1&rDXGF&Ex&dxAC_equip,LRM AOE +22.5% RCA LSC R22 R410a rDXGF Measure,42.61,75.42,32775.32,58007.0,32775.32,7521.73,34.06,1557.5,457.71,10338.53,0.0,473.89,0.0,0.0,0.0,0.0,12391.89,0.0,0.0,0.0,34.06,7521.73,0.0,8268.27,2070.26,0.0,0.0,270.12,6998338.8512076
runs/CZ01/SFm&1&rDXGF&Ex&dxAC_equip/LRM AOE +30% RCA LSC R22 R410a rDXGF Measure/instance-out.sql,CZ01,SFm,1,rDXGF,Ex,dxAC_equip,,LRM AOE +30% RCA LSC R22 R410a rDXGF Measure,SFm&1&rDXGF&Ex&dxAC_equip,LRM AOE +30% RCA LSC R22 R410a rDXGF Measure,42.6,75.39,32767.71,57982.89,32767.71,7521.73,26.45,1557.5,457.71,10338.53,0.0,473.89,0.0,0.0,0.0,0.0,12391.89,0.0,0.0,0.0,26.45,7521.73,0.0,8268.27,2070.26,0.0,0.0,270.12,6868702.818620457
runs/CZ01/SFm&1&rDXGF&Ex&dxAC_equip/LRM AOE +7.5% RCA LSC R22 R410a rDXGF Measure/instance-out.sql,CZ01,SFm,1,rDXGF,Ex,dxAC_equip,,LRM AOE +7.5% RCA LSC R22 R410a rDXGF Measure,SFm&1&rDXGF&Ex&dxAC_equip,LRM AOE +7.5% RCA LSC R22 R410a rDXGF Measure,42.63,75.48,32790.54,58055.21,32790.54,7521.73,49.28,1557.5,457.71,10338.53,0.0,473.89,0.0,0.0,0.0,0.0,12391.89,0.0,0.0,0.0,49.28,7521.73,0.0,8268.27,2070.26,0.0,0.0,270.12,7257610.916393066
runs/CZ01/SFm&1&rDXGF&Ex&dxAC_equip/LRM AOE +40% RCA LSC R22 R410a rDXGF Measure/instance-out.sql,CZ01,SFm,1,rDXGF,Ex,dxAC_equip,,LRM AOE +40% RCA LSC R22 R410a rDXGF Measure,SFm&1&rDXGF&Ex&dxAC_equip,LRM AOE +40% RCA LSC R22 R410a rDXGF Measure,42.59,75.35,32757.56,57950.75,32757.559999999998,7521.73,16.3,1557.5,457.71,10338.53,0.0,473.89,0.0,0.0,0.0,0.0,12391.89,0.0,0.0,0.0,16.3,7521.73,0.0,8268.27,2070.26,0.0,0.0,270.12,6695854.775162678
runs/CZ01/SFm&1&rDXGF&Ex&dxAC_equip/LRM AOE LSC R22 R410a rDXGF Measure/instance-out.sql,CZ01,SFm,1,rDXGF,Ex,dxAC_equip,,LRM AOE LSC R22 R410a rDXGF Measure,SFm&1&rDXGF&Ex&dxAC_equip,LRM AOE LSC R22 R410a rDXGF Measure,42.64,75.49,32792.78,58062.28,32792.78,7521.73,51.52,1557.5,457.71,10338.53,0.0,473.89,0.0,0.0,0.0,0.0,12391.89,0.0,0.0,0.0,51.52,7521.73,0.0,8268.27,2070.26,0.0,0.0,270.12,7295637.486070515
runs/CZ01/SFm&1&rDXGF&Ex&dxAC_equip/LRM AOE R22 R410a rDXGF Base/instance-out.sql,CZ01,SFm,1,rDXGF,Ex,dxAC_equip,,LRM AOE R22 R410a rDXGF Base,SFm&1&rDXGF&Ex&dxAC_equip,LRM AOE R22 R410a rDXGF Base,42.64,75.51,32798.16,58079.32,32798.16,7521.73,56.9,1557.5,457.71,10338.53,0.0,473.89,0.0,0.0,0.0,0.0,12391.89,0.0,0.0,0.0,56.9,7521.73,0.0,8268.27,2070.26,0.0,0.0,270.12,7387246.948989155
runs/CZ01/SFm&1&rDXGF&Ex&dxAC_equip/LRM NR LSC R454b rDXGF Measure/instance-out.sql,CZ01,SFm,1,rDXGF,Ex,dxAC_equip,,LRM NR LSC R454b rDXGF Measure,SFm&1&rDXGF&Ex&dxAC_equip,LRM NR LSC R454b rDXGF Measure,42.63,75.47,32787.74,58046.33,32787.74,7521.73,46.48,1557.5,457.71,10338.53,0.0,473.89,0.0,0.0,0.0,0.0,12391.89,0.0,0.0,0.0,46.48,7521.73,0.0,8268.27,2070.26,0.0,0.0,270.12,7209860.274468503
runs/CZ01/SFm&1&rDXGF&Ex&dxAC_equip/LRM NR R454b rDXGF Base/instance-out.sql,CZ01,SFm,1,rDXGF,Ex,dxAC_equip,,LRM NR R454b rDXGF Base,SFm&1&rDXGF&Ex&dxAC_equip,LRM NR R454b rDXGF Base,42.64,75.49,32792.59,58061.7,32792.59,7521.73,51.33,1557.5,457.71,10338.53,0.0,473.89,0.0,0.0,0.0,0.0,12391.89,0.0,0.0,0.0,51.33,7521.73,0.0,8268.27,2070.26,0.0,0.0,270.12,7292513.505023525
runs/CZ01/SFm&1&rDXHP&Ex&dxHP_equip/LRM AOE +15% RCA LSC R22 R410a rDXHP Measure/instance-out.sql,CZ01,SFm,1,rDXHP,Ex,dxHP_equip,,LRM AOE +15% RCA LSC R22 R410a rDXHP Measure,SFm&1&rDXHP&Ex&dxHP_equip,LRM AOE +15% RCA LSC R22 R410a rDXHP Measure,36.17,75.38,27818.1,57974.19,27818.1,2681.87,41.7,1557.5,457.71,10338.53,0.0,348.38,0.0,0.0,0.0,0.0,12392.41,0.0,0.0,2681.87,41.7,0.0,0.0,8268.27,2070.26,0.0,0.0,270.12,7127992.460267996
runs/CZ01/SFm&1&rDXHP&Ex&dxHP_equip/LRM AOE +7.5% RCA LSC R22 R410a rDXHP Measure/instance-out.sql,CZ01,SFm,1,rDXHP,Ex,dxHP_equip,,LRM AOE +7.5% RCA LSC R22 R410a rDXHP Measure,SFm&1&rDXHP&Ex&dxHP_equip,LRM AOE +7.5% RCA LSC R22 R410a rDXHP Measure,36.37,76.0,27970.5,58456.81,27970.489999999998,2826.65,49.31,1557.5,457.71,10338.53,0.0,348.38,0.0,0.0,0.0,0.0,12392.41,0.0,0.0,2826.65,49.31,0.0,0.0,8268.27,2070.26,0.0,0.0,270.12,7257630.795093319
runs/CZ01/SFm&1&rDXHP&Ex&dxHP_equip/LRM AOE +22.5% RCA LSC R22 R410a rDXHP Measure/instance-out.sql,CZ01,SFm,1,rDXHP,Ex,dxHP_equip,,LRM AOE +22.5% RCA LSC R22 R410a rDXHP Measure,SFm&1&rDXHP&Ex&dxHP_equip,LRM AOE +22.5% RCA LSC R22 R410a rDXHP Measure,35.97,74.75,27665.71,57491.57,27665.71,2537.1,34.08,1557.5,457.71,10338.53,0.0,348.38,0.0,0.0,0.0,0.0,12392.41,0.0,0.0,2537.1,34.08,0.0,0.0,8268.27,2070.26,0.0,0.0,270.12,6998354.125334069
runs/CZ01/SFm&1&rDXHP&Ex&dxHP_equip/LRM NR R32 R454b rDXHP Base/instance-out.sql,CZ01,SFm,1,rDXHP,Ex,dxHP_equip,,LRM NR R32 R454b rDXHP Base,SFm&1&rDXHP&Ex&dxHP_equip,LRM NR R32 R454b rDXHP Base,35.86,74.41,27583.62,57231.57,27583.620000000003,2437.72,51.36,1557.5,457.71,10338.53,0.0,348.38,0.0,0.0,0.0,0.0,12392.41,0.0,0.0,2437.72,51.36,0.0,0.0,8268.27,2070.26,0.0,0.0,270.12,7292534.003580548
runs/CZ01/SFm&2&rDXGF&Ex&dxAC_equip/LRM AOE +40% RCA LSC R22 R410a rDXGF Measure/instance-out.sql,CZ01,SFm,2,rDXGF,Ex,dxAC_equip,,LRM AOE +40% RCA LSC R22 R410a rDXGF Measure,SFm&2&rDXGF&Ex&dxAC_equip,LRM AOE +40% RCA LSC R22 R410a rDXGF Measure,35.33,64.95,45795.72,84194.75,45795.71,13601.47,44.49,1774.64,457.71,16701.91,0.0,870.57,0.0,0.0,0.0,0.0,12344.92,0.0,0.0,0.0,44.49,13601.47,0.0,13440.28,3261.63,0.0,0.0,540.12,10342730.894997371
runs/CZ01/SFm&2&rDXGF&Ex&dxAC_equip/LRM AOE +15% RCA LSC R22 R410a rDXGF Measure/instance-out.sql,CZ01,SFm,2,rDXGF,Ex,dxAC_equip,,LRM AOE +15% RCA LSC R22 R410a rDXGF Measure,SFm&2&rDXGF&Ex&dxAC_equip,LRM AOE +15% RCA LSC R22 R410a rDXGF Measure,35.38,65.12,45864.98,84414.08,45864.97,13601.47,113.75,1774.64,457.71,16701.91,0.0,870.57,0.0,0.0,0.0,0.0,12344.92,0.0,0.0,0.0,113.75,13601.47,0.0,13440.28,3261.63,0.0,0.0,540.12,11292138.89590848
runs/CZ01/SFm&1&rDXHP&Ex&dxHP_equip/LRM AOE +40% RCA LSC R22 R410a rDXHP Measure/instance-out.sql,CZ01,SFm,1,rDXHP,Ex,dxHP_equip,,LRM AOE +40% RCA LSC R22 R410a rDXHP Measure,SFm&1&rDXHP&Ex&dxHP_equip,LRM AOE +40% RCA LSC R22 R410a rDXHP Measure,35.51,73.29,27310.13,56365.45,27310.129999999997,2199.29,16.31,1557.5,457.71,10338.53,0.0,348.38,0.0,0.0,0.0,0.0,12392.41,0.0,0.0,2199.29,16.31,0.0,0.0,8268.27,2070.26,0.0,0.0,270.12,6695864.677286397
runs/CZ01/SFm&1&rDXHP&Ex&dxHP_equip/LRM AOE +30% RCA LSC R22 R410a rDXHP Measure/instance-out.sql,CZ01,SFm,1,rDXHP,Ex,dxHP_equip,,LRM AOE +30% RCA LSC R22 R410a rDXHP Measure,SFm&1&rDXHP&Ex&dxHP_equip,LRM AOE +30% RCA LSC R22 R410a rDXHP Measure,35.77,74.12,27513.32,57008.94,27513.32,2392.32,26.46,1557.5,457.71,10338.53,0.0,348.38,0.0,0.0,0.0,0.0,12392.41,0.0,0.0,2392.32,26.46,0.0,0.0,8268.27,2070.26,0.0,0.0,270.12,6868715.790460033
runs/CZ01/SFm&2&rDXGF&Ex&dxAC_equip/LRM AOE R22 R410a rDXGF Base/instance-out.sql,CZ01,SFm,2,rDXGF,Ex,dxAC_equip,,LRM AOE R22 R410a rDXGF Base,SFm&2&rDXGF&Ex&dxAC_equip,LRM AOE R22 R410a rDXGF Base,35.42,65.22,45906.53,84545.68,45906.52,13601.47,155.3,1774.64,457.71,16701.91,0.0,870.57,0.0,0.0,0.0,0.0,12344.92,0.0,0.0,0.0,155.3,13601.47,0.0,13440.28,3261.63,0.0,0.0,540.12,11861783.696277943
runs/CZ01/SFm&2&rDXGF&Ex&dxAC_equip/LRM AOE LSC R22 R410a rDXGF Measure/instance-out.sql,CZ01,SFm,2,rDXGF,Ex,dxAC_equip,,LRM AOE LSC R22 R410a rDXGF Measure,SFm&2&rDXGF&Ex&dxAC_equip,LRM AOE LSC R22 R410a rDXGF Measure,35.4,65.19,45891.85,84499.18,45891.84,13601.47,140.62,1774.64,457.71,16701.91,0.0,870.57,0.0,0.0,0.0,0.0,12344.92,0.0,0.0,0.0,140.62,13601.47,0.0,13440.28,3261.63,0.0,0.0,540.12,11660509.200357348
runs/CZ01/SFm&2&rDXGF&Ex&dxAC_equip/LRM AOE +7.5% RCA LSC R22 R410a rDXGF Measure/instance-out.sql,CZ01,SFm,2,rDXGF,Ex,dxAC_equip,,LRM AOE +7.5% RCA LSC R22 R410a rDXGF Measure,SFm&2&rDXGF&Ex&dxAC_equip,LRM AOE +7.5% RCA LSC R22 R410a rDXGF Measure,35.4,65.17,45885.75,84479.88,45885.75,13601.47,134.52,1774.64,457.71,16701.91,0.0,870.57,0.0,0.0,0.0,0.0,12344.92,0.0,0.0,0.0,134.52,13601.47,0.0,13440.28,3261.63,0.0,0.0,540.12,11576961.296029871
runs/CZ01/SFm&2&rDXGF&Ex&dxAC_equip/LRM AOE +22.5% RCA LSC R22 R410a rDXGF Measure/instance-out.sql,CZ01,SFm,2,rDXGF,Ex,dxAC_equip,,LRM AOE +22.5% RCA LSC R22 R410a rDXGF Measure,SFm&2&rDXGF&Ex&dxAC_equip,LRM AOE +22.5% RCA LSC R22 R410a rDXGF Measure,35.37,65.07,45844.2,84348.28,45844.19,13601.47,92.97,1774.64,457.71,16701.91,0.0,870.57,0.0,0.0,0.0,0.0,12344.92,0.0,0.0,0.0,92.97,13601.47,0.0,13440.28,3261.63,0.0,0.0,540.12,11007316.495548477
runs/CZ01/SFm&1&rDXHP&Ex&dxHP_equip/LRM AOE R22 R410a rDXHP Base/instance-out.sql,CZ01,SFm,1,rDXHP,Ex,dxHP_equip,,LRM AOE R22 R410a rDXHP Base,SFm&1&rDXHP&Ex&dxHP_equip,LRM AOE R22 R410a rDXHP Base,36.56,76.63,28122.89,58939.43,28122.879999999997,2971.42,56.93,1557.5,457.71,10338.53,0.0,348.38,0.0,0.0,0.0,0.0,12392.41,0.0,0.0,2971.42,56.93,0.0,0.0,8268.27,2070.26,0.0,0.0,270.12,7387269.1299763005
runs/CZ01/SFm&2&rDXGF&Ex&dxAC_equip/LRM AOE +30% RCA LSC R22 R410a rDXGF Measure/instance-out.sql,CZ01,SFm,2,rDXGF,Ex,dxAC_equip,,LRM AOE +30% RCA LSC R22 R410a rDXGF Measure,SFm&2&rDXGF&Ex&dxAC_equip,LRM AOE +30% RCA LSC R22 R410a rDXGF Measure,35.35,65.02,45823.42,84282.48,45823.42,13601.47,72.19,1774.64,457.71,16701.91,0.0,870.57,0.0,0.0,0.0,0.0,12344.92,0.0,0.0,0.0,72.19,13601.47,0.0,13440.28,3261.63,0.0,0.0,540.12,10722494.095320065
runs/CZ01/SFm&1&rDXHP&Ex&dxHP_equip/LRM AOE LSC R22 R410a rDXHP Measure/instance-out.sql,CZ01,SFm,1,rDXHP,Ex,dxHP_equip,,LRM AOE LSC R22 R410a rDXHP Measure,SFm&1&rDXHP&Ex&dxHP_equip,LRM AOE LSC R22 R410a rDXHP Measure,36.42,76.19,28015.2,58598.38,28015.190000000002,2869.12,51.55,1557.5,457.71,10338.53,0.0,348.38,0.0,0.0,0.0,0.0,12392.41,0.0,0.0,2869.12,51.55,0.0,0.0,8268.27,2070.26,0.0,0.0,270.12,7295658.040108259
runs/CZ01/SFm&1&rDXHP&Ex&dxHP_equip/LRM NR LSC R32 R454b rDXHP Measure/instance-out.sql,CZ01,SFm,1,rDXHP,Ex,dxHP_equip,,LRM NR LSC R32 R454b rDXHP Measure,SFm&1&rDXHP&Ex&dxHP_equip,LRM NR LSC R32 R454b rDXHP Measure,35.75,74.06,27497.47,56958.74,27497.47,2356.43,46.51,1557.5,457.71,10338.53,0.0,348.38,0.0,0.0,0.0,0.0,12392.41,0.0,0.0,2356.43,46.51,0.0,0.0,8268.27,2070.26,0.0,0.0,270.12,7209879.305135421
runs/CZ01/SFm&2&rDXGF&Ex&dxAC_equip/LRM NR R454b rDXGF Base/instance-out.sql,CZ01,SFm,2,rDXGF,Ex,dxAC_equip,,LRM NR R454b rDXGF Base,SFm&2&rDXGF&Ex&dxAC_equip,LRM NR R454b rDXGF Base,35.4,65.19,45891.35,84497.6,45891.34,13601.47,140.12,1774.64,457.71,16701.91,0.0,870.57,0.0,0.0,0.0,0.0,12344.92,0.0,0.0,0.0,140.12,13601.47,0.0,13440.28,3261.63,0.0,0.0,540.12,11653645.523937184
runs/CZ01/SFm&2&rDXGF&Ex&dxAC_equip/LRM NR LSC R454b rDXGF Measure/instance-out.sql,CZ01,SFm,2,rDXGF,Ex,dxAC_equip,,LRM NR LSC R454b rDXGF Measure,SFm&2&rDXGF&Ex&dxAC_equip,LRM NR LSC R454b rDXGF Measure,35.39,65.15,45878.1,84455.65,45878.09,13601.47,126.87,1774.64,457.71,16701.91,0.0,870.57,0.0,0.0,0.0,0.0,12344.92,0.0,0.0,0.0,126.87,13601.47,0.0,13440.28,3261.63,0.0,0.0,540.12,11472048.702100717
runs/CZ01/SFm&2&rDXHP&Ex&dxHP_equip/LRM AOE +40% RCA LSC R22 R410a rDXHP Measure/instance-out.sql,CZ01,SFm,2,rDXHP,Ex,dxHP_equip,,LRM AOE +40% RCA LSC R22 R410a rDXHP Measure,SFm&2&rDXHP&Ex&dxHP_equip,LRM AOE +40% RCA LSC R22 R410a rDXHP Measure,27.49,61.98,35633.52,80343.01,35633.52,3675.33,44.48,1774.64,457.71,16701.91,0.0,634.56,0.0,0.0,0.0,0.0,12344.88,0.0,0.0,3675.33,44.48,0.0,0.0,13440.28,3261.63,0.0,0.0,540.12,10342632.171374712
runs/CZ01/SFm&2&rDXHP&Ex&dxHP_equip/LRM AOE +30% RCA LSC R22 R410a rDXHP Measure/instance-out.sql,CZ01,SFm,2,rDXHP,Ex,dxHP_equip,,LRM AOE +30% RCA LSC R22 R410a rDXHP Measure,SFm&2&rDXHP&Ex&dxHP_equip,LRM AOE +30% RCA LSC R22 R410a rDXHP Measure,27.78,62.89,36003.11,81513.47,36003.11,4017.22,72.18,1774.64,457.71,16701.91,0.0,634.56,0.0,0.0,0.0,0.0,12344.88,0.0,0.0,4017.22,72.18,0.0,0.0,13440.28,3261.63,0.0,0.0,540.12,10722362.333385285
runs/CZ01/SFm&2&rDXHP&Ex&dxHP_equip/LRM AOE +15% RCA LSC R22 R410a rDXHP Measure/instance-out.sql,CZ01,SFm,2,rDXHP,Ex,dxHP_equip,,LRM AOE +15% RCA LSC R22 R410a rDXHP Measure,SFm&2&rDXHP&Ex&dxHP_equip,LRM AOE +15% RCA LSC R22 R410a rDXHP Measure,28.2,64.24,36557.48,83269.17,36557.48,4530.04,113.73,1774.64,457.71,16701.91,0.0,634.56,0.0,0.0,0.0,0.0,12344.88,0.0,0.0,4530.04,113.73,0.0,0.0,13440.28,3261.63,0.0,0.0,540.12,11291957.576505514
runs/CZ01/SFm&2&rDXHP&Ex&dxHP_equip/LRM AOE +22.5% RCA LSC R22 R410a rDXHP Measure/instance-out.sql,CZ01,SFm,2,rDXHP,Ex,dxHP_equip,,LRM AOE +22.5% RCA LSC R22 R410a rDXHP Measure,SFm&2&rDXHP&Ex&dxHP_equip,LRM AOE +22.5% RCA LSC R22 R410a rDXHP Measure,27.99,63.56,36280.29,82391.32,36280.29,4273.63,92.96,1774.64,457.71,16701.91,0.0,634.56,0.0,0.0,0.0,0.0,12344.88,0.0,0.0,4273.63,92.96,0.0,0.0,13440.28,3261.63,0.0,0.0,540.12,11007159.954879612
runs/CZ01/SFm&2&rDXHP&Ex&dxHP_equip/LRM AOE +7.5% RCA LSC R22 R410a rDXHP Measure/instance-out.sql,CZ01,SFm,2,rDXHP,Ex,dxHP_equip,,LRM AOE +7.5% RCA LSC R22 R410a rDXHP Measure,SFm&2&rDXHP&Ex&dxHP_equip,LRM AOE +7.5% RCA LSC R22 R410a rDXHP Measure,28.42,64.92,36834.66,84147.02,36834.66,4786.45,134.5,1774.64,457.71,16701.91,0.0,634.56,0.0,0.0,0.0,0.0,12344.88,0.0,0.0,4786.45,134.5,0.0,0.0,13440.28,3261.63,0.0,0.0,540.12,11576755.197892824
runs/CZ02/SFm&1&rDXGF&Ex&dxAC_equip/LRM AOE +30% RCA LSC R22 R410a rDXGF Measure/instance-out.sql,CZ02,SFm,1,rDXGF,Ex,dxAC_equip,,LRM AOE +30% RCA LSC R22 R410a rDXGF Measure,SFm&1&rDXGF&Ex&dxAC_equip,LRM AOE +30% RCA LSC R22 R410a rDXGF Measure,51.87,87.77,39897.75,67503.1,39897.740000000005,14009.35,342.78,1557.5,457.71,10338.53,0.0,1017.5,0.0,0.0,0.0,0.0,12174.38,0.0,0.0,0.0,342.78,14009.35,0.0,8268.27,2070.26,0.0,0.0,270.12,9684258.880769178
runs/CZ01/SFm&2&rDXHP&Ex&dxHP_equip/LRM AOE LSC R22 R410a rDXHP Measure/instance-out.sql,CZ01,SFm,2,rDXHP,Ex,dxHP_equip,,LRM AOE LSC R22 R410a rDXHP Measure,SFm&2&rDXHP&Ex&dxHP_equip,LRM AOE LSC R22 R410a rDXHP Measure,28.48,65.12,36915.97,84404.52,36915.97,4861.67,140.6,1774.64,457.71,16701.91,0.0,634.56,0.0,0.0,0.0,0.0,12344.88,0.0,0.0,4861.67,140.6,0.0,0.0,13440.28,3261.63,0.0,0.0,540.12,11660295.83379161
runs/CZ02/SFm&1&rDXGF&Ex&dxAC_equip/LRM AOE LSC R22 R410a rDXGF Measure/instance-out.sql,CZ02,SFm,1,rDXGF,Ex,dxAC_equip,,LRM AOE LSC R22 R410a rDXGF Measure,SFm&1&rDXGF&Ex&dxAC_equip,LRM AOE LSC R22 R410a rDXGF Measure,52.3,89.1,40222.64,68532.02,40222.630000000005,14009.35,667.67,1557.5,457.71,10338.53,0.0,1017.5,0.0,0.0,0.0,0.0,12174.38,0.0,0.0,0.0,667.67,14009.35,0.0,8268.27,2070.26,0.0,0.0,270.12,11950238.067863535
runs/CZ02/SFm&1&rDXGF&Ex&dxAC_equip/LRM AOE +15% RCA LSC R22 R410a rDXGF Measure/instance-out.sql,CZ02,SFm,1,rDXGF,Ex,dxAC_equip,,LRM AOE +15% RCA LSC R22 R410a rDXGF Measure,SFm&1&rDXGF&Ex&dxAC_equip,LRM AOE +15% RCA LSC R22 R410a rDXGF Measure,52.13,88.58,40095.05,68127.95,40095.05,14009.35,540.08,1557.5,457.71,10338.53,0.0,1017.5,0.0,0.0,0.0,0.0,12174.38,0.0,0.0,0.0,540.08,14009.35,0.0,8268.27,2070.26,0.0,0.0,270.12,11060359.6015764
runs/CZ01/SFm&2&rDXHP&Ex&dxHP_equip/LRM AOE R22 R410a rDXHP Base/instance-out.sql,CZ01,SFm,2,rDXHP,Ex,dxHP_equip,,LRM AOE R22 R410a rDXHP Base,SFm&2&rDXHP&Ex&dxHP_equip,LRM AOE R22 R410a rDXHP Base,28.63,65.59,37111.85,85024.86,37111.85,5042.87,155.28,1774.64,457.71,16701.91,0.0,634.56,0.0,0.0,0.0,0.0,12344.88,0.0,0.0,5042.87,155.28,0.0,0.0,13440.28,3261.63,0.0,0.0,540.12,11861552.819406806
runs/CZ01/SFm&2&rDXHP&Ex&dxHP_equip/LRM NR LSC R32 R454b rDXHP Measure/instance-out.sql,CZ01,SFm,2,rDXHP,Ex,dxHP_equip,,LRM NR LSC R32 R454b rDXHP Measure,SFm&2&rDXHP&Ex&dxHP_equip,LRM NR LSC R32 R454b rDXHP Measure,27.77,62.86,35994.2,81485.28,35994.2,3953.65,126.85,1774.64,457.71,16701.91,0.0,634.56,0.0,0.0,0.0,0.0,12344.88,0.0,0.0,3953.65,126.85,0.0,0.0,13440.28,3261.63,0.0,0.0,540.12,11471851.73105924
runs/CZ02/SFm&1&rDXGF&Ex&dxAC_equip/LRM AOE +7.5% RCA LSC R22 R410a rDXGF Measure/instance-out.sql,CZ02,SFm,1,rDXGF,Ex,dxAC_equip,,LRM AOE +7.5% RCA LSC R22 R410a rDXGF Measure,SFm&1&rDXGF&Ex&dxAC_equip,LRM AOE +7.5% RCA LSC R22 R410a rDXGF Measure,52.26,88.98,40193.7,68440.38,40193.7,14009.35,638.73,1557.5,457.71,10338.53,0.0,1017.5,0.0,0.0,0.0,0.0,12174.38,0.0,0.0,0.0,638.73,14009.35,0.0,8268.27,2070.26,0.0,0.0,270.12,11748409.961562533
runs/CZ01/SFm&2&rDXHP&Ex&dxHP_equip/LRM NR R32 R454b rDXHP Base/instance-out.sql,CZ01,SFm,2,rDXHP,Ex,dxHP_equip,,LRM NR R32 R454b rDXHP Base,SFm&2&rDXHP&Ex&dxHP_equip,LRM NR R32 R454b rDXHP Base,27.89,63.25,36151.42,81983.19,36151.42,4097.62,140.1,1774.64,457.71,16701.91,0.0,634.56,0.0,0.0,0.0,0.0,12344.88,0.0,0.0,4097.62,140.1,0.0,0.0,13440.28,3261.63,0.0,0.0,540.12,11653432.754491664
runs/CZ02/SFm&1&rDXGF&Ex&dxAC_equip/LRM AOE +22.5% RCA LSC R22 R410a rDXGF Measure/instance-out.sql,CZ02,SFm,1,rDXGF,Ex,dxAC_equip,,LRM AOE +22.5% RCA LSC R22 R410a rDXGF Measure,SFm&1&rDXGF&Ex&dxAC_equip,LRM AOE +22.5% RCA LSC R22 R410a rDXGF Measure,52.0,88.17,39996.4,67815.52,39996.39,14009.35,441.43,1557.5,457.71,10338.53,0.0,1017.5,0.0,0.0,0.0,0.0,12174.38,0.0,0.0,0.0,441.43,14009.35,0.0,8268.27,2070.26,0.0,0.0,270.12,10372309.241013851
runs/CZ02/SFm&1&rDXGF&Ex&dxAC_equip/LRM AOE R22 R410a rDXGF Base/instance-out.sql,CZ02,SFm,1,rDXGF,Ex,dxAC_equip,,LRM AOE R22 R410a rDXGF Base,SFm&1&rDXGF&Ex&dxAC_equip,LRM AOE R22 R410a rDXGF Base,52.39,89.39,40292.35,68752.8,40292.350000000006,14009.35,737.38,1557.5,457.71,10338.53,0.0,1017.5,0.0,0.0,0.0,0.0,12174.38,0.0,0.0,0.0,737.38,14009.35,0.0,8268.27,2070.26,0.0,0.0,270.12,12436460.321854692
runs/CZ02/SFm&1&rDXHP&Ex&dxHP_equip/LRM AOE +15% RCA LSC R22 R410a rDXHP Measure/instance-out.sql,CZ02,SFm,1,rDXHP,Ex,dxHP_equip,,LRM AOE +15% RCA LSC R22 R410a rDXHP Measure,SFm&1&rDXHP&Ex&dxHP_equip,LRM AOE +15% RCA LSC R22 R410a rDXHP Measure,39.89,87.76,30682.09,67497.99,30682.09,4825.89,540.12,1557.5,457.71,10338.53,0.0,787.67,0.0,0.0,0.0,0.0,12174.66,0.0,0.0,4825.89,540.12,0.0,0.0,8268.27,2070.26,0.0,0.0,270.12,11060359.554178469
runs/CZ02/SFm&1&rDXGF&Ex&dxAC_equip/LRM NR LSC R454b rDXGF Measure/instance-out.sql,CZ02,SFm,1,rDXGF,Ex,dxAC_equip,,LRM NR LSC R454b rDXGF Measure,SFm&1&rDXGF&Ex&dxAC_equip,LRM NR LSC R454b rDXGF Measure,52.21,88.84,40157.36,68325.3,40157.36,14009.35,602.39,1557.5,457.71,10338.53,0.0,1017.5,0.0,0.0,0.0,0.0,12174.38,0.0,0.0,0.0,602.39,14009.35,0.0,8268.27,2070.26,0.0,0.0,270.12,11494970.80793814
runs/CZ02/SFm&1&rDXGF&Ex&dxAC_equip/LRM AOE +40% RCA LSC R22 R410a rDXGF Measure/instance-out.sql,CZ02,SFm,1,rDXGF,Ex,dxAC_equip,,LRM AOE +40% RCA LSC R22 R410a rDXGF Measure,SFm&1&rDXGF&Ex&dxAC_equip,LRM AOE +40% RCA LSC R22 R410a rDXGF Measure,51.7,87.22,39766.21,67086.53,39766.21000000001,14009.35,211.25,1557.5,457.71,10338.53,0.0,1017.5,0.0,0.0,0.0,0.0,12174.38,0.0,0.0,0.0,211.25,14009.35,0.0,8268.27,2070.26,0.0,0.0,270.12,8766858.40039913
runs/CZ02/SFm&1&rDXHP&Ex&dxHP_equip/LRM AOE +22.5% RCA LSC R22 R410a rDXHP Measure/instance-out.sql,CZ02,SFm,1,rDXHP,Ex,dxHP_equip,,LRM AOE +22.5% RCA LSC R22 R410a rDXHP Measure,SFm&1&rDXHP&Ex&dxHP_equip,LRM AOE +22.5% RCA LSC R22 R410a rDXHP Measure,39.4,86.2,30303.94,66300.38,30303.940000000002,4546.39,441.46,1557.5,457.71,10338.53,0.0,787.67,0.0,0.0,0.0,0.0,12174.66,0.0,0.0,4546.39,441.46,0.0,0.0,8268.27,2070.26,0.0,0.0,270.12,10372309.200409215
runs/CZ02/SFm&1&rDXHP&Ex&dxHP_equip/LRM NR LSC R32 R454b rDXHP Measure/instance-out.sql,CZ02,SFm,1,rDXHP,Ex,dxHP_equip,,LRM NR LSC R32 R454b rDXHP Measure,SFm&1&rDXHP&Ex&dxHP_equip,LRM NR LSC R32 R454b rDXHP Measure,39.16,85.43,30116.12,65705.57,30116.120000000003,4197.6,602.44,1557.5,457.71,10338.53,0.0,787.67,0.0,0.0,0.0,0.0,12174.66,0.0,0.0,4197.6,602.44,0.0,0.0,8268.27,2070.26,0.0,0.0,270.12,11494970.756249178
runs/CZ02/SFm&1&rDXHP&Ex&dxHP_equip/LRM AOE +40% RCA LSC R22 R410a rDXHP Measure/instance-out.sql,CZ02,SFm,1,rDXHP,Ex,dxHP_equip,,LRM AOE +40% RCA LSC R22 R410a rDXHP Measure,SFm&1&rDXHP&Ex&dxHP_equip,LRM AOE +40% RCA LSC R22 R410a rDXHP Measure,38.25,82.57,29421.58,63505.95,29421.58,3894.24,211.26,1557.5,457.71,10338.53,0.0,787.67,0.0,0.0,0.0,0.0,12174.66,0.0,0.0,3894.24,211.26,0.0,0.0,8268.27,2070.26,0.0,0.0,270.12,8766858.375645522
runs/CZ02/SFm&1&rDXHP&Ex&dxHP_equip/LRM AOE +30% RCA LSC R22 R410a rDXHP Measure/instance-out.sql,CZ02,SFm,1,rDXHP,Ex,dxHP_equip,,LRM AOE +30% RCA LSC R22 R410a rDXHP Measure,SFm&1&rDXHP&Ex&dxHP_equip,LRM AOE +30% RCA LSC R22 R410a rDXHP Measure,38.91,84.65,29925.78,65102.77,29925.78,4266.9,342.81,1557.5,457.71,10338.53,0.0,787.67,0.0,0.0,0.0,0.0,12174.66,0.0,0.0,4266.9,342.81,0.0,0.0,8268.27,2070.26,0.0,0.0,270.12,9684258.84695784
runs/CZ02/SFm&1&rDXGF&Ex&dxAC_equip/LRM NR R454b rDXGF Base/instance-out.sql,CZ02,SFm,1,rDXGF,Ex,dxAC_equip,,LRM NR R454b rDXGF Base,SFm&1&rDXGF&Ex&dxAC_equip,LRM NR R454b rDXGF Base,52.29,89.09,40220.26,68524.49,40220.26,14009.35,665.29,1557.5,457.71,10338.53,0.0,1017.5,0.0,0.0,0.0,0.0,12174.38,0.0,0.0,0.0,665.29,14009.35,0.0,8268.27,2070.26,0.0,0.0,270.12,11933657.366943564
runs/CZ02/SFm&1&rDXHP&Ex&dxHP_equip/LRM AOE +7.5% RCA LSC R22 R410a rDXHP Measure/instance-out.sql,CZ02,SFm,1,rDXHP,Ex,dxHP_equip,,LRM AOE +7.5% RCA LSC R22 R410a rDXHP Measure,SFm&1&rDXHP&Ex&dxHP_equip,LRM AOE +7.5% RCA LSC R22 R410a rDXHP Measure,40.38,89.32,31060.24,68695.6,31060.24,5105.38,638.78,1557.5,457.71,10338.53,0.0,787.67,0.0,0.0,0.0,0.0,12174.66,0.0,0.0,5105.38,638.78,0.0,0.0,8268.27,2070.26,0.0,0.0,270.12,11748409.907371303
runs/CZ02/SFm&1&rDXHP&Ex&dxHP_equip/LRM AOE LSC R22 R410a rDXHP Measure/instance-out.sql,CZ02,SFm,1,rDXHP,Ex,dxHP_equip,,LRM AOE LSC R22 R410a rDXHP Measure,SFm&1&rDXHP&Ex&dxHP_equip,LRM AOE LSC R22 R410a rDXHP Measure,40.53,89.77,31171.17,69046.9,31171.170000000002,5187.37,667.72,1557.5,457.71,10338.53,0.0,787.67,0.0,0.0,0.0,0.0,12174.66,0.0,0.0,5187.37,667.72,0.0,0.0,8268.27,2070.26,0.0,0.0,270.12,11950238.011679605
runs/CZ02/SFm&2&rDXGF&Ex&dxAC_equip/LRM AOE +7.5% RCA LSC R22 R410a rDXGF Measure/instance-out.sql,CZ02,SFm,2,rDXGF,Ex,dxAC_equip,,LRM AOE +7.5% RCA LSC R22 R410a rDXGF Measure,SFm&2&rDXGF&Ex&dxAC_equip,LRM AOE +7.5% RCA LSC R22 R410a rDXGF Measure,47.86,83.75,62043.44,108559.84,62043.43,26805.16,2006.84,1774.64,457.71,16701.91,0.0,2149.97,0.0,0.0,0.0,0.0,12147.19,0.0,0.0,0.0,2006.84,26805.16,0.0,13440.28,3261.63,0.0,0.0,540.12,22059522.018212244
runs/CZ02/SFm&2&rDXGF&Ex&dxAC_equip/LRM AOE +30% RCA LSC R22 R410a rDXGF Measure/instance-out.sql,CZ02,SFm,2,rDXGF,Ex,dxAC_equip,,LRM AOE +30% RCA LSC R22 R410a rDXGF Measure,SFm&2&rDXGF&Ex&dxAC_equip,LRM AOE +30% RCA LSC R22 R410a rDXGF Measure,47.15,81.48,61113.58,105614.98,61113.58,26805.16,1076.98,1774.64,457.71,16701.91,0.0,2149.97,0.0,0.0,0.0,0.0,12147.19,0.0,0.0,0.0,1076.98,26805.16,0.0,13440.28,3261.63,0.0,0.0,540.12,17299500.420539048
runs/CZ02/SFm&1&rDXHP&Ex&dxHP_equip/LRM NR R32 R454b rDXHP Base/instance-out.sql,CZ02,SFm,1,rDXHP,Ex,dxHP_equip,,LRM NR R32 R454b rDXHP Base,SFm&1&rDXHP&Ex&dxHP_equip,LRM NR R32 R454b rDXHP Base,39.44,86.33,30335.96,66401.8,30335.96,4354.54,665.34,1557.5,457.71,10338.53,0.0,787.67,0.0,0.0,0.0,0.0,12174.66,0.0,0.0,4354.54,665.34,0.0,0.0,8268.27,2070.26,0.0,0.0,270.12,11933657.310923342
runs/CZ02/SFm&2&rDXGF&Ex&dxAC_equip/LRM AOE LSC R22 R410a rDXGF Measure/instance-out.sql,CZ02,SFm,2,rDXGF,Ex,dxAC_equip,,LRM AOE LSC R22 R410a rDXGF Measure,SFm&2&rDXGF&Ex&dxAC_equip,LRM AOE LSC R22 R410a rDXGF Measure,47.93,83.97,62134.36,108847.78,62134.35,26805.16,2097.76,1774.64,457.71,16701.91,0.0,2149.97,0.0,0.0,0.0,0.0,12147.19,0.0,0.0,0.0,2097.76,26805.16,0.0,13440.28,3261.63,0.0,0.0,540.12,22524946.353644606
runs/CZ02/SFm&2&rDXGF&Ex&dxAC_equip/LRM AOE +15% RCA LSC R22 R410a rDXGF Measure/instance-out.sql,CZ02,SFm,2,rDXGF,Ex,dxAC_equip,,LRM AOE +15% RCA LSC R22 R410a rDXGF Measure,SFm&2&rDXGF&Ex&dxAC_equip,LRM AOE +15% RCA LSC R22 R410a rDXGF Measure,47.63,82.99,61733.49,107578.22,61733.48,26805.16,1696.89,1774.64,457.71,16701.91,0.0,2149.97,0.0,0.0,0.0,0.0,12147.19,0.0,0.0,0.0,1696.89,26805.16,0.0,13440.28,3261.63,0.0,0.0,540.12,20472848.15296299
runs/CZ02/SFm&2&rDXGF&Ex&dxAC_equip/LRM NR R454b rDXGF Base/instance-out.sql,CZ02,SFm,2,rDXGF,Ex,dxAC_equip,,LRM NR R454b rDXGF Base,SFm&2&rDXGF&Ex&dxAC_equip,LRM NR R454b rDXGF Base,47.93,83.95,62126.89,108824.13,62126.880000000005,26805.16,2090.29,1774.64,457.71,16701.91,0.0,2149.97,0.0,0.0,0.0,0.0,12147.19,0.0,0.0,0.0,2090.29,26805.16,0.0,13440.28,3261.63,0.0,0.0,540.12,22486710.540763468
runs/CZ02/SFm&1&rDXHP&Ex&dxHP_equip/LRM AOE R22 R410a rDXHP Base/instance-out.sql,CZ02,SFm,1,rDXHP,Ex,dxHP_equip,,LRM AOE R22 R410a rDXHP Base,SFm&1&rDXHP&Ex&dxHP_equip,LRM AOE R22 R410a rDXHP Base,40.88,90.87,31438.4,69893.21,31438.4,5384.88,737.44,1557.5,457.71,10338.53,0.0,787.67,0.0,0.0,0.0,0.0,12174.66,0.0,0.0,5384.88,737.44,0.0,0.0,8268.27,2070.26,0.0,0.0,270.12,12436460.260870162
runs/CZ02/SFm&2&rDXGF&Ex&dxAC_equip/LRM AOE +22.5% RCA LSC R22 R410a rDXGF Measure/instance-out.sql,CZ02,SFm,2,rDXGF,Ex,dxAC_equip,,LRM AOE +22.5% RCA LSC R22 R410a rDXGF Measure,SFm&2&rDXGF&Ex&dxAC_equip,LRM AOE +22.5% RCA LSC R22 R410a rDXGF Measure,47.39,82.24,61423.53,106596.6,61423.530000000006,26805.16,1386.94,1774.64,457.71,16701.91,0.0,2149.97,0.0,0.0,0.0,0.0,12147.19,0.0,0.0,0.0,1386.94,26805.16,0.0,13440.28,3261.63,0.0,0.0,540.12,18886174.2863845
runs/CZ02/SFm&2&rDXHP&Ex&dxHP_equip/LRM AOE +22.5% RCA LSC R22 R410a rDXHP Measure/instance-out.sql,CZ02,SFm,2,rDXHP,Ex,dxHP_equip,,LRM AOE +22.5% RCA LSC R22 R410a rDXHP Measure,SFm&2&rDXHP&Ex&dxHP_equip,LRM AOE +22.5% RCA LSC R22 R410a rDXHP Measure,33.12,80.13,42929.49,103861.25,42929.49,8729.63,1386.84,1774.64,457.71,16701.91,0.0,1731.62,0.0,0.0,0.0,0.0,12147.13,0.0,0.0,8729.63,1386.84,0.0,0.0,13440.28,3261.63,0.0,0.0,540.12,18886172.122987173
runs/CZ02/SFm&2&rDXHP&Ex&dxHP_equip/LRM AOE +30% RCA LSC R22 R410a rDXHP Measure/instance-out.sql,CZ02,SFm,2,rDXHP,Ex,dxHP_equip,,LRM AOE +30% RCA LSC R22 R410a rDXHP Measure,SFm&2&rDXHP&Ex&dxHP_equip,LRM AOE +30% RCA LSC R22 R410a rDXHP Measure,32.46,78.03,42069.79,101138.57,42069.79,8179.86,1076.91,1774.64,457.71,16701.91,0.0,1731.62,0.0,0.0,0.0,0.0,12147.13,0.0,0.0,8179.86,1076.91,0.0,0.0,13440.28,3261.63,0.0,0.0,540.12,17299498.61671758
runs/CZ02/SFm&2&rDXHP&Ex&dxHP_equip/LRM AOE +40% RCA LSC R22 R410a rDXHP Measure/instance-out.sql,CZ02,SFm,2,rDXHP,Ex,dxHP_equip,,LRM AOE +40% RCA LSC R22 R410a rDXHP Measure,SFm&2&rDXHP&Ex&dxHP_equip,LRM AOE +40% RCA LSC R22 R410a rDXHP Measure,31.57,75.22,40923.52,97508.33,40923.52,7446.83,663.67,1774.64,457.71,16701.91,0.0,1731.62,0.0,0.0,0.0,0.0,12147.13,0.0,0.0,7446.83,663.67,0.0,0.0,13440.28,3261.63,0.0,0.0,540.12,15183933.941590417
runs/CZ02/SFm&2&rDXGF&Ex&dxAC_equip/LRM AOE R22 R410a rDXGF Base/instance-out.sql,CZ02,SFm,2,rDXGF,Ex,dxAC_equip,,LRM AOE R22 R410a rDXGF Base,SFm&2&rDXGF&Ex&dxAC_equip,LRM AOE R22 R410a rDXGF Base,48.1,84.51,62353.39,109541.46,62353.39000000001,26805.16,2316.79,1774.64,457.71,16701.91,0.0,2149.97,0.0,0.0,0.0,0.0,12147.19,0.0,0.0,0.0,2316.79,26805.16,0.0,13440.28,3261.63,0.0,0.0,540.12,23646195.884167194
runs/CZ02/SFm&2&rDXGF&Ex&dxAC_equip/LRM AOE +40% RCA LSC R22 R410a rDXGF Measure/instance-out.sql,CZ02,SFm,2,rDXGF,Ex,dxAC_equip,,LRM AOE +40% RCA LSC R22 R410a rDXGF Measure,SFm&2&rDXGF&Ex&dxAC_equip,LRM AOE +40% RCA LSC R22 R410a rDXGF Measure,46.83,80.47,60700.31,104306.16,60700.310000000005,26805.16,663.71,1774.64,457.71,16701.91,0.0,2149.97,0.0,0.0,0.0,0.0,12147.19,0.0,0.0,0.0,663.71,26805.16,0.0,13440.28,3261.63,0.0,0.0,540.12,15183935.265977396
runs/CZ02/SFm&2&rDXHP&Ex&dxHP_equip/LRM AOE +15% RCA LSC R22 R410a rDXHP Measure/instance-out.sql,CZ02,SFm,2,rDXHP,Ex,dxHP_equip,,LRM AOE +15% RCA LSC R22 R410a rDXHP Measure,SFm&2&rDXHP&Ex&dxHP_equip,LRM AOE +15% RCA LSC R22 R410a rDXHP Measure,33.78,82.23,43789.19,106583.92,43789.19,9279.4,1696.78,1774.64,457.71,16701.91,0.0,1731.62,0.0,0.0,0.0,0.0,12147.13,0.0,0.0,9279.4,1696.78,0.0,0.0,13440.28,3261.63,0.0,0.0,540.12,20472845.6299898
runs/CZ02/SFm&2&rDXHP&Ex&dxHP_equip/LRM NR LSC R32 R454b rDXHP Measure/instance-out.sql,CZ02,SFm,2,rDXHP,Ex,dxHP_equip,,LRM NR LSC R32 R454b rDXHP Measure,SFm&2&rDXHP&Ex&dxHP_equip,LRM NR LSC R32 R454b rDXHP Measure,32.98,79.68,42749.12,103290.0,42749.12,8043.55,1892.55,1774.64,457.71,16701.91,0.0,1731.62,0.0,0.0,0.0,0.0,12147.13,0.0,0.0,8043.55,1892.55,0.0,0.0,13440.28,3261.63,0.0,0.0,540.12,21475077.627102353
runs/CZ02/SFm&2&rDXGF&Ex&dxAC_equip/LRM NR LSC R454b rDXGF Measure/instance-out.sql,CZ02,SFm,2,rDXGF,Ex,dxAC_equip,,LRM NR LSC R454b rDXGF Measure,SFm&2&rDXGF&Ex&dxAC_equip,LRM NR LSC R454b rDXGF Measure,47.78,83.47,61929.27,108198.27,61929.270000000004,26805.16,1892.67,1774.64,457.71,16701.91,0.0,2149.97,0.0,0.0,0.0,0.0,12147.19,0.0,0.0,0.0,1892.67,26805.16,0.0,13440.28,3261.63,0.0,0.0,540.12,21475080.377203837
runs/CZ02/SFm&2&rDXHP&Ex&dxHP_equip/LRM AOE +7.5% RCA LSC R22 R410a rDXHP Measure/instance-out.sql,CZ02,SFm,2,rDXHP,Ex,dxHP_equip,,LRM AOE +7.5% RCA LSC R22 R410a rDXHP Measure,SFm&2&rDXHP&Ex&dxHP_equip,LRM AOE +7.5% RCA LSC R22 R410a rDXHP Measure,34.45,84.33,44648.89,109306.6,44648.89,9829.17,2006.71,1774.64,457.71,16701.91,0.0,1731.62,0.0,0.0,0.0,0.0,12147.13,0.0,0.0,9829.17,2006.71,0.0,0.0,13440.28,3261.63,0.0,0.0,540.12,22059519.13566318
runs/CZ02/SFm&2&rDXHP&Ex&dxHP_equip/LRM AOE R22 R410a rDXHP Base/instance-out.sql,CZ02,SFm,2,rDXHP,Ex,dxHP_equip,,LRM AOE R22 R410a rDXHP Base,SFm&2&rDXHP&Ex&dxHP_equip,LRM AOE R22 R410a rDXHP Base,35.11,86.43,45508.6,112029.28,45508.6,10378.94,2316.64,1774.64,457.71,16701.91,0.0,1731.62,0.0,0.0,0.0,0.0,12147.13,0.0,0.0,10378.94,2316.64,0.0,0.0,13440.28,3261.63,0.0,0.0,540.12,23646192.64204227
runs/CZ02/SFm&2&rDXHP&Ex&dxHP_equip/LRM NR R32 R454b rDXHP Base/instance-out.sql,CZ02,SFm,2,rDXHP,Ex,dxHP_equip,,LRM NR R32 R454b rDXHP Base,SFm&2&rDXHP&Ex&dxHP_equip,LRM NR R32 R454b rDXHP Base,33.37,80.92,43255.42,104893.46,43255.42,8352.25,2090.15,1774.64,457.71,16701.91,0.0,1731.62,0.0,0.0,0.0,0.0,12147.13,0.0,0.0,8352.25,2090.15,0.0,0.0,13440.28,3261.63,0.0,0.0,540.12,22486707.561403915
runs/CZ03/SFm&1&rDXGF&Ex&dxAC_equip/LRM AOE +7.5% RCA LSC R22 R410a rDXGF Measure/instance-out.sql,CZ03,SFm,1,rDXGF,Ex,dxAC_equip,,LRM AOE +7.5% RCA LSC R22 R410a rDXGF Measure,SFm&1&rDXGF&Ex&dxAC_equip,LRM AOE +7.5% RCA LSC R22 R410a rDXGF Measure,48.26,83.99,37121.37,64597.62,37121.369999999995,11197.19,570.72,1557.5,457.71,10338.53,0.0,839.54,0.0,0.0,0.0,0.0,12160.19,0.0,0.0,0.0,570.72,11197.19,0.0,8268.27,2070.26,0.0,0.0,270.12,12692522.001286358
runs/CZ03/SFm&1&rDXGF&Ex&dxAC_equip/LRM AOE +15% RCA LSC R22 R410a rDXGF Measure/instance-out.sql,CZ03,SFm,1,rDXGF,Ex,dxAC_equip,,LRM AOE +15% RCA LSC R22 R410a rDXGF Measure,SFm&1&rDXGF&Ex&dxAC_equip,LRM AOE +15% RCA LSC R22 R410a rDXGF Measure,48.15,83.63,37033.23,64318.46,37033.229999999996,11197.19,482.57,1557.5,457.71,10338.53,0.0,839.54,0.0,0.0,0.0,0.0,12160.19,0.0,0.0,0.0,482.57,11197.19,0.0,8268.27,2070.26,0.0,0.0,270.12,11896875.058177898
runs/CZ03/SFm&1&rDXGF&Ex&dxAC_equip/LRM AOE LSC R22 R410a rDXGF Measure/instance-out.sql,CZ03,SFm,1,rDXGF,Ex,dxAC_equip,,LRM AOE LSC R22 R410a rDXGF Measure,SFm&1&rDXGF&Ex&dxAC_equip,LRM AOE LSC R22 R410a rDXGF Measure,48.3,84.09,37147.23,64679.51,37147.229999999996,11197.19,596.57,1557.5,457.71,10338.53,0.0,839.54,0.0,0.0,0.0,0.0,12160.19,0.0,0.0,0.0,596.57,11197.19,0.0,8268.27,2070.26,0.0,0.0,270.12,12925911.772080164
runs/CZ03/SFm&1&rDXGF&Ex&dxAC_equip/LRM NR LSC R454b rDXGF Measure/instance-out.sql,CZ03,SFm,1,rDXGF,Ex,dxAC_equip,,LRM NR LSC R454b rDXGF Measure,SFm&1&rDXGF&Ex&dxAC_equip,LRM NR LSC R454b rDXGF Measure,48.22,83.85,37088.91,64494.79,37088.91,11197.19,538.25,1557.5,457.71,10338.53,0.0,839.54,0.0,0.0,0.0,0.0,12160.19,0.0,0.0,0.0,538.25,11197.19,0.0,8268.27,2070.26,0.0,0.0,270.12,12399450.30250938
runs/CZ02/SFm&2&rDXHP&Ex&dxHP_equip/LRM AOE LSC R22 R410a rDXHP Measure/instance-out.sql,CZ02,SFm,2,rDXHP,Ex,dxHP_equip,,LRM AOE LSC R22 R410a rDXHP Measure,SFm&2&rDXHP&Ex&dxHP_equip,LRM AOE LSC R22 R410a rDXHP Measure,34.64,84.94,44901.07,110105.25,44901.07,9990.44,2097.62,1774.64,457.71,16701.91,0.0,1731.62,0.0,0.0,0.0,0.0,12147.13,0.0,0.0,9990.44,2097.62,0.0,0.0,13440.28,3261.63,0.0,0.0,540.12,22524943.365619957
runs/CZ03/SFm&1&rDXHP&Ex&dxHP_equip/LRM AOE +40% RCA LSC R22 R410a rDXHP Measure/instance-out.sql,CZ03,SFm,1,rDXHP,Ex,dxHP_equip,,LRM AOE +40% RCA LSC R22 R410a rDXHP Measure,SFm&1&rDXHP&Ex&dxHP_equip,LRM AOE +40% RCA LSC R22 R410a rDXHP Measure,36.78,77.93,28285.46,59938.08,28285.46,2946.79,188.77,1557.5,457.71,10338.53,0.0,636.0,0.0,0.0,0.0,0.0,12160.16,0.0,0.0,2946.79,188.77,0.0,0.0,8268.27,2070.26,0.0,0.0,270.12,9244718.756764285
runs/CZ03/SFm&1&rDXGF&Ex&dxAC_equip/LRM AOE +30% RCA LSC R22 R410a rDXGF Measure/instance-out.sql,CZ03,SFm,1,rDXGF,Ex,dxAC_equip,,LRM AOE +30% RCA LSC R22 R410a rDXGF Measure,SFm&1&rDXGF&Ex&dxAC_equip,LRM AOE +30% RCA LSC R22 R410a rDXGF Measure,47.92,82.9,36856.94,63760.14,36856.94,11197.19,306.28,1557.5,457.71,10338.53,0.0,839.54,0.0,0.0,0.0,0.0,12160.19,0.0,0.0,0.0,306.28,11197.19,0.0,8268.27,2070.26,0.0,0.0,270.12,10305581.170995455
runs/CZ03/SFm&1&rDXHP&Ex&dxHP_equip/LRM AOE +15% RCA LSC R22 R410a rDXHP Measure/instance-out.sql,CZ03,SFm,1,rDXHP,Ex,dxHP_equip,,LRM AOE +15% RCA LSC R22 R410a rDXHP Measure,SFm&1&rDXHP&Ex&dxHP_equip,LRM AOE +15% RCA LSC R22 R410a rDXHP Measure,38.13,82.21,29324.07,63227.37,29324.07,3691.56,482.61,1557.5,457.71,10338.53,0.0,636.0,0.0,0.0,0.0,0.0,12160.16,0.0,0.0,3691.56,482.61,0.0,0.0,8268.27,2070.26,0.0,0.0,270.12,11896875.387519673
runs/CZ03/SFm&1&rDXGF&Ex&dxAC_equip/LRM AOE +40% RCA LSC R22 R410a rDXGF Measure/instance-out.sql,CZ03,SFm,1,rDXGF,Ex,dxAC_equip,,LRM AOE +40% RCA LSC R22 R410a rDXGF Measure,SFm&1&rDXGF&Ex&dxAC_equip,LRM AOE +40% RCA LSC R22 R410a rDXGF Measure,47.77,82.42,36739.41,63387.93,36739.41,11197.19,188.75,1557.5,457.71,10338.53,0.0,839.54,0.0,0.0,0.0,0.0,12160.19,0.0,0.0,0.0,188.75,11197.19,0.0,8268.27,2070.26,0.0,0.0,270.12,9244718.579734877
runs/CZ03/SFm&1&rDXGF&Ex&dxAC_equip/LRM AOE +22.5% RCA LSC R22 R410a rDXGF Measure/instance-out.sql,CZ03,SFm,1,rDXGF,Ex,dxAC_equip,,LRM AOE +22.5% RCA LSC R22 R410a rDXGF Measure,SFm&1&rDXGF&Ex&dxAC_equip,LRM AOE +22.5% RCA LSC R22 R410a rDXGF Measure,48.04,83.26,36945.08,64039.3,36945.08,11197.19,394.43,1557.5,457.71,10338.53,0.0,839.54,0.0,0.0,0.0,0.0,12160.19,0.0,0.0,0.0,394.43,11197.19,0.0,8268.27,2070.26,0.0,0.0,270.12,11101228.114402883
runs/CZ03/SFm&1&rDXHP&Ex&dxHP_equip/LRM AOE LSC R22 R410a rDXHP Measure/instance-out.sql,CZ03,SFm,1,rDXHP,Ex,dxHP_equip,,LRM AOE LSC R22 R410a rDXHP Measure,SFm&1&rDXHP&Ex&dxHP_equip,LRM AOE LSC R22 R410a rDXHP Measure,38.65,83.87,29727.06,64503.61,29727.05,3980.53,596.63,1557.5,457.71,10338.53,0.0,636.0,0.0,0.0,0.0,0.0,12160.16,0.0,0.0,3980.53,596.63,0.0,0.0,8268.27,2070.26,0.0,0.0,270.12,12925912.160519142
runs/CZ03/SFm&1&rDXHP&Ex&dxHP_equip/LRM AOE R22 R410a rDXHP Base/instance-out.sql,CZ03,SFm,1,rDXHP,Ex,dxHP_equip,,LRM AOE R22 R410a rDXHP Base,SFm&1&rDXHP&Ex&dxHP_equip,LRM AOE R22 R410a rDXHP Base,38.94,84.77,29947.24,65200.94,29947.239999999998,4138.42,658.92,1557.5,457.71,10338.53,0.0,636.0,0.0,0.0,0.0,0.0,12160.16,0.0,0.0,4138.42,658.92,0.0,0.0,8268.27,2070.26,0.0,0.0,270.12,13488169.365477894
runs/CZ03/SFm&1&rDXGF&Ex&dxAC_equip/LRM AOE R22 R410a rDXGF Base/instance-out.sql,CZ03,SFm,1,rDXGF,Ex,dxAC_equip,,LRM AOE R22 R410a rDXGF Base,SFm&1&rDXGF&Ex&dxAC_equip,LRM AOE R22 R410a rDXGF Base,48.38,84.35,37209.52,64876.78,37209.52,11197.19,658.86,1557.5,457.71,10338.53,0.0,839.54,0.0,0.0,0.0,0.0,12160.19,0.0,0.0,0.0,658.86,11197.19,0.0,8268.27,2070.26,0.0,0.0,270.12,13488168.944748696
runs/CZ03/SFm&1&rDXGF&Ex&dxAC_equip/LRM NR R454b rDXGF Base/instance-out.sql,CZ03,SFm,1,rDXGF,Ex,dxAC_equip,,LRM NR R454b rDXGF Base,SFm&1&rDXGF&Ex&dxAC_equip,LRM NR R454b rDXGF Base,48.3,84.09,37145.11,64672.78,37145.11,11197.19,594.45,1557.5,457.71,10338.53,0.0,839.54,0.0,0.0,0.0,0.0,12160.19,0.0,0.0,0.0,594.45,11197.19,0.0,8268.27,2070.26,0.0,0.0,270.12,12906738.198794287
runs/CZ03/SFm&1&rDXHP&Ex&dxHP_equip/LRM AOE +22.5% RCA LSC R22 R410a rDXHP Measure/instance-out.sql,CZ03,SFm,1,rDXHP,Ex,dxHP_equip,,LRM AOE +22.5% RCA LSC R22 R410a rDXHP Measure,SFm&1&rDXHP&Ex&dxHP_equip,LRM AOE +22.5% RCA LSC R22 R410a rDXHP Measure,37.72,80.92,29012.49,62240.58,29012.489999999998,3468.13,394.46,1557.5,457.71,10338.53,0.0,636.0,0.0,0.0,0.0,0.0,12160.16,0.0,0.0,3468.13,394.46,0.0,0.0,8268.27,2070.26,0.0,0.0,270.12,11101228.398050949
runs/CZ03/SFm&1&rDXHP&Ex&dxHP_equip/LRM NR R32 R454b rDXHP Base/instance-out.sql,CZ03,SFm,1,rDXHP,Ex,dxHP_equip,,LRM NR R32 R454b rDXHP Base,SFm&1&rDXHP&Ex&dxHP_equip,LRM NR R32 R454b rDXHP Base,37.78,81.12,29059.16,62388.39,29059.16,3314.76,594.5,1557.5,457.71,10338.53,0.0,636.0,0.0,0.0,0.0,0.0,12160.16,0.0,0.0,3314.76,594.5,0.0,0.0,8268.27,2070.26,0.0,0.0,270.12,12906738.586132132
runs/CZ03/SFm&1&rDXHP&Ex&dxHP_equip/LRM AOE +30% RCA LSC R22 R410a rDXHP Measure/instance-out.sql,CZ03,SFm,1,rDXHP,Ex,dxHP_equip,,LRM AOE +30% RCA LSC R22 R410a rDXHP Measure,SFm&1&rDXHP&Ex&dxHP_equip,LRM AOE +30% RCA LSC R22 R410a rDXHP Measure,37.32,79.64,28700.9,61253.79,28700.9,3244.7,306.31,1557.5,457.71,10338.53,0.0,636.0,0.0,0.0,0.0,0.0,12160.16,0.0,0.0,3244.7,306.31,0.0,0.0,8268.27,2070.26,0.0,0.0,270.12,10305581.40894981
runs/CZ03/SFm&1&rDXHP&Ex&dxHP_equip/LRM NR LSC R32 R454b rDXHP Measure/instance-out.sql,CZ03,SFm,1,rDXHP,Ex,dxHP_equip,,LRM NR LSC R32 R454b rDXHP Measure,SFm&1&rDXHP&Ex&dxHP_equip,LRM NR LSC R32 R454b rDXHP Measure,37.55,80.37,28877.5,61813.07,28877.5,3189.3,538.3,1557.5,457.71,10338.53,0.0,636.0,0.0,0.0,0.0,0.0,12160.16,0.0,0.0,3189.3,538.3,0.0,0.0,8268.27,2070.26,0.0,0.0,270.12,12399450.660713868
runs/CZ03/SFm&1&rDXHP&Ex&dxHP_equip/LRM AOE +7.5% RCA LSC R22 R410a rDXHP Measure/instance-out.sql,CZ03,SFm,1,rDXHP,Ex,dxHP_equip,,LRM AOE +7.5% RCA LSC R22 R410a rDXHP Measure,SFm&1&rDXHP&Ex&dxHP_equip,LRM AOE +7.5% RCA LSC R22 R410a rDXHP Measure,38.53,83.49,29635.66,64214.16,29635.66,3914.99,570.77,1557.5,457.71,10338.53,0.0,636.0,0.0,0.0,0.0,0.0,12160.16,0.0,0.0,3914.99,570.77,0.0,0.0,8268.27,2070.26,0.0,0.0,270.12,12692522.376321843
runs/CZ03/SFm&2&rDXGF&Ex&dxAC_equip/LRM NR R454b rDXGF Base/instance-out.sql,CZ03,SFm,2,rDXGF,Ex,dxAC_equip,,LRM NR R454b rDXGF Base,SFm&2&rDXGF&Ex&dxAC_equip,LRM NR R454b rDXGF Base,42.88,77.59,55582.76,100574.94,55582.76,20826.18,1894.52,1774.64,457.71,16701.91,0.0,1791.09,0.0,0.0,0.0,0.0,12136.7,0.0,0.0,0.0,1894.52,20826.18,0.0,13440.28,3261.63,0.0,0.0,540.12,24626466.24962993
runs/CZ03/SFm&2&rDXGF&Ex&dxAC_equip/LRM AOE +15% RCA LSC R22 R410a rDXGF Measure/instance-out.sql,CZ03,SFm,2,rDXGF,Ex,dxAC_equip,,LRM AOE +15% RCA LSC R22 R410a rDXGF Measure,SFm&2&rDXGF&Ex&dxAC_equip,LRM AOE +15% RCA LSC R22 R410a rDXGF Measure,42.61,76.72,55226.2,99445.72,55226.200000000004,20826.18,1537.96,1774.64,457.71,16701.91,0.0,1791.09,0.0,0.0,0.0,0.0,12136.7,0.0,0.0,0.0,1537.96,20826.18,0.0,13440.28,3261.63,0.0,0.0,540.12,22323423.77886709
runs/CZ03/SFm&2&rDXGF&Ex&dxAC_equip/LRM NR LSC R454b rDXGF Measure/instance-out.sql,CZ03,SFm,2,rDXGF,Ex,dxAC_equip,,LRM NR LSC R454b rDXGF Measure,SFm&2&rDXGF&Ex&dxAC_equip,LRM NR LSC R454b rDXGF Measure,42.74,77.15,55403.65,100007.7,55403.65,20826.18,1715.41,1774.64,457.71,16701.91,0.0,1791.09,0.0,0.0,0.0,0.0,12136.7,0.0,0.0,0.0,1715.41,20826.18,0.0,13440.28,3261.63,0.0,0.0,540.12,23469571.297176294
runs/CZ03/SFm&2&rDXGF&Ex&dxAC_equip/LRM AOE R22 R410a rDXGF Base/instance-out.sql,CZ03,SFm,2,rDXGF,Ex,dxAC_equip,,LRM AOE R22 R410a rDXGF Base,SFm&2&rDXGF&Ex&dxAC_equip,LRM AOE R22 R410a rDXGF Base,43.04,78.09,55788.05,101225.09,55788.05,20826.18,2099.81,1774.64,457.71,16701.91,0.0,1791.09,0.0,0.0,0.0,0.0,12136.7,0.0,0.0,0.0,2099.81,20826.18,0.0,13440.28,3261.63,0.0,0.0,540.12,25952447.610750806
runs/CZ03/SFm&2&rDXGF&Ex&dxAC_equip/LRM AOE +22.5% RCA LSC R22 R410a rDXGF Measure/instance-out.sql,CZ03,SFm,2,rDXGF,Ex,dxAC_equip,,LRM AOE +22.5% RCA LSC R22 R410a rDXGF Measure,SFm&2&rDXGF&Ex&dxAC_equip,LRM AOE +22.5% RCA LSC R22 R410a rDXGF Measure,42.39,76.03,54945.28,98556.04,54945.280000000006,20826.18,1257.04,1774.64,457.71,16701.91,0.0,1791.09,0.0,0.0,0.0,0.0,12136.7,0.0,0.0,0.0,1257.04,20826.18,0.0,13440.28,3261.63,0.0,0.0,540.12,20508911.86180863
runs/CZ03/SFm&2&rDXHP&Ex&dxHP_equip/LRM AOE +22.5% RCA LSC R22 R410a rDXHP Measure/instance-out.sql,CZ03,SFm,2,rDXHP,Ex,dxHP_equip,,LRM AOE +22.5% RCA LSC R22 R410a rDXHP Measure,SFm&2&rDXHP&Ex&dxHP_equip,LRM AOE +22.5% RCA LSC R22 R410a rDXHP Measure,31.03,73.53,40221.05,95305.66,40221.05,6451.97,1257.27,1774.64,457.71,16701.91,0.0,1440.99,0.0,0.0,0.0,0.0,12136.55,0.0,0.0,6451.97,1257.27,0.0,0.0,13440.28,3261.63,0.0,0.0,540.12,20508909.383492745
runs/CZ03/SFm&2&rDXGF&Ex&dxAC_equip/LRM AOE LSC R22 R410a rDXGF Measure/instance-out.sql,CZ03,SFm,2,rDXGF,Ex,dxAC_equip,,LRM AOE LSC R22 R410a rDXGF Measure,SFm&2&rDXGF&Ex&dxAC_equip,LRM AOE LSC R22 R410a rDXGF Measure,42.89,77.61,55589.53,100596.38,55589.530000000006,20826.18,1901.29,1774.64,457.71,16701.91,0.0,1791.09,0.0,0.0,0.0,0.0,12136.7,0.0,0.0,0.0,1901.29,20826.18,0.0,13440.28,3261.63,0.0,0.0,540.12,24670192.524822734
runs/CZ03/SFm&2&rDXGF&Ex&dxAC_equip/LRM AOE +30% RCA LSC R22 R410a rDXGF Measure/instance-out.sql,CZ03,SFm,2,rDXGF,Ex,dxAC_equip,,LRM AOE +30% RCA LSC R22 R410a rDXGF Measure,SFm&2&rDXGF&Ex&dxAC_equip,LRM AOE +30% RCA LSC R22 R410a rDXGF Measure,42.17,75.35,54664.35,97666.36,54664.36,20826.18,976.12,1774.64,457.71,16701.91,0.0,1791.09,0.0,0.0,0.0,0.0,12136.7,0.0,0.0,0.0,976.12,20826.18,0.0,13440.28,3261.63,0.0,0.0,540.12,18694399.945588477
runs/CZ03/SFm&2&rDXHP&Ex&dxHP_equip/LRM AOE +40% RCA LSC R22 R410a rDXHP Measure/instance-out.sql,CZ03,SFm,2,rDXHP,Ex,dxHP_equip,,LRM AOE +40% RCA LSC R22 R410a rDXHP Measure,SFm&2&rDXHP&Ex&dxHP_equip,LRM AOE +40% RCA LSC R22 R410a rDXHP Measure,29.76,69.51,38579.43,90106.65,38579.43,5465.96,601.66,1774.64,457.71,16701.91,0.0,1440.99,0.0,0.0,0.0,0.0,12136.55,0.0,0.0,5465.96,601.66,0.0,0.0,13440.28,3261.63,0.0,0.0,540.12,16275049.155063432
runs/CZ03/SFm&2&rDXGF&Ex&dxAC_equip/LRM AOE +40% RCA LSC R22 R410a rDXGF Measure/instance-out.sql,CZ03,SFm,2,rDXGF,Ex,dxAC_equip,,LRM AOE +40% RCA LSC R22 R410a rDXGF Measure,SFm&2&rDXGF&Ex&dxAC_equip,LRM AOE +40% RCA LSC R22 R410a rDXGF Measure,41.88,74.43,54289.79,96480.11,54289.79,20826.18,601.55,1774.64,457.71,16701.91,0.0,1791.09,0.0,0.0,0.0,0.0,12136.7,0.0,0.0,0.0,601.55,20826.18,0.0,13440.28,3261.63,0.0,0.0,540.12,16275050.723846046
runs/CZ03/SFm&2&rDXHP&Ex&dxHP_equip/LRM AOE R22 R410a rDXHP Base/instance-out.sql,CZ03,SFm,2,rDXHP,Ex,dxHP_equip,,LRM AOE R22 R410a rDXHP Base,SFm&2&rDXHP&Ex&dxHP_equip,LRM AOE R22 R410a rDXHP Base,32.66,78.68,42331.7,101990.09,42331.7,7719.69,2100.2,1774.64,457.71,16701.91,0.0,1440.99,0.0,0.0,0.0,0.0,12136.55,0.0,0.0,7719.69,2100.2,0.0,0.0,13440.28,3261.63,0.0,0.0,540.12,25952443.963035
runs/CZ03/SFm&2&rDXHP&Ex&dxHP_equip/LRM AOE +15% RCA LSC R22 R410a rDXHP Measure/instance-out.sql,CZ03,SFm,2,rDXHP,Ex,dxHP_equip,,LRM AOE +15% RCA LSC R22 R410a rDXHP Measure,SFm&2&rDXHP&Ex&dxHP_equip,LRM AOE +15% RCA LSC R22 R410a rDXHP Measure,31.57,75.24,40924.6,97533.8,40924.6,6874.54,1538.25,1774.64,457.71,16701.91,0.0,1440.99,0.0,0.0,0.0,0.0,12136.55,0.0,0.0,6874.54,1538.25,0.0,0.0,13440.28,3261.63,0.0,0.0,540.12,22323420.91075123
runs/CZ03/SFm&2&rDXGF&Ex&dxAC_equip/LRM AOE +7.5% RCA LSC R22 R410a rDXGF Measure/instance-out.sql,CZ03,SFm,2,rDXGF,Ex,dxAC_equip,,LRM AOE +7.5% RCA LSC R22 R410a rDXGF Measure,SFm&2&rDXGF&Ex&dxAC_equip,LRM AOE +7.5% RCA LSC R22 R410a rDXGF Measure,42.82,77.41,55507.12,100335.4,55507.12,20826.18,1818.88,1774.64,457.71,16701.91,0.0,1791.09,0.0,0.0,0.0,0.0,12136.7,0.0,0.0,0.0,1818.88,20826.18,0.0,13440.28,3261.63,0.0,0.0,540.12,24137935.694405425
runs/CZ03/SFm&2&rDXHP&Ex&dxHP_equip/LRM NR LSC R32 R454b rDXHP Measure/instance-out.sql,CZ03,SFm,2,rDXHP,Ex,dxHP_equip,,LRM NR LSC R32 R454b rDXHP Measure,SFm&2&rDXHP&Ex&dxHP_equip,LRM NR LSC R32 R454b rDXHP Measure,30.98,73.36,40152.16,95087.48,40152.16,5924.62,1715.73,1774.64,457.71,16701.91,0.0,1440.99,0.0,0.0,0.0,0.0,12136.55,0.0,0.0,5924.62,1715.73,0.0,0.0,13440.28,3261.63,0.0,0.0,540.12,23469568.182840906
runs/CZ03/SFm&2&rDXHP&Ex&dxHP_equip/LRM AOE LSC R22 R410a rDXHP Measure/instance-out.sql,CZ03,SFm,2,rDXHP,Ex,dxHP_equip,,LRM AOE LSC R22 R410a rDXHP Measure,SFm&2&rDXHP&Ex&dxHP_equip,LRM AOE LSC R22 R410a rDXHP Measure,32.27,77.47,41834.53,100415.54,41834.53,7421.07,1901.64,1774.64,457.71,16701.91,0.0,1440.99,0.0,0.0,0.0,0.0,12136.55,0.0,0.0,7421.07,1901.64,0.0,0.0,13440.28,3261.63,0.0,0.0,540.12,24670189.15256557
runs/CZ03/SFm&2&rDXHP&Ex&dxHP_equip/LRM AOE +7.5% RCA LSC R22 R410a rDXHP Measure/instance-out.sql,CZ03,SFm,2,rDXHP,Ex,dxHP_equip,,LRM AOE +7.5% RCA LSC R22 R410a rDXHP Measure,SFm&2&rDXHP&Ex&dxHP_equip,LRM AOE +7.5% RCA LSC R22 R410a rDXHP Measure,32.11,76.96,41628.15,99761.95,41628.15,7297.12,1819.22,1774.64,457.71,16701.91,0.0,1440.99,0.0,0.0,0.0,0.0,12136.55,0.0,0.0,7297.12,1819.22,0.0,0.0,13440.28,3261.63,0.0,0.0,540.12,24137932.43648959
runs/CZ03/SFm&2&rDXHP&Ex&dxHP_equip/LRM AOE +30% RCA LSC R22 R410a rDXHP Measure/instance-out.sql,CZ03,SFm,2,rDXHP,Ex,dxHP_equip,,LRM AOE +30% RCA LSC R22 R410a rDXHP Measure,SFm&2&rDXHP&Ex&dxHP_equip,LRM AOE +30% RCA LSC R22 R410a rDXHP Measure,30.49,71.81,39517.5,93077.51,39517.5,6029.39,976.3,1774.64,457.71,16701.91,0.0,1440.99,0.0,0.0,0.0,0.0,12136.55,0.0,0.0,6029.39,976.3,0.0,0.0,13440.28,3261.63,0.0,0.0,540.12,18694397.857072566
runs/CZ03/SFm&2&rDXHP&Ex&dxHP_equip/LRM NR R32 R454b rDXHP Base/instance-out.sql,CZ03,SFm,2,rDXHP,Ex,dxHP_equip,,LRM NR R32 R454b rDXHP Base,SFm&2&rDXHP&Ex&dxHP_equip,LRM NR R32 R454b rDXHP Base,31.3,74.37,40568.58,96406.28,40568.58,6161.9,1894.87,1774.64,457.71,16701.91,0.0,1440.99,0.0,0.0,0.0,0.0,12136.55,0.0,0.0,6161.9,1894.87,0.0,0.0,13440.28,3261.63,0.0,0.0,540.12,24626462.886766203
runs/CZ04/SFm&1&rDXGF&Ex&dxAC_equip/LRM AOE +22.5% RCA LSC R22 R410a rDXGF Measure/instance-out.sql,CZ04,SFm,1,rDXGF,Ex,dxAC_equip,,LRM AOE +22.5% RCA LSC R22 R410a rDXGF Measure,SFm&1&rDXGF&Ex&dxAC_equip,LRM AOE +22.5% RCA LSC R22 R410a rDXGF Measure,52.97,92.32,40740.39,71005.26,40740.39,13728.11,1291.95,1557.5,457.71,10338.53,0.0,1311.12,0.0,0.0,0.0,0.0,12055.47,0.0,0.0,0.0,1291.95,13728.11,0.0,8268.27,2070.26,0.0,0.0,270.12,14960159.799019115
runs/CZ04/SFm&1&rDXGF&Ex&dxAC_equip/LRM AOE +15% RCA LSC R22 R410a rDXGF Measure/instance-out.sql,CZ04,SFm,1,rDXGF,Ex,dxAC_equip,,LRM AOE +15% RCA LSC R22 R410a rDXGF Measure,SFm&1&rDXGF&Ex&dxAC_equip,LRM AOE +15% RCA LSC R22 R410a rDXGF Measure,53.35,93.51,41029.11,71919.65,41029.11,13728.11,1580.68,1557.5,457.71,10338.53,0.0,1311.12,0.0,0.0,0.0,0.0,12055.47,0.0,0.0,0.0,1580.68,13728.11,0.0,8268.27,2070.26,0.0,0.0,270.12,16420105.46759449
runs/CZ04/SFm&1&rDXGF&Ex&dxAC_equip/LRM AOE LSC R22 R410a rDXGF Measure/instance-out.sql,CZ04,SFm,1,rDXGF,Ex,dxAC_equip,,LRM AOE LSC R22 R410a rDXGF Measure,SFm&1&rDXGF&Ex&dxAC_equip,LRM AOE LSC R22 R410a rDXGF Measure,53.83,95.05,41402.53,73102.26,41402.53,13728.11,1954.09,1557.5,457.71,10338.53,0.0,1311.12,0.0,0.0,0.0,0.0,12055.47,0.0,0.0,0.0,1954.09,13728.11,0.0,8268.27,2070.26,0.0,0.0,270.12,18308301.865532853
runs/CZ04/SFm&1&rDXGF&Ex&dxAC_equip/LRM AOE +30% RCA LSC R22 R410a rDXGF Measure/instance-out.sql,CZ04,SFm,1,rDXGF,Ex,dxAC_equip,,LRM AOE +30% RCA LSC R22 R410a rDXGF Measure,SFm&1&rDXGF&Ex&dxAC_equip,LRM AOE +30% RCA LSC R22 R410a rDXGF Measure,52.59,91.13,40451.66,70090.87,40451.66,13728.11,1003.23,1557.5,457.71,10338.53,0.0,1311.12,0.0,0.0,0.0,0.0,12055.47,0.0,0.0,0.0,1003.23,13728.11,0.0,8268.27,2070.26,0.0,0.0,270.12,13500214.13111823
runs/CZ04/SFm&1&rDXGF&Ex&dxAC_equip/LRM AOE R22 R410a rDXGF Base/instance-out.sql,CZ04,SFm,1,rDXGF,Ex,dxAC_equip,,LRM AOE R22 R410a rDXGF Base,SFm&1&rDXGF&Ex&dxAC_equip,LRM AOE R22 R410a rDXGF Base,54.1,95.89,41606.56,73748.43,41606.56,13728.11,2158.13,1557.5,457.71,10338.53,0.0,1311.12,0.0,0.0,0.0,0.0,12055.47,0.0,0.0,0.0,2158.13,13728.11,0.0,8268.27,2070.26,0.0,0.0,270.12,19339996.802948426
runs/CZ04/SFm&1&rDXGF&Ex&dxAC_equip/LRM AOE +7.5% RCA LSC R22 R410a rDXGF Measure/instance-out.sql,CZ04,SFm,1,rDXGF,Ex,dxAC_equip,,LRM AOE +7.5% RCA LSC R22 R410a rDXGF Measure,SFm&1&rDXGF&Ex&dxAC_equip,LRM AOE +7.5% RCA LSC R22 R410a rDXGF Measure,53.72,94.7,41317.84,72834.04,41317.84,13728.11,1869.4,1557.5,457.71,10338.53,0.0,1311.12,0.0,0.0,0.0,0.0,12055.47,0.0,0.0,0.0,1869.4,13728.11,0.0,8268.27,2070.26,0.0,0.0,270.12,17880051.134946786
runs/CZ04/SFm&1&rDXHP&Ex&dxHP_equip/LRM AOE +30% RCA LSC R22 R410a rDXHP Measure/instance-out.sql,CZ04,SFm,1,rDXHP,Ex,dxHP_equip,,LRM AOE +30% RCA LSC R22 R410a rDXHP Measure,SFm&1&rDXHP&Ex&dxHP_equip,LRM AOE +30% RCA LSC R22 R410a rDXHP Measure,40.04,88.54,30793.61,68099.42,30793.61,4301.44,1003.32,1557.5,457.71,10338.53,0.0,1079.62,0.0,0.0,0.0,0.0,12055.48,0.0,0.0,4301.44,1003.32,0.0,0.0,8268.27,2070.26,0.0,0.0,270.12,13500212.106848698
runs/CZ04/SFm&1&rDXHP&Ex&dxHP_equip/LRM AOE LSC R22 R410a rDXHP Measure/instance-out.sql,CZ04,SFm,1,rDXHP,Ex,dxHP_equip,,LRM AOE LSC R22 R410a rDXHP Measure,SFm&1&rDXHP&Ex&dxHP_equip,LRM AOE LSC R22 R410a rDXHP Measure,42.47,96.25,32665.95,74029.12,32665.95,5222.83,1954.27,1557.5,457.71,10338.53,0.0,1079.62,0.0,0.0,0.0,0.0,12055.48,0.0,0.0,5222.83,1954.27,0.0,0.0,8268.27,2070.26,0.0,0.0,270.12,18308298.51004352
runs/CZ04/SFm&1&rDXHP&Ex&dxHP_equip/LRM AOE +15% RCA LSC R22 R410a rDXHP Measure/instance-out.sql,CZ04,SFm,1,rDXHP,Ex,dxHP_equip,,LRM AOE +15% RCA LSC R22 R410a rDXHP Measure,SFm&1&rDXHP&Ex&dxHP_equip,LRM AOE +15% RCA LSC R22 R410a rDXHP Measure,41.52,93.22,31930.66,71700.45,31930.66,4860.99,1580.82,1557.5,457.71,10338.53,0.0,1079.62,0.0,0.0,0.0,0.0,12055.48,0.0,0.0,4860.99,1580.82,0.0,0.0,8268.27,2070.26,0.0,0.0,270.12,16420102.634891879
runs/CZ04/SFm&1&rDXHP&Ex&dxHP_equip/LRM AOE +40% RCA LSC R22 R410a rDXHP Measure/instance-out.sql,CZ04,SFm,1,rDXHP,Ex,dxHP_equip,,LRM AOE +40% RCA LSC R22 R410a rDXHP Measure,SFm&1&rDXHP&Ex&dxHP_equip,LRM AOE +40% RCA LSC R22 R410a rDXHP Measure,39.05,85.42,30035.58,65698.73,30035.58,3928.41,618.31,1557.5,457.71,10338.53,0.0,1079.62,0.0,0.0,0.0,0.0,12055.48,0.0,0.0,3928.41,618.31,0.0,0.0,8268.27,2070.26,0.0,0.0,270.12,11553618.42184326
runs/CZ04/SFm&1&rDXGF&Ex&dxAC_equip/LRM NR R454b rDXGF Base/instance-out.sql,CZ04,SFm,1,rDXGF,Ex,dxAC_equip,,LRM NR R454b rDXGF Base,SFm&1&rDXGF&Ex&dxAC_equip,LRM NR R454b rDXGF Base,53.82,95.02,41395.57,73080.23,41395.57,13728.11,1947.14,1557.5,457.71,10338.53,0.0,1311.12,0.0,0.0,0.0,0.0,12055.47,0.0,0.0,0.0,1947.14,13728.11,0.0,8268.27,2070.26,0.0,0.0,270.12,18273119.960431807
runs/CZ04/SFm&1&rDXGF&Ex&dxAC_equip/LRM NR LSC R454b rDXGF Measure/instance-out.sql,CZ04,SFm,1,rDXGF,Ex,dxAC_equip,,LRM NR LSC R454b rDXGF Measure,SFm&1&rDXGF&Ex&dxAC_equip,LRM NR LSC R454b rDXGF Measure,53.58,94.26,41211.49,72497.23,41211.490000000005,13728.11,1763.05,1557.5,457.71,10338.53,0.0,1311.12,0.0,0.0,0.0,0.0,12055.47,0.0,0.0,0.0,1763.05,13728.11,0.0,8268.27,2070.26,0.0,0.0,270.12,17342289.05270788
runs/CZ04/SFm&1&rDXHP&Ex&dxHP_equip/LRM NR R32 R454b rDXHP Base/instance-out.sql,CZ04,SFm,1,rDXHP,Ex,dxHP_equip,,LRM NR R32 R454b rDXHP Base,SFm&1&rDXHP&Ex&dxHP_equip,LRM NR R32 R454b rDXHP Base,41.38,92.79,31825.33,71366.88,31825.33,4389.17,1947.31,1557.5,457.71,10338.53,0.0,1079.62,0.0,0.0,0.0,0.0,12055.48,0.0,0.0,4389.17,1947.31,0.0,0.0,8268.27,2070.26,0.0,0.0,270.12,18273116.614683323
runs/CZ04/SFm&1&rDXGF&Ex&dxAC_equip/LRM AOE +40% RCA LSC R22 R410a rDXGF Measure/instance-out.sql,CZ04,SFm,1,rDXGF,Ex,dxAC_equip,,LRM AOE +40% RCA LSC R22 R410a rDXGF Measure,SFm&1&rDXGF&Ex&dxAC_equip,LRM AOE +40% RCA LSC R22 R410a rDXGF Measure,52.09,89.55,40066.7,68871.68,40066.7,13728.11,618.26,1557.5,457.71,10338.53,0.0,1311.12,0.0,0.0,0.0,0.0,12055.47,0.0,0.0,0.0,618.26,13728.11,0.0,8268.27,2070.26,0.0,0.0,270.12,11553619.90715741
runs/CZ04/SFm&1&rDXHP&Ex&dxHP_equip/LRM AOE +7.5% RCA LSC R22 R410a rDXHP Measure/instance-out.sql,CZ04,SFm,1,rDXHP,Ex,dxHP_equip,,LRM AOE +7.5% RCA LSC R22 R410a rDXHP Measure,SFm&1&rDXHP&Ex&dxHP_equip,LRM AOE +7.5% RCA LSC R22 R410a rDXHP Measure,42.25,95.56,32499.18,73500.97,32499.18,5140.76,1869.57,1557.5,457.71,10338.53,0.0,1079.62,0.0,0.0,0.0,0.0,12055.48,0.0,0.0,5140.76,1869.57,0.0,0.0,8268.27,2070.26,0.0,0.0,270.12,17880047.898027636
runs/CZ04/SFm&1&rDXHP&Ex&dxHP_equip/LRM AOE +22.5% RCA LSC R22 R410a rDXHP Measure/instance-out.sql,CZ04,SFm,1,rDXHP,Ex,dxHP_equip,,LRM AOE +22.5% RCA LSC R22 R410a rDXHP Measure,SFm&1&rDXHP&Ex&dxHP_equip,LRM AOE +22.5% RCA LSC R22 R410a rDXHP Measure,40.78,90.88,31362.13,69899.94,31362.13,4581.22,1292.07,1557.5,457.71,10338.53,0.0,1079.62,0.0,0.0,0.0,0.0,12055.48,0.0,0.0,4581.22,1292.07,0.0,0.0,8268.27,2070.26,0.0,0.0,270.12,14960157.370533044
runs/CZ04/SFm&2&rDXGF&Ex&dxAC_equip/LRM AOE +22.5% RCA LSC R22 R410a rDXGF Measure/instance-out.sql,CZ04,SFm,2,rDXGF,Ex,dxAC_equip,,LRM AOE +22.5% RCA LSC R22 R410a rDXGF Measure,SFm&2&rDXGF&Ex&dxAC_equip,LRM AOE +22.5% RCA LSC R22 R410a rDXGF Measure,48.89,87.97,63378.98,114035.72,63378.98,26310.95,3291.46,1774.64,457.71,16701.91,0.0,2799.17,0.0,0.0,0.0,0.0,12043.13,0.0,0.0,0.0,3291.46,26310.95,0.0,13440.28,3261.63,0.0,0.0,540.12,27240876.90282724
runs/CZ04/SFm&1&rDXHP&Ex&dxHP_equip/LRM AOE R22 R410a rDXHP Base/instance-out.sql,CZ04,SFm,1,rDXHP,Ex,dxHP_equip,,LRM AOE R22 R410a rDXHP Base,SFm&1&rDXHP&Ex&dxHP_equip,LRM AOE R22 R410a rDXHP Base,42.99,97.91,33067.7,75301.49,33067.71,5420.54,2158.32,1557.5,457.71,10338.53,0.0,1079.62,0.0,0.0,0.0,0.0,12055.48,0.0,0.0,5420.54,2158.32,0.0,0.0,8268.27,2070.26,0.0,0.0,270.12,19339993.161812738
runs/CZ04/SFm&1&rDXHP&Ex&dxHP_equip/LRM NR LSC R32 R454b rDXHP Measure/instance-out.sql,CZ04,SFm,1,rDXHP,Ex,dxHP_equip,,LRM NR LSC R32 R454b rDXHP Measure,SFm&1&rDXHP&Ex&dxHP_equip,LRM NR LSC R32 R454b rDXHP Measure,40.94,91.38,31484.14,70286.32,31484.14,4232.08,1763.21,1557.5,457.71,10338.53,0.0,1079.62,0.0,0.0,0.0,0.0,12055.48,0.0,0.0,4232.08,1763.21,0.0,0.0,8268.27,2070.26,0.0,0.0,270.12,17342285.96467943
runs/CZ04/SFm&2&rDXGF&Ex&dxAC_equip/LRM AOE +15% RCA LSC R22 R410a rDXGF Measure/instance-out.sql,CZ04,SFm,2,rDXGF,Ex,dxAC_equip,,LRM AOE +15% RCA LSC R22 R410a rDXGF Measure,SFm&2&rDXGF&Ex&dxAC_equip,LRM AOE +15% RCA LSC R22 R410a rDXGF Measure,49.46,89.77,64114.56,116365.28,64114.56,26310.95,4027.04,1774.64,457.71,16701.91,0.0,2799.17,0.0,0.0,0.0,0.0,12043.13,0.0,0.0,0.0,4027.04,26310.95,0.0,13440.28,3261.63,0.0,0.0,540.12,30240518.275129303
runs/CZ04/SFm&2&rDXGF&Ex&dxAC_equip/LRM AOE +30% RCA LSC R22 R410a rDXGF Measure/instance-out.sql,CZ04,SFm,2,rDXGF,Ex,dxAC_equip,,LRM AOE +30% RCA LSC R22 R410a rDXGF Measure,SFm&2&rDXGF&Ex&dxAC_equip,LRM AOE +30% RCA LSC R22 R410a rDXGF Measure,48.33,86.18,62643.41,111706.15,62643.409999999996,26310.95,2555.89,1774.64,457.71,16701.91,0.0,2799.17,0.0,0.0,0.0,0.0,12043.13,0.0,0.0,0.0,2555.89,26310.95,0.0,13440.28,3261.63,0.0,0.0,540.12,24241235.531911
runs/CZ04/SFm&2&rDXGF&Ex&dxAC_equip/LRM AOE +40% RCA LSC R22 R410a rDXGF Measure/instance-out.sql,CZ04,SFm,2,rDXGF,Ex,dxAC_equip,,LRM AOE +40% RCA LSC R22 R410a rDXGF Measure,SFm&2&rDXGF&Ex&dxAC_equip,LRM AOE +40% RCA LSC R22 R410a rDXGF Measure,47.57,83.78,61662.64,108600.06,61662.64,26310.95,1575.12,1774.64,457.71,16701.91,0.0,2799.17,0.0,0.0,0.0,0.0,12043.13,0.0,0.0,0.0,1575.12,26310.95,0.0,13440.28,3261.63,0.0,0.0,540.12,20241713.70383165
runs/CZ04/SFm&2&rDXGF&Ex&dxAC_equip/LRM AOE +7.5% RCA LSC R22 R410a rDXGF Measure/instance-out.sql,CZ04,SFm,2,rDXGF,Ex,dxAC_equip,,LRM AOE +7.5% RCA LSC R22 R410a rDXGF Measure,SFm&2&rDXGF&Ex&dxAC_equip,LRM AOE +7.5% RCA LSC R22 R410a rDXGF Measure,50.03,91.57,64850.13,118694.84,64850.13,26310.95,4762.61,1774.64,457.71,16701.91,0.0,2799.17,0.0,0.0,0.0,0.0,12043.13,0.0,0.0,0.0,4762.61,26310.95,0.0,13440.28,3261.63,0.0,0.0,540.12,33240159.644918405
runs/CZ04/SFm&2&rDXGF&Ex&dxAC_equip/LRM NR LSC R454b rDXGF Measure/instance-out.sql,CZ04,SFm,2,rDXGF,Ex,dxAC_equip,,LRM NR LSC R454b rDXGF Measure,SFm&2&rDXGF&Ex&dxAC_equip,LRM NR LSC R454b rDXGF Measure,49.82,90.91,64579.19,117836.76,64579.189999999995,26310.95,4491.67,1774.64,457.71,16701.91,0.0,2799.17,0.0,0.0,0.0,0.0,12043.13,0.0,0.0,0.0,4491.67,26310.95,0.0,13440.28,3261.63,0.0,0.0,540.12,32135260.041419327
runs/CZ04/SFm&2&rDXHP&Ex&dxHP_equip/LRM AOE +7.5% RCA LSC R22 R410a rDXHP Measure/instance-out.sql,CZ04,SFm,2,rDXHP,Ex,dxHP_equip,,LRM AOE +7.5% RCA LSC R22 R410a rDXHP Measure,SFm&2&rDXHP&Ex&dxHP_equip,LRM AOE +7.5% RCA LSC R22 R410a rDXHP Measure,37.02,92.63,47980.42,120074.82,47980.42,9868.1,4763.15,1774.64,457.71,16701.91,0.0,2372.08,0.0,0.0,0.0,0.0,12042.82,0.0,0.0,9868.1,4763.15,0.0,0.0,13440.28,3261.63,0.0,0.0,540.12,33240160.676552936
runs/CZ04/SFm&2&rDXHP&Ex&dxHP_equip/LRM AOE R22 R410a rDXHP Base/instance-out.sql,CZ04,SFm,2,rDXHP,Ex,dxHP_equip,,LRM AOE R22 R410a rDXHP Base,SFm&2&rDXHP&Ex&dxHP_equip,LRM AOE R22 R410a rDXHP Base,38.01,95.77,49264.32,124140.93,49264.32000000001,10416.34,5498.81,1774.64,457.71,16701.91,0.0,2372.08,0.0,0.0,0.0,0.0,12042.82,0.0,0.0,10416.34,5498.81,0.0,0.0,13440.28,3261.63,0.0,0.0,540.12,36239802.17006016
runs/CZ04/SFm&2&rDXHP&Ex&dxHP_equip/LRM AOE +22.5% RCA LSC R22 R410a rDXHP Measure/instance-out.sql,CZ04,SFm,2,rDXHP,Ex,dxHP_equip,,LRM AOE +22.5% RCA LSC R22 R410a rDXHP Measure,SFm&2&rDXHP&Ex&dxHP_equip,LRM AOE +22.5% RCA LSC R22 R410a rDXHP Measure,35.03,86.36,45412.63,111942.62,45412.619999999995,8771.62,3291.84,1774.64,457.71,16701.91,0.0,2372.08,0.0,0.0,0.0,0.0,12042.82,0.0,0.0,8771.62,3291.84,0.0,0.0,13440.28,3261.63,0.0,0.0,540.12,27240877.68969384
runs/CZ04/SFm&2&rDXGF&Ex&dxAC_equip/LRM NR R454b rDXGF Base/instance-out.sql,CZ04,SFm,2,rDXGF,Ex,dxAC_equip,,LRM NR R454b rDXGF Base,SFm&2&rDXGF&Ex&dxAC_equip,LRM NR R454b rDXGF Base,50.18,92.05,65048.17,119322.05,65048.18,26310.95,4960.65,1774.64,457.71,16701.91,0.0,2799.17,0.0,0.0,0.0,0.0,12043.13,0.0,0.0,0.0,4960.65,26310.95,0.0,13440.28,3261.63,0.0,0.0,540.12,34047768.81590734
runs/CZ04/SFm&2&rDXHP&Ex&dxHP_equip/LRM AOE +40% RCA LSC R22 R410a rDXHP Measure/instance-out.sql,CZ04,SFm,2,rDXHP,Ex,dxHP_equip,,LRM AOE +40% RCA LSC R22 R410a rDXHP Measure,SFm&2&rDXHP&Ex&dxHP_equip,LRM AOE +40% RCA LSC R22 R410a rDXHP Measure,32.72,79.04,42416.87,102455.04,42416.86,7492.4,1575.3,1774.64,457.71,16701.91,0.0,2372.08,0.0,0.0,0.0,0.0,12042.82,0.0,0.0,7492.4,1575.3,0.0,0.0,13440.28,3261.63,0.0,0.0,540.12,20241714.205135655
runs/CZ04/SFm&2&rDXGF&Ex&dxAC_equip/LRM AOE LSC R22 R410a rDXGF Measure/instance-out.sql,CZ04,SFm,2,rDXGF,Ex,dxAC_equip,,LRM AOE LSC R22 R410a rDXGF Measure,SFm&2&rDXGF&Ex&dxAC_equip,LRM AOE LSC R22 R410a rDXGF Measure,50.2,92.1,65065.9,119378.18,65065.9,26310.95,4978.38,1774.64,457.71,16701.91,0.0,2799.17,0.0,0.0,0.0,0.0,12043.13,0.0,0.0,0.0,4978.38,26310.95,0.0,13440.28,3261.63,0.0,0.0,540.12,34120054.44979705
runs/CZ05/SFm&1&rDXGF&Ex&dxAC_equip/LRM AOE +15% RCA LSC R22 R410a rDXGF Measure/instance-out.sql,CZ05,SFm,1,rDXGF,Ex,dxAC_equip,,LRM AOE +15% RCA LSC R22 R410a rDXGF Measure,SFm&1&rDXGF&Ex&dxAC_equip,LRM AOE +15% RCA LSC R22 R410a rDXGF Measure,47.86,83.05,36813.23,63876.16,36813.229999999996,11071.22,409.56,1557.5,457.71,10338.53,0.0,814.71,0.0,0.0,0.0,0.0,12164.01,0.0,0.0,0.0,409.56,11071.22,0.0,8268.27,2070.26,0.0,0.0,270.12,10681612.823412187
runs/CZ04/SFm&2&rDXHP&Ex&dxHP_equip/LRM AOE +15% RCA LSC R22 R410a rDXHP Measure/instance-out.sql,CZ04,SFm,2,rDXHP,Ex,dxHP_equip,,LRM AOE +15% RCA LSC R22 R410a rDXHP Measure,SFm&2&rDXHP&Ex&dxHP_equip,LRM AOE +15% RCA LSC R22 R410a rDXHP Measure,36.02,89.5,46696.53,116008.72,46696.520000000004,9319.86,4027.5,1774.64,457.71,16701.91,0.0,2372.08,0.0,0.0,0.0,0.0,12042.82,0.0,0.0,9319.86,4027.5,0.0,0.0,13440.28,3261.63,0.0,0.0,540.12,30240519.18437987
runs/CZ04/SFm&2&rDXHP&Ex&dxHP_equip/LRM AOE LSC R22 R410a rDXHP Measure/instance-out.sql,CZ04,SFm,2,rDXHP,Ex,dxHP_equip,,LRM AOE LSC R22 R410a rDXHP Measure,SFm&2&rDXHP&Ex&dxHP_equip,LRM AOE LSC R22 R410a rDXHP Measure,37.31,93.55,48357.03,121267.55,48357.03,10028.92,4978.95,1774.64,457.71,16701.91,0.0,2372.08,0.0,0.0,0.0,0.0,12042.82,0.0,0.0,10028.92,4978.95,0.0,0.0,13440.28,3261.63,0.0,0.0,540.12,34120055.51733087
runs/CZ04/SFm&2&rDXGF&Ex&dxAC_equip/LRM AOE R22 R410a rDXGF Base/instance-out.sql,CZ04,SFm,2,rDXGF,Ex,dxAC_equip,,LRM AOE R22 R410a rDXGF Base,SFm&2&rDXGF&Ex&dxAC_equip,LRM AOE R22 R410a rDXGF Base,50.6,93.37,65585.71,121024.41,65585.70999999999,26310.95,5498.18,1774.64,457.71,16701.91,0.0,2799.17,0.0,0.0,0.0,0.0,12043.13,0.0,0.0,0.0,5498.18,26310.95,0.0,13440.28,3261.63,0.0,0.0,540.12,36239801.01604165
runs/CZ04/SFm&2&rDXHP&Ex&dxHP_equip/LRM AOE +30% RCA LSC R22 R410a rDXHP Measure/instance-out.sql,CZ04,SFm,2,rDXHP,Ex,dxHP_equip,,LRM AOE +30% RCA LSC R22 R410a rDXHP Measure,SFm&2&rDXHP&Ex&dxHP_equip,LRM AOE +30% RCA LSC R22 R410a rDXHP Measure,34.04,83.22,44128.73,107876.51,44128.729999999996,8223.38,2556.18,1774.64,457.71,16701.91,0.0,2372.08,0.0,0.0,0.0,0.0,12042.82,0.0,0.0,8223.38,2556.18,0.0,0.0,13440.28,3261.63,0.0,0.0,540.12,24241236.19639363
runs/CZ05/SFm&1&rDXGF&Ex&dxAC_equip/LRM AOE +7.5% RCA LSC R22 R410a rDXGF Measure/instance-out.sql,CZ05,SFm,1,rDXGF,Ex,dxAC_equip,,LRM AOE +7.5% RCA LSC R22 R410a rDXGF Measure,SFm&1&rDXGF&Ex&dxAC_equip,LRM AOE +7.5% RCA LSC R22 R410a rDXGF Measure,47.96,83.36,36888.04,64113.09,36888.04,11071.22,484.37,1557.5,457.71,10338.53,0.0,814.71,0.0,0.0,0.0,0.0,12164.01,0.0,0.0,0.0,484.37,11071.22,0.0,8268.27,2070.26,0.0,0.0,270.12,11302094.461975828
runs/CZ04/SFm&2&rDXHP&Ex&dxHP_equip/LRM NR LSC R32 R454b rDXHP Measure/instance-out.sql,CZ04,SFm,2,rDXHP,Ex,dxHP_equip,,LRM NR LSC R32 R454b rDXHP Measure,SFm&2&rDXHP&Ex&dxHP_equip,LRM NR LSC R32 R454b rDXHP Measure,35.43,87.62,45928.81,113577.36,45928.8,8087.46,4492.18,1774.64,457.71,16701.91,0.0,2372.08,0.0,0.0,0.0,0.0,12042.82,0.0,0.0,8087.46,4492.18,0.0,0.0,13440.28,3261.63,0.0,0.0,540.12,32135261.027974475
runs/CZ04/SFm&2&rDXHP&Ex&dxHP_equip/LRM NR R32 R454b rDXHP Base/instance-out.sql,CZ04,SFm,2,rDXHP,Ex,dxHP_equip,,LRM NR R32 R454b rDXHP Base,SFm&2&rDXHP&Ex&dxHP_equip,LRM NR R32 R454b rDXHP Base,36.03,89.52,46705.68,116037.72,46705.68,8395.29,4961.22,1774.64,457.71,16701.91,0.0,2372.08,0.0,0.0,0.0,0.0,12042.82,0.0,0.0,8395.29,4961.22,0.0,0.0,13440.28,3261.63,0.0,0.0,540.12,34047769.88049195
runs/CZ05/SFm&1&rDXGF&Ex&dxAC_equip/LRM AOE +22.5% RCA LSC R22 R410a rDXGF Measure/instance-out.sql,CZ05,SFm,1,rDXGF,Ex,dxAC_equip,,LRM AOE +22.5% RCA LSC R22 R410a rDXGF Measure,SFm&1&rDXGF&Ex&dxAC_equip,LRM AOE +22.5% RCA LSC R22 R410a rDXGF Measure,47.77,82.74,36738.42,63639.24,36738.42,11071.22,334.75,1557.5,457.71,10338.53,0.0,814.71,0.0,0.0,0.0,0.0,12164.01,0.0,0.0,0.0,334.75,11071.22,0.0,8268.27,2070.26,0.0,0.0,270.12,10061131.184328733
runs/CZ05/SFm&1&rDXGF&Ex&dxAC_equip/LRM AOE LSC R22 R410a rDXGF Measure/instance-out.sql,CZ05,SFm,1,rDXGF,Ex,dxAC_equip,,LRM AOE LSC R22 R410a rDXGF Measure,SFm&1&rDXGF&Ex&dxAC_equip,LRM AOE LSC R22 R410a rDXGF Measure,47.99,83.45,36909.98,64182.58,36909.979999999996,11071.22,506.31,1557.5,457.71,10338.53,0.0,814.71,0.0,0.0,0.0,0.0,12164.01,0.0,0.0,0.0,506.31,11071.22,0.0,8268.27,2070.26,0.0,0.0,270.12,11484102.409923658
runs/CZ05/SFm&1&rDXHP&Ex&dxHP_equip/LRM AOE +40% RCA LSC R22 R410a rDXHP Measure/instance-out.sql,CZ05,SFm,1,rDXHP,Ex,dxHP_equip,,LRM AOE +40% RCA LSC R22 R410a rDXHP Measure,SFm&1&rDXHP&Ex&dxHP_equip,LRM AOE +40% RCA LSC R22 R410a rDXHP Measure,36.74,77.82,28260.68,59850.82,28260.68,2961.63,160.21,1557.5,457.71,10338.53,0.0,620.72,0.0,0.0,0.0,0.0,12164.37,0.0,0.0,2961.63,160.21,0.0,0.0,8268.27,2070.26,0.0,0.0,270.12,8613340.373694168
runs/CZ05/SFm&1&rDXGF&Ex&dxAC_equip/LRM AOE +30% RCA LSC R22 R410a rDXGF Measure/instance-out.sql,CZ05,SFm,1,rDXGF,Ex,dxAC_equip,,LRM AOE +30% RCA LSC R22 R410a rDXGF Measure,SFm&1&rDXGF&Ex&dxAC_equip,LRM AOE +30% RCA LSC R22 R410a rDXGF Measure,47.67,82.43,36663.61,63402.32,36663.61,11071.22,259.94,1557.5,457.71,10338.53,0.0,814.71,0.0,0.0,0.0,0.0,12164.01,0.0,0.0,0.0,259.94,11071.22,0.0,8268.27,2070.26,0.0,0.0,270.12,9440649.545531942
runs/CZ05/SFm&1&rDXGF&Ex&dxAC_equip/LRM AOE +40% RCA LSC R22 R410a rDXGF Measure/instance-out.sql,CZ05,SFm,1,rDXGF,Ex,dxAC_equip,,LRM AOE +40% RCA LSC R22 R410a rDXGF Measure,SFm&1&rDXGF&Ex&dxAC_equip,LRM AOE +40% RCA LSC R22 R410a rDXGF Measure,47.54,82.02,36563.87,63086.43,36563.869999999995,11071.22,160.19,1557.5,457.71,10338.53,0.0,814.71,0.0,0.0,0.0,0.0,12164.01,0.0,0.0,0.0,160.19,11071.22,0.0,8268.27,2070.26,0.0,0.0,270.12,8613340.69376337
runs/CZ05/SFm&1&rDXHP&Ex&dxHP_equip/LRM AOE +30% RCA LSC R22 R410a rDXHP Measure/instance-out.sql,CZ05,SFm,1,rDXHP,Ex,dxHP_equip,,LRM AOE +30% RCA LSC R22 R410a rDXHP Measure,SFm&1&rDXHP&Ex&dxHP_equip,LRM AOE +30% RCA LSC R22 R410a rDXHP Measure,37.26,79.44,28655.08,61099.91,28655.09,3256.28,259.97,1557.5,457.71,10338.53,0.0,620.72,0.0,0.0,0.0,0.0,12164.37,0.0,0.0,3256.28,259.97,0.0,0.0,8268.27,2070.26,0.0,0.0,270.12,9440649.116215508
runs/CZ05/SFm&1&rDXGF&Ex&dxAC_equip/LRM AOE R22 R410a rDXGF Base/instance-out.sql,CZ05,SFm,1,rDXGF,Ex,dxAC_equip,,LRM AOE R22 R410a rDXGF Base,SFm&1&rDXGF&Ex&dxAC_equip,LRM AOE R22 R410a rDXGF Base,48.06,83.67,36962.85,64350.01,36962.850000000006,11071.22,559.18,1557.5,457.71,10338.53,0.0,814.71,0.0,0.0,0.0,0.0,12164.01,0.0,0.0,0.0,559.18,11071.22,0.0,8268.27,2070.26,0.0,0.0,270.12,11922576.100815441
runs/CZ05/SFm&1&rDXGF&Ex&dxAC_equip/LRM NR LSC R454b rDXGF Measure/instance-out.sql,CZ05,SFm,1,rDXGF,Ex,dxAC_equip,,LRM NR LSC R454b rDXGF Measure,SFm&1&rDXGF&Ex&dxAC_equip,LRM NR LSC R454b rDXGF Measure,47.93,83.25,36860.48,64025.82,36860.479999999996,11071.22,456.81,1557.5,457.71,10338.53,0.0,814.71,0.0,0.0,0.0,0.0,12164.01,0.0,0.0,0.0,456.81,11071.22,0.0,8268.27,2070.26,0.0,0.0,270.12,11073543.834780142
runs/CZ05/SFm&1&rDXHP&Ex&dxHP_equip/LRM AOE +22.5% RCA LSC R22 R410a rDXHP Measure/instance-out.sql,CZ05,SFm,1,rDXHP,Ex,dxHP_equip,,LRM AOE +22.5% RCA LSC R22 R410a rDXHP Measure,SFm&1&rDXHP&Ex&dxHP_equip,LRM AOE +22.5% RCA LSC R22 R410a rDXHP Measure,37.64,80.66,28950.89,62036.72,28950.89,3477.27,334.79,1557.5,457.71,10338.53,0.0,620.72,0.0,0.0,0.0,0.0,12164.37,0.0,0.0,3477.27,334.79,0.0,0.0,8268.27,2070.26,0.0,0.0,270.12,10061130.673076876
runs/CZ05/SFm&1&rDXHP&Ex&dxHP_equip/LRM AOE LSC R22 R410a rDXHP Measure/instance-out.sql,CZ05,SFm,1,rDXHP,Ex,dxHP_equip,,LRM AOE LSC R22 R410a rDXHP Measure,SFm&1&rDXHP&Ex&dxHP_equip,LRM AOE LSC R22 R410a rDXHP Measure,38.52,83.45,29629.27,64185.15,29629.28,3984.07,506.37,1557.5,457.71,10338.53,0.0,620.72,0.0,0.0,0.0,0.0,12164.37,0.0,0.0,3984.07,506.37,0.0,0.0,8268.27,2070.26,0.0,0.0,270.12,11484101.710766561
runs/CZ05/SFm&2&rDXGF&Ex&dxAC_equip/LRM AOE +15% RCA LSC R22 R410a rDXGF Measure/instance-out.sql,CZ05,SFm,2,rDXGF,Ex,dxAC_equip,,LRM AOE +15% RCA LSC R22 R410a rDXGF Measure,SFm&2&rDXGF&Ex&dxAC_equip,LRM AOE +15% RCA LSC R22 R410a rDXGF Measure,43.2,77.25,55992.85,100128.93,55992.85,21662.57,1444.21,1774.64,457.71,16701.91,0.0,1813.87,0.0,0.0,0.0,0.0,12137.93,0.0,0.0,0.0,1444.21,21662.57,0.0,13440.28,3261.63,0.0,0.0,540.12,19552877.010446597
runs/CZ05/SFm&1&rDXHP&Ex&dxHP_equip/LRM NR LSC R32 R454b rDXHP Measure/instance-out.sql,CZ05,SFm,1,rDXHP,Ex,dxHP_equip,,LRM NR LSC R32 R454b rDXHP Measure,SFm&1&rDXHP&Ex&dxHP_equip,LRM NR LSC R32 R454b rDXHP Measure,37.44,80.03,28797.19,61549.96,28797.19,3201.49,456.86,1557.5,457.71,10338.53,0.0,620.72,0.0,0.0,0.0,0.0,12164.37,0.0,0.0,3201.49,456.86,0.0,0.0,8268.27,2070.26,0.0,0.0,270.12,11073543.18983785
runs/CZ05/SFm&1&rDXHP&Ex&dxHP_equip/LRM AOE +15% RCA LSC R22 R410a rDXHP Measure/instance-out.sql,CZ05,SFm,1,rDXHP,Ex,dxHP_equip,,LRM AOE +15% RCA LSC R22 R410a rDXHP Measure,SFm&1&rDXHP&Ex&dxHP_equip,LRM AOE +15% RCA LSC R22 R410a rDXHP Measure,38.03,81.88,29246.7,62973.54,29246.699999999997,3698.26,409.6,1557.5,457.71,10338.53,0.0,620.72,0.0,0.0,0.0,0.0,12164.37,0.0,0.0,3698.26,409.6,0.0,0.0,8268.27,2070.26,0.0,0.0,270.12,10681612.230224906
runs/CZ05/SFm&1&rDXGF&Ex&dxAC_equip/LRM NR R454b rDXGF Base/instance-out.sql,CZ05,SFm,1,rDXGF,Ex,dxAC_equip,,LRM NR R454b rDXGF Base,SFm&1&rDXGF&Ex&dxAC_equip,LRM NR R454b rDXGF Base,47.99,83.44,36908.18,64176.87,36908.18000000001,11071.22,504.51,1557.5,457.71,10338.53,0.0,814.71,0.0,0.0,0.0,0.0,12164.01,0.0,0.0,0.0,504.51,11071.22,0.0,8268.27,2070.26,0.0,0.0,270.12,11469149.98627321
runs/CZ05/SFm&1&rDXHP&Ex&dxHP_equip/LRM AOE +7.5% RCA LSC R22 R410a rDXHP Measure/instance-out.sql,CZ05,SFm,1,rDXHP,Ex,dxHP_equip,,LRM AOE +7.5% RCA LSC R22 R410a rDXHP Measure,SFm&1&rDXHP&Ex&dxHP_equip,LRM AOE +7.5% RCA LSC R22 R410a rDXHP Measure,38.41,83.09,29542.5,63910.36,29542.510000000002,3919.24,484.42,1557.5,457.71,10338.53,0.0,620.72,0.0,0.0,0.0,0.0,12164.37,0.0,0.0,3919.24,484.42,0.0,0.0,8268.27,2070.26,0.0,0.0,270.12,11302093.786853123
runs/CZ05/SFm&2&rDXGF&Ex&dxAC_equip/LRM AOE +40% RCA LSC R22 R410a rDXGF Measure/instance-out.sql,CZ05,SFm,2,rDXGF,Ex,dxAC_equip,,LRM AOE +40% RCA LSC R22 R410a rDXGF Measure,SFm&2&rDXGF&Ex&dxAC_equip,LRM AOE +40% RCA LSC R22 R410a rDXGF Measure,42.52,75.1,55113.52,97344.11,55113.52,21662.57,564.88,1774.64,457.71,16701.91,0.0,1813.87,0.0,0.0,0.0,0.0,12137.93,0.0,0.0,0.0,564.88,21662.57,0.0,13440.28,3261.63,0.0,0.0,540.12,14803834.898350254
runs/CZ05/SFm&2&rDXGF&Ex&dxAC_equip/LRM AOE +30% RCA LSC R22 R410a rDXGF Measure/instance-out.sql,CZ05,SFm,2,rDXGF,Ex,dxAC_equip,,LRM AOE +30% RCA LSC R22 R410a rDXGF Measure,SFm&2&rDXGF&Ex&dxAC_equip,LRM AOE +30% RCA LSC R22 R410a rDXGF Measure,42.79,75.96,55465.25,98458.04,55465.24999999999,21662.57,916.61,1774.64,457.71,16701.91,0.0,1813.87,0.0,0.0,0.0,0.0,12137.93,0.0,0.0,0.0,916.61,21662.57,0.0,13440.28,3261.63,0.0,0.0,540.12,16703451.742979946
runs/CZ05/SFm&1&rDXHP&Ex&dxHP_equip/LRM AOE R22 R410a rDXHP Base/instance-out.sql,CZ05,SFm,1,rDXHP,Ex,dxHP_equip,,LRM AOE R22 R410a rDXHP Base,SFm&1&rDXHP&Ex&dxHP_equip,LRM AOE R22 R410a rDXHP Base,38.8,84.31,29838.31,64847.17,29838.309999999998,4140.23,559.24,1557.5,457.71,10338.53,0.0,620.72,0.0,0.0,0.0,0.0,12164.37,0.0,0.0,4140.23,559.24,0.0,0.0,8268.27,2070.26,0.0,0.0,270.12,11922575.343757313
runs/CZ05/SFm&2&rDXGF&Ex&dxAC_equip/LRM AOE LSC R22 R410a rDXGF Measure/instance-out.sql,CZ05,SFm,2,rDXGF,Ex,dxAC_equip,,LRM AOE LSC R22 R410a rDXGF Measure,SFm&2&rDXGF&Ex&dxAC_equip,LRM AOE LSC R22 R410a rDXGF Measure,43.46,78.08,56334.02,101209.44,56334.03,21662.57,1785.38,1774.64,457.71,16701.91,0.0,1813.87,0.0,0.0,0.0,0.0,12137.93,0.0,0.0,0.0,1785.38,21662.57,0.0,13440.28,3261.63,0.0,0.0,540.12,21395505.350416962
runs/CZ05/SFm&1&rDXHP&Ex&dxHP_equip/LRM NR R32 R454b rDXHP Base/instance-out.sql,CZ05,SFm,1,rDXHP,Ex,dxHP_equip,,LRM NR R32 R454b rDXHP Base,SFm&1&rDXHP&Ex&dxHP_equip,LRM NR R32 R454b rDXHP Base,37.66,80.73,28968.98,62094.0,28968.98,3325.58,504.57,1557.5,457.71,10338.53,0.0,620.72,0.0,0.0,0.0,0.0,12164.37,0.0,0.0,3325.58,504.57,0.0,0.0,8268.27,2070.26,0.0,0.0,270.12,11469149.289090602
runs/CZ05/SFm&2&rDXGF&Ex&dxAC_equip/LRM AOE +22.5% RCA LSC R22 R410a rDXGF Measure/instance-out.sql,CZ05,SFm,2,rDXGF,Ex,dxAC_equip,,LRM AOE +22.5% RCA LSC R22 R410a rDXGF Measure,SFm&2&rDXGF&Ex&dxAC_equip,LRM AOE +22.5% RCA LSC R22 R410a rDXGF Measure,42.99,76.6,55729.05,99293.49,55729.049999999996,21662.57,1180.41,1774.64,457.71,16701.91,0.0,1813.87,0.0,0.0,0.0,0.0,12137.93,0.0,0.0,0.0,1180.41,21662.57,0.0,13440.28,3261.63,0.0,0.0,540.12,18128164.376384165
runs/CZ05/SFm&2&rDXHP&Ex&dxHP_equip/LRM AOE +22.5% RCA LSC R22 R410a rDXHP Measure/instance-out.sql,CZ05,SFm,2,rDXHP,Ex,dxHP_equip,,LRM AOE +22.5% RCA LSC R22 R410a rDXHP Measure,SFm&2&rDXHP&Ex&dxHP_equip,LRM AOE +22.5% RCA LSC R22 R410a rDXHP Measure,31.31,74.4,40578.78,96436.6,40578.78,6874.05,1180.57,1774.64,457.71,16701.91,0.0,1452.39,0.0,0.0,0.0,0.0,12137.5,0.0,0.0,6874.05,1180.57,0.0,0.0,13440.28,3261.63,0.0,0.0,540.12,18128167.049264114
runs/CZ05/SFm&2&rDXGF&Ex&dxAC_equip/LRM AOE +7.5% RCA LSC R22 R410a rDXGF Measure/instance-out.sql,CZ05,SFm,2,rDXGF,Ex,dxAC_equip,,LRM AOE +7.5% RCA LSC R22 R410a rDXGF Measure,SFm&2&rDXGF&Ex&dxAC_equip,LRM AOE +7.5% RCA LSC R22 R410a rDXGF Measure,43.4,77.89,56256.64,100964.38,56256.65,21662.57,1708.0,1774.64,457.71,16701.91,0.0,1813.87,0.0,0.0,0.0,0.0,12137.93,0.0,0.0,0.0,1708.0,21662.57,0.0,13440.28,3261.63,0.0,0.0,540.12,20977589.64331547
runs/CZ05/SFm&2&rDXGF&Ex&dxAC_equip/LRM AOE R22 R410a rDXGF Base/instance-out.sql,CZ05,SFm,2,rDXGF,Ex,dxAC_equip,,LRM AOE R22 R410a rDXGF Base,SFm&2&rDXGF&Ex&dxAC_equip,LRM AOE R22 R410a rDXGF Base,43.6,78.54,56520.44,101799.83,56520.439999999995,21662.57,1971.8,1774.64,457.71,16701.91,0.0,1813.87,0.0,0.0,0.0,0.0,12137.93,0.0,0.0,0.0,1971.8,21662.57,0.0,13440.28,3261.63,0.0,0.0,540.12,22402302.276818015
runs/CZ05/SFm&2&rDXHP&Ex&dxHP_equip/LRM NR LSC R32 R454b rDXHP Measure/instance-out.sql,CZ05,SFm,2,rDXHP,Ex,dxHP_equip,,LRM NR LSC R32 R454b rDXHP Measure,SFm&2&rDXHP&Ex&dxHP_equip,LRM NR LSC R32 R454b rDXHP Measure,31.21,74.09,40452.42,96036.44,40452.42,6317.22,1611.05,1774.64,457.71,16701.91,0.0,1452.39,0.0,0.0,0.0,0.0,12137.5,0.0,0.0,6317.22,1611.05,0.0,0.0,13440.28,3261.63,0.0,0.0,540.12,20452808.77420695
runs/CZ05/SFm&2&rDXHP&Ex&dxHP_equip/LRM NR R32 R454b rDXHP Base/instance-out.sql,CZ05,SFm,2,rDXHP,Ex,dxHP_equip,,LRM NR R32 R454b rDXHP Base,SFm&2&rDXHP&Ex&dxHP_equip,LRM NR R32 R454b rDXHP Base,31.53,75.11,40871.18,97362.65,40871.18,6567.76,1779.26,1774.64,457.71,16701.91,0.0,1452.39,0.0,0.0,0.0,0.0,12137.5,0.0,0.0,6567.76,1779.26,0.0,0.0,13440.28,3261.63,0.0,0.0,540.12,21361176.094582487
runs/CZ05/SFm&2&rDXGF&Ex&dxAC_equip/LRM NR LSC R454b rDXGF Measure/instance-out.sql,CZ05,SFm,2,rDXGF,Ex,dxAC_equip,,LRM NR LSC R454b rDXGF Measure,SFm&2&rDXGF&Ex&dxAC_equip,LRM NR LSC R454b rDXGF Measure,43.33,77.65,56159.48,100656.65,56159.479999999996,21662.57,1610.84,1774.64,457.71,16701.91,0.0,1813.87,0.0,0.0,0.0,0.0,12137.93,0.0,0.0,0.0,1610.84,21662.57,0.0,13440.28,3261.63,0.0,0.0,540.12,20452805.434439324
runs/CZ05/SFm&2&rDXHP&Ex&dxHP_equip/LRM AOE +7.5% RCA LSC R22 R410a rDXHP Measure/instance-out.sql,CZ05,SFm,2,rDXHP,Ex,dxHP_equip,,LRM AOE +7.5% RCA LSC R22 R410a rDXHP Measure,SFm&2&rDXHP&Ex&dxHP_equip,LRM AOE +7.5% RCA LSC R22 R410a rDXHP Measure,32.4,77.87,41998.86,100934.0,41998.86,7766.47,1708.23,1774.64,457.71,16701.91,0.0,1452.39,0.0,0.0,0.0,0.0,12137.5,0.0,0.0,7766.47,1708.23,0.0,0.0,13440.28,3261.63,0.0,0.0,540.12,20977593.133631982
runs/CZ05/SFm&2&rDXGF&Ex&dxAC_equip/LRM NR R454b rDXGF Base/instance-out.sql,CZ05,SFm,2,rDXGF,Ex,dxAC_equip,,LRM NR R454b rDXGF Base,SFm&2&rDXGF&Ex&dxAC_equip,LRM NR R454b rDXGF Base,43.46,78.06,56327.67,101189.31,56327.67,21662.57,1779.03,1774.64,457.71,16701.91,0.0,1813.87,0.0,0.0,0.0,0.0,12137.93,0.0,0.0,0.0,1779.03,21662.57,0.0,13440.28,3261.63,0.0,0.0,540.12,21361172.494224608
runs/CZ05/SFm&2&rDXHP&Ex&dxHP_equip/LRM AOE +15% RCA LSC R22 R410a rDXHP Measure/instance-out.sql,CZ05,SFm,2,rDXHP,Ex,dxHP_equip,,LRM AOE +15% RCA LSC R22 R410a rDXHP Measure,SFm&2&rDXHP&Ex&dxHP_equip,LRM AOE +15% RCA LSC R22 R410a rDXHP Measure,31.85,76.13,41288.82,98685.3,41288.82,7320.26,1444.4,1774.64,457.71,16701.91,0.0,1452.39,0.0,0.0,0.0,0.0,12137.5,0.0,0.0,7320.26,1444.4,0.0,0.0,13440.28,3261.63,0.0,0.0,540.12,19552880.092044827
runs/CZ05/SFm&2&rDXHP&Ex&dxHP_equip/LRM AOE +30% RCA LSC R22 R410a rDXHP Measure/instance-out.sql,CZ05,SFm,2,rDXHP,Ex,dxHP_equip,,LRM AOE +30% RCA LSC R22 R410a rDXHP Measure,SFm&2&rDXHP&Ex&dxHP_equip,LRM AOE +30% RCA LSC R22 R410a rDXHP Measure,30.76,72.66,39868.73,94187.9,39868.74,6427.85,916.73,1774.64,457.71,16701.91,0.0,1452.39,0.0,0.0,0.0,0.0,12137.5,0.0,0.0,6427.85,916.73,0.0,0.0,13440.28,3261.63,0.0,0.0,540.12,16703454.00714161
runs/CZ05/SFm&2&rDXHP&Ex&dxHP_equip/LRM AOE LSC R22 R410a rDXHP Measure/instance-out.sql,CZ05,SFm,2,rDXHP,Ex,dxHP_equip,,LRM AOE LSC R22 R410a rDXHP Measure,SFm&2&rDXHP&Ex&dxHP_equip,LRM AOE LSC R22 R410a rDXHP Measure,32.56,78.38,42207.14,101593.62,42207.14,7897.36,1785.62,1774.64,457.71,16701.91,0.0,1452.39,0.0,0.0,0.0,0.0,12137.5,0.0,0.0,7897.36,1785.62,0.0,0.0,13440.28,3261.63,0.0,0.0,540.12,21395508.96062417
runs/CZ06/SFm&1&rDXGF&Ex&dxAC_equip/LRM AOE R22 R410a rDXGF Base/instance-out.sql,CZ06,SFm,1,rDXGF,Ex,dxAC_equip,,LRM AOE R22 R410a rDXGF Base,SFm&1&rDXGF&Ex&dxAC_equip,LRM AOE R22 R410a rDXGF Base,41.36,76.85,31811.18,59105.81,31811.18,5969.61,938.99,1557.5,457.71,10338.53,0.0,598.21,0.0,0.0,0.0,0.0,11950.63,0.0,0.0,0.0,938.99,5969.61,0.0,8268.27,2070.26,0.0,0.0,270.12,12239248.57549946
runs/CZ06/SFm&1&rDXGF&Ex&dxAC_equip/LRM AOE LSC R22 R410a rDXGF Measure/instance-out.sql,CZ06,SFm,1,rDXGF,Ex,dxAC_equip,,LRM AOE LSC R22 R410a rDXGF Measure,SFm&1&rDXGF&Ex&dxAC_equip,LRM AOE LSC R22 R410a rDXGF Measure,41.24,76.48,31722.41,58824.66,31722.41,5969.61,850.22,1557.5,457.71,10338.53,0.0,598.21,0.0,0.0,0.0,0.0,11950.63,0.0,0.0,0.0,850.22,5969.61,0.0,8268.27,2070.26,0.0,0.0,270.12,11775867.419812605
runs/CZ05/SFm&2&rDXHP&Ex&dxHP_equip/LRM AOE R22 R410a rDXHP Base/instance-out.sql,CZ05,SFm,2,rDXHP,Ex,dxHP_equip,,LRM AOE R22 R410a rDXHP Base,SFm&2&rDXHP&Ex&dxHP_equip,LRM AOE R22 R410a rDXHP Base,32.95,79.6,42708.9,103182.7,42708.9,8212.68,1972.06,1774.64,457.71,16701.91,0.0,1452.39,0.0,0.0,0.0,0.0,12137.5,0.0,0.0,8212.68,1972.06,0.0,0.0,13440.28,3261.63,0.0,0.0,540.12,22402306.175852813
runs/CZ05/SFm&2&rDXHP&Ex&dxHP_equip/LRM AOE +40% RCA LSC R22 R410a rDXHP Measure/instance-out.sql,CZ05,SFm,2,rDXHP,Ex,dxHP_equip,,LRM AOE +40% RCA LSC R22 R410a rDXHP Measure,SFm&2&rDXHP&Ex&dxHP_equip,LRM AOE +40% RCA LSC R22 R410a rDXHP Measure,30.03,70.35,38922.01,91189.63,38922.02,5832.9,564.96,1774.64,457.71,16701.91,0.0,1452.39,0.0,0.0,0.0,0.0,12137.5,0.0,0.0,5832.9,564.96,0.0,0.0,13440.28,3261.63,0.0,0.0,540.12,14803836.617554206
runs/CZ06/SFm&1&rDXGF&Ex&dxAC_equip/LRM NR R454b rDXGF Base/instance-out.sql,CZ06,SFm,1,rDXGF,Ex,dxAC_equip,,LRM NR R454b rDXGF Base,SFm&1&rDXGF&Ex&dxAC_equip,LRM NR R454b rDXGF Base,41.24,76.47,31719.38,58815.08,31719.379999999997,5969.61,847.19,1557.5,457.71,10338.53,0.0,598.21,0.0,0.0,0.0,0.0,11950.63,0.0,0.0,0.0,847.19,5969.61,0.0,8268.27,2070.26,0.0,0.0,270.12,11760065.624869395
runs/CZ06/SFm&1&rDXGF&Ex&dxAC_equip/LRM AOE +15% RCA LSC R22 R410a rDXGF Measure/instance-out.sql,CZ06,SFm,1,rDXGF,Ex,dxAC_equip,,LRM AOE +15% RCA LSC R22 R410a rDXGF Measure,SFm&1&rDXGF&Ex&dxAC_equip,LRM AOE +15% RCA LSC R22 R410a rDXGF Measure,41.03,75.81,31559.94,58310.11,31559.940000000002,5969.61,687.75,1557.5,457.71,10338.53,0.0,598.21,0.0,0.0,0.0,0.0,11950.63,0.0,0.0,0.0,687.75,5969.61,0.0,8268.27,2070.26,0.0,0.0,270.12,10927792.473130953
runs/CZ06/SFm&1&rDXGF&Ex&dxAC_equip/LRM AOE +7.5% RCA LSC R22 R410a rDXGF Measure/instance-out.sql,CZ06,SFm,1,rDXGF,Ex,dxAC_equip,,LRM AOE +7.5% RCA LSC R22 R410a rDXGF Measure,SFm&1&rDXGF&Ex&dxAC_equip,LRM AOE +7.5% RCA LSC R22 R410a rDXGF Measure,41.2,76.33,31685.56,58707.96,31685.559999999998,5969.61,813.37,1557.5,457.71,10338.53,0.0,598.21,0.0,0.0,0.0,0.0,11950.63,0.0,0.0,0.0,813.37,5969.61,0.0,8268.27,2070.26,0.0,0.0,270.12,11583520.524169382
runs/CZ06/SFm&1&rDXGF&Ex&dxAC_equip/LRM AOE +40% RCA LSC R22 R410a rDXGF Measure/instance-out.sql,CZ06,SFm,1,rDXGF,Ex,dxAC_equip,,LRM AOE +40% RCA LSC R22 R410a rDXGF Measure,SFm&1&rDXGF&Ex&dxAC_equip,LRM AOE +40% RCA LSC R22 R410a rDXGF Measure,40.49,74.09,31141.19,56983.95,31141.190000000002,5969.61,269.0,1557.5,457.71,10338.53,0.0,598.21,0.0,0.0,0.0,0.0,11950.63,0.0,0.0,0.0,269.0,5969.61,0.0,8268.27,2070.26,0.0,0.0,270.12,8742032.301836837
runs/CZ06/SFm&1&rDXGF&Ex&dxAC_equip/LRM AOE +22.5% RCA LSC R22 R410a rDXGF Measure/instance-out.sql,CZ06,SFm,1,rDXGF,Ex,dxAC_equip,,LRM AOE +22.5% RCA LSC R22 R410a rDXGF Measure,SFm&1&rDXGF&Ex&dxAC_equip,LRM AOE +22.5% RCA LSC R22 R410a rDXGF Measure,40.87,75.3,31434.32,57912.26,31434.309999999998,5969.61,562.12,1557.5,457.71,10338.53,0.0,598.21,0.0,0.0,0.0,0.0,11950.63,0.0,0.0,0.0,562.12,5969.61,0.0,8268.27,2070.26,0.0,0.0,270.12,10272064.421543185
runs/CZ06/SFm&1&rDXGF&Ex&dxAC_equip/LRM AOE +30% RCA LSC R22 R410a rDXGF Measure/instance-out.sql,CZ06,SFm,1,rDXGF,Ex,dxAC_equip,,LRM AOE +30% RCA LSC R22 R410a rDXGF Measure,SFm&1&rDXGF&Ex&dxAC_equip,LRM AOE +30% RCA LSC R22 R410a rDXGF Measure,40.71,74.78,31308.69,57514.41,31308.690000000002,5969.61,436.5,1557.5,457.71,10338.53,0.0,598.21,0.0,0.0,0.0,0.0,11950.63,0.0,0.0,0.0,436.5,5969.61,0.0,8268.27,2070.26,0.0,0.0,270.12,9616336.370258361
runs/CZ06/SFm&1&rDXGF&Ex&dxAC_equip/LRM NR LSC R454b rDXGF Measure/instance-out.sql,CZ06,SFm,1,rDXGF,Ex,dxAC_equip,,LRM NR LSC R454b rDXGF Measure,SFm&1&rDXGF&Ex&dxAC_equip,LRM NR LSC R454b rDXGF Measure,41.14,76.14,31639.29,58561.42,31639.29,5969.61,767.1,1557.5,457.71,10338.53,0.0,598.21,0.0,0.0,0.0,0.0,11950.63,0.0,0.0,0.0,767.1,5969.61,0.0,8268.27,2070.26,0.0,0.0,270.12,11341987.095909417
runs/CZ06/SFm&1&rDXHP&Ex&dxHP_equip/LRM AOE +30% RCA LSC R22 R410a rDXHP Measure/instance-out.sql,CZ06,SFm,1,rDXHP,Ex,dxHP_equip,,LRM AOE +30% RCA LSC R22 R410a rDXHP Measure,SFm&1&rDXHP&Ex&dxHP_equip,LRM AOE +30% RCA LSC R22 R410a rDXHP Measure,35.04,73.01,26952.46,56152.36,26952.47,1716.18,436.51,1557.5,457.71,10338.53,0.0,495.13,0.0,0.0,0.0,0.0,11950.9,0.0,0.0,1716.18,436.51,0.0,0.0,8268.27,2070.26,0.0,0.0,270.12,9616336.362086307
runs/CZ06/SFm&1&rDXHP&Ex&dxHP_equip/LRM AOE +15% RCA LSC R22 R410a rDXHP Measure/instance-out.sql,CZ06,SFm,1,rDXHP,Ex,dxHP_equip,,LRM AOE +15% RCA LSC R22 R410a rDXHP Measure,SFm&1&rDXHP&Ex&dxHP_equip,LRM AOE +15% RCA LSC R22 R410a rDXHP Measure,35.69,75.05,27447.23,57719.3,27447.239999999998,1959.71,687.76,1557.5,457.71,10338.53,0.0,495.13,0.0,0.0,0.0,0.0,11950.9,0.0,0.0,1959.71,687.76,0.0,0.0,8268.27,2070.26,0.0,0.0,270.12,10927792.463271335
runs/CZ06/SFm&1&rDXHP&Ex&dxHP_equip/LRM AOE LSC R22 R410a rDXHP Measure/instance-out.sql,CZ06,SFm,1,rDXHP,Ex,dxHP_equip,,LRM AOE LSC R22 R410a rDXHP Measure,SFm&1&rDXHP&Ex&dxHP_equip,LRM AOE LSC R22 R410a rDXHP Measure,36.1,76.36,27767.19,58732.6,27767.190000000002,2117.18,850.23,1557.5,457.71,10338.53,0.0,495.13,0.0,0.0,0.0,0.0,11950.9,0.0,0.0,2117.18,850.23,0.0,0.0,8268.27,2070.26,0.0,0.0,270.12,11775867.408861691
runs/CZ06/SFm&1&rDXHP&Ex&dxHP_equip/LRM AOE R22 R410a rDXHP Base/instance-out.sql,CZ06,SFm,1,rDXHP,Ex,dxHP_equip,,LRM AOE R22 R410a rDXHP Base,SFm&1&rDXHP&Ex&dxHP_equip,LRM AOE R22 R410a rDXHP Base,36.33,77.08,27942.01,59286.25,27942.010000000002,2203.23,939.01,1557.5,457.71,10338.53,0.0,495.13,0.0,0.0,0.0,0.0,11950.9,0.0,0.0,2203.23,939.01,0.0,0.0,8268.27,2070.26,0.0,0.0,270.12,12239248.563952276
runs/CZ06/SFm&1&rDXHP&Ex&dxHP_equip/LRM AOE +22.5% RCA LSC R22 R410a rDXHP Measure/instance-out.sql,CZ06,SFm,1,rDXHP,Ex,dxHP_equip,,LRM AOE +22.5% RCA LSC R22 R410a rDXHP Measure,SFm&1&rDXHP&Ex&dxHP_equip,LRM AOE +22.5% RCA LSC R22 R410a rDXHP Measure,35.36,74.03,27199.85,56935.83,27199.85,1837.94,562.13,1557.5,457.71,10338.53,0.0,495.13,0.0,0.0,0.0,0.0,11950.9,0.0,0.0,1837.94,562.13,0.0,0.0,8268.27,2070.26,0.0,0.0,270.12,10272064.412527349
runs/CZ06/SFm&1&rDXHP&Ex&dxHP_equip/LRM AOE +40% RCA LSC R22 R410a rDXHP Measure/instance-out.sql,CZ06,SFm,1,rDXHP,Ex,dxHP_equip,,LRM AOE +40% RCA LSC R22 R410a rDXHP Measure,SFm&1&rDXHP&Ex&dxHP_equip,LRM AOE +40% RCA LSC R22 R410a rDXHP Measure,34.61,71.65,26622.61,55107.72,26622.620000000003,1553.83,269.01,1557.5,457.71,10338.53,0.0,495.13,0.0,0.0,0.0,0.0,11950.9,0.0,0.0,1553.83,269.01,0.0,0.0,8268.27,2070.26,0.0,0.0,270.12,8742032.294789825
runs/CZ06/SFm&1&rDXHP&Ex&dxHP_equip/LRM NR R32 R454b rDXHP Base/instance-out.sql,CZ06,SFm,1,rDXHP,Ex,dxHP_equip,,LRM NR R32 R454b rDXHP Base,SFm&1&rDXHP&Ex&dxHP_equip,LRM NR R32 R454b rDXHP Base,35.63,74.86,27401.34,57573.96,27401.34,1754.36,847.21,1557.5,457.71,10338.53,0.0,495.13,0.0,0.0,0.0,0.0,11950.9,0.0,0.0,1754.36,847.21,0.0,0.0,8268.27,2070.26,0.0,0.0,270.12,11760065.613938816
runs/CZ06/SFm&1&rDXHP&Ex&dxHP_equip/LRM AOE +7.5% RCA LSC R22 R410a rDXHP Measure/instance-out.sql,CZ06,SFm,1,rDXHP,Ex,dxHP_equip,,LRM AOE +7.5% RCA LSC R22 R410a rDXHP Measure,SFm&1&rDXHP&Ex&dxHP_equip,LRM AOE +7.5% RCA LSC R22 R410a rDXHP Measure,36.01,76.06,27694.62,58502.78,27694.629999999997,2081.47,813.38,1557.5,457.71,10338.53,0.0,495.13,0.0,0.0,0.0,0.0,11950.9,0.0,0.0,2081.47,813.38,0.0,0.0,8268.27,2070.26,0.0,0.0,270.12,11583520.513465982
runs/CZ06/SFm&1&rDXHP&Ex&dxHP_equip/LRM NR LSC R32 R454b rDXHP Measure/instance-out.sql,CZ06,SFm,1,rDXHP,Ex,dxHP_equip,,LRM NR LSC R32 R454b rDXHP Measure,SFm&1&rDXHP&Ex&dxHP_equip,LRM NR LSC R32 R454b rDXHP Measure,35.43,74.25,27252.88,57103.77,27252.879999999997,1685.99,767.11,1557.5,457.71,10338.53,0.0,495.13,0.0,0.0,0.0,0.0,11950.9,0.0,0.0,1685.99,767.11,0.0,0.0,8268.27,2070.26,0.0,0.0,270.12,11341987.085516818
runs/CZ06/SFm&2&rDXGF&Ex&dxAC_equip/LRM AOE LSC R22 R410a rDXGF Measure/instance-out.sql,CZ06,SFm,2,rDXGF,Ex,dxAC_equip,,LRM AOE LSC R22 R410a rDXGF Measure,SFm&2&rDXGF&Ex&dxAC_equip,LRM AOE LSC R22 R410a rDXGF Measure,35.61,69.58,46162.77,90187.32,46162.770000000004,11683.35,2266.07,1774.64,457.71,16701.91,0.0,1334.87,0.0,0.0,0.0,0.0,11944.21,0.0,0.0,0.0,2266.07,11683.35,0.0,13440.28,3261.63,0.0,0.0,540.12,21027758.65900336
runs/CZ06/SFm&2&rDXGF&Ex&dxAC_equip/LRM AOE +40% RCA LSC R22 R410a rDXGF Measure/instance-out.sql,CZ06,SFm,2,rDXGF,Ex,dxAC_equip,,LRM AOE +40% RCA LSC R22 R410a rDXGF Measure,SFm&2&rDXGF&Ex&dxAC_equip,LRM AOE +40% RCA LSC R22 R410a rDXGF Measure,34.42,65.79,44613.67,85281.3,44613.67,11683.35,716.97,1774.64,457.71,16701.91,0.0,1334.87,0.0,0.0,0.0,0.0,11944.21,0.0,0.0,0.0,716.97,11683.35,0.0,13440.28,3261.63,0.0,0.0,540.12,14625671.678747566
runs/CZ06/SFm&2&rDXGF&Ex&dxAC_equip/LRM AOE +15% RCA LSC R22 R410a rDXGF Measure/instance-out.sql,CZ06,SFm,2,rDXGF,Ex,dxAC_equip,,LRM AOE +15% RCA LSC R22 R410a rDXGF Measure,SFm&2&rDXGF&Ex&dxAC_equip,LRM AOE +15% RCA LSC R22 R410a rDXGF Measure,35.28,68.52,45729.73,88815.89,45729.74,11683.35,1833.04,1774.64,457.71,16701.91,0.0,1334.87,0.0,0.0,0.0,0.0,11944.21,0.0,0.0,0.0,1833.04,11683.35,0.0,13440.28,3261.63,0.0,0.0,540.12,19238126.275139876
runs/CZ06/SFm&2&rDXGF&Ex&dxAC_equip/LRM NR LSC R454b rDXGF Measure/instance-out.sql,CZ06,SFm,2,rDXGF,Ex,dxAC_equip,,LRM NR LSC R454b rDXGF Measure,SFm&2&rDXGF&Ex&dxAC_equip,LRM NR LSC R454b rDXGF Measure,35.44,69.04,45941.23,89485.69,45941.229999999996,11683.35,2044.53,1774.64,457.71,16701.91,0.0,1334.87,0.0,0.0,0.0,0.0,11944.21,0.0,0.0,0.0,2044.53,11683.35,0.0,13440.28,3261.63,0.0,0.0,540.12,20112171.797940478
runs/CZ06/SFm&2&rDXGF&Ex&dxAC_equip/LRM AOE +22.5% RCA LSC R22 R410a rDXGF Measure/instance-out.sql,CZ06,SFm,2,rDXGF,Ex,dxAC_equip,,LRM AOE +22.5% RCA LSC R22 R410a rDXGF Measure,SFm&2&rDXGF&Ex&dxAC_equip,LRM AOE +22.5% RCA LSC R22 R410a rDXGF Measure,35.02,67.7,45394.91,87755.52,45394.92,11683.35,1498.22,1774.64,457.71,16701.91,0.0,1334.87,0.0,0.0,0.0,0.0,11944.21,0.0,0.0,0.0,1498.22,11683.35,0.0,13440.28,3261.63,0.0,0.0,540.12,17854389.895801123
runs/CZ06/SFm&2&rDXGF&Ex&dxAC_equip/LRM AOE +30% RCA LSC R22 R410a rDXGF Measure/instance-out.sql,CZ06,SFm,2,rDXGF,Ex,dxAC_equip,,LRM AOE +30% RCA LSC R22 R410a rDXGF Measure,SFm&2&rDXGF&Ex&dxAC_equip,LRM AOE +30% RCA LSC R22 R410a rDXGF Measure,34.76,66.88,45060.09,86695.14,45060.1,11683.35,1163.39,1774.64,457.71,16701.91,0.0,1334.87,0.0,0.0,0.0,0.0,11944.21,0.0,0.0,0.0,1163.39,11683.35,0.0,13440.28,3261.63,0.0,0.0,540.12,16470653.517101653
runs/CZ06/SFm&2&rDXGF&Ex&dxAC_equip/LRM AOE +7.5% RCA LSC R22 R410a rDXGF Measure/instance-out.sql,CZ06,SFm,2,rDXGF,Ex,dxAC_equip,,LRM AOE +7.5% RCA LSC R22 R410a rDXGF Measure,SFm&2&rDXGF&Ex&dxAC_equip,LRM AOE +7.5% RCA LSC R22 R410a rDXGF Measure,35.54,69.34,46064.56,89876.27,46064.56,11683.35,2167.86,1774.64,457.71,16701.91,0.0,1334.87,0.0,0.0,0.0,0.0,11944.21,0.0,0.0,0.0,2167.86,11683.35,0.0,13440.28,3261.63,0.0,0.0,540.12,20621862.6533194
runs/CZ06/SFm&2&rDXGF&Ex&dxAC_equip/LRM AOE R22 R410a rDXGF Base/instance-out.sql,CZ06,SFm,2,rDXGF,Ex,dxAC_equip,,LRM AOE R22 R410a rDXGF Base,SFm&2&rDXGF&Ex&dxAC_equip,LRM AOE R22 R410a rDXGF Base,35.8,70.15,46399.38,90936.65,46399.38,11683.35,2502.68,1774.64,457.71,16701.91,0.0,1334.87,0.0,0.0,0.0,0.0,11944.21,0.0,0.0,0.0,2502.68,11683.35,0.0,13440.28,3261.63,0.0,0.0,540.12,22005599.032114368
runs/CZ06/SFm&2&rDXHP&Ex&dxHP_equip/LRM AOE +7.5% RCA LSC R22 R410a rDXHP Measure/instance-out.sql,CZ06,SFm,2,rDXHP,Ex,dxHP_equip,,LRM AOE +7.5% RCA LSC R22 R410a rDXHP Measure,SFm&2&rDXHP&Ex&dxHP_equip,LRM AOE +7.5% RCA LSC R22 R410a rDXHP Measure,29.64,69.44,38421.67,90007.68,38421.67,4228.72,2168.49,1774.64,457.71,16701.91,0.0,1145.99,0.0,0.0,0.0,0.0,11944.2,0.0,0.0,4228.72,2168.49,0.0,0.0,13440.28,3261.63,0.0,0.0,540.12,20621860.647955425
runs/CZ06/SFm&2&rDXHP&Ex&dxHP_equip/LRM AOE R22 R410a rDXHP Base/instance-out.sql,CZ06,SFm,2,rDXHP,Ex,dxHP_equip,,LRM AOE R22 R410a rDXHP Base,SFm&2&rDXHP&Ex&dxHP_equip,LRM AOE R22 R410a rDXHP Base,30.09,70.86,39005.05,91855.25,39005.05,4477.18,2503.41,1774.64,457.71,16701.91,0.0,1145.99,0.0,0.0,0.0,0.0,11944.2,0.0,0.0,4477.18,2503.41,0.0,0.0,13440.28,3261.63,0.0,0.0,540.12,22005596.786487214
runs/CZ06/SFm&2&rDXHP&Ex&dxHP_equip/LRM NR R32 R454b rDXHP Base/instance-out.sql,CZ06,SFm,2,rDXHP,Ex,dxHP_equip,,LRM NR R32 R454b rDXHP Base,SFm&2&rDXHP&Ex&dxHP_equip,LRM NR R32 R454b rDXHP Base,29.2,68.03,37844.36,88179.34,37844.36,3561.24,2258.66,1774.64,457.71,16701.91,0.0,1145.99,0.0,0.0,0.0,0.0,11944.2,0.0,0.0,3561.24,2258.66,0.0,0.0,13440.28,3261.63,0.0,0.0,540.12,20994411.182317674
runs/CZ07/SFm&1&rDXGF&Ex&dxAC_equip/LRM AOE +15% RCA LSC R22 R410a rDXGF Measure/instance-out.sql,CZ07,SFm,1,rDXGF,Ex,dxAC_equip,,LRM AOE +15% RCA LSC R22 R410a rDXGF Measure,SFm&1&rDXGF&Ex&dxAC_equip,LRM AOE +15% RCA LSC R22 R410a rDXGF Measure,39.62,73.29,30470.05,56372.05,30470.04,5267.43,529.48,1557.5,457.71,10338.53,0.0,393.25,0.0,0.0,0.0,0.0,11926.15,0.0,0.0,0.0,529.48,5267.43,0.0,8268.27,2070.26,0.0,0.0,270.12,11539600.533668078
runs/CZ06/SFm&2&rDXHP&Ex&dxHP_equip/LRM AOE +40% RCA LSC R22 R410a rDXHP Measure/instance-out.sql,CZ06,SFm,2,rDXHP,Ex,dxHP_equip,,LRM AOE +40% RCA LSC R22 R410a rDXHP Measure,SFm&2&rDXHP&Ex&dxHP_equip,LRM AOE +40% RCA LSC R22 R410a rDXHP Measure,27.69,63.26,35893.68,82001.53,35893.68,3152.04,717.18,1774.64,457.71,16701.91,0.0,1145.99,0.0,0.0,0.0,0.0,11944.2,0.0,0.0,3152.04,717.18,0.0,0.0,13440.28,3261.63,0.0,0.0,540.12,14625670.71452402
runs/CZ06/SFm&2&rDXGF&Ex&dxAC_equip/LRM NR R454b rDXGF Base/instance-out.sql,CZ06,SFm,2,rDXGF,Ex,dxAC_equip,,LRM NR R454b rDXGF Base,SFm&2&rDXGF&Ex&dxAC_equip,LRM NR R454b rDXGF Base,35.61,69.56,46154.7,90161.76,46154.7,11683.35,2258.0,1774.64,457.71,16701.91,0.0,1334.87,0.0,0.0,0.0,0.0,11944.21,0.0,0.0,0.0,2258.0,11683.35,0.0,13440.28,3261.63,0.0,0.0,540.12,20994413.252368968
runs/CZ06/SFm&2&rDXHP&Ex&dxHP_equip/LRM AOE +22.5% RCA LSC R22 R410a rDXHP Measure/instance-out.sql,CZ06,SFm,2,rDXHP,Ex,dxHP_equip,,LRM AOE +22.5% RCA LSC R22 R410a rDXHP Measure,SFm&2&rDXHP&Ex&dxHP_equip,LRM AOE +22.5% RCA LSC R22 R410a rDXHP Measure,28.74,66.59,37254.9,86312.53,37254.9,3731.79,1498.65,1774.64,457.71,16701.91,0.0,1145.99,0.0,0.0,0.0,0.0,11944.2,0.0,0.0,3731.79,1498.65,0.0,0.0,13440.28,3261.63,0.0,0.0,540.12,17854388.3709635
runs/CZ06/SFm&2&rDXHP&Ex&dxHP_equip/LRM AOE +15% RCA LSC R22 R410a rDXHP Measure/instance-out.sql,CZ06,SFm,2,rDXHP,Ex,dxHP_equip,,LRM AOE +15% RCA LSC R22 R410a rDXHP Measure,SFm&2&rDXHP&Ex&dxHP_equip,LRM AOE +15% RCA LSC R22 R410a rDXHP Measure,29.19,68.01,37838.29,88160.1,37838.28,3980.25,1833.57,1774.64,457.71,16701.91,0.0,1145.99,0.0,0.0,0.0,0.0,11944.2,0.0,0.0,3980.25,1833.57,0.0,0.0,13440.28,3261.63,0.0,0.0,540.12,19238124.510039076
runs/CZ06/SFm&2&rDXHP&Ex&dxHP_equip/LRM AOE LSC R22 R410a rDXHP Measure/instance-out.sql,CZ06,SFm,2,rDXHP,Ex,dxHP_equip,,LRM AOE LSC R22 R410a rDXHP Measure,SFm&2&rDXHP&Ex&dxHP_equip,LRM AOE LSC R22 R410a rDXHP Measure,29.77,69.86,38592.79,90549.63,38592.79,4301.6,2266.73,1774.64,457.71,16701.91,0.0,1145.99,0.0,0.0,0.0,0.0,11944.2,0.0,0.0,4301.6,2266.73,0.0,0.0,13440.28,3261.63,0.0,0.0,540.12,21027756.58316218
runs/CZ06/SFm&2&rDXHP&Ex&dxHP_equip/LRM NR LSC R32 R454b rDXHP Measure/instance-out.sql,CZ06,SFm,2,rDXHP,Ex,dxHP_equip,,LRM NR LSC R32 R454b rDXHP Measure,SFm&2&rDXHP&Ex&dxHP_equip,LRM NR LSC R32 R454b rDXHP Measure,28.92,67.16,37491.31,87061.23,37491.31,3421.72,2045.12,1774.64,457.71,16701.91,0.0,1145.99,0.0,0.0,0.0,0.0,11944.2,0.0,0.0,3421.72,2045.12,0.0,0.0,13440.28,3261.63,0.0,0.0,540.12,20112169.88107598
runs/CZ07/SFm&1&rDXGF&Ex&dxAC_equip/LRM AOE +40% RCA LSC R22 R410a rDXGF Measure/instance-out.sql,CZ07,SFm,1,rDXGF,Ex,dxAC_equip,,LRM AOE +40% RCA LSC R22 R410a rDXGF Measure,SFm&1&rDXGF&Ex&dxAC_equip,LRM AOE +40% RCA LSC R22 R410a rDXGF Measure,39.2,71.97,30147.67,55351.07,30147.66,5267.43,207.1,1557.5,457.71,10338.53,0.0,393.25,0.0,0.0,0.0,0.0,11926.15,0.0,0.0,0.0,207.1,5267.43,0.0,8268.27,2070.26,0.0,0.0,270.12,9083665.239904426
runs/CZ06/SFm&2&rDXHP&Ex&dxHP_equip/LRM AOE +30% RCA LSC R22 R410a rDXHP Measure/instance-out.sql,CZ06,SFm,2,rDXHP,Ex,dxHP_equip,,LRM AOE +30% RCA LSC R22 R410a rDXHP Measure,SFm&2&rDXHP&Ex&dxHP_equip,LRM AOE +30% RCA LSC R22 R410a rDXHP Measure,28.29,65.16,36671.52,84464.96,36671.52,3483.33,1163.73,1774.64,457.71,16701.91,0.0,1145.99,0.0,0.0,0.0,0.0,11944.2,0.0,0.0,3483.33,1163.73,0.0,0.0,13440.28,3261.63,0.0,0.0,540.12,16470652.232527202
runs/CZ07/SFm&1&rDXGF&Ex&dxAC_equip/LRM NR LSC R454b rDXGF Measure/instance-out.sql,CZ07,SFm,1,rDXGF,Ex,dxAC_equip,,LRM NR LSC R454b rDXGF Measure,SFm&1&rDXGF&Ex&dxAC_equip,LRM NR LSC R454b rDXGF Measure,39.7,73.55,30531.14,56565.52,30531.13,5267.43,590.57,1557.5,457.71,10338.53,0.0,393.25,0.0,0.0,0.0,0.0,11926.15,0.0,0.0,0.0,590.57,5267.43,0.0,8268.27,2070.26,0.0,0.0,270.12,12004992.48559777
runs/CZ07/SFm&1&rDXGF&Ex&dxAC_equip/LRM AOE +22.5% RCA LSC R22 R410a rDXGF Measure/instance-out.sql,CZ07,SFm,1,rDXGF,Ex,dxAC_equip,,LRM AOE +22.5% RCA LSC R22 R410a rDXGF Measure,SFm&1&rDXGF&Ex&dxAC_equip,LRM AOE +22.5% RCA LSC R22 R410a rDXGF Measure,39.49,72.9,30373.33,56065.76,30373.329999999998,5267.43,432.76,1557.5,457.71,10338.53,0.0,393.25,0.0,0.0,0.0,0.0,11926.15,0.0,0.0,0.0,432.76,5267.43,0.0,8268.27,2070.26,0.0,0.0,270.12,10802819.945314785
runs/CZ07/SFm&1&rDXHP&Ex&dxHP_equip/LRM AOE +15% RCA LSC R22 R410a rDXHP Measure/instance-out.sql,CZ07,SFm,1,rDXHP,Ex,dxHP_equip,,LRM AOE +15% RCA LSC R22 R410a rDXHP Measure,SFm&1&rDXHP&Ex&dxHP_equip,LRM AOE +15% RCA LSC R22 R410a rDXHP Measure,34.96,72.81,26887.33,55996.67,26887.33,1737.77,531.05,1557.5,457.71,10338.53,0.0,338.15,0.0,0.0,0.0,0.0,11926.62,0.0,0.0,1737.77,531.05,0.0,0.0,8268.27,2070.26,0.0,0.0,270.12,11322922.748408519
runs/CZ07/SFm&1&rDXGF&Ex&dxAC_equip/LRM AOE +30% RCA LSC R22 R410a rDXGF Measure/instance-out.sql,CZ07,SFm,1,rDXGF,Ex,dxAC_equip,,LRM AOE +30% RCA LSC R22 R410a rDXGF Measure,SFm&1&rDXGF&Ex&dxAC_equip,LRM AOE +30% RCA LSC R22 R410a rDXGF Measure,39.37,72.5,30276.62,55759.46,30276.61,5267.43,336.05,1557.5,457.71,10338.53,0.0,393.25,0.0,0.0,0.0,0.0,11926.15,0.0,0.0,0.0,336.05,5267.43,0.0,8268.27,2070.26,0.0,0.0,270.12,10066039.357301883
runs/CZ07/SFm&1&rDXGF&Ex&dxAC_equip/LRM AOE R22 R410a rDXGF Base/instance-out.sql,CZ07,SFm,1,rDXGF,Ex,dxAC_equip,,LRM AOE R22 R410a rDXGF Base,SFm&1&rDXGF&Ex&dxAC_equip,LRM AOE R22 R410a rDXGF Base,39.87,74.09,30663.47,56984.64,30663.469999999998,5267.43,722.91,1557.5,457.71,10338.53,0.0,393.25,0.0,0.0,0.0,0.0,11926.15,0.0,0.0,0.0,722.91,5267.43,0.0,8268.27,2070.26,0.0,0.0,270.12,13013161.709467879
runs/CZ07/SFm&1&rDXGF&Ex&dxAC_equip/LRM AOE +7.5% RCA LSC R22 R410a rDXGF Measure/instance-out.sql,CZ07,SFm,1,rDXGF,Ex,dxAC_equip,,LRM AOE +7.5% RCA LSC R22 R410a rDXGF Measure,SFm&1&rDXGF&Ex&dxAC_equip,LRM AOE +7.5% RCA LSC R22 R410a rDXGF Measure,39.74,73.69,30566.76,56678.34,30566.76,5267.43,626.19,1557.5,457.71,10338.53,0.0,393.25,0.0,0.0,0.0,0.0,11926.15,0.0,0.0,0.0,626.19,5267.43,0.0,8268.27,2070.26,0.0,0.0,270.12,12276381.12140413
runs/CZ07/SFm&1&rDXHP&Ex&dxHP_equip/LRM AOE +7.5% RCA LSC R22 R410a rDXHP Measure/instance-out.sql,CZ07,SFm,1,rDXHP,Ex,dxHP_equip,,LRM AOE +7.5% RCA LSC R22 R410a rDXHP Measure,SFm&1&rDXHP&Ex&dxHP_equip,LRM AOE +7.5% RCA LSC R22 R410a rDXHP Measure,35.22,73.65,27092.33,56645.91,27092.33,1845.77,628.06,1557.5,457.71,10338.53,0.0,338.15,0.0,0.0,0.0,0.0,11926.62,0.0,0.0,1845.77,628.06,0.0,0.0,8268.27,2070.26,0.0,0.0,270.12,12063034.79925757
runs/CZ07/SFm&1&rDXHP&Ex&dxHP_equip/LRM AOE R22 R410a rDXHP Base/instance-out.sql,CZ07,SFm,1,rDXHP,Ex,dxHP_equip,,LRM AOE R22 R410a rDXHP Base,SFm&1&rDXHP&Ex&dxHP_equip,LRM AOE R22 R410a rDXHP Base,35.49,74.49,27297.33,57295.15,27297.33,1953.77,725.06,1557.5,457.71,10338.53,0.0,338.15,0.0,0.0,0.0,0.0,11926.62,0.0,0.0,1953.77,725.06,0.0,0.0,8268.27,2070.26,0.0,0.0,270.12,12803146.850435805
runs/CZ07/SFm&1&rDXHP&Ex&dxHP_equip/LRM NR R32 R454b rDXHP Base/instance-out.sql,CZ07,SFm,1,rDXHP,Ex,dxHP_equip,,LRM NR R32 R454b rDXHP Base,SFm&1&rDXHP&Ex&dxHP_equip,LRM NR R32 R454b rDXHP Base,34.88,72.56,26828.31,55809.76,26828.309999999998,1555.63,654.17,1557.5,457.71,10338.53,0.0,338.15,0.0,0.0,0.0,0.0,11926.62,0.0,0.0,1555.63,654.17,0.0,0.0,8268.27,2070.26,0.0,0.0,270.12,12262299.046592295
runs/CZ07/SFm&1&rDXHP&Ex&dxHP_equip/LRM AOE LSC R22 R410a rDXHP Measure/instance-out.sql,CZ07,SFm,1,rDXHP,Ex,dxHP_equip,,LRM AOE LSC R22 R410a rDXHP Measure,SFm&1&rDXHP&Ex&dxHP_equip,LRM AOE LSC R22 R410a rDXHP Measure,35.3,73.9,27152.46,56836.35,27152.46,1877.45,656.51,1557.5,457.71,10338.53,0.0,338.15,0.0,0.0,0.0,0.0,11926.62,0.0,0.0,1877.45,656.51,0.0,0.0,8268.27,2070.26,0.0,0.0,270.12,12280134.334931713
runs/CZ07/SFm&1&rDXGF&Ex&dxAC_equip/LRM NR R454b rDXGF Base/instance-out.sql,CZ07,SFm,1,rDXGF,Ex,dxAC_equip,,LRM NR R454b rDXGF Base,SFm&1&rDXGF&Ex&dxAC_equip,LRM NR R454b rDXGF Base,39.78,73.8,30592.8,56760.81,30592.8,5267.43,652.23,1557.5,457.71,10338.53,0.0,393.25,0.0,0.0,0.0,0.0,11926.15,0.0,0.0,0.0,652.23,5267.43,0.0,8268.27,2070.26,0.0,0.0,270.12,12474748.421460431
runs/CZ07/SFm&1&rDXHP&Ex&dxHP_equip/LRM AOE +22.5% RCA LSC R22 R410a rDXHP Measure/instance-out.sql,CZ07,SFm,1,rDXHP,Ex,dxHP_equip,,LRM AOE +22.5% RCA LSC R22 R410a rDXHP Measure,SFm&1&rDXHP&Ex&dxHP_equip,LRM AOE +22.5% RCA LSC R22 R410a rDXHP Measure,34.69,71.96,26682.33,55347.42,26682.33,1629.77,434.05,1557.5,457.71,10338.53,0.0,338.15,0.0,0.0,0.0,0.0,11926.62,0.0,0.0,1629.77,434.05,0.0,0.0,8268.27,2070.26,0.0,0.0,270.12,10582810.696939435
runs/CZ07/SFm&1&rDXGF&Ex&dxAC_equip/LRM AOE LSC R22 R410a rDXGF Measure/instance-out.sql,CZ07,SFm,1,rDXGF,Ex,dxAC_equip,,LRM AOE LSC R22 R410a rDXGF Measure,SFm&1&rDXGF&Ex&dxAC_equip,LRM AOE LSC R22 R410a rDXGF Measure,39.78,73.81,30595.13,56768.19,30595.13,5267.43,654.56,1557.5,457.71,10338.53,0.0,393.25,0.0,0.0,0.0,0.0,11926.15,0.0,0.0,0.0,654.56,5267.43,0.0,8268.27,2070.26,0.0,0.0,270.12,12492503.427895043
runs/CZ07/SFm&1&rDXHP&Ex&dxHP_equip/LRM AOE +40% RCA LSC R22 R410a rDXHP Measure/instance-out.sql,CZ07,SFm,1,rDXHP,Ex,dxHP_equip,,LRM AOE +40% RCA LSC R22 R410a rDXHP Measure,SFm&1&rDXHP&Ex&dxHP_equip,LRM AOE +40% RCA LSC R22 R410a rDXHP Measure,34.07,69.99,26203.99,53832.52,26203.989999999998,1377.76,207.71,1557.5,457.71,10338.53,0.0,338.15,0.0,0.0,0.0,0.0,11926.62,0.0,0.0,1377.76,207.71,0.0,0.0,8268.27,2070.26,0.0,0.0,270.12,8855882.577595606
runs/CZ07/SFm&1&rDXHP&Ex&dxHP_equip/LRM NR LSC R32 R454b rDXHP Measure/instance-out.sql,CZ07,SFm,1,rDXHP,Ex,dxHP_equip,,LRM NR LSC R32 R454b rDXHP Measure,SFm&1&rDXHP&Ex&dxHP_equip,LRM NR LSC R32 R454b rDXHP Measure,34.72,72.06,26705.82,55421.84,26705.82,1494.99,592.33,1557.5,457.71,10338.53,0.0,338.15,0.0,0.0,0.0,0.0,11926.62,0.0,0.0,1494.99,592.33,0.0,0.0,8268.27,2070.26,0.0,0.0,270.12,11790419.039332412
runs/CZ07/SFm&2&rDXGF&Ex&dxAC_equip/LRM AOE +40% RCA LSC R22 R410a rDXGF Measure/instance-out.sql,CZ07,SFm,2,rDXGF,Ex,dxAC_equip,,LRM AOE +40% RCA LSC R22 R410a rDXGF Measure,SFm&2&rDXGF&Ex&dxAC_equip,LRM AOE +40% RCA LSC R22 R410a rDXGF Measure,32.82,62.91,42540.13,81542.19,42540.130000000005,10352.11,491.95,1774.64,457.71,16701.91,0.0,843.91,0.0,0.0,0.0,0.0,11917.9,0.0,0.0,0.0,491.95,10352.11,0.0,13440.28,3261.63,0.0,0.0,540.12,15689016.358279178
runs/CZ07/SFm&2&rDXGF&Ex&dxAC_equip/LRM AOE R22 R410a rDXGF Base/instance-out.sql,CZ07,SFm,2,rDXGF,Ex,dxAC_equip,,LRM AOE R22 R410a rDXGF Base,SFm&2&rDXGF&Ex&dxAC_equip,LRM AOE R22 R410a rDXGF Base,33.76,65.9,43765.39,85422.6,43765.39,10352.11,1717.21,1774.64,457.71,16701.91,0.0,843.91,0.0,0.0,0.0,0.0,11917.9,0.0,0.0,0.0,1717.21,10352.11,0.0,13440.28,3261.63,0.0,0.0,540.12,24429308.556093317
runs/CZ07/SFm&1&rDXHP&Ex&dxHP_equip/LRM AOE +30% RCA LSC R22 R410a rDXHP Measure/instance-out.sql,CZ07,SFm,1,rDXHP,Ex,dxHP_equip,,LRM AOE +30% RCA LSC R22 R410a rDXHP Measure,SFm&1&rDXHP&Ex&dxHP_equip,LRM AOE +30% RCA LSC R22 R410a rDXHP Measure,34.43,71.12,26477.32,54698.18,26477.32,1521.77,337.05,1557.5,457.71,10338.53,0.0,338.15,0.0,0.0,0.0,0.0,11926.62,0.0,0.0,1521.77,337.05,0.0,0.0,8268.27,2070.26,0.0,0.0,270.12,9842698.64581228
runs/CZ07/SFm&2&rDXGF&Ex&dxAC_equip/LRM AOE +15% RCA LSC R22 R410a rDXGF Measure/instance-out.sql,CZ07,SFm,2,rDXGF,Ex,dxAC_equip,,LRM AOE +15% RCA LSC R22 R410a rDXGF Measure,SFm&2&rDXGF&Ex&dxAC_equip,LRM AOE +15% RCA LSC R22 R410a rDXGF Measure,33.41,64.78,43305.92,83967.44,43305.92,10352.11,1257.73,1774.64,457.71,16701.91,0.0,843.91,0.0,0.0,0.0,0.0,11917.9,0.0,0.0,0.0,1257.73,10352.11,0.0,13440.28,3261.63,0.0,0.0,540.12,21151698.982550256
runs/CZ07/SFm&2&rDXGF&Ex&dxAC_equip/LRM AOE +22.5% RCA LSC R22 R410a rDXGF Measure/instance-out.sql,CZ07,SFm,2,rDXGF,Ex,dxAC_equip,,LRM AOE +22.5% RCA LSC R22 R410a rDXGF Measure,SFm&2&rDXGF&Ex&dxAC_equip,LRM AOE +22.5% RCA LSC R22 R410a rDXGF Measure,33.23,64.22,43076.18,83239.87,43076.18,10352.11,1028.0,1774.64,457.71,16701.91,0.0,843.91,0.0,0.0,0.0,0.0,11917.9,0.0,0.0,0.0,1028.0,10352.11,0.0,13440.28,3261.63,0.0,0.0,540.12,19512894.19477026
runs/CZ07/SFm&2&rDXGF&Ex&dxAC_equip/LRM NR R454b rDXGF Base/instance-out.sql,CZ07,SFm,2,rDXGF,Ex,dxAC_equip,,LRM NR R454b rDXGF Base,SFm&2&rDXGF&Ex&dxAC_equip,LRM NR R454b rDXGF Base,33.63,65.49,43597.51,84890.91,43597.509999999995,10352.11,1549.32,1774.64,457.71,16701.91,0.0,843.91,0.0,0.0,0.0,0.0,11917.9,0.0,0.0,0.0,1549.32,10352.11,0.0,13440.28,3261.63,0.0,0.0,540.12,23231727.772697486
runs/CZ07/SFm&2&rDXGF&Ex&dxAC_equip/LRM AOE +7.5% RCA LSC R22 R410a rDXGF Measure/instance-out.sql,CZ07,SFm,2,rDXGF,Ex,dxAC_equip,,LRM AOE +7.5% RCA LSC R22 R410a rDXGF Measure,SFm&2&rDXGF&Ex&dxAC_equip,LRM AOE +7.5% RCA LSC R22 R410a rDXGF Measure,33.59,65.34,43535.66,84695.02,43535.66,10352.11,1487.47,1774.64,457.71,16701.91,0.0,843.91,0.0,0.0,0.0,0.0,11917.9,0.0,0.0,0.0,1487.47,10352.11,0.0,13440.28,3261.63,0.0,0.0,540.12,22790503.76895734
runs/CZ07/SFm&2&rDXHP&Ex&dxHP_equip/LRM AOE +22.5% RCA LSC R22 R410a rDXHP Measure/instance-out.sql,CZ07,SFm,2,rDXHP,Ex,dxHP_equip,,LRM AOE +22.5% RCA LSC R22 R410a rDXHP Measure,SFm&2&rDXHP&Ex&dxHP_equip,LRM AOE +22.5% RCA LSC R22 R410a rDXHP Measure,27.67,63.25,35872.11,81987.62,35872.11,3274.15,1021.61,1774.64,457.71,16701.91,0.0,724.0,0.0,0.0,0.0,0.0,11918.08,0.0,0.0,3274.15,1021.61,0.0,0.0,13440.28,3261.63,0.0,0.0,540.12,18989387.429439988
runs/CZ07/SFm&2&rDXGF&Ex&dxAC_equip/LRM AOE LSC R22 R410a rDXGF Measure/instance-out.sql,CZ07,SFm,2,rDXGF,Ex,dxAC_equip,,LRM AOE LSC R22 R410a rDXGF Measure,SFm&2&rDXGF&Ex&dxAC_equip,LRM AOE LSC R22 R410a rDXGF Measure,33.64,65.5,43603.05,84908.44,43603.05,10352.11,1554.86,1774.64,457.71,16701.91,0.0,843.91,0.0,0.0,0.0,0.0,11917.9,0.0,0.0,0.0,1554.86,10352.11,0.0,13440.28,3261.63,0.0,0.0,540.12,23271219.841316093
runs/CZ07/SFm&2&rDXHP&Ex&dxHP_equip/LRM AOE R22 R410a rDXHP Base/instance-out.sql,CZ07,SFm,2,rDXHP,Ex,dxHP_equip,,LRM AOE R22 R410a rDXHP Base,SFm&2&rDXHP&Ex&dxHP_equip,LRM AOE R22 R410a rDXHP Base,28.71,66.52,37211.08,86228.16,37211.08,3928.2,1706.54,1774.64,457.71,16701.91,0.0,724.0,0.0,0.0,0.0,0.0,11918.08,0.0,0.0,3928.2,1706.54,0.0,0.0,13440.28,3261.63,0.0,0.0,540.12,23910556.22588615
runs/CZ07/SFm&2&rDXGF&Ex&dxAC_equip/LRM AOE +30% RCA LSC R22 R410a rDXGF Measure/instance-out.sql,CZ07,SFm,2,rDXGF,Ex,dxAC_equip,,LRM AOE +30% RCA LSC R22 R410a rDXGF Measure,SFm&2&rDXGF&Ex&dxAC_equip,LRM AOE +30% RCA LSC R22 R410a rDXGF Measure,33.05,63.66,42846.45,82512.29,42846.45,10352.11,798.26,1774.64,457.71,16701.91,0.0,843.91,0.0,0.0,0.0,0.0,11917.9,0.0,0.0,0.0,798.26,10352.11,0.0,13440.28,3261.63,0.0,0.0,540.12,17874089.407747384
runs/CZ07/SFm&2&rDXGF&Ex&dxAC_equip/LRM NR LSC R454b rDXGF Measure/instance-out.sql,CZ07,SFm,2,rDXGF,Ex,dxAC_equip,,LRM NR LSC R454b rDXGF Measure,SFm&2&rDXGF&Ex&dxAC_equip,LRM NR LSC R454b rDXGF Measure,33.52,65.13,43451.04,84427.02,43451.03,10352.11,1402.85,1774.64,457.71,16701.91,0.0,843.91,0.0,0.0,0.0,0.0,11917.9,0.0,0.0,0.0,1402.85,10352.11,0.0,13440.28,3261.63,0.0,0.0,540.12,22186860.021091282
runs/CZ07/SFm&2&rDXHP&Ex&dxHP_equip/LRM AOE LSC R22 R410a rDXHP Measure/instance-out.sql,CZ07,SFm,2,rDXHP,Ex,dxHP_equip,,LRM AOE LSC R22 R410a rDXHP Measure,SFm&2&rDXHP&Ex&dxHP_equip,LRM AOE LSC R22 R410a rDXHP Measure,28.46,65.75,36895.68,85229.28,36895.68,3774.13,1545.2,1774.64,457.71,16701.91,0.0,724.0,0.0,0.0,0.0,0.0,11918.08,0.0,0.0,3774.13,1545.2,0.0,0.0,13440.28,3261.63,0.0,0.0,540.12,22751347.57750355
runs/CZ07/SFm&2&rDXHP&Ex&dxHP_equip/LRM AOE +30% RCA LSC R22 R410a rDXHP Measure/instance-out.sql,CZ07,SFm,2,rDXHP,Ex,dxHP_equip,,LRM AOE +30% RCA LSC R22 R410a rDXHP Measure,SFm&2&rDXHP&Ex&dxHP_equip,LRM AOE +30% RCA LSC R22 R410a rDXHP Measure,27.33,62.16,35425.78,80574.11,35425.78,3056.13,793.3,1774.64,457.71,16701.91,0.0,724.0,0.0,0.0,0.0,0.0,11918.08,0.0,0.0,3056.13,793.3,0.0,0.0,13440.28,3261.63,0.0,0.0,540.12,17348997.83070949
runs/CZ07/SFm&2&rDXHP&Ex&dxHP_equip/LRM NR LSC R32 R454b rDXHP Measure/instance-out.sql,CZ07,SFm,2,rDXHP,Ex,dxHP_equip,,LRM NR LSC R32 R454b rDXHP Measure,SFm&2&rDXHP&Ex&dxHP_equip,LRM NR LSC R32 R454b rDXHP Measure,27.75,63.5,35972.56,82305.76,35972.56,3002.08,1394.13,1774.64,457.71,16701.91,0.0,724.0,0.0,0.0,0.0,0.0,11918.08,0.0,0.0,3002.08,1394.13,0.0,0.0,13440.28,3261.63,0.0,0.0,540.12,21665939.123450004
runs/CZ07/SFm&2&rDXHP&Ex&dxHP_equip/LRM AOE +40% RCA LSC R22 R410a rDXHP Measure/instance-out.sql,CZ07,SFm,2,rDXHP,Ex,dxHP_equip,,LRM AOE +40% RCA LSC R22 R410a rDXHP Measure,SFm&2&rDXHP&Ex&dxHP_equip,LRM AOE +40% RCA LSC R22 R410a rDXHP Measure,26.87,60.71,34830.68,78689.43,34830.68,2765.44,488.89,1774.64,457.71,16701.91,0.0,724.0,0.0,0.0,0.0,0.0,11918.08,0.0,0.0,2765.44,488.89,0.0,0.0,13440.28,3261.63,0.0,0.0,540.12,15161811.698964357
runs/CZ07/SFm&2&rDXHP&Ex&dxHP_equip/LRM AOE +15% RCA LSC R22 R410a rDXHP Measure/instance-out.sql,CZ07,SFm,2,rDXHP,Ex,dxHP_equip,,LRM AOE +15% RCA LSC R22 R410a rDXHP Measure,SFm&2&rDXHP&Ex&dxHP_equip,LRM AOE +15% RCA LSC R22 R410a rDXHP Measure,28.02,64.34,36318.43,83401.14,36318.43,3492.16,1249.92,1774.64,457.71,16701.91,0.0,724.0,0.0,0.0,0.0,0.0,11918.08,0.0,0.0,3492.16,1249.92,0.0,0.0,13440.28,3261.63,0.0,0.0,540.12,20629777.02892834
runs/CZ07/SFm&2&rDXHP&Ex&dxHP_equip/LRM NR R32 R454b rDXHP Base/instance-out.sql,CZ07,SFm,2,rDXHP,Ex,dxHP_equip,,LRM NR R32 R454b rDXHP Base,SFm&2&rDXHP&Ex&dxHP_equip,LRM NR R32 R454b rDXHP Base,27.96,64.15,36240.54,83154.45,36240.54,3124.49,1539.7,1774.64,457.71,16701.91,0.0,724.0,0.0,0.0,0.0,0.0,11918.08,0.0,0.0,3124.49,1539.7,0.0,0.0,13440.28,3261.63,0.0,0.0,540.12,22711817.317946523
runs/CZ07/SFm&2&rDXHP&Ex&dxHP_equip/LRM AOE +7.5% RCA LSC R22 R410a rDXHP Measure/instance-out.sql,CZ07,SFm,2,rDXHP,Ex,dxHP_equip,,LRM AOE +7.5% RCA LSC R22 R410a rDXHP Measure,SFm&2&rDXHP&Ex&dxHP_equip,LRM AOE +7.5% RCA LSC R22 R410a rDXHP Measure,28.36,65.43,36764.76,84814.65,36764.759999999995,3710.18,1478.23,1774.64,457.71,16701.91,0.0,724.0,0.0,0.0,0.0,0.0,11918.08,0.0,0.0,3710.18,1478.23,0.0,0.0,13440.28,3261.63,0.0,0.0,540.12,22270166.627042446
runs/CZ08/SFm&1&rDXGF&Ex&dxAC_equip/LRM AOE LSC R22 R410a rDXGF Measure/instance-out.sql,CZ08,SFm,1,rDXGF,Ex,dxAC_equip,,LRM AOE LSC R22 R410a rDXGF Measure,SFm&1&rDXGF&Ex&dxAC_equip,LRM AOE LSC R22 R410a rDXGF Measure,42.22,80.74,32470.25,62095.96,32470.25,5631.0,1909.78,1557.5,457.71,10338.53,0.0,719.95,0.0,0.0,0.0,0.0,11855.78,0.0,0.0,0.0,1909.78,5631.0,0.0,8268.27,2070.26,0.0,0.0,270.12,21674626.990895957
runs/CZ08/SFm&1&rDXGF&Ex&dxAC_equip/LRM AOE R22 R410a rDXGF Base/instance-out.sql,CZ08,SFm,1,rDXGF,Ex,dxAC_equip,,LRM AOE R22 R410a rDXGF Base,SFm&1&rDXGF&Ex&dxAC_equip,LRM AOE R22 R410a rDXGF Base,42.48,81.56,32669.66,62727.47,32669.66,5631.0,2109.18,1557.5,457.71,10338.53,0.0,719.95,0.0,0.0,0.0,0.0,11855.78,0.0,0.0,0.0,2109.18,5631.0,0.0,8268.27,2070.26,0.0,0.0,270.12,22992810.062096715
runs/CZ08/SFm&1&rDXGF&Ex&dxAC_equip/LRM AOE +22.5% RCA LSC R22 R410a rDXGF Measure/instance-out.sql,CZ08,SFm,1,rDXGF,Ex,dxAC_equip,,LRM AOE +22.5% RCA LSC R22 R410a rDXGF Measure,SFm&1&rDXGF&Ex&dxAC_equip,LRM AOE +22.5% RCA LSC R22 R410a rDXGF Measure,41.38,78.07,31823.13,60046.51,31823.13,5631.0,1262.65,1557.5,457.71,10338.53,0.0,719.95,0.0,0.0,0.0,0.0,11855.78,0.0,0.0,0.0,1262.65,5631.0,0.0,8268.27,2070.26,0.0,0.0,270.12,17396749.8471839
runs/CZ08/SFm&1&rDXGF&Ex&dxAC_equip/LRM AOE +15% RCA LSC R22 R410a rDXGF Measure/instance-out.sql,CZ08,SFm,1,rDXGF,Ex,dxAC_equip,,LRM AOE +15% RCA LSC R22 R410a rDXGF Measure,SFm&1&rDXGF&Ex&dxAC_equip,LRM AOE +15% RCA LSC R22 R410a rDXGF Measure,41.74,79.23,32105.31,60940.17,32105.31,5631.0,1544.83,1557.5,457.71,10338.53,0.0,719.95,0.0,0.0,0.0,0.0,11855.78,0.0,0.0,0.0,1544.83,5631.0,0.0,8268.27,2070.26,0.0,0.0,270.12,19262103.252920095
runs/CZ08/SFm&1&rDXGF&Ex&dxAC_equip/LRM AOE +40% RCA LSC R22 R410a rDXGF Measure/instance-out.sql,CZ08,SFm,1,rDXGF,Ex,dxAC_equip,,LRM AOE +40% RCA LSC R22 R410a rDXGF Measure,SFm&1&rDXGF&Ex&dxAC_equip,LRM AOE +40% RCA LSC R22 R410a rDXGF Measure,40.52,75.36,31164.72,57961.32,31164.719999999998,5631.0,604.24,1557.5,457.71,10338.53,0.0,719.95,0.0,0.0,0.0,0.0,11855.78,0.0,0.0,0.0,604.24,5631.0,0.0,8268.27,2070.26,0.0,0.0,270.12,13044258.569024835
runs/CZ08/SFm&1&rDXGF&Ex&dxAC_equip/LRM AOE +7.5% RCA LSC R22 R410a rDXGF Measure/instance-out.sql,CZ08,SFm,1,rDXGF,Ex,dxAC_equip,,LRM AOE +7.5% RCA LSC R22 R410a rDXGF Measure,SFm&1&rDXGF&Ex&dxAC_equip,LRM AOE +7.5% RCA LSC R22 R410a rDXGF Measure,42.11,80.4,32387.48,61833.82,32387.48,5631.0,1827.0,1557.5,457.71,10338.53,0.0,719.95,0.0,0.0,0.0,0.0,11855.78,0.0,0.0,0.0,1827.0,5631.0,0.0,8268.27,2070.26,0.0,0.0,270.12,21127456.657093577
runs/CZ08/SFm&1&rDXHP&Ex&dxHP_equip/LRM AOE LSC R22 R410a rDXHP Measure/instance-out.sql,CZ08,SFm,1,rDXHP,Ex,dxHP_equip,,LRM AOE LSC R22 R410a rDXHP Measure,SFm&1&rDXHP&Ex&dxHP_equip,LRM AOE LSC R22 R410a rDXHP Measure,37.33,80.51,28711.05,61921.14,28711.059999999998,1999.53,1898.48,1557.5,457.71,10338.53,0.0,604.1,0.0,0.0,0.0,0.0,11855.21,0.0,0.0,1999.53,1898.48,0.0,0.0,8268.27,2070.26,0.0,0.0,270.12,20976020.13957069
runs/CZ08/SFm&1&rDXGF&Ex&dxAC_equip/LRM AOE +30% RCA LSC R22 R410a rDXGF Measure/instance-out.sql,CZ08,SFm,1,rDXGF,Ex,dxAC_equip,,LRM AOE +30% RCA LSC R22 R410a rDXGF Measure,SFm&1&rDXGF&Ex&dxAC_equip,LRM AOE +30% RCA LSC R22 R410a rDXGF Measure,41.01,76.91,31540.95,59152.86,31540.95,5631.0,980.47,1557.5,457.71,10338.53,0.0,719.95,0.0,0.0,0.0,0.0,11855.78,0.0,0.0,0.0,980.47,5631.0,0.0,8268.27,2070.26,0.0,0.0,270.12,15531396.442309499
runs/CZ08/SFm&1&rDXHP&Ex&dxHP_equip/LRM AOE +40% RCA LSC R22 R410a rDXHP Measure/instance-out.sql,CZ08,SFm,1,rDXHP,Ex,dxHP_equip,,LRM AOE +40% RCA LSC R22 R410a rDXHP Measure,SFm&1&rDXHP&Ex&dxHP_equip,LRM AOE +40% RCA LSC R22 R410a rDXHP Measure,34.97,73.02,26892.82,56162.78,26892.82,1479.1,600.66,1557.5,457.71,10338.53,0.0,604.1,0.0,0.0,0.0,0.0,11855.21,0.0,0.0,1479.1,600.66,0.0,0.0,8268.27,2070.26,0.0,0.0,270.12,12457955.897578616
runs/CZ08/SFm&1&rDXGF&Ex&dxAC_equip/LRM NR R454b rDXGF Base/instance-out.sql,CZ08,SFm,1,rDXGF,Ex,dxAC_equip,,LRM NR R454b rDXGF Base,SFm&1&rDXGF&Ex&dxAC_equip,LRM NR R454b rDXGF Base,42.21,80.71,32463.45,62074.42,32463.45,5631.0,1902.98,1557.5,457.71,10338.53,0.0,719.95,0.0,0.0,0.0,0.0,11855.78,0.0,0.0,0.0,1902.98,5631.0,0.0,8268.27,2070.26,0.0,0.0,270.12,21629675.53282933
runs/CZ08/SFm&1&rDXGF&Ex&dxAC_equip/LRM NR LSC R454b rDXGF Measure/instance-out.sql,CZ08,SFm,1,rDXGF,Ex,dxAC_equip,,LRM NR LSC R454b rDXGF Measure,SFm&1&rDXGF&Ex&dxAC_equip,LRM NR LSC R454b rDXGF Measure,41.97,79.97,32283.55,61504.65,32283.539999999997,5631.0,1723.07,1557.5,457.71,10338.53,0.0,719.95,0.0,0.0,0.0,0.0,11855.78,0.0,0.0,0.0,1723.07,5631.0,0.0,8268.27,2070.26,0.0,0.0,270.12,20440365.107612167
runs/CZ08/SFm&1&rDXHP&Ex&dxHP_equip/LRM AOE +30% RCA LSC R22 R410a rDXHP Measure/instance-out.sql,CZ08,SFm,1,rDXHP,Ex,dxHP_equip,,LRM AOE +30% RCA LSC R22 R410a rDXHP Measure,SFm&1&rDXHP&Ex&dxHP_equip,LRM AOE +30% RCA LSC R22 R410a rDXHP Measure,35.65,75.18,27416.81,57822.25,27416.809999999998,1629.08,974.67,1557.5,457.71,10338.53,0.0,604.1,0.0,0.0,0.0,0.0,11855.21,0.0,0.0,1629.08,974.67,0.0,0.0,8268.27,2070.26,0.0,0.0,270.12,14912729.453901157
runs/CZ08/SFm&1&rDXHP&Ex&dxHP_equip/LRM AOE +7.5% RCA LSC R22 R410a rDXHP Measure/instance-out.sql,CZ08,SFm,1,rDXHP,Ex,dxHP_equip,,LRM AOE +7.5% RCA LSC R22 R410a rDXHP Measure,SFm&1&rDXHP&Ex&dxHP_equip,LRM AOE +7.5% RCA LSC R22 R410a rDXHP Measure,37.18,80.03,28595.78,61556.05,28595.78,1966.53,1816.19,1557.5,457.71,10338.53,0.0,604.1,0.0,0.0,0.0,0.0,11855.21,0.0,0.0,1966.53,1816.19,0.0,0.0,8268.27,2070.26,0.0,0.0,270.12,20435969.955521837
runs/CZ08/SFm&1&rDXHP&Ex&dxHP_equip/LRM AOE R22 R410a rDXHP Base/instance-out.sql,CZ08,SFm,1,rDXHP,Ex,dxHP_equip,,LRM AOE R22 R410a rDXHP Base,SFm&1&rDXHP&Ex&dxHP_equip,LRM AOE R22 R410a rDXHP Base,37.69,81.65,28988.77,62800.65,28988.77,2079.01,2096.7,1557.5,457.71,10338.53,0.0,604.1,0.0,0.0,0.0,0.0,11855.21,0.0,0.0,2079.01,2096.7,0.0,0.0,8268.27,2070.26,0.0,0.0,270.12,22277050.12280286
runs/CZ08/SFm&1&rDXHP&Ex&dxHP_equip/LRM NR R32 R454b rDXHP Base/instance-out.sql,CZ08,SFm,1,rDXHP,Ex,dxHP_equip,,LRM NR R32 R454b rDXHP Base,SFm&1&rDXHP&Ex&dxHP_equip,LRM NR R32 R454b rDXHP Base,36.88,79.1,28369.12,60838.23,28369.12,1664.35,1891.72,1557.5,457.71,10338.53,0.0,604.1,0.0,0.0,0.0,0.0,11855.21,0.0,0.0,1664.35,1891.72,0.0,0.0,8268.27,2070.26,0.0,0.0,270.12,20931653.62022113
runs/CZ08/SFm&1&rDXHP&Ex&dxHP_equip/LRM AOE +22.5% RCA LSC R22 R410a rDXHP Measure/instance-out.sql,CZ08,SFm,1,rDXHP,Ex,dxHP_equip,,LRM AOE +22.5% RCA LSC R22 R410a rDXHP Measure,SFm&1&rDXHP&Ex&dxHP_equip,LRM AOE +22.5% RCA LSC R22 R410a rDXHP Measure,36.16,76.8,27809.8,59066.85,27809.8,1741.56,1255.18,1557.5,457.71,10338.53,0.0,604.1,0.0,0.0,0.0,0.0,11855.21,0.0,0.0,1741.56,1255.18,0.0,0.0,8268.27,2070.26,0.0,0.0,270.12,16753809.621055124
runs/CZ08/SFm&1&rDXHP&Ex&dxHP_equip/LRM AOE +15% RCA LSC R22 R410a rDXHP Measure/instance-out.sql,CZ08,SFm,1,rDXHP,Ex,dxHP_equip,,LRM AOE +15% RCA LSC R22 R410a rDXHP Measure,SFm&1&rDXHP&Ex&dxHP_equip,LRM AOE +15% RCA LSC R22 R410a rDXHP Measure,36.67,78.42,28202.79,60311.45,28202.79,1854.05,1535.69,1557.5,457.71,10338.53,0.0,604.1,0.0,0.0,0.0,0.0,11855.21,0.0,0.0,1854.05,1535.69,0.0,0.0,8268.27,2070.26,0.0,0.0,270.12,18594889.78905967
runs/CZ08/SFm&2&rDXGF&Ex&dxAC_equip/LRM AOE +7.5% RCA LSC R22 R410a rDXGF Measure/instance-out.sql,CZ08,SFm,2,rDXGF,Ex,dxAC_equip,,LRM AOE +7.5% RCA LSC R22 R410a rDXGF Measure,SFm&2&rDXGF&Ex&dxAC_equip,LRM AOE +7.5% RCA LSC R22 R410a rDXGF Measure,36.88,75.2,47799.84,97473.58,47799.84,10766.33,4582.97,1774.64,457.71,16701.91,0.0,1664.0,0.0,0.0,0.0,0.0,11852.27,0.0,0.0,0.0,4582.97,10766.33,0.0,13440.28,3261.63,0.0,0.0,540.12,39230193.45070085
runs/CZ08/SFm&2&rDXGF&Ex&dxAC_equip/LRM AOE +22.5% RCA LSC R22 R410a rDXGF Measure/instance-out.sql,CZ08,SFm,2,rDXGF,Ex,dxAC_equip,,LRM AOE +22.5% RCA LSC R22 R410a rDXGF Measure,SFm&2&rDXGF&Ex&dxAC_equip,LRM AOE +22.5% RCA LSC R22 R410a rDXGF Measure,35.78,71.74,46384.18,92990.19,46384.18,10766.33,3167.31,1774.64,457.71,16701.91,0.0,1664.0,0.0,0.0,0.0,0.0,11852.27,0.0,0.0,0.0,3167.31,10766.33,0.0,13440.28,3261.63,0.0,0.0,540.12,31740328.341964997
runs/CZ08/SFm&1&rDXHP&Ex&dxHP_equip/LRM NR LSC R32 R454b rDXHP Measure/instance-out.sql,CZ08,SFm,1,rDXHP,Ex,dxHP_equip,,LRM NR LSC R32 R454b rDXHP Measure,SFm&1&rDXHP&Ex&dxHP_equip,LRM NR LSC R32 R454b rDXHP Measure,36.57,78.1,28127.12,60071.81,28127.12,1601.19,1712.87,1557.5,457.71,10338.53,0.0,604.1,0.0,0.0,0.0,0.0,11855.21,0.0,0.0,1601.19,1712.87,0.0,0.0,8268.27,2070.26,0.0,0.0,270.12,19757819.30510689
runs/CZ08/SFm&2&rDXGF&Ex&dxAC_equip/LRM AOE +15% RCA LSC R22 R410a rDXGF Measure/instance-out.sql,CZ08,SFm,2,rDXGF,Ex,dxAC_equip,,LRM AOE +15% RCA LSC R22 R410a rDXGF Measure,SFm&2&rDXGF&Ex&dxAC_equip,LRM AOE +15% RCA LSC R22 R410a rDXGF Measure,36.33,73.47,47092.01,95231.89,47092.009999999995,10766.33,3875.14,1774.64,457.71,16701.91,0.0,1664.0,0.0,0.0,0.0,0.0,11852.27,0.0,0.0,0.0,3875.14,10766.33,0.0,13440.28,3261.63,0.0,0.0,540.12,35485260.897901595
runs/CZ08/SFm&2&rDXGF&Ex&dxAC_equip/LRM AOE LSC R22 R410a rDXGF Measure/instance-out.sql,CZ08,SFm,2,rDXGF,Ex,dxAC_equip,,LRM AOE LSC R22 R410a rDXGF Measure,SFm&2&rDXGF&Ex&dxAC_equip,LRM AOE LSC R22 R410a rDXGF Measure,37.04,75.71,48007.47,98131.15,48007.47,10766.33,4790.6,1774.64,457.71,16701.91,0.0,1664.0,0.0,0.0,0.0,0.0,11852.27,0.0,0.0,0.0,4790.6,10766.33,0.0,13440.28,3261.63,0.0,0.0,540.12,40328707.00335953
runs/CZ08/SFm&2&rDXGF&Ex&dxAC_equip/LRM AOE R22 R410a rDXGF Base/instance-out.sql,CZ08,SFm,2,rDXGF,Ex,dxAC_equip,,LRM AOE R22 R410a rDXGF Base,SFm&2&rDXGF&Ex&dxAC_equip,LRM AOE R22 R410a rDXGF Base,37.42,76.93,48507.67,99715.28,48507.67,10766.33,5290.8,1774.64,457.71,16701.91,0.0,1664.0,0.0,0.0,0.0,0.0,11852.27,0.0,0.0,0.0,5290.8,10766.33,0.0,13440.28,3261.63,0.0,0.0,540.12,42975126.005165756
runs/CZ08/SFm&2&rDXGF&Ex&dxAC_equip/LRM NR LSC R454b rDXGF Measure/instance-out.sql,CZ08,SFm,2,rDXGF,Ex,dxAC_equip,,LRM NR LSC R454b rDXGF Measure,SFm&2&rDXGF&Ex&dxAC_equip,LRM NR LSC R454b rDXGF Measure,36.67,74.56,47539.12,96647.87,47539.119999999995,10766.33,4322.25,1774.64,457.71,16701.91,0.0,1664.0,0.0,0.0,0.0,0.0,11852.27,0.0,0.0,0.0,4322.25,10766.33,0.0,13440.28,3261.63,0.0,0.0,540.12,37850770.385533035
runs/CZ08/SFm&2&rDXGF&Ex&dxAC_equip/LRM AOE +30% RCA LSC R22 R410a rDXGF Measure/instance-out.sql,CZ08,SFm,2,rDXGF,Ex,dxAC_equip,,LRM AOE +30% RCA LSC R22 R410a rDXGF Measure,SFm&2&rDXGF&Ex&dxAC_equip,LRM AOE +30% RCA LSC R22 R410a rDXGF Measure,35.24,70.01,45676.35,90748.49,45676.35,10766.33,2459.48,1774.64,457.71,16701.91,0.0,1664.0,0.0,0.0,0.0,0.0,11852.27,0.0,0.0,0.0,2459.48,10766.33,0.0,13440.28,3261.63,0.0,0.0,540.12,27995395.78775856
runs/CZ08/SFm&2&rDXGF&Ex&dxAC_equip/LRM AOE +40% RCA LSC R22 R410a rDXGF Measure/instance-out.sql,CZ08,SFm,2,rDXGF,Ex,dxAC_equip,,LRM AOE +40% RCA LSC R22 R410a rDXGF Measure,SFm&2&rDXGF&Ex&dxAC_equip,LRM AOE +40% RCA LSC R22 R410a rDXGF Measure,34.51,67.7,44732.58,87759.56,44732.58,10766.33,1515.71,1774.64,457.71,16701.91,0.0,1664.0,0.0,0.0,0.0,0.0,11852.27,0.0,0.0,0.0,1515.71,10766.33,0.0,13440.28,3261.63,0.0,0.0,540.12,23002152.381911468
runs/CZ08/SFm&2&rDXHP&Ex&dxHP_equip/LRM AOE LSC R22 R410a rDXHP Measure/instance-out.sql,CZ08,SFm,2,rDXHP,Ex,dxHP_equip,,LRM AOE LSC R22 R410a rDXHP Measure,SFm&2&rDXHP&Ex&dxHP_equip,LRM AOE LSC R22 R410a rDXHP Measure,31.44,75.28,40751.39,97576.92,40751.399999999994,3841.08,4736.28,1774.64,457.71,16701.91,0.0,1387.25,0.0,0.0,0.0,0.0,11852.51,0.0,0.0,3841.08,4736.28,0.0,0.0,13440.28,3261.63,0.0,0.0,540.12,39104540.81326282
runs/CZ08/SFm&2&rDXHP&Ex&dxHP_equip/LRM AOE +40% RCA LSC R22 R410a rDXHP Measure/instance-out.sql,CZ08,SFm,2,rDXHP,Ex,dxHP_equip,,LRM AOE +40% RCA LSC R22 R410a rDXHP Measure,SFm&2&rDXHP&Ex&dxHP_equip,LRM AOE +40% RCA LSC R22 R410a rDXHP Measure,28.16,64.89,36500.43,84114.12,36500.43,2827.88,1498.52,1774.64,457.71,16701.91,0.0,1387.25,0.0,0.0,0.0,0.0,11852.51,0.0,0.0,2827.88,1498.52,0.0,0.0,13440.28,3261.63,0.0,0.0,540.12,21898730.28994994
runs/CZ08/SFm&2&rDXHP&Ex&dxHP_equip/LRM AOE +7.5% RCA LSC R22 R410a rDXHP Measure/instance-out.sql,CZ08,SFm,2,rDXHP,Ex,dxHP_equip,,LRM AOE +7.5% RCA LSC R22 R410a rDXHP Measure,SFm&2&rDXHP&Ex&dxHP_equip,LRM AOE +7.5% RCA LSC R22 R410a rDXHP Measure,31.23,74.62,40481.88,96723.37,40481.880000000005,3776.84,4531.01,1774.64,457.71,16701.91,0.0,1387.25,0.0,0.0,0.0,0.0,11852.51,0.0,0.0,3776.84,4531.01,0.0,0.0,13440.28,3261.63,0.0,0.0,540.12,38013682.506041154
runs/CZ08/SFm&2&rDXGF&Ex&dxAC_equip/LRM NR R454b rDXGF Base/instance-out.sql,CZ08,SFm,2,rDXGF,Ex,dxAC_equip,,LRM NR R454b rDXGF Base,SFm&2&rDXGF&Ex&dxAC_equip,LRM NR R454b rDXGF Base,37.02,75.66,47990.42,98077.13,47990.41,10766.33,4773.54,1774.64,457.71,16701.91,0.0,1664.0,0.0,0.0,0.0,0.0,11852.27,0.0,0.0,0.0,4773.54,10766.33,0.0,13440.28,3261.63,0.0,0.0,540.12,40238461.27392677
runs/CZ08/SFm&2&rDXHP&Ex&dxHP_equip/LRM AOE +30% RCA LSC R22 R410a rDXHP Measure/instance-out.sql,CZ08,SFm,2,rDXHP,Ex,dxHP_equip,,LRM AOE +30% RCA LSC R22 R410a rDXHP Measure,SFm&2&rDXHP&Ex&dxHP_equip,LRM AOE +30% RCA LSC R22 R410a rDXHP Measure,29.1,67.88,37725.49,87993.89,37725.5,3119.87,2431.6,1774.64,457.71,16701.91,0.0,1387.25,0.0,0.0,0.0,0.0,11852.51,0.0,0.0,3119.87,2431.6,0.0,0.0,13440.28,3261.63,0.0,0.0,540.12,26857177.125735596
runs/CZ08/SFm&2&rDXHP&Ex&dxHP_equip/LRM AOE +15% RCA LSC R22 R410a rDXHP Measure/instance-out.sql,CZ08,SFm,2,rDXHP,Ex,dxHP_equip,,LRM AOE +15% RCA LSC R22 R410a rDXHP Measure,SFm&2&rDXHP&Ex&dxHP_equip,LRM AOE +15% RCA LSC R22 R410a rDXHP Measure,30.52,72.37,39563.08,93813.54,39563.09,3557.85,3831.2,1774.64,457.71,16701.91,0.0,1387.25,0.0,0.0,0.0,0.0,11852.51,0.0,0.0,3557.85,3831.2,0.0,0.0,13440.28,3261.63,0.0,0.0,540.12,34294847.38077692
runs/CZ08/SFm&2&rDXHP&Ex&dxHP_equip/LRM AOE +22.5% RCA LSC R22 R410a rDXHP Measure/instance-out.sql,CZ08,SFm,2,rDXHP,Ex,dxHP_equip,,LRM AOE +22.5% RCA LSC R22 R410a rDXHP Measure,SFm&2&rDXHP&Ex&dxHP_equip,LRM AOE +22.5% RCA LSC R22 R410a rDXHP Measure,29.81,70.13,38644.29,90903.72,38644.29,3338.86,3131.4,1774.64,457.71,16701.91,0.0,1387.25,0.0,0.0,0.0,0.0,11852.51,0.0,0.0,3338.86,3131.4,0.0,0.0,13440.28,3261.63,0.0,0.0,540.12,30576012.25239721
runs/CZ09/SFm&1&rDXGF&Ex&dxAC_equip/LRM AOE LSC R22 R410a rDXGF Measure/instance-out.sql,CZ09,SFm,1,rDXGF,Ex,dxAC_equip,,LRM AOE LSC R22 R410a rDXGF Measure,SFm&1&rDXGF&Ex&dxAC_equip,LRM AOE LSC R22 R410a rDXGF Measure,48.08,89.1,36977.16,68529.62,36977.16,9378.92,2320.27,1557.5,457.71,10338.53,0.0,1052.7,0.0,0.0,0.0,0.0,11871.52,0.0,0.0,0.0,2320.27,9378.92,0.0,8268.27,2070.26,0.0,0.0,270.12,26552477.97516615
runs/CZ09/SFm&1&rDXGF&Ex&dxAC_equip/LRM AOE R22 R410a rDXGF Base/instance-out.sql,CZ09,SFm,1,rDXGF,Ex,dxAC_equip,,LRM AOE R22 R410a rDXGF Base,SFm&1&rDXGF&Ex&dxAC_equip,LRM AOE R22 R410a rDXGF Base,48.39,90.1,37219.42,69296.87,37219.42,9378.92,2562.54,1557.5,457.71,10338.53,0.0,1052.7,0.0,0.0,0.0,0.0,11871.52,0.0,0.0,0.0,2562.54,9378.92,0.0,8268.27,2070.26,0.0,0.0,270.12,28307305.045534573
runs/CZ09/SFm&1&rDXGF&Ex&dxAC_equip/LRM AOE +22.5% RCA LSC R22 R410a rDXGF Measure/instance-out.sql,CZ09,SFm,1,rDXGF,Ex,dxAC_equip,,LRM AOE +22.5% RCA LSC R22 R410a rDXGF Measure,SFm&1&rDXGF&Ex&dxAC_equip,LRM AOE +22.5% RCA LSC R22 R410a rDXGF Measure,47.05,85.86,36190.93,66039.66,36190.94,9378.92,1534.05,1557.5,457.71,10338.53,0.0,1052.7,0.0,0.0,0.0,0.0,11871.52,0.0,0.0,0.0,1534.05,9378.92,0.0,8268.27,2070.26,0.0,0.0,270.12,20857567.4733509
runs/CZ08/SFm&2&rDXHP&Ex&dxHP_equip/LRM AOE R22 R410a rDXHP Base/instance-out.sql,CZ08,SFm,2,rDXHP,Ex,dxHP_equip,,LRM AOE R22 R410a rDXHP Base,SFm&2&rDXHP&Ex&dxHP_equip,LRM AOE R22 R410a rDXHP Base,31.94,76.86,41400.68,99633.2,41400.68,3995.83,5230.81,1774.64,457.71,16701.91,0.0,1387.25,0.0,0.0,0.0,0.0,11852.51,0.0,0.0,3995.83,5230.81,0.0,0.0,13440.28,3261.63,0.0,0.0,540.12,41732517.63295942
runs/CZ08/SFm&2&rDXHP&Ex&dxHP_equip/LRM NR R32 R454b rDXHP Base/instance-out.sql,CZ08,SFm,2,rDXHP,Ex,dxHP_equip,,LRM NR R32 R454b rDXHP Base,SFm&2&rDXHP&Ex&dxHP_equip,LRM NR R32 R454b rDXHP Base,30.92,73.64,40081.99,95456.9,40081.99,3188.54,4719.42,1774.64,457.71,16701.91,0.0,1387.25,0.0,0.0,0.0,0.0,11852.51,0.0,0.0,3188.54,4719.42,0.0,0.0,13440.28,3261.63,0.0,0.0,540.12,39014923.98204145
runs/CZ09/SFm&1&rDXGF&Ex&dxAC_equip/LRM AOE +40% RCA LSC R22 R410a rDXGF Measure/instance-out.sql,CZ09,SFm,1,rDXGF,Ex,dxAC_equip,,LRM AOE +40% RCA LSC R22 R410a rDXGF Measure,SFm&1&rDXGF&Ex&dxAC_equip,LRM AOE +40% RCA LSC R22 R410a rDXGF Measure,46.01,82.57,35391.0,63506.27,35391.0,9378.92,734.12,1557.5,457.71,10338.53,0.0,1052.7,0.0,0.0,0.0,0.0,11871.52,0.0,0.0,0.0,734.12,9378.92,0.0,8268.27,2070.26,0.0,0.0,270.12,15063327.139571982
runs/CZ09/SFm&1&rDXGF&Ex&dxAC_equip/LRM NR R454b rDXGF Base/instance-out.sql,CZ09,SFm,1,rDXGF,Ex,dxAC_equip,,LRM NR R454b rDXGF Base,SFm&1&rDXGF&Ex&dxAC_equip,LRM NR R454b rDXGF Base,48.07,89.07,36968.89,68503.45,36968.9,9378.92,2312.01,1557.5,457.71,10338.53,0.0,1052.7,0.0,0.0,0.0,0.0,11871.52,0.0,0.0,0.0,2312.01,9378.92,0.0,8268.27,2070.26,0.0,0.0,270.12,26492636.487901405
runs/CZ09/SFm&1&rDXHP&Ex&dxHP_equip/LRM AOE +30% RCA LSC R22 R410a rDXHP Measure/instance-out.sql,CZ09,SFm,1,rDXHP,Ex,dxHP_equip,,LRM AOE +30% RCA LSC R22 R410a rDXHP Measure,SFm&1&rDXHP&Ex&dxHP_equip,LRM AOE +30% RCA LSC R22 R410a rDXHP Measure,37.84,82.09,29105.25,63136.06,29105.25,2697.26,1191.35,1557.5,457.71,10338.53,0.0,991.6,0.0,0.0,0.0,0.0,11871.29,0.0,0.0,2697.26,1191.35,0.0,0.0,8268.27,2070.26,0.0,0.0,270.12,18374327.058658186
runs/CZ08/SFm&2&rDXHP&Ex&dxHP_equip/LRM NR LSC R32 R454b rDXHP Measure/instance-out.sql,CZ08,SFm,2,rDXHP,Ex,dxHP_equip,,LRM NR LSC R32 R454b rDXHP Measure,SFm&2&rDXHP&Ex&dxHP_equip,LRM NR LSC R32 R454b rDXHP Measure,30.48,72.25,39512.84,93654.42,39512.85,3065.57,4273.24,1774.64,457.71,16701.91,0.0,1387.25,0.0,0.0,0.0,0.0,11852.51,0.0,0.0,3065.57,4273.24,0.0,0.0,13440.28,3261.63,0.0,0.0,540.12,36643872.269135475
runs/CZ09/SFm&1&rDXGF&Ex&dxAC_equip/LRM AOE +30% RCA LSC R22 R410a rDXGF Measure/instance-out.sql,CZ09,SFm,1,rDXGF,Ex,dxAC_equip,,LRM AOE +30% RCA LSC R22 R410a rDXGF Measure,SFm&1&rDXGF&Ex&dxAC_equip,LRM AOE +30% RCA LSC R22 R410a rDXGF Measure,46.61,84.45,35848.11,64953.92,35848.11,9378.92,1191.22,1557.5,457.71,10338.53,0.0,1052.7,0.0,0.0,0.0,0.0,11871.52,0.0,0.0,0.0,1191.22,9378.92,0.0,8268.27,2070.26,0.0,0.0,270.12,18374321.61608486
runs/CZ09/SFm&1&rDXGF&Ex&dxAC_equip/LRM AOE +7.5% RCA LSC R22 R410a rDXGF Measure/instance-out.sql,CZ09,SFm,1,rDXGF,Ex,dxAC_equip,,LRM AOE +7.5% RCA LSC R22 R410a rDXGF Measure,SFm&1&rDXGF&Ex&dxAC_equip,LRM AOE +7.5% RCA LSC R22 R410a rDXGF Measure,47.95,88.69,36876.59,68211.14,36876.6,9378.92,2219.71,1557.5,457.71,10338.53,0.0,1052.7,0.0,0.0,0.0,0.0,11871.52,0.0,0.0,0.0,2219.71,9378.92,0.0,8268.27,2070.26,0.0,0.0,270.12,25824059.188097145
runs/CZ09/SFm&1&rDXGF&Ex&dxAC_equip/LRM AOE +15% RCA LSC R22 R410a rDXGF Measure/instance-out.sql,CZ09,SFm,1,rDXGF,Ex,dxAC_equip,,LRM AOE +15% RCA LSC R22 R410a rDXGF Measure,SFm&1&rDXGF&Ex&dxAC_equip,LRM AOE +15% RCA LSC R22 R410a rDXGF Measure,47.5,87.28,36533.76,67125.4,36533.77,9378.92,1876.88,1557.5,457.71,10338.53,0.0,1052.7,0.0,0.0,0.0,0.0,11871.52,0.0,0.0,0.0,1876.88,9378.92,0.0,8268.27,2070.26,0.0,0.0,270.12,23340813.3317642
runs/CZ09/SFm&1&rDXHP&Ex&dxHP_equip/LRM AOE +22.5% RCA LSC R22 R410a rDXHP Measure/instance-out.sql,CZ09,SFm,1,rDXHP,Ex,dxHP_equip,,LRM AOE +22.5% RCA LSC R22 R410a rDXHP Measure,SFm&1&rDXHP&Ex&dxHP_equip,LRM AOE +22.5% RCA LSC R22 R410a rDXHP Measure,38.53,84.27,29636.23,64817.69,29636.239999999998,2885.38,1534.22,1557.5,457.71,10338.53,0.0,991.6,0.0,0.0,0.0,0.0,11871.29,0.0,0.0,2885.38,1534.22,0.0,0.0,8268.27,2070.26,0.0,0.0,270.12,20857573.96360475
runs/CZ09/SFm&1&rDXHP&Ex&dxHP_equip/LRM AOE +15% RCA LSC R22 R410a rDXHP Measure/instance-out.sql,CZ09,SFm,1,rDXHP,Ex,dxHP_equip,,LRM AOE +15% RCA LSC R22 R410a rDXHP Measure,SFm&1&rDXHP&Ex&dxHP_equip,LRM AOE +15% RCA LSC R22 R410a rDXHP Measure,39.22,86.46,30167.22,66499.31,30167.22,3073.49,1877.09,1557.5,457.71,10338.53,0.0,991.6,0.0,0.0,0.0,0.0,11871.29,0.0,0.0,3073.49,1877.09,0.0,0.0,8268.27,2070.26,0.0,0.0,270.12,23340820.869698565
runs/CZ09/SFm&1&rDXGF&Ex&dxAC_equip/LRM NR LSC R454b rDXGF Measure/instance-out.sql,CZ09,SFm,1,rDXGF,Ex,dxAC_equip,,LRM NR LSC R454b rDXGF Measure,SFm&1&rDXGF&Ex&dxAC_equip,LRM NR LSC R454b rDXGF Measure,47.78,88.17,36750.31,67811.21,36750.32,9378.92,2093.43,1557.5,457.71,10338.53,0.0,1052.7,0.0,0.0,0.0,0.0,11871.52,0.0,0.0,0.0,2093.43,9378.92,0.0,8268.27,2070.26,0.0,0.0,270.12,24909370.72244037
runs/CZ09/SFm&1&rDXHP&Ex&dxHP_equip/LRM AOE +40% RCA LSC R22 R410a rDXHP Measure/instance-out.sql,CZ09,SFm,1,rDXHP,Ex,dxHP_equip,,LRM AOE +40% RCA LSC R22 R410a rDXHP Measure,SFm&1&rDXHP&Ex&dxHP_equip,LRM AOE +40% RCA LSC R22 R410a rDXHP Measure,36.92,79.17,28397.27,60893.89,28397.269999999997,2446.44,734.2,1557.5,457.71,10338.53,0.0,991.6,0.0,0.0,0.0,0.0,11871.29,0.0,0.0,2446.44,734.2,0.0,0.0,8268.27,2070.26,0.0,0.0,270.12,15063331.18523796
runs/CZ09/SFm&1&rDXHP&Ex&dxHP_equip/LRM AOE LSC R22 R410a rDXHP Measure/instance-out.sql,CZ09,SFm,1,rDXHP,Ex,dxHP_equip,,LRM AOE LSC R22 R410a rDXHP Measure,SFm&1&rDXHP&Ex&dxHP_equip,LRM AOE LSC R22 R410a rDXHP Measure,40.12,89.29,30853.95,68674.21,30853.96,3316.79,2320.53,1557.5,457.71,10338.53,0.0,991.6,0.0,0.0,0.0,0.0,11871.29,0.0,0.0,3316.79,2320.53,0.0,0.0,8268.27,2070.26,0.0,0.0,270.12,26552486.868100643
runs/CZ09/SFm&1&rDXHP&Ex&dxHP_equip/LRM NR LSC R32 R454b rDXHP Measure/instance-out.sql,CZ09,SFm,1,rDXHP,Ex,dxHP_equip,,LRM NR LSC R32 R454b rDXHP Measure,SFm&1&rDXHP&Ex&dxHP_equip,LRM NR LSC R32 R454b rDXHP Measure,38.95,85.61,29960.92,65845.96,29960.92,2650.62,2093.66,1557.5,457.71,10338.53,0.0,991.6,0.0,0.0,0.0,0.0,11871.29,0.0,0.0,2650.62,2093.66,0.0,0.0,8268.27,2070.26,0.0,0.0,270.12,24909378.92214852
runs/CZ09/SFm&1&rDXHP&Ex&dxHP_equip/LRM AOE R22 R410a rDXHP Base/instance-out.sql,CZ09,SFm,1,rDXHP,Ex,dxHP_equip,,LRM AOE R22 R410a rDXHP Base,SFm&1&rDXHP&Ex&dxHP_equip,LRM AOE R22 R410a rDXHP Base,40.6,90.83,31229.18,69862.56,31229.190000000002,3449.73,2562.82,1557.5,457.71,10338.53,0.0,991.6,0.0,0.0,0.0,0.0,11871.29,0.0,0.0,3449.73,2562.82,0.0,0.0,8268.27,2070.26,0.0,0.0,270.12,28307314.67882996
runs/CZ09/SFm&1&rDXHP&Ex&dxHP_equip/LRM AOE +7.5% RCA LSC R22 R410a rDXHP Measure/instance-out.sql,CZ09,SFm,1,rDXHP,Ex,dxHP_equip,,LRM AOE +7.5% RCA LSC R22 R410a rDXHP Measure,SFm&1&rDXHP&Ex&dxHP_equip,LRM AOE +7.5% RCA LSC R22 R410a rDXHP Measure,39.91,88.65,30698.2,68180.94,30698.199999999997,3261.61,2219.95,1557.5,457.71,10338.53,0.0,991.6,0.0,0.0,0.0,0.0,11871.29,0.0,0.0,3261.61,2219.95,0.0,0.0,8268.27,2070.26,0.0,0.0,270.12,25824067.773712024
runs/CZ09/SFm&2&rDXGF&Ex&dxAC_equip/LRM AOE +22.5% RCA LSC R22 R410a rDXGF Measure/instance-out.sql,CZ09,SFm,2,rDXGF,Ex,dxAC_equip,,LRM AOE +22.5% RCA LSC R22 R410a rDXGF Measure,SFm&2&rDXGF&Ex&dxAC_equip,LRM AOE +22.5% RCA LSC R22 R410a rDXGF Measure,42.55,80.91,55160.95,104875.7,55160.95,18384.47,3662.42,1774.64,457.71,16701.91,0.0,2307.39,0.0,0.0,0.0,0.0,11872.4,0.0,0.0,0.0,3662.42,18384.47,0.0,13440.28,3261.63,0.0,0.0,540.12,38417753.000797585
runs/CZ09/SFm&2&rDXGF&Ex&dxAC_equip/LRM AOE +15% RCA LSC R22 R410a rDXGF Measure/instance-out.sql,CZ09,SFm,2,rDXGF,Ex,dxAC_equip,,LRM AOE +15% RCA LSC R22 R410a rDXGF Measure,SFm&2&rDXGF&Ex&dxAC_equip,LRM AOE +15% RCA LSC R22 R410a rDXGF Measure,43.19,82.91,55979.43,107467.81,55979.43,18384.47,4480.89,1774.64,457.71,16701.91,0.0,2307.39,0.0,0.0,0.0,0.0,11872.4,0.0,0.0,0.0,4480.89,18384.47,0.0,13440.28,3261.63,0.0,0.0,540.12,43355086.52245296
runs/CZ09/SFm&2&rDXGF&Ex&dxAC_equip/LRM AOE +40% RCA LSC R22 R410a rDXGF Measure/instance-out.sql,CZ09,SFm,2,rDXGF,Ex,dxAC_equip,,LRM AOE +40% RCA LSC R22 R410a rDXGF Measure,SFm&2&rDXGF&Ex&dxAC_equip,LRM AOE +40% RCA LSC R22 R410a rDXGF Measure,41.08,76.24,53251.17,98827.43,53251.17,18384.47,1752.64,1774.64,457.71,16701.91,0.0,2307.39,0.0,0.0,0.0,0.0,11872.4,0.0,0.0,0.0,1752.64,18384.47,0.0,13440.28,3261.63,0.0,0.0,540.12,26897308.121943027
runs/CZ09/SFm&1&rDXHP&Ex&dxHP_equip/LRM NR R32 R454b rDXHP Base/instance-out.sql,CZ09,SFm,1,rDXHP,Ex,dxHP_equip,,LRM NR R32 R454b rDXHP Base,SFm&1&rDXHP&Ex&dxHP_equip,LRM NR R32 R454b rDXHP Base,39.38,86.95,30285.15,66872.8,30285.15,2756.25,2312.26,1557.5,457.71,10338.53,0.0,991.6,0.0,0.0,0.0,0.0,11871.29,0.0,0.0,2756.25,2312.26,0.0,0.0,8268.27,2070.26,0.0,0.0,270.12,26492645.3555888
runs/CZ09/SFm&2&rDXGF&Ex&dxAC_equip/LRM AOE +7.5% RCA LSC R22 R410a rDXGF Measure/instance-out.sql,CZ09,SFm,2,rDXGF,Ex,dxAC_equip,,LRM AOE +7.5% RCA LSC R22 R410a rDXGF Measure,SFm&2&rDXGF&Ex&dxAC_equip,LRM AOE +7.5% RCA LSC R22 R410a rDXGF Measure,43.82,84.91,56797.9,110059.93,56797.9,18384.47,5299.37,1774.64,457.71,16701.91,0.0,2307.39,0.0,0.0,0.0,0.0,11872.4,0.0,0.0,0.0,5299.37,18384.47,0.0,13440.28,3261.63,0.0,0.0,540.12,48292420.03997206
runs/CZ09/SFm&2&rDXGF&Ex&dxAC_equip/LRM AOE +30% RCA LSC R22 R410a rDXGF Measure/instance-out.sql,CZ09,SFm,2,rDXGF,Ex,dxAC_equip,,LRM AOE +30% RCA LSC R22 R410a rDXGF Measure,SFm&2&rDXGF&Ex&dxAC_equip,LRM AOE +30% RCA LSC R22 R410a rDXGF Measure,41.92,78.91,54342.47,102283.58,54342.479999999996,18384.47,2843.94,1774.64,457.71,16701.91,0.0,2307.39,0.0,0.0,0.0,0.0,11872.4,0.0,0.0,0.0,2843.94,18384.47,0.0,13440.28,3261.63,0.0,0.0,540.12,33480419.48142325
runs/CZ09/SFm&2&rDXHP&Ex&dxHP_equip/LRM AOE +15% RCA LSC R22 R410a rDXHP Measure/instance-out.sql,CZ09,SFm,2,rDXHP,Ex,dxHP_equip,,LRM AOE +15% RCA LSC R22 R410a rDXHP Measure,SFm&2&rDXHP&Ex&dxHP_equip,LRM AOE +15% RCA LSC R22 R410a rDXHP Measure,33.6,82.08,43547.71,106391.41,43547.72,6067.71,4481.44,1774.64,457.71,16701.91,0.0,2191.89,0.0,0.0,0.0,0.0,11872.41,0.0,0.0,6067.71,4481.44,0.0,0.0,13440.28,3261.63,0.0,0.0,540.12,43355089.5023281
runs/CZ09/SFm&2&rDXGF&Ex&dxAC_equip/LRM AOE LSC R22 R410a rDXGF Measure/instance-out.sql,CZ09,SFm,2,rDXGF,Ex,dxAC_equip,,LRM AOE LSC R22 R410a rDXGF Measure,SFm&2&rDXGF&Ex&dxAC_equip,LRM AOE LSC R22 R410a rDXGF Measure,44.0,85.49,57037.99,110820.28,57037.990000000005,18384.47,5539.46,1774.64,457.71,16701.91,0.0,2307.39,0.0,0.0,0.0,0.0,11872.4,0.0,0.0,0.0,5539.46,18384.47,0.0,13440.28,3261.63,0.0,0.0,540.12,49740704.54350379
runs/CZ09/SFm&2&rDXGF&Ex&dxAC_equip/LRM NR LSC R454b rDXGF Measure/instance-out.sql,CZ09,SFm,2,rDXGF,Ex,dxAC_equip,,LRM NR LSC R454b rDXGF Measure,SFm&2&rDXGF&Ex&dxAC_equip,LRM NR LSC R454b rDXGF Measure,43.59,84.17,56496.42,109105.14,56496.42,18384.47,4997.89,1774.64,457.71,16701.91,0.0,2307.39,0.0,0.0,0.0,0.0,11872.4,0.0,0.0,0.0,4997.89,18384.47,0.0,13440.28,3261.63,0.0,0.0,540.12,46473783.35200256
runs/CZ09/SFm&2&rDXGF&Ex&dxAC_equip/LRM AOE R22 R410a rDXGF Base/instance-out.sql,CZ09,SFm,2,rDXGF,Ex,dxAC_equip,,LRM AOE R22 R410a rDXGF Base,SFm&2&rDXGF&Ex&dxAC_equip,LRM AOE R22 R410a rDXGF Base,44.45,86.91,57616.38,112652.04,57616.380000000005,18384.47,6117.85,1774.64,457.71,16701.91,0.0,2307.39,0.0,0.0,0.0,0.0,11872.4,0.0,0.0,0.0,6117.85,18384.47,0.0,13440.28,3261.63,0.0,0.0,540.12,53229753.55968714
runs/CZ09/SFm&2&rDXHP&Ex&dxHP_equip/LRM AOE +40% RCA LSC R22 R410a rDXHP Measure/instance-out.sql,CZ09,SFm,2,rDXHP,Ex,dxHP_equip,,LRM AOE +40% RCA LSC R22 R410a rDXHP Measure,SFm&2&rDXHP&Ex&dxHP_equip,LRM AOE +40% RCA LSC R22 R410a rDXHP Measure,30.53,72.36,39569.83,93793.46,39569.84,4818.41,1752.85,1774.64,457.71,16701.91,0.0,2191.89,0.0,0.0,0.0,0.0,11872.41,0.0,0.0,4818.41,1752.85,0.0,0.0,13440.28,3261.63,0.0,0.0,540.12,26897309.774348103
runs/CZ09/SFm&2&rDXHP&Ex&dxHP_equip/LRM AOE +22.5% RCA LSC R22 R410a rDXHP Measure/instance-out.sql,CZ09,SFm,2,rDXHP,Ex,dxHP_equip,,LRM AOE +22.5% RCA LSC R22 R410a rDXHP Measure,SFm&2&rDXHP&Ex&dxHP_equip,LRM AOE +22.5% RCA LSC R22 R410a rDXHP Measure,32.68,79.16,42354.35,102612.03,42354.350000000006,5692.92,3662.87,1774.64,457.71,16701.91,0.0,2191.89,0.0,0.0,0.0,0.0,11872.41,0.0,0.0,5692.92,3662.87,0.0,0.0,13440.28,3261.63,0.0,0.0,540.12,38417755.58243171
runs/CZ09/SFm&2&rDXHP&Ex&dxHP_equip/LRM AOE +30% RCA LSC R22 R410a rDXHP Measure/instance-out.sql,CZ09,SFm,2,rDXHP,Ex,dxHP_equip,,LRM AOE +30% RCA LSC R22 R410a rDXHP Measure,SFm&2&rDXHP&Ex&dxHP_equip,LRM AOE +30% RCA LSC R22 R410a rDXHP Measure,31.75,76.25,41160.99,98832.64,41160.990000000005,5318.13,2844.29,1774.64,457.71,16701.91,0.0,2191.89,0.0,0.0,0.0,0.0,11872.41,0.0,0.0,5318.13,2844.29,0.0,0.0,13440.28,3261.63,0.0,0.0,540.12,33480421.664816353
runs/CZ09/SFm&2&rDXGF&Ex&dxAC_equip/LRM NR R454b rDXGF Base/instance-out.sql,CZ09,SFm,2,rDXGF,Ex,dxAC_equip,,LRM NR R454b rDXGF Base,SFm&2&rDXGF&Ex&dxAC_equip,LRM NR R454b rDXGF Base,43.99,85.45,57018.27,110757.82,57018.270000000004,18384.47,5519.73,1774.64,457.71,16701.91,0.0,2307.39,0.0,0.0,0.0,0.0,11872.4,0.0,0.0,0.0,5519.73,18384.47,0.0,13440.28,3261.63,0.0,0.0,540.12,49621724.2258454
runs/CZ09/SFm&2&rDXHP&Ex&dxHP_equip/LRM AOE +7.5% RCA LSC R22 R410a rDXHP Measure/instance-out.sql,CZ09,SFm,2,rDXHP,Ex,dxHP_equip,,LRM AOE +7.5% RCA LSC R22 R410a rDXHP Measure,SFm&2&rDXHP&Ex&dxHP_equip,LRM AOE +7.5% RCA LSC R22 R410a rDXHP Measure,34.52,84.99,44741.08,110170.8,44741.08,6442.49,5300.02,1774.64,457.71,16701.91,0.0,2191.89,0.0,0.0,0.0,0.0,11872.41,0.0,0.0,6442.49,5300.02,0.0,0.0,13440.28,3261.63,0.0,0.0,540.12,48292423.41808823
runs/CZ09/SFm&2&rDXHP&Ex&dxHP_equip/LRM NR LSC R32 R454b rDXHP Measure/instance-out.sql,CZ09,SFm,2,rDXHP,Ex,dxHP_equip,,LRM NR LSC R32 R454b rDXHP Measure,SFm&2&rDXHP&Ex&dxHP_equip,LRM NR LSC R32 R454b rDXHP Measure,33.34,81.28,43222.28,105360.75,43222.28,5225.21,4998.5,1774.64,457.71,16701.91,0.0,2191.89,0.0,0.0,0.0,0.0,11872.41,0.0,0.0,5225.21,4998.5,0.0,0.0,13440.28,3261.63,0.0,0.0,540.12,46473786.58342907
runs/CZ09/SFm&2&rDXHP&Ex&dxHP_equip/LRM NR R32 R454b rDXHP Base/instance-out.sql,CZ09,SFm,2,rDXHP,Ex,dxHP_equip,,LRM NR R32 R454b rDXHP Base,SFm&2&rDXHP&Ex&dxHP_equip,LRM NR R32 R454b rDXHP Base,33.91,83.07,43954.63,107680.1,43954.630000000005,5435.65,5520.41,1774.64,457.71,16701.91,0.0,2191.89,0.0,0.0,0.0,0.0,11872.41,0.0,0.0,5435.65,5520.41,0.0,0.0,13440.28,3261.63,0.0,0.0,540.12,49621727.71118207
runs/CZ09/SFm&2&rDXHP&Ex&dxHP_equip/LRM AOE LSC R22 R410a rDXHP Measure/instance-out.sql,CZ09,SFm,2,rDXHP,Ex,dxHP_equip,,LRM AOE LSC R22 R410a rDXHP Measure,SFm&2&rDXHP&Ex&dxHP_equip,LRM AOE LSC R22 R410a rDXHP Measure,34.79,85.85,45091.13,111279.42,45091.14,6552.43,5540.13,1774.64,457.71,16701.91,0.0,2191.89,0.0,0.0,0.0,0.0,11872.41,0.0,0.0,6552.43,5540.13,0.0,0.0,13440.28,3261.63,0.0,0.0,540.12,49740708.03843732
runs/CZ09/SFm&2&rDXHP&Ex&dxHP_equip/LRM AOE R22 R410a rDXHP Base/instance-out.sql,CZ09,SFm,2,rDXHP,Ex,dxHP_equip,,LRM AOE R22 R410a rDXHP Base,SFm&2&rDXHP&Ex&dxHP_equip,LRM AOE R22 R410a rDXHP Base,35.44,87.91,45934.44,113950.18,45934.45,6817.28,6118.59,1774.64,457.71,16701.91,0.0,2191.89,0.0,0.0,0.0,0.0,11872.41,0.0,0.0,6817.28,6118.59,0.0,0.0,13440.28,3261.63,0.0,0.0,540.12,53229757.33604433
