File Name,BldgLoc,BldgType,Story,BldgHVAC,BldgVint,TechGroup,TechType,TechID,Cohort,Case,Net Site EUI,Net Source EUI,Total Energy/Net Site Energy,Total Energy/Net Source Energy,Total,Heating,Cooling,Interior Lighting,Exterior Lighting,Interior Equipment,Exterior Equipment,Fans,Pumps,Heat Rejection,Humidification,Heat Recovery,Water Systems,Refrigeration,Generators,Heating Elec,Cooling Elec,Heating NG,Cooling NG,Interior Equipment Elec,Interior Equipment NG,Unmet Heating,Unmet Cooling,Conditioned Area,Electricity:Facility [J](Hourly),Area ft2,DEER Peak kW/ft2
runs/CZ01/DMo&0&rDXGF&Ex&dxAC_equip/RB-dxAC_equip-spltAC-SEER-BA-rDXGF-LRM-LSC-NR/instance-out.sql,CZ01,DMo,weighted,rDXGF,Ex,dxAC_equip,,RB-dxAC_equip-spltAC-SEER-BA-rDXGF-LRM-LSC-NR,DMo&0&rDXGF&Ex&dxAC_equip,RB-dxAC_equip-spltAC-SEER-BA-rDXGF-LRM-LSC-NR,48.3,79.33,33439.73,54920.38,13.46212931,1.97889263,0.12952171,1.26005582,0.0,5.22575174,0.0,0.13894608,0.0,0.0,0.0,0.0,4.72896537,0.0,0.0,0.0,0.12952171,1.97889263,0.0,2.08013719,3.14561455,0.0,0.0,230.77,0.0008855,2484.0,0.0008855
runs/CZ01/DMo&0&rDXGF&Ex&dxAC_equip/RB-dxAC_equip-spltAC-SEER-BA-rDXGF-LRM-LSC-AOE/instance-out.sql,CZ01,DMo,weighted,rDXGF,Ex,dxAC_equip,,RB-dxAC_equip-spltAC-SEER-BA-rDXGF-LRM-LSC-AOE,DMo&0&rDXGF&Ex&dxAC_equip,RB-dxAC_equip-spltAC-SEER-BA-rDXGF-LRM-LSC-AOE,48.35,79.49,33474.59,55030.79,13.47616321,1.97889263,0.14355561,1.26005582,0.0,5.22575174,0.0,0.13894608,0.0,0.0,0.0,0.0,4.72896537,0.0,0.0,0.0,0.14355561,1.97889263,0.0,2.08013719,3.14561455,0.0,0.0,230.77,0.00091332,2484.0,0.00091332
runs/CZ01/DMo&0&rDXGF&Ex&dxAC_equip/RB-dxAC_equip-spltAC-SEER-BA-rDXGF-NoLRM-0%UC-NR/instance-out.sql,CZ01,DMo,weighted,rDXGF,Ex,dxAC_equip,,RB-dxAC_equip-spltAC-SEER-BA-rDXGF-NoLRM-0%UC-NR,DMo&0&rDXGF&Ex&dxAC_equip,RB-dxAC_equip-spltAC-SEER-BA-rDXGF-NoLRM-0%UC-NR,48.35,79.47,33470.15,55016.71,13.47437173,1.97889263,0.14176816,1.26005582,0.0,5.22575174,0.0,0.13894608,0.0,0.0,0.0,0.0,4.72896537,0.0,0.0,0.0,0.14176816,1.97889263,0.0,2.08013719,3.14561455,0.0,0.0,230.77,0.00090978,2484.0,0.00090978
runs/CZ01/DMo&0&rDXGF&Ex&dxAC_equip/RB-dxAC_equip-spltAC-SEER-BA-rDXGF-NoLRM-0%UC-AOE/instance-out.sql,CZ01,DMo,weighted,rDXGF,Ex,dxAC_equip,,RB-dxAC_equip-spltAC-SEER-BA-rDXGF-NoLRM-0%UC-AOE,DMo&0&rDXGF&Ex&dxAC_equip,RB-dxAC_equip-spltAC-SEER-BA-rDXGF-NoLRM-0%UC-AOE,48.4,79.64,33508.31,55137.56,13.48973414,1.97889263,0.15712654,1.26005582,0.0,5.22575174,0.0,0.13894608,0.0,0.0,0.0,0.0,4.72896537,0.0,0.0,0.0,0.15712654,1.97889263,0.0,2.08013719,3.14561455,0.0,0.0,230.77,0.00094023,2484.0,0.00094023
runs/CZ01/DMo&0&rDXGF&Ex&dxAC_equip/RB-dxAC_equip-spltAC-SEER-BA-rDXGF-NoLRM-15%UC-AOE/instance-out.sql,CZ01,DMo,weighted,rDXGF,Ex,dxAC_equip,,RB-dxAC_equip-spltAC-SEER-BA-rDXGF-NoLRM-15%UC-AOE,DMo&0&rDXGF&Ex&dxAC_equip,RB-dxAC_equip-spltAC-SEER-BA-rDXGF-NoLRM-15%UC-AOE,48.54,80.08,33603.72,55439.73,13.52814419,1.97889263,0.19554062,1.26005582,0.0,5.22575174,0.0,0.13894608,0.0,0.0,0.0,0.0,4.72896537,0.0,0.0,0.0,0.19554062,1.97889263,0.0,2.08013719,3.14561455,0.0,0.0,230.77,0.00101637,2484.0,0.00101637
runs/CZ01/DMo&0&rDXGF&Ex&dxAC_equip/RB-dxAC_equip-spltAC-SEER-BA-rDXGF-NoLRM-22.5%UC-AOE/instance-out.sql,CZ01,DMo,weighted,rDXGF,Ex,dxAC_equip,,RB-dxAC_equip-spltAC-SEER-BA-rDXGF-NoLRM-22.5%UC-AOE,DMo&0&rDXGF&Ex&dxAC_equip,RB-dxAC_equip-spltAC-SEER-BA-rDXGF-NoLRM-22.5%UC-AOE,48.61,80.3,33651.43,55590.82,13.54735123,1.97889263,0.21474363,1.26005582,0.0,5.22575174,0.0,0.13894608,0.0,0.0,0.0,0.0,4.72896537,0.0,0.0,0.0,0.21474363,1.97889263,0.0,2.08013719,3.14561455,0.0,0.0,230.77,0.00105444,2484.0,0.00105444
runs/CZ01/DMo&0&rDXGF&Ex&dxAC_equip/RB-dxAC_equip-spltAC-SEER-BA-rDXGF-NoLRM-30%UC-AOE/instance-out.sql,CZ01,DMo,weighted,rDXGF,Ex,dxAC_equip,,RB-dxAC_equip-spltAC-SEER-BA-rDXGF-NoLRM-30%UC-AOE,DMo&0&rDXGF&Ex&dxAC_equip,RB-dxAC_equip-spltAC-SEER-BA-rDXGF-NoLRM-30%UC-AOE,48.68,80.52,33699.13,55741.91,13.56655827,1.97889263,0.23395067,1.26005582,0.0,5.22575174,0.0,0.13894608,0.0,0.0,0.0,0.0,4.72896537,0.0,0.0,0.0,0.23395067,1.97889263,0.0,2.08013719,3.14561455,0.0,0.0,230.77,0.00109251,2484.0,0.00109251
runs/CZ01/DMo&0&rDXGF&Ex&dxAC_equip/RB-dxAC_equip-spltAC-SEER-BA-rDXGF-NoLRM-7.5%UC-AOE/instance-out.sql,CZ01,DMo,weighted,rDXGF,Ex,dxAC_equip,,RB-dxAC_equip-spltAC-SEER-BA-rDXGF-NoLRM-7.5%UC-AOE,DMo&0&rDXGF&Ex&dxAC_equip,RB-dxAC_equip-spltAC-SEER-BA-rDXGF-NoLRM-7.5%UC-AOE,48.47,79.86,33556.01,55288.64,13.50894118,1.97889263,0.17633358,1.26005582,0.0,5.22575174,0.0,0.13894608,0.0,0.0,0.0,0.0,4.72896537,0.0,0.0,0.0,0.17633358,1.97889263,0.0,2.08013719,3.14561455,0.0,0.0,230.77,0.0009783,2484.0,0.0009783
runs/CZ01/DMo&0&rDXGF&Ex&dxAC_equip/RB-dxAC_equip-spltAC-SEER-BA-rDXGF-NoLRM-40%UC-AOE/instance-out.sql,CZ01,DMo,weighted,rDXGF,Ex,dxAC_equip,,RB-dxAC_equip-spltAC-SEER-BA-rDXGF-NoLRM-40%UC-AOE,DMo&0&rDXGF&Ex&dxAC_equip,RB-dxAC_equip-spltAC-SEER-BA-rDXGF-NoLRM-40%UC-AOE,48.77,80.81,33762.74,55943.35,13.59216631,1.97889263,0.25955871,1.26005582,0.0,5.22575174,0.0,0.13894608,0.0,0.0,0.0,0.0,4.72896537,0.0,0.0,0.0,0.25955871,1.97889263,0.0,2.08013719,3.14561455,0.0,0.0,230.77,0.00114327,2484.0,0.00114327
runs/CZ01/DMo&0&rDXHP&Ex&dxHP_equip/RB-dxHP_equip-spltHP-SEER-BA-rDXHP-LRM-LSC-AOE/instance-out.sql,CZ01,DMo,weighted,rDXHP,Ex,dxHP_equip,,RB-dxHP_equip-spltHP-SEER-BA-rDXHP-LRM-LSC-AOE,DMo&0&rDXHP&Ex&dxHP_equip,RB-dxHP_equip-spltHP-SEER-BA-rDXHP-LRM-LSC-AOE,44.39,81.76,30733.57,56605.51,12.37268642,0.81897831,0.1436643,1.26005582,0.0,5.22575174,0.0,0.19845529,0.0,0.0,0.0,0.0,4.72578097,0.0,0.0,0.81897831,0.1436643,0.0,0.0,2.08013719,3.14561455,0.0,0.0,230.77,0.00091321,2484.0,0.00091321
runs/CZ01/DMo&0&rDXHP&Ex&dxHP_equip/RB-dxHP_equip-spltHP-SEER-BA-rDXHP-LRM-LSC-NC/instance-out.sql,CZ01,DMo,weighted,rDXHP,Ex,dxHP_equip,,RB-dxHP_equip-spltHP-SEER-BA-rDXHP-LRM-LSC-NC,DMo&0&rDXHP&Ex&dxHP_equip,RB-dxHP_equip-spltHP-SEER-BA-rDXHP-LRM-LSC-NC,43.85,80.03,30355.69,55408.76,12.22055991,0.68089778,0.12961832,1.26005582,0.0,5.22575174,0.0,0.19845529,0.0,0.0,0.0,0.0,4.72578097,0.0,0.0,0.68089778,0.12961832,0.0,0.0,2.08013719,3.14561455,0.0,0.0,230.77,0.00088539,2484.0,0.00088539
runs/CZ01/DMo&0&rDXHP&Ex&dxHP_equip/RB-dxHP_equip-spltHP-SEER-BA-rDXHP-LRM-LSC-NR/instance-out.sql,CZ01,DMo,weighted,rDXHP,Ex,dxHP_equip,,RB-dxHP_equip-spltHP-SEER-BA-rDXHP-LRM-LSC-NR,DMo&0&rDXHP&Ex&dxHP_equip,RB-dxHP_equip-spltHP-SEER-BA-rDXHP-LRM-LSC-NR,43.85,80.03,30355.69,55408.76,12.22055991,0.68089778,0.12961832,1.26005582,0.0,5.22575174,0.0,0.19845529,0.0,0.0,0.0,0.0,4.72578097,0.0,0.0,0.68089778,0.12961832,0.0,0.0,2.08013719,3.14561455,0.0,0.0,230.77,0.00088539,2484.0,0.00088539
runs/CZ01/DMo&0&rDXHP&Ex&dxHP_equip/RB-dxHP_equip-spltHP-SEER-BA-rDXHP-NoLRM-15%UC-AOE/instance-out.sql,CZ01,DMo,weighted,rDXHP,Ex,dxHP_equip,,RB-dxHP_equip-spltHP-SEER-BA-rDXHP-NoLRM-15%UC-AOE,DMo&0&rDXHP&Ex&dxHP_equip,RB-dxHP_equip-spltHP-SEER-BA-rDXHP-NoLRM-15%UC-AOE,44.31,81.5,30676.71,56425.43,12.34979579,0.74406643,0.19568555,1.26005582,0.0,5.22575174,0.0,0.19845529,0.0,0.0,0.0,0.0,4.72578097,0.0,0.0,0.74406643,0.19568555,0.0,0.0,2.08013719,3.14561455,0.0,0.0,230.77,0.00101622,2484.0,0.00101622
runs/CZ01/DMo&0&rDXHP&Ex&dxHP_equip/RB-dxHP_equip-spltHP-SEER-BA-rDXHP-NoLRM-30%UC-AOE/instance-out.sql,CZ01,DMo,weighted,rDXHP,Ex,dxHP_equip,,RB-dxHP_equip-spltHP-SEER-BA-rDXHP-NoLRM-30%UC-AOE,DMo&0&rDXHP&Ex&dxHP_equip,RB-dxHP_equip-spltHP-SEER-BA-rDXHP-NoLRM-30%UC-AOE,44.18,81.09,30586.11,56138.49,12.31332214,0.66915052,0.23412378,1.26005582,0.0,5.22575174,0.0,0.19845529,0.0,0.0,0.0,0.0,4.72578097,0.0,0.0,0.66915052,0.23412378,0.0,0.0,2.08013719,3.14561455,0.0,0.0,230.77,0.00109234,2484.0,0.00109234
runs/CZ01/DMo&0&rDXHP&Ex&dxHP_equip/RB-dxHP_equip-spltHP-SEER-BA-rDXHP-NoLRM-0%UC-AOE/instance-out.sql,CZ01,DMo,weighted,rDXHP,Ex,dxHP_equip,,RB-dxHP_equip-spltHP-SEER-BA-rDXHP-NoLRM-0%UC-AOE,DMo&0&rDXHP&Ex&dxHP_equip,RB-dxHP_equip-spltHP-SEER-BA-rDXHP-NoLRM-0%UC-AOE,44.35,81.62,30701.56,56504.13,12.35979987,0.79250875,0.15724329,1.26005582,0.0,5.22575174,0.0,0.19845529,0.0,0.0,0.0,0.0,4.72578097,0.0,0.0,0.79250875,0.15724329,0.0,0.0,2.08013719,3.14561455,0.0,0.0,230.77,0.0009401,2484.0,0.0009401
runs/CZ01/DMo&0&rDXHP&Ex&dxHP_equip/RB-dxHP_equip-spltHP-SEER-BA-rDXHP-NoLRM-0%UC-NC/instance-out.sql,CZ01,DMo,weighted,rDXHP,Ex,dxHP_equip,,RB-dxHP_equip-spltHP-SEER-BA-rDXHP-NoLRM-0%UC-NC,DMo&0&rDXHP&Ex&dxHP_equip,RB-dxHP_equip-spltHP-SEER-BA-rDXHP-NoLRM-0%UC-NC,43.82,79.93,30333.88,55339.71,12.21178369,0.65986705,0.14187283,1.26005582,0.0,5.22575174,0.0,0.19845529,0.0,0.0,0.0,0.0,4.72578097,0.0,0.0,0.65986705,0.14187283,0.0,0.0,2.08013719,3.14561455,0.0,0.0,230.77,0.00090966,2484.0,0.00090966
runs/CZ02/DMo&0&rDXGF&Ex&dxAC_equip/RB-dxAC_equip-spltAC-SEER-BA-rDXGF-NoLRM-0%UC-AOE/instance-out.sql,CZ02,DMo,weighted,rDXGF,Ex,dxAC_equip,,RB-dxAC_equip-spltAC-SEER-BA-rDXGF-NoLRM-0%UC-AOE,DMo&0&rDXGF&Ex&dxAC_equip,RB-dxAC_equip-spltAC-SEER-BA-rDXGF-NoLRM-0%UC-AOE,56.81,96.03,39333.35,66485.74,15.83478032,3.48555216,0.77661896,1.26005582,0.0,5.22575174,0.0,0.49233788,0.0,0.0,0.0,0.0,4.59445974,0.0,0.0,0.0,0.77661896,3.48555216,0.0,2.08013719,3.14561455,0.0,0.0,230.77,0.00194732,2484.0,0.00194732
runs/CZ01/DMo&0&rDXHP&Ex&dxHP_equip/RB-dxHP_equip-spltHP-SEER-BA-rDXHP-NoLRM-7.5%UC-AOE/instance-out.sql,CZ01,DMo,weighted,rDXHP,Ex,dxHP_equip,,RB-dxHP_equip-spltHP-SEER-BA-rDXHP-NoLRM-7.5%UC-AOE,DMo&0&rDXHP&Ex&dxHP_equip,RB-dxHP_equip-spltHP-SEER-BA-rDXHP-NoLRM-7.5%UC-AOE,44.38,81.71,30722.01,56568.89,12.36803261,0.78152237,0.17646643,1.26005582,0.0,5.22575174,0.0,0.19845529,0.0,0.0,0.0,0.0,4.72578097,0.0,0.0,0.78152237,0.17646643,0.0,0.0,2.08013719,3.14561455,0.0,0.0,230.77,0.00097816,2484.0,0.00097816
runs/CZ02/DMo&0&rDXGF&Ex&dxAC_equip/RB-dxAC_equip-spltAC-SEER-BA-rDXGF-NoLRM-30%UC-AOE/instance-out.sql,CZ02,DMo,weighted,rDXGF,Ex,dxAC_equip,,RB-dxAC_equip-spltAC-SEER-BA-rDXGF-NoLRM-30%UC-AOE,DMo&0&rDXGF&Ex&dxAC_equip,RB-dxAC_equip-spltAC-SEER-BA-rDXGF-NoLRM-30%UC-AOE,58.18,100.35,40276.53,69472.77,16.21448065,3.48555216,1.15631929,1.26005582,0.0,5.22575174,0.0,0.49233788,0.0,0.0,0.0,0.0,4.59445974,0.0,0.0,0.0,1.15631929,3.48555216,0.0,2.08013719,3.14561455,0.0,0.0,230.77,0.00245771,2484.0,0.00245771
runs/CZ01/DMo&0&rDXHP&Ex&dxHP_equip/RB-dxHP_equip-spltHP-SEER-BA-rDXHP-NoLRM-0%UC-NR/instance-out.sql,CZ01,DMo,weighted,rDXHP,Ex,dxHP_equip,,RB-dxHP_equip-spltHP-SEER-BA-rDXHP-NoLRM-0%UC-NR,DMo&0&rDXHP&Ex&dxHP_equip,RB-dxHP_equip-spltHP-SEER-BA-rDXHP-NoLRM-0%UC-NR,43.82,79.93,30333.88,55339.71,12.21178369,0.65986705,0.14187283,1.26005582,0.0,5.22575174,0.0,0.19845529,0.0,0.0,0.0,0.0,4.72578097,0.0,0.0,0.65986705,0.14187283,0.0,0.0,2.08013719,3.14561455,0.0,0.0,230.77,0.00090966,2484.0,0.00090966
runs/CZ01/DMo&0&rDXHP&Ex&dxHP_equip/RB-dxHP_equip-spltHP-SEER-BA-rDXHP-NoLRM-40%UC-AOE/instance-out.sql,CZ01,DMo,weighted,rDXHP,Ex,dxHP_equip,,RB-dxHP_equip-spltHP-SEER-BA-rDXHP-NoLRM-40%UC-AOE,DMo&0&rDXHP&Ex&dxHP_equip,RB-dxHP_equip-spltHP-SEER-BA-rDXHP-NoLRM-40%UC-AOE,44.09,80.81,30525.71,55947.21,12.28900638,0.61921061,0.25975195,1.26005582,0.0,5.22575174,0.0,0.19845529,0.0,0.0,0.0,0.0,4.72578097,0.0,0.0,0.61921061,0.25975195,0.0,0.0,2.08013719,3.14561455,0.0,0.0,230.77,0.00114309,2484.0,0.00114309
runs/CZ02/DMo&0&rDXGF&Ex&dxAC_equip/RB-dxAC_equip-spltAC-SEER-BA-rDXGF-NoLRM-22.5%UC-AOE/instance-out.sql,CZ02,DMo,weighted,rDXGF,Ex,dxAC_equip,,RB-dxAC_equip-spltAC-SEER-BA-rDXGF-NoLRM-22.5%UC-AOE,DMo&0&rDXGF&Ex&dxAC_equip,RB-dxAC_equip-spltAC-SEER-BA-rDXGF-NoLRM-22.5%UC-AOE,57.84,99.27,40040.73,68726.01,16.11955657,3.48555216,1.06139521,1.26005582,0.0,5.22575174,0.0,0.49233788,0.0,0.0,0.0,0.0,4.59445974,0.0,0.0,0.0,1.06139521,3.48555216,0.0,2.08013719,3.14561455,0.0,0.0,230.77,0.00233011,2484.0,0.00233011
runs/CZ02/DMo&0&rDXGF&Ex&dxAC_equip/RB-dxAC_equip-spltAC-SEER-BA-rDXGF-LRM-LSC-NR/instance-out.sql,CZ02,DMo,weighted,rDXGF,Ex,dxAC_equip,,RB-dxAC_equip-spltAC-SEER-BA-rDXGF-LRM-LSC-NR,DMo&0&rDXGF&Ex&dxAC_equip,RB-dxAC_equip-spltAC-SEER-BA-rDXGF-LRM-LSC-NR,56.32,94.48,38994.42,65412.33,15.69833023,3.48555216,0.64016887,1.26005582,0.0,5.22575174,0.0,0.49233788,0.0,0.0,0.0,0.0,4.59445974,0.0,0.0,0.0,0.64016887,3.48555216,0.0,2.08013719,3.14561455,0.0,0.0,230.77,0.00176391,2484.0,0.00176391
runs/CZ01/DMo&0&rDXHP&Ex&dxHP_equip/RB-dxHP_equip-spltHP-SEER-BA-rDXHP-NoLRM-22.5%UC-AOE/instance-out.sql,CZ01,DMo,weighted,rDXHP,Ex,dxHP_equip,,RB-dxHP_equip-spltHP-SEER-BA-rDXHP-NoLRM-22.5%UC-AOE,DMo&0&rDXHP&Ex&dxHP_equip,RB-dxHP_equip-spltHP-SEER-BA-rDXHP-NoLRM-22.5%UC-AOE,44.24,81.3,30631.41,56281.96,12.33155897,0.70661049,0.21490466,1.26005582,0.0,5.22575174,0.0,0.19845529,0.0,0.0,0.0,0.0,4.72578097,0.0,0.0,0.70661049,0.21490466,0.0,0.0,2.08013719,3.14561455,0.0,0.0,230.77,0.00105428,2484.0,0.00105428
runs/CZ02/DMo&0&rDXGF&Ex&dxAC_equip/RB-dxAC_equip-spltAC-SEER-BA-rDXGF-NoLRM-7.5%UC-AOE/instance-out.sql,CZ02,DMo,weighted,rDXGF,Ex,dxAC_equip,,RB-dxAC_equip-spltAC-SEER-BA-rDXGF-NoLRM-7.5%UC-AOE,DMo&0&rDXGF&Ex&dxAC_equip,RB-dxAC_equip-spltAC-SEER-BA-rDXGF-NoLRM-7.5%UC-AOE,57.15,97.11,39569.15,67232.5,15.92970439,3.48555216,0.87154303,1.26005582,0.0,5.22575174,0.0,0.49233788,0.0,0.0,0.0,0.0,4.59445974,0.0,0.0,0.0,0.87154303,3.48555216,0.0,2.08013719,3.14561455,0.0,0.0,230.77,0.00207492,2484.0,0.00207492
runs/CZ02/DMo&0&rDXGF&Ex&dxAC_equip/RB-dxAC_equip-spltAC-SEER-BA-rDXGF-NoLRM-0%UC-NR/instance-out.sql,CZ02,DMo,weighted,rDXGF,Ex,dxAC_equip,,RB-dxAC_equip-spltAC-SEER-BA-rDXGF-NoLRM-0%UC-NR,DMo&0&rDXGF&Ex&dxAC_equip,RB-dxAC_equip-spltAC-SEER-BA-rDXGF-NoLRM-0%UC-NR,56.54,95.17,39144.75,65888.45,15.75885394,3.48555216,0.70069258,1.26005582,0.0,5.22575174,0.0,0.49233788,0.0,0.0,0.0,0.0,4.59445974,0.0,0.0,0.0,0.70069258,3.48555216,0.0,2.08013719,3.14561455,0.0,0.0,230.77,0.00184526,2484.0,0.00184526
runs/CZ02/DMo&0&rDXGF&Ex&dxAC_equip/RB-dxAC_equip-spltAC-SEER-BA-rDXGF-NoLRM-15%UC-AOE/instance-out.sql,CZ02,DMo,weighted,rDXGF,Ex,dxAC_equip,,RB-dxAC_equip-spltAC-SEER-BA-rDXGF-NoLRM-15%UC-AOE,DMo&0&rDXGF&Ex&dxAC_equip,RB-dxAC_equip-spltAC-SEER-BA-rDXGF-NoLRM-15%UC-AOE,57.5,98.19,39804.94,67979.26,16.02462847,3.48555216,0.96646711,1.26005582,0.0,5.22575174,0.0,0.49233788,0.0,0.0,0.0,0.0,4.59445974,0.0,0.0,0.0,0.96646711,3.48555216,0.0,2.08013719,3.14561455,0.0,0.0,230.77,0.00220252,2484.0,0.00220252
runs/CZ02/DMo&0&rDXGF&Ex&dxAC_equip/RB-dxAC_equip-spltAC-SEER-BA-rDXGF-LRM-LSC-AOE/instance-out.sql,CZ02,DMo,weighted,rDXGF,Ex,dxAC_equip,,RB-dxAC_equip-spltAC-SEER-BA-rDXGF-LRM-LSC-AOE,DMo&0&rDXGF&Ex&dxAC_equip,RB-dxAC_equip-spltAC-SEER-BA-rDXGF-LRM-LSC-AOE,56.57,95.27,39166.73,65958.03,15.7676986,3.48555216,0.70953724,1.26005582,0.0,5.22575174,0.0,0.49233788,0.0,0.0,0.0,0.0,4.59445974,0.0,0.0,0.0,0.70953724,3.48555216,0.0,2.08013719,3.14561455,0.0,0.0,230.77,0.00185715,2484.0,0.00185715
runs/CZ02/DMo&0&rDXGF&Ex&dxAC_equip/RB-dxAC_equip-spltAC-SEER-BA-rDXGF-NoLRM-40%UC-AOE/instance-out.sql,CZ02,DMo,weighted,rDXGF,Ex,dxAC_equip,,RB-dxAC_equip-spltAC-SEER-BA-rDXGF-NoLRM-40%UC-AOE,DMo&0&rDXGF&Ex&dxAC_equip,RB-dxAC_equip-spltAC-SEER-BA-rDXGF-NoLRM-40%UC-AOE,58.63,101.79,40590.92,70468.45,16.34104742,3.48555216,1.28288606,1.26005582,0.0,5.22575174,0.0,0.49233788,0.0,0.0,0.0,0.0,4.59445974,0.0,0.0,0.0,1.28288606,3.48555216,0.0,2.08013719,3.14561455,0.0,0.0,230.77,0.00262784,2484.0,0.00262784
runs/CZ02/DMo&0&rDXHP&Ex&dxHP_equip/RB-dxHP_equip-spltHP-SEER-BA-rDXHP-LRM-LSC-NC/instance-out.sql,CZ02,DMo,weighted,rDXHP,Ex,dxHP_equip,,RB-dxHP_equip-spltHP-SEER-BA-rDXHP-LRM-LSC-NC,DMo&0&rDXHP&Ex&dxHP_equip,RB-dxHP_equip-spltHP-SEER-BA-rDXHP-LRM-LSC-NC,48.3,95.16,33437.58,65880.42,13.46126376,1.11728524,0.64017692,1.26005582,0.0,5.22575174,0.0,0.62968572,0.0,0.0,0.0,0.0,4.58830833,0.0,0.0,1.11728524,0.64017692,0.0,0.0,2.08013719,3.14561455,0.0,0.0,230.77,0.00176391,2484.0,0.00176391
runs/CZ02/DMo&0&rDXHP&Ex&dxHP_equip/RB-dxHP_equip-spltHP-SEER-BA-rDXHP-NoLRM-0%UC-NR/instance-out.sql,CZ02,DMo,weighted,rDXHP,Ex,dxHP_equip,,RB-dxHP_equip-spltHP-SEER-BA-rDXHP-NoLRM-0%UC-NR,DMo&0&rDXHP&Ex&dxHP_equip,RB-dxHP_equip-spltHP-SEER-BA-rDXHP-NoLRM-0%UC-NR,48.38,95.41,33492.4,66054.03,13.48333314,1.07883493,0.70070063,1.26005582,0.0,5.22575174,0.0,0.62968572,0.0,0.0,0.0,0.0,4.58830833,0.0,0.0,1.07883493,0.70070063,0.0,0.0,2.08013719,3.14561455,0.0,0.0,230.77,0.00184526,2484.0,0.00184526
runs/CZ02/DMo&0&rDXHP&Ex&dxHP_equip/RB-dxHP_equip-spltHP-SEER-BA-rDXHP-NoLRM-22.5%UC-AOE/instance-out.sql,CZ02,DMo,weighted,rDXHP,Ex,dxHP_equip,,RB-dxHP_equip-spltHP-SEER-BA-rDXHP-NoLRM-22.5%UC-AOE,DMo&0&rDXHP&Ex&dxHP_equip,RB-dxHP_equip-spltHP-SEER-BA-rDXHP-NoLRM-22.5%UC-AOE,49.98,100.48,34600.68,69563.95,13.92950327,1.1642984,1.06140729,1.26005582,0.0,5.22575174,0.0,0.62968572,0.0,0.0,0.0,0.0,4.58830833,0.0,0.0,1.1642984,1.06140729,0.0,0.0,2.08013719,3.14561455,0.0,0.0,230.77,0.00233012,2484.0,0.00233012
runs/CZ02/DMo&0&rDXHP&Ex&dxHP_equip/RB-dxHP_equip-spltHP-SEER-BA-rDXHP-NoLRM-0%UC-NC/instance-out.sql,CZ02,DMo,weighted,rDXHP,Ex,dxHP_equip,,RB-dxHP_equip-spltHP-SEER-BA-rDXHP-NoLRM-0%UC-NC,DMo&0&rDXHP&Ex&dxHP_equip,RB-dxHP_equip-spltHP-SEER-BA-rDXHP-NoLRM-0%UC-NC,48.38,95.41,33492.4,66054.03,13.48333314,1.07883493,0.70070063,1.26005582,0.0,5.22575174,0.0,0.62968572,0.0,0.0,0.0,0.0,4.58830833,0.0,0.0,1.07883493,0.70070063,0.0,0.0,2.08013719,3.14561455,0.0,0.0,230.77,0.00184526,2484.0,0.00184526
runs/CZ02/DMo&0&rDXHP&Ex&dxHP_equip/RB-dxHP_equip-spltHP-SEER-BA-rDXHP-LRM-LSC-AOE/instance-out.sql,CZ02,DMo,weighted,rDXHP,Ex,dxHP_equip,,RB-dxHP_equip-spltHP-SEER-BA-rDXHP-LRM-LSC-AOE,DMo&0&rDXHP&Ex&dxHP_equip,RB-dxHP_equip-spltHP-SEER-BA-rDXHP-LRM-LSC-AOE,49.45,98.82,34237.01,68412.19,13.7830974,1.36975051,0.70954529,1.26005582,0.0,5.22575174,0.0,0.62968572,0.0,0.0,0.0,0.0,4.58830833,0.0,0.0,1.36975051,0.70954529,0.0,0.0,2.08013719,3.14561455,0.0,0.0,230.77,0.00185715,2484.0,0.00185715
runs/CZ02/DMo&0&rDXHP&Ex&dxHP_equip/RB-dxHP_equip-spltHP-SEER-BA-rDXHP-LRM-LSC-NR/instance-out.sql,CZ02,DMo,weighted,rDXHP,Ex,dxHP_equip,,RB-dxHP_equip-spltHP-SEER-BA-rDXHP-LRM-LSC-NR,DMo&0&rDXHP&Ex&dxHP_equip,RB-dxHP_equip-spltHP-SEER-BA-rDXHP-LRM-LSC-NR,48.3,95.16,33437.58,65880.42,13.46126376,1.11728524,0.64017692,1.26005582,0.0,5.22575174,0.0,0.62968572,0.0,0.0,0.0,0.0,4.58830833,0.0,0.0,1.11728524,0.64017692,0.0,0.0,2.08013719,3.14561455,0.0,0.0,230.77,0.00176391,2484.0,0.00176391
runs/CZ02/DMo&0&rDXHP&Ex&dxHP_equip/RB-dxHP_equip-spltHP-SEER-BA-rDXHP-NoLRM-0%UC-AOE/instance-out.sql,CZ02,DMo,weighted,rDXHP,Ex,dxHP_equip,,RB-dxHP_equip-spltHP-SEER-BA-rDXHP-NoLRM-0%UC-AOE,DMo&0&rDXHP&Ex&dxHP_equip,RB-dxHP_equip-spltHP-SEER-BA-rDXHP-NoLRM-0%UC-AOE,49.52,99.03,34283.42,68559.19,13.80178109,1.32135248,0.77662701,1.26005582,0.0,5.22575174,0.0,0.62968572,0.0,0.0,0.0,0.0,4.58830833,0.0,0.0,1.32135248,0.77662701,0.0,0.0,2.08013719,3.14561455,0.0,0.0,230.77,0.00194732,2484.0,0.00194732
runs/CZ03/DMo&0&rDXGF&Ex&dxAC_equip/RB-dxAC_equip-spltAC-SEER-BA-rDXGF-LRM-LSC-AOE/instance-out.sql,CZ03,DMo,weighted,rDXGF,Ex,dxAC_equip,,RB-dxAC_equip-spltAC-SEER-BA-rDXGF-LRM-LSC-AOE,DMo&0&rDXGF&Ex&dxAC_equip,RB-dxAC_equip-spltAC-SEER-BA-rDXGF-LRM-LSC-AOE,52.19,90.37,36131.87,62567.35,14.54592401,2.2714145,0.78329372,1.26005582,0.0,5.22575174,0.0,0.3990845,0.0,0.0,0.0,0.0,4.60633179,0.0,0.0,0.0,0.78329372,2.2714145,0.0,2.08013719,3.14561455,0.0,0.0,230.77,0.00178408,2484.0,0.00178408
runs/CZ03/DMo&0&rDXGF&Ex&dxAC_equip/RB-dxAC_equip-spltAC-SEER-BA-rDXGF-LRM-LSC-NR/instance-out.sql,CZ03,DMo,weighted,rDXGF,Ex,dxAC_equip,,RB-dxAC_equip-spltAC-SEER-BA-rDXGF-LRM-LSC-NR,DMo&0&rDXGF&Ex&dxAC_equip,RB-dxAC_equip-spltAC-SEER-BA-rDXGF-LRM-LSC-NR,51.92,89.5,35941.65,61964.92,14.46934545,2.2714145,0.70671516,1.26005582,0.0,5.22575174,0.0,0.3990845,0.0,0.0,0.0,0.0,4.60633179,0.0,0.0,0.0,0.70671516,2.2714145,0.0,2.08013719,3.14561455,0.0,0.0,230.77,0.0016922,2484.0,0.0016922
runs/CZ02/DMo&0&rDXHP&Ex&dxHP_equip/RB-dxHP_equip-spltHP-SEER-BA-rDXHP-NoLRM-15%UC-AOE/instance-out.sql,CZ02,DMo,weighted,rDXHP,Ex,dxHP_equip,,RB-dxHP_equip-spltHP-SEER-BA-rDXHP-NoLRM-15%UC-AOE,DMo&0&rDXHP&Ex&dxHP_equip,RB-dxHP_equip-spltHP-SEER-BA-rDXHP-NoLRM-15%UC-AOE,49.88,100.18,34535.0,69355.94,13.90306189,1.2327811,0.96647919,1.26005582,0.0,5.22575174,0.0,0.62968572,0.0,0.0,0.0,0.0,4.58830833,0.0,0.0,1.2327811,0.96647919,0.0,0.0,2.08013719,3.14561455,0.0,0.0,230.77,0.00220252,2484.0,0.00220252
runs/CZ02/DMo&0&rDXHP&Ex&dxHP_equip/RB-dxHP_equip-spltHP-SEER-BA-rDXHP-NoLRM-30%UC-AOE/instance-out.sql,CZ02,DMo,weighted,rDXHP,Ex,dxHP_equip,,RB-dxHP_equip-spltHP-SEER-BA-rDXHP-NoLRM-30%UC-AOE,DMo&0&rDXHP&Ex&dxHP_equip,RB-dxHP_equip-spltHP-SEER-BA-rDXHP-NoLRM-30%UC-AOE,50.07,100.78,34666.36,69771.97,13.95594867,1.09581168,1.15633136,1.26005582,0.0,5.22575174,0.0,0.62968572,0.0,0.0,0.0,0.0,4.58830833,0.0,0.0,1.09581168,1.15633136,0.0,0.0,2.08013719,3.14561455,0.0,0.0,230.77,0.00245772,2484.0,0.00245772
runs/CZ03/DMo&0&rDXGF&Ex&dxAC_equip/RB-dxAC_equip-spltAC-SEER-BA-rDXGF-NoLRM-22.5%UC-AOE/instance-out.sql,CZ03,DMo,weighted,rDXGF,Ex,dxAC_equip,,RB-dxAC_equip-spltAC-SEER-BA-rDXGF-NoLRM-22.5%UC-AOE,DMo&0&rDXGF&Ex&dxAC_equip,RB-dxAC_equip-spltAC-SEER-BA-rDXGF-NoLRM-22.5%UC-AOE,53.58,94.79,37096.73,65623.06,14.93435627,2.2714145,1.17172598,1.26005582,0.0,5.22575174,0.0,0.3990845,0.0,0.0,0.0,0.0,4.60633179,0.0,0.0,0.0,1.17172598,2.2714145,0.0,2.08013719,3.14561455,0.0,0.0,230.77,0.00225011,2484.0,0.00225011
runs/CZ02/DMo&0&rDXHP&Ex&dxHP_equip/RB-dxHP_equip-spltHP-SEER-BA-rDXHP-NoLRM-40%UC-AOE/instance-out.sql,CZ02,DMo,weighted,rDXHP,Ex,dxHP_equip,,RB-dxHP_equip-spltHP-SEER-BA-rDXHP-NoLRM-40%UC-AOE,DMo&0&rDXHP&Ex&dxHP_equip,RB-dxHP_equip-spltHP-SEER-BA-rDXHP-NoLRM-40%UC-AOE,50.2,101.18,34753.94,70049.32,13.99120251,1.00449874,1.28290217,1.26005582,0.0,5.22575174,0.0,0.62968572,0.0,0.0,0.0,0.0,4.58830833,0.0,0.0,1.00449874,1.28290217,0.0,0.0,2.08013719,3.14561455,0.0,0.0,230.77,0.00262785,2484.0,0.00262785
runs/CZ02/DMo&0&rDXHP&Ex&dxHP_equip/RB-dxHP_equip-spltHP-SEER-BA-rDXHP-NoLRM-7.5%UC-AOE/instance-out.sql,CZ02,DMo,weighted,rDXHP,Ex,dxHP_equip,,RB-dxHP_equip-spltHP-SEER-BA-rDXHP-NoLRM-7.5%UC-AOE,DMo&0&rDXHP&Ex&dxHP_equip,RB-dxHP_equip-spltHP-SEER-BA-rDXHP-NoLRM-7.5%UC-AOE,49.79,99.88,34469.32,69147.92,13.8766205,1.30126379,0.87155109,1.26005582,0.0,5.22575174,0.0,0.62968572,0.0,0.0,0.0,0.0,4.58830833,0.0,0.0,1.30126379,0.87155109,0.0,0.0,2.08013719,3.14561455,0.0,0.0,230.77,0.00207492,2484.0,0.00207492
runs/CZ03/DMo&0&rDXGF&Ex&dxAC_equip/RB-dxAC_equip-spltAC-SEER-BA-rDXGF-NoLRM-7.5%UC-AOE/instance-out.sql,CZ03,DMo,weighted,rDXGF,Ex,dxAC_equip,,RB-dxAC_equip-spltAC-SEER-BA-rDXGF-NoLRM-7.5%UC-AOE,DMo&0&rDXGF&Ex&dxAC_equip,RB-dxAC_equip-spltAC-SEER-BA-rDXGF-NoLRM-7.5%UC-AOE,52.83,92.41,36576.12,63974.3,14.7247737,2.2714145,0.96213939,1.26005582,0.0,5.22575174,0.0,0.3990845,0.0,0.0,0.0,0.0,4.60633179,0.0,0.0,0.0,0.96213939,2.2714145,0.0,2.08013719,3.14561455,0.0,0.0,230.77,0.00199866,2484.0,0.00199866
runs/CZ03/DMo&0&rDXGF&Ex&dxAC_equip/RB-dxAC_equip-spltAC-SEER-BA-rDXGF-NoLRM-0%UC-AOE/instance-out.sql,CZ03,DMo,weighted,rDXGF,Ex,dxAC_equip,,RB-dxAC_equip-spltAC-SEER-BA-rDXGF-NoLRM-0%UC-AOE,DMo&0&rDXGF&Ex&dxAC_equip,RB-dxAC_equip-spltAC-SEER-BA-rDXGF-NoLRM-0%UC-AOE,52.46,91.22,36315.81,63149.91,14.61997839,2.2714145,0.8573481,1.26005582,0.0,5.22575174,0.0,0.3990845,0.0,0.0,0.0,0.0,4.60633179,0.0,0.0,0.0,0.8573481,2.2714145,0.0,2.08013719,3.14561455,0.0,0.0,230.77,0.00187293,2484.0,0.00187293
runs/CZ03/DMo&0&rDXGF&Ex&dxAC_equip/RB-dxAC_equip-spltAC-SEER-BA-rDXGF-NoLRM-15%UC-AOE/instance-out.sql,CZ03,DMo,weighted,rDXGF,Ex,dxAC_equip,,RB-dxAC_equip-spltAC-SEER-BA-rDXGF-NoLRM-15%UC-AOE,DMo&0&rDXGF&Ex&dxAC_equip,RB-dxAC_equip-spltAC-SEER-BA-rDXGF-NoLRM-15%UC-AOE,53.21,93.6,36836.42,64798.68,14.82956499,2.2714145,1.06693067,1.26005582,0.0,5.22575174,0.0,0.3990845,0.0,0.0,0.0,0.0,4.60633179,0.0,0.0,0.0,1.06693067,2.2714145,0.0,2.08013719,3.14561455,0.0,0.0,230.77,0.00212438,2484.0,0.00212438
runs/CZ03/DMo&0&rDXGF&Ex&dxAC_equip/RB-dxAC_equip-spltAC-SEER-BA-rDXGF-NoLRM-30%UC-AOE/instance-out.sql,CZ03,DMo,weighted,rDXGF,Ex,dxAC_equip,,RB-dxAC_equip-spltAC-SEER-BA-rDXGF-NoLRM-30%UC-AOE,DMo&0&rDXGF&Ex&dxAC_equip,RB-dxAC_equip-spltAC-SEER-BA-rDXGF-NoLRM-30%UC-AOE,53.96,95.98,37357.03,66447.44,15.03915158,2.2714145,1.27651727,1.26005582,0.0,5.22575174,0.0,0.3990845,0.0,0.0,0.0,0.0,4.60633179,0.0,0.0,0.0,1.27651727,2.2714145,0.0,2.08013719,3.14561455,0.0,0.0,230.77,0.00237584,2484.0,0.00237584
runs/CZ03/DMo&0&rDXGF&Ex&dxAC_equip/RB-dxAC_equip-spltAC-SEER-BA-rDXGF-NoLRM-0%UC-NR/instance-out.sql,CZ03,DMo,weighted,rDXGF,Ex,dxAC_equip,,RB-dxAC_equip-spltAC-SEER-BA-rDXGF-NoLRM-0%UC-NR,DMo&0&rDXGF&Ex&dxAC_equip,RB-dxAC_equip-spltAC-SEER-BA-rDXGF-NoLRM-0%UC-NR,52.16,90.26,36107.61,62490.53,14.53616147,2.2714145,0.77352715,1.26005582,0.0,5.22575174,0.0,0.3990845,0.0,0.0,0.0,0.0,4.60633179,0.0,0.0,0.0,0.77352715,2.2714145,0.0,2.08013719,3.14561455,0.0,0.0,230.77,0.00177236,2484.0,0.00177236
runs/CZ03/DMo&0&rDXGF&Ex&dxAC_equip/RB-dxAC_equip-spltAC-SEER-BA-rDXGF-NoLRM-40%UC-AOE/instance-out.sql,CZ03,DMo,weighted,rDXGF,Ex,dxAC_equip,,RB-dxAC_equip-spltAC-SEER-BA-rDXGF-NoLRM-40%UC-AOE,DMo&0&rDXGF&Ex&dxAC_equip,RB-dxAC_equip-spltAC-SEER-BA-rDXGF-NoLRM-40%UC-AOE,54.46,97.57,37704.1,67546.62,15.17887464,2.2714145,1.41624032,1.26005582,0.0,5.22575174,0.0,0.3990845,0.0,0.0,0.0,0.0,4.60633179,0.0,0.0,0.0,1.41624032,2.2714145,0.0,2.08013719,3.14561455,0.0,0.0,230.77,0.00254348,2484.0,0.00254348
runs/CZ03/DMo&0&rDXHP&Ex&dxHP_equip/RB-dxHP_equip-spltHP-SEER-BA-rDXHP-NoLRM-0%UC-NR/instance-out.sql,CZ03,DMo,weighted,rDXHP,Ex,dxHP_equip,,RB-dxHP_equip-spltHP-SEER-BA-rDXHP-NoLRM-0%UC-NR,DMo&0&rDXHP&Ex&dxHP_equip,RB-dxHP_equip-spltHP-SEER-BA-rDXHP-NoLRM-0%UC-NR,46.64,89.8,32289.63,62166.63,12.9991193,0.67207727,0.7746584,1.26005582,0.0,5.22575174,0.0,0.46315493,0.0,0.0,0.0,0.0,4.60342517,0.0,0.0,0.67207727,0.7746584,0.0,0.0,2.08013719,3.14561455,0.0,0.0,230.77,0.00177237,2484.0,0.00177237
runs/CZ03/DMo&0&rDXHP&Ex&dxHP_equip/RB-dxHP_equip-spltHP-SEER-BA-rDXHP-LRM-LSC-NC/instance-out.sql,CZ03,DMo,weighted,rDXHP,Ex,dxHP_equip,,RB-dxHP_equip-spltHP-SEER-BA-rDXHP-LRM-LSC-NC,DMo&0&rDXHP&Ex&dxHP_equip,RB-dxHP_equip-spltHP-SEER-BA-rDXHP-LRM-LSC-NC,46.49,89.32,32186.14,61838.89,12.95745641,0.69732702,0.70774576,1.26005582,0.0,5.22575174,0.0,0.46315493,0.0,0.0,0.0,0.0,4.60342517,0.0,0.0,0.69732702,0.70774576,0.0,0.0,2.08013719,3.14561455,0.0,0.0,230.77,0.0016922,2484.0,0.0016922
runs/CZ03/DMo&0&rDXHP&Ex&dxHP_equip/RB-dxHP_equip-spltHP-SEER-BA-rDXHP-LRM-LSC-NR/instance-out.sql,CZ03,DMo,weighted,rDXHP,Ex,dxHP_equip,,RB-dxHP_equip-spltHP-SEER-BA-rDXHP-LRM-LSC-NR,DMo&0&rDXHP&Ex&dxHP_equip,RB-dxHP_equip-spltHP-SEER-BA-rDXHP-LRM-LSC-NR,46.49,89.32,32186.14,61838.89,12.95745641,0.69732702,0.70774576,1.26005582,0.0,5.22575174,0.0,0.46315493,0.0,0.0,0.0,0.0,4.60342517,0.0,0.0,0.69732702,0.70774576,0.0,0.0,2.08013719,3.14561455,0.0,0.0,230.77,0.0016922,2484.0,0.0016922
runs/CZ03/DMo&0&rDXHP&Ex&dxHP_equip/RB-dxHP_equip-spltHP-SEER-BA-rDXHP-NoLRM-0%UC-NC/instance-out.sql,CZ03,DMo,weighted,rDXHP,Ex,dxHP_equip,,RB-dxHP_equip-spltHP-SEER-BA-rDXHP-NoLRM-0%UC-NC,DMo&0&rDXHP&Ex&dxHP_equip,RB-dxHP_equip-spltHP-SEER-BA-rDXHP-NoLRM-0%UC-NC,46.64,89.8,32289.63,62166.63,12.9991193,0.67207727,0.7746584,1.26005582,0.0,5.22575174,0.0,0.46315493,0.0,0.0,0.0,0.0,4.60342517,0.0,0.0,0.67207727,0.7746584,0.0,0.0,2.08013719,3.14561455,0.0,0.0,230.77,0.00177237,2484.0,0.00177237
runs/CZ03/DMo&0&rDXHP&Ex&dxHP_equip/RB-dxHP_equip-spltHP-SEER-BA-rDXHP-LRM-LSC-AOE/instance-out.sql,CZ03,DMo,weighted,rDXHP,Ex,dxHP_equip,,RB-dxHP_equip-spltHP-SEER-BA-rDXHP-LRM-LSC-AOE,DMo&0&rDXHP&Ex&dxHP_equip,RB-dxHP_equip-spltHP-SEER-BA-rDXHP-LRM-LSC-AOE,47.36,92.08,32788.41,63746.29,13.19992163,0.86310095,0.78443704,1.26005582,0.0,5.22575174,0.0,0.46315493,0.0,0.0,0.0,0.0,4.60342517,0.0,0.0,0.86310095,0.78443704,0.0,0.0,2.08013719,3.14561455,0.0,0.0,230.77,0.00178408,2484.0,0.00178408
runs/CZ03/DMo&0&rDXHP&Ex&dxHP_equip/RB-dxHP_equip-spltHP-SEER-BA-rDXHP-NoLRM-15%UC-AOE/instance-out.sql,CZ03,DMo,weighted,rDXHP,Ex,dxHP_equip,,RB-dxHP_equip-spltHP-SEER-BA-rDXHP-NoLRM-15%UC-AOE,DMo&0&rDXHP&Ex&dxHP_equip,RB-dxHP_equip-spltHP-SEER-BA-rDXHP-NoLRM-15%UC-AOE,48.06,94.28,33270.6,65273.37,13.39403711,0.77316081,1.06849268,1.26005582,0.0,5.22575174,0.0,0.46315493,0.0,0.0,0.0,0.0,4.60342517,0.0,0.0,0.77316081,1.06849268,0.0,0.0,2.08013719,3.14561455,0.0,0.0,230.77,0.00212438,2484.0,0.00212438
runs/CZ04/DMo&0&rDXGF&Ex&dxAC_equip/RB-dxAC_equip-spltAC-SEER-BA-rDXGF-LRM-LSC-NR/instance-out.sql,CZ04,DMo,weighted,rDXGF,Ex,dxAC_equip,,RB-dxAC_equip-spltAC-SEER-BA-rDXGF-LRM-LSC-NR,DMo&0&rDXGF&Ex&dxAC_equip,RB-dxAC_equip-spltAC-SEER-BA-rDXGF-LRM-LSC-NR,60.31,107.0,41754.36,74074.46,16.8094238,3.54990037,1.41568074,1.26005582,0.0,5.22575174,0.0,0.81273028,0.0,0.0,0.0,0.0,4.54530888,0.0,0.0,0.0,1.41568074,3.54990037,0.0,2.08013719,3.14561455,0.0,0.0,230.77,0.00248701,2484.0,0.00248701
runs/CZ03/DMo&0&rDXHP&Ex&dxHP_equip/RB-dxHP_equip-spltHP-SEER-BA-rDXHP-NoLRM-0%UC-AOE/instance-out.sql,CZ03,DMo,weighted,rDXHP,Ex,dxHP_equip,,RB-dxHP_equip-spltHP-SEER-BA-rDXHP-NoLRM-0%UC-AOE,DMo&0&rDXHP&Ex&dxHP_equip,RB-dxHP_equip-spltHP-SEER-BA-rDXHP-NoLRM-0%UC-AOE,47.51,92.56,32893.7,64079.72,13.24230513,0.83132138,0.85860012,1.26005582,0.0,5.22575174,0.0,0.46315493,0.0,0.0,0.0,0.0,4.60342517,0.0,0.0,0.83132138,0.85860012,0.0,0.0,2.08013719,3.14561455,0.0,0.0,230.77,0.00187293,2484.0,0.00187293
runs/CZ03/DMo&0&rDXHP&Ex&dxHP_equip/RB-dxHP_equip-spltHP-SEER-BA-rDXHP-NoLRM-40%UC-AOE/instance-out.sql,CZ03,DMo,weighted,rDXHP,Ex,dxHP_equip,,RB-dxHP_equip-spltHP-SEER-BA-rDXHP-NoLRM-40%UC-AOE,DMo&0&rDXHP&Ex&dxHP_equip,RB-dxHP_equip-spltHP-SEER-BA-rDXHP-NoLRM-40%UC-AOE,48.77,96.55,33767.21,66846.14,13.59396584,0.62326861,1.41830958,1.26005582,0.0,5.22575174,0.0,0.46315493,0.0,0.0,0.0,0.0,4.60342517,0.0,0.0,0.62326861,1.41830958,0.0,0.0,2.08013719,3.14561455,0.0,0.0,230.77,0.00254348,2484.0,0.00254348
runs/CZ03/DMo&0&rDXHP&Ex&dxHP_equip/RB-dxHP_equip-spltHP-SEER-BA-rDXHP-NoLRM-30%UC-AOE/instance-out.sql,CZ03,DMo,weighted,rDXHP,Ex,dxHP_equip,,RB-dxHP_equip-spltHP-SEER-BA-rDXHP-NoLRM-30%UC-AOE,DMo&0&rDXHP&Ex&dxHP_equip,RB-dxHP_equip-spltHP-SEER-BA-rDXHP-NoLRM-30%UC-AOE,48.49,95.65,33568.57,66217.03,13.51399355,0.68322468,1.27838121,1.26005582,0.0,5.22575174,0.0,0.46315493,0.0,0.0,0.0,0.0,4.60342517,0.0,0.0,0.68322468,1.27838121,0.0,0.0,2.08013719,3.14561455,0.0,0.0,230.77,0.00237584,2484.0,0.00237584
runs/CZ04/DMo&0&rDXGF&Ex&dxAC_equip/RB-dxAC_equip-spltAC-SEER-BA-rDXGF-LRM-LSC-AOE/instance-out.sql,CZ04,DMo,weighted,rDXGF,Ex,dxAC_equip,,RB-dxAC_equip-spltAC-SEER-BA-rDXGF-LRM-LSC-AOE,DMo&0&rDXGF&Ex&dxAC_equip,RB-dxAC_equip-spltAC-SEER-BA-rDXGF-LRM-LSC-AOE,60.86,108.74,42135.41,75281.24,16.96282649,3.54990037,1.5690794,1.26005582,0.0,5.22575174,0.0,0.81273028,0.0,0.0,0.0,0.0,4.54530888,0.0,0.0,0.0,1.5690794,3.54990037,0.0,2.08013719,3.14561455,0.0,0.0,230.77,0.0026441,2484.0,0.0026441
runs/CZ03/DMo&0&rDXHP&Ex&dxHP_equip/RB-dxHP_equip-spltHP-SEER-BA-rDXHP-NoLRM-22.5%UC-AOE/instance-out.sql,CZ03,DMo,weighted,rDXHP,Ex,dxHP_equip,,RB-dxHP_equip-spltHP-SEER-BA-rDXHP-NoLRM-22.5%UC-AOE,DMo&0&rDXHP&Ex&dxHP_equip,RB-dxHP_equip-spltHP-SEER-BA-rDXHP-NoLRM-22.5%UC-AOE,48.27,94.96,33419.58,65745.2,13.45401734,0.72819274,1.17343694,1.26005582,0.0,5.22575174,0.0,0.46315493,0.0,0.0,0.0,0.0,4.60342517,0.0,0.0,0.72819274,1.17343694,0.0,0.0,2.08013719,3.14561455,0.0,0.0,230.77,0.00225011,2484.0,0.00225011
runs/CZ03/DMo&0&rDXHP&Ex&dxHP_equip/RB-dxHP_equip-spltHP-SEER-BA-rDXHP-NoLRM-7.5%UC-AOE/instance-out.sql,CZ03,DMo,weighted,rDXHP,Ex,dxHP_equip,,RB-dxHP_equip-spltHP-SEER-BA-rDXHP-NoLRM-7.5%UC-AOE,DMo&0&rDXHP&Ex&dxHP_equip,RB-dxHP_equip-spltHP-SEER-BA-rDXHP-NoLRM-7.5%UC-AOE,47.84,93.6,33121.61,64801.54,13.33406091,0.81813289,0.96354439,1.26005582,0.0,5.22575174,0.0,0.46315493,0.0,0.0,0.0,0.0,4.60342517,0.0,0.0,0.81813289,0.96354439,0.0,0.0,2.08013719,3.14561455,0.0,0.0,230.77,0.00199866,2484.0,0.00199866
runs/CZ04/DMo&0&rDXGF&Ex&dxAC_equip/RB-dxAC_equip-spltAC-SEER-BA-rDXGF-NoLRM-0%UC-AOE/instance-out.sql,CZ04,DMo,weighted,rDXGF,Ex,dxAC_equip,,RB-dxAC_equip-spltAC-SEER-BA-rDXGF-NoLRM-0%UC-AOE,DMo&0&rDXGF&Ex&dxAC_equip,RB-dxAC_equip-spltAC-SEER-BA-rDXGF-NoLRM-0%UC-AOE,61.39,110.42,42503.89,76448.22,17.11116876,3.54990037,1.71742569,1.26005582,0.0,5.22575174,0.0,0.81273028,0.0,0.0,0.0,0.0,4.54530888,0.0,0.0,0.0,1.71742569,3.54990037,0.0,2.08013719,3.14561455,0.0,0.0,230.77,0.00279601,2484.0,0.00279601
runs/CZ04/DMo&0&rDXGF&Ex&dxAC_equip/RB-dxAC_equip-spltAC-SEER-BA-rDXGF-NoLRM-40%UC-AOE/instance-out.sql,CZ04,DMo,weighted,rDXGF,Ex,dxAC_equip,,RB-dxAC_equip-spltAC-SEER-BA-rDXGF-NoLRM-40%UC-AOE,DMo&0&rDXGF&Ex&dxAC_equip,RB-dxAC_equip-spltAC-SEER-BA-rDXGF-NoLRM-40%UC-AOE,65.41,123.15,45284.89,85255.64,18.23074064,3.54990037,2.83699355,1.26005582,0.0,5.22575174,0.0,0.81273028,0.0,0.0,0.0,0.0,4.54530888,0.0,0.0,0.0,2.83699355,3.54990037,0.0,2.08013719,3.14561455,0.0,0.0,230.77,0.00394249,2484.0,0.00394249
runs/CZ04/DMo&0&rDXGF&Ex&dxAC_equip/RB-dxAC_equip-spltAC-SEER-BA-rDXGF-NoLRM-0%UC-NR/instance-out.sql,CZ04,DMo,weighted,rDXGF,Ex,dxAC_equip,,RB-dxAC_equip-spltAC-SEER-BA-rDXGF-NoLRM-0%UC-NR,DMo&0&rDXGF&Ex&dxAC_equip,RB-dxAC_equip-spltAC-SEER-BA-rDXGF-NoLRM-0%UC-NR,60.79,108.52,42086.82,75127.35,16.94326518,3.54990037,1.54951809,1.26005582,0.0,5.22575174,0.0,0.81273028,0.0,0.0,0.0,0.0,4.54530888,0.0,0.0,0.0,1.54951809,3.54990037,0.0,2.08013719,3.14561455,0.0,0.0,230.77,0.00262407,2484.0,0.00262407
runs/CZ04/DMo&0&rDXGF&Ex&dxAC_equip/RB-dxAC_equip-spltAC-SEER-BA-rDXGF-NoLRM-22.5%UC-AOE/instance-out.sql,CZ04,DMo,weighted,rDXGF,Ex,dxAC_equip,,RB-dxAC_equip-spltAC-SEER-BA-rDXGF-NoLRM-22.5%UC-AOE,DMo&0&rDXGF&Ex&dxAC_equip,RB-dxAC_equip-spltAC-SEER-BA-rDXGF-NoLRM-22.5%UC-AOE,63.65,117.58,44068.2,81402.4,17.74093096,3.54990037,2.34718387,1.26005582,0.0,5.22575174,0.0,0.81273028,0.0,0.0,0.0,0.0,4.54530888,0.0,0.0,0.0,2.34718387,3.54990037,0.0,2.08013719,3.14561455,0.0,0.0,230.77,0.00344091,2484.0,0.00344091
runs/CZ04/DMo&0&rDXGF&Ex&dxAC_equip/RB-dxAC_equip-spltAC-SEER-BA-rDXGF-NoLRM-15%UC-AOE/instance-out.sql,CZ04,DMo,weighted,rDXGF,Ex,dxAC_equip,,RB-dxAC_equip-spltAC-SEER-BA-rDXGF-NoLRM-15%UC-AOE,DMo&0&rDXGF&Ex&dxAC_equip,RB-dxAC_equip-spltAC-SEER-BA-rDXGF-NoLRM-15%UC-AOE,62.9,115.19,43546.77,79751.0,17.53101023,3.54990037,2.13726313,1.26005582,0.0,5.22575174,0.0,0.81273028,0.0,0.0,0.0,0.0,4.54530888,0.0,0.0,0.0,2.13726313,3.54990037,0.0,2.08013719,3.14561455,0.0,0.0,230.77,0.00322594,2484.0,0.00322594
runs/CZ04/DMo&0&rDXGF&Ex&dxAC_equip/RB-dxAC_equip-spltAC-SEER-BA-rDXGF-NoLRM-30%UC-AOE/instance-out.sql,CZ04,DMo,weighted,rDXGF,Ex,dxAC_equip,,RB-dxAC_equip-spltAC-SEER-BA-rDXGF-NoLRM-30%UC-AOE,DMo&0&rDXGF&Ex&dxAC_equip,RB-dxAC_equip-spltAC-SEER-BA-rDXGF-NoLRM-30%UC-AOE,64.41,119.97,44589.64,83053.79,17.95084767,3.54990037,2.55710058,1.26005582,0.0,5.22575174,0.0,0.81273028,0.0,0.0,0.0,0.0,4.54530888,0.0,0.0,0.0,2.55710058,3.54990037,0.0,2.08013719,3.14561455,0.0,0.0,230.77,0.00365587,2484.0,0.00365587
runs/CZ04/DMo&0&rDXHP&Ex&dxHP_equip/RB-dxHP_equip-spltHP-SEER-BA-rDXHP-LRM-LSC-NR/instance-out.sql,CZ04,DMo,weighted,rDXHP,Ex,dxHP_equip,,RB-dxHP_equip-spltHP-SEER-BA-rDXHP-LRM-LSC-NR,DMo&0&rDXHP&Ex&dxHP_equip,RB-dxHP_equip-spltHP-SEER-BA-rDXHP-LRM-LSC-NR,52.25,108.04,36172.08,74796.74,14.56211976,1.1538072,1.41667108,1.26005582,0.0,5.22575174,0.0,0.96703072,0.0,0.0,0.0,0.0,4.5388032,0.0,0.0,1.1538072,1.41667108,0.0,0.0,2.08013719,3.14561455,0.0,0.0,230.77,0.00248701,2484.0,0.00248701
runs/CZ04/DMo&0&rDXGF&Ex&dxAC_equip/RB-dxAC_equip-spltAC-SEER-BA-rDXGF-NoLRM-7.5%UC-AOE/instance-out.sql,CZ04,DMo,weighted,rDXGF,Ex,dxAC_equip,,RB-dxAC_equip-spltAC-SEER-BA-rDXGF-NoLRM-7.5%UC-AOE,DMo&0&rDXGF&Ex&dxAC_equip,RB-dxAC_equip-spltAC-SEER-BA-rDXGF-NoLRM-7.5%UC-AOE,62.15,112.81,43025.33,78099.61,17.32108949,3.54990037,1.9273424,1.26005582,0.0,5.22575174,0.0,0.81273028,0.0,0.0,0.0,0.0,4.54530888,0.0,0.0,0.0,1.9273424,3.54990037,0.0,2.08013719,3.14561455,0.0,0.0,230.77,0.00301097,2484.0,0.00301097
runs/CZ04/DMo&0&rDXHP&Ex&dxHP_equip/RB-dxHP_equip-spltHP-SEER-BA-rDXHP-NoLRM-0%UC-NC/instance-out.sql,CZ04,DMo,weighted,rDXHP,Ex,dxHP_equip,,RB-dxHP_equip-spltHP-SEER-BA-rDXHP-NoLRM-0%UC-NC,DMo&0&rDXHP&Ex&dxHP_equip,RB-dxHP_equip-spltHP-SEER-BA-rDXHP-NoLRM-0%UC-NC,52.59,109.11,36406.53,75539.24,14.65650438,1.11425785,1.55060505,1.26005582,0.0,5.22575174,0.0,0.96703072,0.0,0.0,0.0,0.0,4.5388032,0.0,0.0,1.11425785,1.55060505,0.0,0.0,2.08013719,3.14561455,0.0,0.0,230.77,0.00262407,2484.0,0.00262407
runs/CZ04/DMo&0&rDXHP&Ex&dxHP_equip/RB-dxHP_equip-spltHP-SEER-BA-rDXHP-NoLRM-22.5%UC-AOE/instance-out.sql,CZ04,DMo,weighted,rDXHP,Ex,dxHP_equip,,RB-dxHP_equip-spltHP-SEER-BA-rDXHP-NoLRM-22.5%UC-AOE,DMo&0&rDXHP&Ex&dxHP_equip,RB-dxHP_equip-spltHP-SEER-BA-rDXHP-NoLRM-22.5%UC-AOE,55.77,119.18,38607.64,82510.15,15.54262479,1.20215692,2.34882237,1.26005582,0.0,5.22575174,0.0,0.96703072,0.0,0.0,0.0,0.0,4.5388032,0.0,0.0,1.20215692,2.34882237,0.0,0.0,2.08013719,3.14561455,0.0,0.0,230.77,0.0034409,2484.0,0.0034409
runs/CZ04/DMo&0&rDXHP&Ex&dxHP_equip/RB-dxHP_equip-spltHP-SEER-BA-rDXHP-NoLRM-40%UC-AOE/instance-out.sql,CZ04,DMo,weighted,rDXHP,Ex,dxHP_equip,,RB-dxHP_equip-spltHP-SEER-BA-rDXHP-NoLRM-40%UC-AOE,DMo&0&rDXHP&Ex&dxHP_equip,RB-dxHP_equip-spltHP-SEER-BA-rDXHP-NoLRM-40%UC-AOE,56.94,122.88,39416.94,85073.19,15.86842786,1.03780811,2.83897826,1.26005582,0.0,5.22575174,0.0,0.96703072,0.0,0.0,0.0,0.0,4.5388032,0.0,0.0,1.03780811,2.83897826,0.0,0.0,2.08013719,3.14561455,0.0,0.0,230.77,0.00394249,2484.0,0.00394249
runs/CZ04/DMo&0&rDXHP&Ex&dxHP_equip/RB-dxHP_equip-spltHP-SEER-BA-rDXHP-NoLRM-0%UC-AOE/instance-out.sql,CZ04,DMo,weighted,rDXHP,Ex,dxHP_equip,,RB-dxHP_equip-spltHP-SEER-BA-rDXHP-NoLRM-0%UC-AOE,DMo&0&rDXHP&Ex&dxHP_equip,RB-dxHP_equip-spltHP-SEER-BA-rDXHP-NoLRM-0%UC-AOE,54.08,113.85,37443.48,78823.25,15.07395855,1.36368767,1.71862537,1.26005582,0.0,5.22575174,0.0,0.96703072,0.0,0.0,0.0,0.0,4.5388032,0.0,0.0,1.36368767,1.71862537,0.0,0.0,2.08013719,3.14561455,0.0,0.0,230.77,0.00279601,2484.0,0.00279601
runs/CZ04/DMo&0&rDXHP&Ex&dxHP_equip/RB-dxHP_equip-spltHP-SEER-BA-rDXHP-NoLRM-7.5%UC-AOE/instance-out.sql,CZ04,DMo,weighted,rDXHP,Ex,dxHP_equip,,RB-dxHP_equip-spltHP-SEER-BA-rDXHP-NoLRM-7.5%UC-AOE,DMo&0&rDXHP&Ex&dxHP_equip,RB-dxHP_equip-spltHP-SEER-BA-rDXHP-NoLRM-7.5%UC-AOE,54.76,116.01,37913.96,80313.26,15.26336387,1.34302732,1.92869104,1.26005582,0.0,5.22575174,0.0,0.96703072,0.0,0.0,0.0,0.0,4.5388032,0.0,0.0,1.34302732,1.92869104,0.0,0.0,2.08013719,3.14561455,0.0,0.0,230.77,0.00301097,2484.0,0.00301097
runs/CZ04/DMo&0&rDXHP&Ex&dxHP_equip/RB-dxHP_equip-spltHP-SEER-BA-rDXHP-LRM-LSC-NC/instance-out.sql,CZ04,DMo,weighted,rDXHP,Ex,dxHP_equip,,RB-dxHP_equip-spltHP-SEER-BA-rDXHP-LRM-LSC-NC,DMo&0&rDXHP&Ex&dxHP_equip,RB-dxHP_equip-spltHP-SEER-BA-rDXHP-LRM-LSC-NC,52.25,108.04,36172.08,74796.74,14.56211976,1.1538072,1.41667108,1.26005582,0.0,5.22575174,0.0,0.96703072,0.0,0.0,0.0,0.0,4.5388032,0.0,0.0,1.1538072,1.41667108,0.0,0.0,2.08013719,3.14561455,0.0,0.0,230.77,0.00248701,2484.0,0.00248701
runs/CZ04/DMo&0&rDXHP&Ex&dxHP_equip/RB-dxHP_equip-spltHP-SEER-BA-rDXHP-NoLRM-15%UC-AOE/instance-out.sql,CZ04,DMo,weighted,rDXHP,Ex,dxHP_equip,,RB-dxHP_equip-spltHP-SEER-BA-rDXHP-NoLRM-15%UC-AOE,DMo&0&rDXHP&Ex&dxHP_equip,RB-dxHP_equip-spltHP-SEER-BA-rDXHP-NoLRM-15%UC-AOE,55.27,117.59,38260.8,81411.71,15.40299433,1.27259212,2.1387567,1.26005582,0.0,5.22575174,0.0,0.96703072,0.0,0.0,0.0,0.0,4.5388032,0.0,0.0,1.27259212,2.1387567,0.0,0.0,2.08013719,3.14561455,0.0,0.0,230.77,0.00322594,2484.0,0.00322594
runs/CZ04/DMo&0&rDXHP&Ex&dxHP_equip/RB-dxHP_equip-spltHP-SEER-BA-rDXHP-NoLRM-30%UC-AOE/instance-out.sql,CZ04,DMo,weighted,rDXHP,Ex,dxHP_equip,,RB-dxHP_equip-spltHP-SEER-BA-rDXHP-NoLRM-30%UC-AOE,DMo&0&rDXHP&Ex&dxHP_equip,RB-dxHP_equip-spltHP-SEER-BA-rDXHP-NoLRM-30%UC-AOE,56.27,120.77,38954.48,83608.59,15.68225525,1.13172172,2.55889205,1.26005582,0.0,5.22575174,0.0,0.96703072,0.0,0.0,0.0,0.0,4.5388032,0.0,0.0,1.13172172,2.55889205,0.0,0.0,2.08013719,3.14561455,0.0,0.0,230.77,0.00365587,2484.0,0.00365587
runs/CZ04/DMo&0&rDXHP&Ex&dxHP_equip/RB-dxHP_equip-spltHP-SEER-BA-rDXHP-LRM-LSC-AOE/instance-out.sql,CZ04,DMo,weighted,rDXHP,Ex,dxHP_equip,,RB-dxHP_equip-spltHP-SEER-BA-rDXHP-LRM-LSC-AOE,DMo&0&rDXHP&Ex&dxHP_equip,RB-dxHP_equip-spltHP-SEER-BA-rDXHP-LRM-LSC-AOE,53.73,112.73,37198.38,78047.02,14.97528244,1.41346253,1.57017844,1.26005582,0.0,5.22575174,0.0,0.96703072,0.0,0.0,0.0,0.0,4.5388032,0.0,0.0,1.41346253,1.57017844,0.0,0.0,2.08013719,3.14561455,0.0,0.0,230.77,0.0026441,2484.0,0.0026441
runs/CZ05/DMo&0&rDXGF&Ex&dxAC_equip/RB-dxAC_equip-spltAC-SEER-BA-rDXGF-LRM-LSC-AOE/instance-out.sql,CZ05,DMo,weighted,rDXGF,Ex,dxAC_equip,,RB-dxAC_equip-spltAC-SEER-BA-rDXGF-LRM-LSC-AOE,DMo&0&rDXGF&Ex&dxAC_equip,RB-dxAC_equip-spltAC-SEER-BA-rDXGF-LRM-LSC-AOE,52.29,89.72,36202.0,62112.96,14.57415687,2.39956341,0.65242337,1.26005582,0.0,5.22575174,0.0,0.42743813,0.0,0.0,0.0,0.0,4.60892842,0.0,0.0,0.0,0.65242337,2.39956341,0.0,2.08013719,3.14561455,0.0,0.0,230.77,0.00161159,2484.0,0.00161159
runs/CZ04/DMo&0&rDXHP&Ex&dxHP_equip/RB-dxHP_equip-spltHP-SEER-BA-rDXHP-NoLRM-0%UC-NR/instance-out.sql,CZ04,DMo,weighted,rDXHP,Ex,dxHP_equip,,RB-dxHP_equip-spltHP-SEER-BA-rDXHP-NoLRM-0%UC-NR,DMo&0&rDXHP&Ex&dxHP_equip,RB-dxHP_equip-spltHP-SEER-BA-rDXHP-NoLRM-0%UC-NR,52.59,109.11,36406.53,75539.24,14.65650438,1.11425785,1.55060505,1.26005582,0.0,5.22575174,0.0,0.96703072,0.0,0.0,0.0,0.0,4.5388032,0.0,0.0,1.11425785,1.55060505,0.0,0.0,2.08013719,3.14561455,0.0,0.0,230.77,0.00262407,2484.0,0.00262407
runs/CZ05/DMo&0&rDXGF&Ex&dxAC_equip/RB-dxAC_equip-spltAC-SEER-BA-rDXGF-NoLRM-30%UC-AOE/instance-out.sql,CZ05,DMo,weighted,rDXGF,Ex,dxAC_equip,,RB-dxAC_equip-spltAC-SEER-BA-rDXGF-NoLRM-30%UC-AOE,DMo&0&rDXGF&Ex&dxAC_equip,RB-dxAC_equip-spltAC-SEER-BA-rDXGF-NoLRM-30%UC-AOE,53.77,94.39,37222.47,65344.78,14.98497654,2.39956341,1.06324305,1.26005582,0.0,5.22575174,0.0,0.42743813,0.0,0.0,0.0,0.0,4.60892842,0.0,0.0,0.0,1.06324305,2.39956341,0.0,2.08013719,3.14561455,0.0,0.0,230.77,0.0021025,2484.0,0.0021025
runs/CZ05/DMo&0&rDXGF&Ex&dxAC_equip/RB-dxAC_equip-spltAC-SEER-BA-rDXGF-LRM-LSC-NR/instance-out.sql,CZ05,DMo,weighted,rDXGF,Ex,dxAC_equip,,RB-dxAC_equip-spltAC-SEER-BA-rDXGF-LRM-LSC-NR,DMo&0&rDXGF&Ex&dxAC_equip,RB-dxAC_equip-spltAC-SEER-BA-rDXGF-LRM-LSC-NR,52.06,88.99,36043.56,61611.18,14.51037227,2.39956341,0.58863877,1.26005582,0.0,5.22575174,0.0,0.42743813,0.0,0.0,0.0,0.0,4.60892842,0.0,0.0,0.0,0.58863877,2.39956341,0.0,2.08013719,3.14561455,0.0,0.0,230.77,0.00153537,2484.0,0.00153537
runs/CZ05/DMo&0&rDXGF&Ex&dxAC_equip/RB-dxAC_equip-spltAC-SEER-BA-rDXGF-NoLRM-0%UC-AOE/instance-out.sql,CZ05,DMo,weighted,rDXGF,Ex,dxAC_equip,,RB-dxAC_equip-spltAC-SEER-BA-rDXGF-NoLRM-0%UC-AOE,DMo&0&rDXGF&Ex&dxAC_equip,RB-dxAC_equip-spltAC-SEER-BA-rDXGF-NoLRM-0%UC-AOE,52.51,90.42,36355.21,62598.19,14.63584,2.39956341,0.71410248,1.26005582,0.0,5.22575174,0.0,0.42743813,0.0,0.0,0.0,0.0,4.60892842,0.0,0.0,0.0,0.71410248,2.39956341,0.0,2.08013719,3.14561455,0.0,0.0,230.77,0.00168529,2484.0,0.00168529
runs/CZ05/DMo&0&rDXGF&Ex&dxAC_equip/RB-dxAC_equip-spltAC-SEER-BA-rDXGF-NoLRM-22.5%UC-AOE/instance-out.sql,CZ05,DMo,weighted,rDXGF,Ex,dxAC_equip,,RB-dxAC_equip-spltAC-SEER-BA-rDXGF-NoLRM-22.5%UC-AOE,DMo&0&rDXGF&Ex&dxAC_equip,RB-dxAC_equip-spltAC-SEER-BA-rDXGF-NoLRM-22.5%UC-AOE,53.45,93.39,37005.65,64658.13,14.89769341,2.39956341,0.97595589,1.26005582,0.0,5.22575174,0.0,0.42743813,0.0,0.0,0.0,0.0,4.60892842,0.0,0.0,0.0,0.97595589,2.39956341,0.0,2.08013719,3.14561455,0.0,0.0,230.77,0.00199819,2484.0,0.00199819
runs/CZ05/DMo&0&rDXGF&Ex&dxAC_equip/RB-dxAC_equip-spltAC-SEER-BA-rDXGF-NoLRM-0%UC-NR/instance-out.sql,CZ05,DMo,weighted,rDXGF,Ex,dxAC_equip,,RB-dxAC_equip-spltAC-SEER-BA-rDXGF-NoLRM-0%UC-NR,DMo&0&rDXGF&Ex&dxAC_equip,RB-dxAC_equip-spltAC-SEER-BA-rDXGF-NoLRM-0%UC-NR,52.26,89.63,36181.79,62048.97,14.56602477,2.39956341,0.64429128,1.26005582,0.0,5.22575174,0.0,0.42743813,0.0,0.0,0.0,0.0,4.60892842,0.0,0.0,0.0,0.64429128,2.39956341,0.0,2.08013719,3.14561455,0.0,0.0,230.77,0.00160187,2484.0,0.00160187
runs/CZ05/DMo&0&rDXHP&Ex&dxHP_equip/RB-dxHP_equip-spltHP-SEER-BA-rDXHP-LRM-LSC-AOE/instance-out.sql,CZ05,DMo,weighted,rDXHP,Ex,dxHP_equip,,RB-dxHP_equip-spltHP-SEER-BA-rDXHP-LRM-LSC-AOE,DMo&0&rDXHP&Ex&dxHP_equip,RB-dxHP_equip-spltHP-SEER-BA-rDXHP-LRM-LSC-AOE,47.29,91.83,32737.98,63578.12,13.17961957,0.9229282,0.65305139,1.26005582,0.0,5.22575174,0.0,0.51277681,0.0,0.0,0.0,0.0,4.60505561,0.0,0.0,0.9229282,0.65305139,0.0,0.0,2.08013719,3.14561455,0.0,0.0,230.77,0.00161159,2484.0,0.00161159
runs/CZ05/DMo&0&rDXGF&Ex&dxAC_equip/RB-dxAC_equip-spltAC-SEER-BA-rDXGF-NoLRM-15%UC-AOE/instance-out.sql,CZ05,DMo,weighted,rDXGF,Ex,dxAC_equip,,RB-dxAC_equip-spltAC-SEER-BA-rDXGF-NoLRM-15%UC-AOE,DMo&0&rDXGF&Ex&dxAC_equip,RB-dxAC_equip-spltAC-SEER-BA-rDXGF-NoLRM-15%UC-AOE,53.14,92.4,36788.84,63971.48,14.81040626,2.39956341,0.88867277,1.26005582,0.0,5.22575174,0.0,0.42743813,0.0,0.0,0.0,0.0,4.60892842,0.0,0.0,0.0,0.88867277,2.39956341,0.0,2.08013719,3.14561455,0.0,0.0,230.77,0.00189389,2484.0,0.00189389
runs/CZ05/DMo&0&rDXGF&Ex&dxAC_equip/RB-dxAC_equip-spltAC-SEER-BA-rDXGF-NoLRM-40%UC-AOE/instance-out.sql,CZ05,DMo,weighted,rDXGF,Ex,dxAC_equip,,RB-dxAC_equip-spltAC-SEER-BA-rDXGF-NoLRM-40%UC-AOE,DMo&0&rDXGF&Ex&dxAC_equip,RB-dxAC_equip-spltAC-SEER-BA-rDXGF-NoLRM-40%UC-AOE,54.18,95.71,37511.55,66260.31,15.10135807,2.39956341,1.17962055,1.26005582,0.0,5.22575174,0.0,0.42743813,0.0,0.0,0.0,0.0,4.60892842,0.0,0.0,0.0,1.17962055,2.39956341,0.0,2.08013719,3.14561455,0.0,0.0,230.77,0.00224156,2484.0,0.00224156
runs/CZ05/DMo&0&rDXHP&Ex&dxHP_equip/RB-dxHP_equip-spltHP-SEER-BA-rDXHP-NoLRM-0%UC-NR/instance-out.sql,CZ05,DMo,weighted,rDXHP,Ex,dxHP_equip,,RB-dxHP_equip-spltHP-SEER-BA-rDXHP-NoLRM-0%UC-NR,DMo&0&rDXHP&Ex&dxHP_equip,RB-dxHP_equip-spltHP-SEER-BA-rDXHP-NoLRM-0%UC-NR,46.54,89.45,32217.22,61928.87,12.96997259,0.72142137,0.64491125,1.26005582,0.0,5.22575174,0.0,0.51277681,0.0,0.0,0.0,0.0,4.60505561,0.0,0.0,0.72142137,0.64491125,0.0,0.0,2.08013719,3.14561455,0.0,0.0,230.77,0.00160187,2484.0,0.00160187
runs/CZ05/DMo&0&rDXGF&Ex&dxAC_equip/RB-dxAC_equip-spltAC-SEER-BA-rDXGF-NoLRM-7.5%UC-AOE/instance-out.sql,CZ05,DMo,weighted,rDXGF,Ex,dxAC_equip,,RB-dxAC_equip-spltAC-SEER-BA-rDXGF-NoLRM-7.5%UC-AOE,DMo&0&rDXGF&Ex&dxAC_equip,RB-dxAC_equip-spltAC-SEER-BA-rDXGF-NoLRM-7.5%UC-AOE,52.83,91.41,36572.03,63284.84,14.72312313,2.39956341,0.80138964,1.26005582,0.0,5.22575174,0.0,0.42743813,0.0,0.0,0.0,0.0,4.60892842,0.0,0.0,0.0,0.80138964,2.39956341,0.0,2.08013719,3.14561455,0.0,0.0,230.77,0.00178959,2484.0,0.00178959
runs/CZ05/DMo&0&rDXHP&Ex&dxHP_equip/RB-dxHP_equip-spltHP-SEER-BA-rDXHP-LRM-LSC-NC/instance-out.sql,CZ05,DMo,weighted,rDXHP,Ex,dxHP_equip,,RB-dxHP_equip-spltHP-SEER-BA-rDXHP-LRM-LSC-NC,DMo&0&rDXHP&Ex&dxHP_equip,RB-dxHP_equip-spltHP-SEER-BA-rDXHP-LRM-LSC-NC,46.43,89.12,32145.01,61700.19,12.94090237,0.74805599,0.58920641,1.26005582,0.0,5.22575174,0.0,0.51277681,0.0,0.0,0.0,0.0,4.60505561,0.0,0.0,0.74805599,0.58920641,0.0,0.0,2.08013719,3.14561455,0.0,0.0,230.77,0.00153537,2484.0,0.00153537
runs/CZ05/DMo&0&rDXHP&Ex&dxHP_equip/RB-dxHP_equip-spltHP-SEER-BA-rDXHP-NoLRM-0%UC-AOE/instance-out.sql,CZ05,DMo,weighted,rDXHP,Ex,dxHP_equip,,RB-dxHP_equip-spltHP-SEER-BA-rDXHP-NoLRM-0%UC-AOE,DMo&0&rDXHP&Ex&dxHP_equip,RB-dxHP_equip-spltHP-SEER-BA-rDXHP-NoLRM-0%UC-AOE,47.39,92.15,32808.07,63800.11,13.20784035,0.88940546,0.71479492,1.26005582,0.0,5.22575174,0.0,0.51277681,0.0,0.0,0.0,0.0,4.60505561,0.0,0.0,0.88940546,0.71479492,0.0,0.0,2.08013719,3.14561455,0.0,0.0,230.77,0.00168529,2484.0,0.00168529
runs/CZ05/DMo&0&rDXHP&Ex&dxHP_equip/RB-dxHP_equip-spltHP-SEER-BA-rDXHP-LRM-LSC-NR/instance-out.sql,CZ05,DMo,weighted,rDXHP,Ex,dxHP_equip,,RB-dxHP_equip-spltHP-SEER-BA-rDXHP-LRM-LSC-NR,DMo&0&rDXHP&Ex&dxHP_equip,RB-dxHP_equip-spltHP-SEER-BA-rDXHP-LRM-LSC-NR,46.43,89.12,32145.01,61700.19,12.94090237,0.74805599,0.58920641,1.26005582,0.0,5.22575174,0.0,0.51277681,0.0,0.0,0.0,0.0,4.60505561,0.0,0.0,0.74805599,0.58920641,0.0,0.0,2.08013719,3.14561455,0.0,0.0,230.77,0.00153537,2484.0,0.00153537
runs/CZ05/DMo&0&rDXHP&Ex&dxHP_equip/RB-dxHP_equip-spltHP-SEER-BA-rDXHP-NoLRM-0%UC-NC/instance-out.sql,CZ05,DMo,weighted,rDXHP,Ex,dxHP_equip,,RB-dxHP_equip-spltHP-SEER-BA-rDXHP-NoLRM-0%UC-NC,DMo&0&rDXHP&Ex&dxHP_equip,RB-dxHP_equip-spltHP-SEER-BA-rDXHP-NoLRM-0%UC-NC,46.54,89.45,32217.22,61928.87,12.96997259,0.72142137,0.64491125,1.26005582,0.0,5.22575174,0.0,0.51277681,0.0,0.0,0.0,0.0,4.60505561,0.0,0.0,0.72142137,0.64491125,0.0,0.0,2.08013719,3.14561455,0.0,0.0,230.77,0.00160187,2484.0,0.00160187
runs/CZ06/DMo&0&rDXGF&Ex&dxAC_equip/RB-dxAC_equip-spltAC-SEER-BA-rDXGF-NoLRM-15%UC-AOE/instance-out.sql,CZ06,DMo,weighted,rDXGF,Ex,dxAC_equip,,RB-dxAC_equip-spltAC-SEER-BA-rDXGF-NoLRM-15%UC-AOE,DMo&0&rDXGF&Ex&dxAC_equip,RB-dxAC_equip-spltAC-SEER-BA-rDXGF-NoLRM-15%UC-AOE,52.01,97.23,36009.0,67316.62,14.49646317,1.36446465,1.52867255,1.26005582,0.0,5.22575174,0.0,0.59733045,0.0,0.0,0.0,0.0,4.52018796,0.0,0.0,0.0,1.52867255,1.36446465,0.0,2.08013719,3.14561455,0.0,0.0,230.77,0.00205598,2484.0,0.00205598
runs/CZ05/DMo&0&rDXHP&Ex&dxHP_equip/RB-dxHP_equip-spltHP-SEER-BA-rDXHP-NoLRM-15%UC-AOE/instance-out.sql,CZ05,DMo,weighted,rDXHP,Ex,dxHP_equip,,RB-dxHP_equip-spltHP-SEER-BA-rDXHP-NoLRM-15%UC-AOE,DMo&0&rDXHP&Ex&dxHP_equip,RB-dxHP_equip-spltHP-SEER-BA-rDXHP-NoLRM-15%UC-AOE,47.8,93.44,33089.72,64692.1,13.3212267,0.82805244,0.88953026,1.26005582,0.0,5.22575174,0.0,0.51277681,0.0,0.0,0.0,0.0,4.60505561,0.0,0.0,0.82805244,0.88953026,0.0,0.0,2.08013719,3.14561455,0.0,0.0,230.77,0.00189389,2484.0,0.00189389
runs/CZ05/DMo&0&rDXHP&Ex&dxHP_equip/RB-dxHP_equip-spltHP-SEER-BA-rDXHP-NoLRM-22.5%UC-AOE/instance-out.sql,CZ05,DMo,weighted,rDXHP,Ex,dxHP_equip,,RB-dxHP_equip-spltHP-SEER-BA-rDXHP-NoLRM-22.5%UC-AOE,DMo&0&rDXHP&Ex&dxHP_equip,RB-dxHP_equip-spltHP-SEER-BA-rDXHP-NoLRM-22.5%UC-AOE,47.94,93.9,33188.91,65006.23,13.3611585,0.78061657,0.97689793,1.26005582,0.0,5.22575174,0.0,0.51277681,0.0,0.0,0.0,0.0,4.60505561,0.0,0.0,0.78061657,0.97689793,0.0,0.0,2.08013719,3.14561455,0.0,0.0,230.77,0.0019982,2484.0,0.0019982
runs/CZ06/DMo&0&rDXGF&Ex&dxAC_equip/RB-dxAC_equip-spltAC-SEER-BA-rDXGF-NoLRM-0%UC-AOE/instance-out.sql,CZ06,DMo,weighted,rDXGF,Ex,dxAC_equip,,RB-dxAC_equip-spltAC-SEER-BA-rDXGF-NoLRM-0%UC-AOE,DMo&0&rDXGF&Ex&dxAC_equip,RB-dxAC_equip-spltAC-SEER-BA-rDXGF-NoLRM-0%UC-AOE,50.94,93.82,35263.08,64954.31,14.19617555,1.36446465,1.22838493,1.26005582,0.0,5.22575174,0.0,0.59733045,0.0,0.0,0.0,0.0,4.52018796,0.0,0.0,0.0,1.22838493,1.36446465,0.0,2.08013719,3.14561455,0.0,0.0,230.77,0.00182527,2484.0,0.00182527
runs/CZ05/DMo&0&rDXHP&Ex&dxHP_equip/RB-dxHP_equip-spltHP-SEER-BA-rDXHP-NoLRM-7.5%UC-AOE/instance-out.sql,CZ05,DMo,weighted,rDXHP,Ex,dxHP_equip,,RB-dxHP_equip-spltHP-SEER-BA-rDXHP-NoLRM-7.5%UC-AOE,DMo&0&rDXHP&Ex&dxHP_equip,RB-dxHP_equip-spltHP-SEER-BA-rDXHP-NoLRM-7.5%UC-AOE,47.65,92.99,32990.53,64377.96,13.28129087,0.87548831,0.80216259,1.26005582,0.0,5.22575174,0.0,0.51277681,0.0,0.0,0.0,0.0,4.60505561,0.0,0.0,0.87548831,0.80216259,0.0,0.0,2.08013719,3.14561455,0.0,0.0,230.77,0.00178959,2484.0,0.00178959
runs/CZ06/DMo&0&rDXGF&Ex&dxAC_equip/RB-dxAC_equip-spltAC-SEER-BA-rDXGF-LRM-LSC-AOE/instance-out.sql,CZ06,DMo,weighted,rDXGF,Ex,dxAC_equip,,RB-dxAC_equip-spltAC-SEER-BA-rDXGF-LRM-LSC-AOE,DMo&0&rDXGF&Ex&dxAC_equip,RB-dxAC_equip-spltAC-SEER-BA-rDXGF-LRM-LSC-AOE,50.55,92.62,34999.53,64119.63,14.09007186,1.36446465,1.12228124,1.26005582,0.0,5.22575174,0.0,0.59733045,0.0,0.0,0.0,0.0,4.52018796,0.0,0.0,0.0,1.12228124,1.36446465,0.0,2.08013719,3.14561455,0.0,0.0,230.77,0.00174375,2484.0,0.00174375
runs/CZ05/DMo&0&rDXHP&Ex&dxHP_equip/RB-dxHP_equip-spltHP-SEER-BA-rDXHP-NoLRM-30%UC-AOE/instance-out.sql,CZ05,DMo,weighted,rDXHP,Ex,dxHP_equip,,RB-dxHP_equip-spltHP-SEER-BA-rDXHP-NoLRM-30%UC-AOE,DMo&0&rDXHP&Ex&dxHP_equip,RB-dxHP_equip-spltHP-SEER-BA-rDXHP-NoLRM-30%UC-AOE,48.08,94.35,33288.11,65320.37,13.4010903,0.7331807,1.06426962,1.26005582,0.0,5.22575174,0.0,0.51277681,0.0,0.0,0.0,0.0,4.60505561,0.0,0.0,0.7331807,1.06426962,0.0,0.0,2.08013719,3.14561455,0.0,0.0,230.77,0.0021025,2484.0,0.0021025
runs/CZ06/DMo&0&rDXGF&Ex&dxAC_equip/RB-dxAC_equip-spltAC-SEER-BA-rDXGF-LRM-LSC-NR/instance-out.sql,CZ06,DMo,weighted,rDXGF,Ex,dxAC_equip,,RB-dxAC_equip-spltAC-SEER-BA-rDXGF-LRM-LSC-NR,DMo&0&rDXGF&Ex&dxAC_equip,RB-dxAC_equip-spltAC-SEER-BA-rDXGF-LRM-LSC-NR,50.16,91.37,34726.98,63256.48,13.98034898,1.36446465,1.01256239,1.26005582,0.0,5.22575174,0.0,0.59733045,0.0,0.0,0.0,0.0,4.52018796,0.0,0.0,0.0,1.01256239,1.36446465,0.0,2.08013719,3.14561455,0.0,0.0,230.77,0.00165945,2484.0,0.00165945
runs/CZ05/DMo&0&rDXHP&Ex&dxHP_equip/RB-dxHP_equip-spltHP-SEER-BA-rDXHP-NoLRM-40%UC-AOE/instance-out.sql,CZ05,DMo,weighted,rDXHP,Ex,dxHP_equip,,RB-dxHP_equip-spltHP-SEER-BA-rDXHP-NoLRM-40%UC-AOE,DMo&0&rDXHP&Ex&dxHP_equip,RB-dxHP_equip-spltHP-SEER-BA-rDXHP-NoLRM-40%UC-AOE,48.27,94.96,33420.36,65739.22,13.45433135,0.66993153,1.18075985,1.26005582,0.0,5.22575174,0.0,0.51277681,0.0,0.0,0.0,0.0,4.60505561,0.0,0.0,0.66993153,1.18075985,0.0,0.0,2.08013719,3.14561455,0.0,0.0,230.77,0.00224156,2484.0,0.00224156
runs/CZ06/DMo&0&rDXGF&Ex&dxAC_equip/RB-dxAC_equip-spltAC-SEER-BA-rDXGF-NoLRM-0%UC-NR/instance-out.sql,CZ06,DMo,weighted,rDXGF,Ex,dxAC_equip,,RB-dxAC_equip-spltAC-SEER-BA-rDXGF-NoLRM-0%UC-NR,DMo&0&rDXGF&Ex&dxAC_equip,RB-dxAC_equip-spltAC-SEER-BA-rDXGF-NoLRM-0%UC-NR,50.5,92.46,34964.77,64009.56,14.07607821,1.36446465,1.10829163,1.26005582,0.0,5.22575174,0.0,0.59733045,0.0,0.0,0.0,0.0,4.52018796,0.0,0.0,0.0,1.10829163,1.36446465,0.0,2.08013719,3.14561455,0.0,0.0,230.77,0.001733,2484.0,0.001733
runs/CZ06/DMo&0&rDXGF&Ex&dxAC_equip/RB-dxAC_equip-spltAC-SEER-BA-rDXGF-NoLRM-22.5%UC-AOE/instance-out.sql,CZ06,DMo,weighted,rDXGF,Ex,dxAC_equip,,RB-dxAC_equip-spltAC-SEER-BA-rDXGF-NoLRM-22.5%UC-AOE,DMo&0&rDXGF&Ex&dxAC_equip,RB-dxAC_equip-spltAC-SEER-BA-rDXGF-NoLRM-22.5%UC-AOE,52.55,98.94,36381.95,68497.78,14.64660899,1.36446465,1.67881837,1.26005582,0.0,5.22575174,0.0,0.59733045,0.0,0.0,0.0,0.0,4.52018796,0.0,0.0,0.0,1.67881837,1.36446465,0.0,2.08013719,3.14561455,0.0,0.0,230.77,0.00217133,2484.0,0.00217133
runs/CZ06/DMo&0&rDXGF&Ex&dxAC_equip/RB-dxAC_equip-spltAC-SEER-BA-rDXGF-NoLRM-30%UC-AOE/instance-out.sql,CZ06,DMo,weighted,rDXGF,Ex,dxAC_equip,,RB-dxAC_equip-spltAC-SEER-BA-rDXGF-NoLRM-30%UC-AOE,DMo&0&rDXGF&Ex&dxAC_equip,RB-dxAC_equip-spltAC-SEER-BA-rDXGF-NoLRM-30%UC-AOE,53.09,100.65,36754.91,69678.93,14.79675078,1.36446465,1.8289642,1.26005582,0.0,5.22575174,0.0,0.59733045,0.0,0.0,0.0,0.0,4.52018796,0.0,0.0,0.0,1.8289642,1.36446465,0.0,2.08013719,3.14561455,0.0,0.0,230.77,0.00228669,2484.0,0.00228669
runs/CZ06/DMo&0&rDXHP&Ex&dxHP_equip/RB-dxHP_equip-spltHP-SEER-BA-rDXHP-LRM-LSC-NC/instance-out.sql,CZ06,DMo,weighted,rDXHP,Ex,dxHP_equip,,RB-dxHP_equip-spltHP-SEER-BA-rDXHP-LRM-LSC-NC,DMo&0&rDXHP&Ex&dxHP_equip,RB-dxHP_equip-spltHP-SEER-BA-rDXHP-LRM-LSC-NC,46.87,91.16,32449.22,63111.48,13.06337089,0.40184217,1.0132347,1.26005582,0.0,5.22575174,0.0,0.64398934,0.0,0.0,0.0,0.0,4.51849713,0.0,0.0,0.40184217,1.0132347,0.0,0.0,2.08013719,3.14561455,0.0,0.0,230.77,0.00165945,2484.0,0.00165945
runs/CZ06/DMo&0&rDXGF&Ex&dxAC_equip/RB-dxAC_equip-spltAC-SEER-BA-rDXGF-NoLRM-40%UC-AOE/instance-out.sql,CZ06,DMo,weighted,rDXGF,Ex,dxAC_equip,,RB-dxAC_equip-spltAC-SEER-BA-rDXGF-NoLRM-40%UC-AOE,DMo&0&rDXGF&Ex&dxAC_equip,RB-dxAC_equip-spltAC-SEER-BA-rDXGF-NoLRM-40%UC-AOE,53.81,102.92,37252.19,71253.8,14.99694521,1.36446465,2.02915863,1.26005582,0.0,5.22575174,0.0,0.59733045,0.0,0.0,0.0,0.0,4.52018796,0.0,0.0,0.0,2.02915863,1.36446465,0.0,2.08013719,3.14561455,0.0,0.0,230.77,0.00244049,2484.0,0.00244049
runs/CZ06/DMo&0&rDXGF&Ex&dxAC_equip/RB-dxAC_equip-spltAC-SEER-BA-rDXGF-NoLRM-7.5%UC-AOE/instance-out.sql,CZ06,DMo,weighted,rDXGF,Ex,dxAC_equip,,RB-dxAC_equip-spltAC-SEER-BA-rDXGF-NoLRM-7.5%UC-AOE,DMo&0&rDXGF&Ex&dxAC_equip,RB-dxAC_equip-spltAC-SEER-BA-rDXGF-NoLRM-7.5%UC-AOE,51.47,95.53,35636.04,66135.47,14.34631734,1.36446465,1.37853076,1.26005582,0.0,5.22575174,0.0,0.59733045,0.0,0.0,0.0,0.0,4.52018796,0.0,0.0,0.0,1.37853076,1.36446465,0.0,2.08013719,3.14561455,0.0,0.0,230.77,0.00194062,2484.0,0.00194062
runs/CZ06/DMo&0&rDXHP&Ex&dxHP_equip/RB-dxHP_equip-spltHP-SEER-BA-rDXHP-NoLRM-0%UC-NC/instance-out.sql,CZ06,DMo,weighted,rDXHP,Ex,dxHP_equip,,RB-dxHP_equip-spltHP-SEER-BA-rDXHP-NoLRM-0%UC-NC,DMo&0&rDXHP&Ex&dxHP_equip,RB-dxHP_equip-spltHP-SEER-BA-rDXHP-NoLRM-0%UC-NC,47.16,92.07,32648.63,63743.03,13.14365317,0.3863308,1.10902432,1.26005582,0.0,5.22575174,0.0,0.64398934,0.0,0.0,0.0,0.0,4.51849713,0.0,0.0,0.3863308,1.10902432,0.0,0.0,2.08013719,3.14561455,0.0,0.0,230.77,0.001733,2484.0,0.001733
runs/CZ06/DMo&0&rDXHP&Ex&dxHP_equip/RB-dxHP_equip-spltHP-SEER-BA-rDXHP-NoLRM-22.5%UC-AOE/instance-out.sql,CZ06,DMo,weighted,rDXHP,Ex,dxHP_equip,,RB-dxHP_equip-spltHP-SEER-BA-rDXHP-NoLRM-22.5%UC-AOE,DMo&0&rDXHP&Ex&dxHP_equip,RB-dxHP_equip-spltHP-SEER-BA-rDXHP-NoLRM-22.5%UC-AOE,49.33,98.95,34152.38,68505.41,13.74903118,0.42080363,1.67992949,1.26005582,0.0,5.22575174,0.0,0.64398934,0.0,0.0,0.0,0.0,4.51849713,0.0,0.0,0.42080363,1.67992949,0.0,0.0,2.08013719,3.14561455,0.0,0.0,230.77,0.00217133,2484.0,0.00217133
runs/CZ06/DMo&0&rDXHP&Ex&dxHP_equip/RB-dxHP_equip-spltHP-SEER-BA-rDXHP-LRM-LSC-NR/instance-out.sql,CZ06,DMo,weighted,rDXHP,Ex,dxHP_equip,,RB-dxHP_equip-spltHP-SEER-BA-rDXHP-LRM-LSC-NR,DMo&0&rDXHP&Ex&dxHP_equip,RB-dxHP_equip-spltHP-SEER-BA-rDXHP-LRM-LSC-NR,46.87,91.16,32449.22,63111.48,13.06337089,0.40184217,1.0132347,1.26005582,0.0,5.22575174,0.0,0.64398934,0.0,0.0,0.0,0.0,4.51849713,0.0,0.0,0.40184217,1.0132347,0.0,0.0,2.08013719,3.14561455,0.0,0.0,230.77,0.00165945,2484.0,0.00165945
runs/CZ06/DMo&0&rDXHP&Ex&dxHP_equip/RB-dxHP_equip-spltHP-SEER-BA-rDXHP-NoLRM-30%UC-AOE/instance-out.sql,CZ06,DMo,weighted,rDXHP,Ex,dxHP_equip,,RB-dxHP_equip-spltHP-SEER-BA-rDXHP-NoLRM-30%UC-AOE,DMo&0&rDXHP&Ex&dxHP_equip,RB-dxHP_equip-spltHP-SEER-BA-rDXHP-NoLRM-30%UC-AOE,49.77,100.34,34456.97,69470.03,13.87164865,0.39317867,1.83017596,1.26005582,0.0,5.22575174,0.0,0.64398934,0.0,0.0,0.0,0.0,4.51849713,0.0,0.0,0.39317867,1.83017596,0.0,0.0,2.08013719,3.14561455,0.0,0.0,230.77,0.00228669,2484.0,0.00228669
runs/CZ06/DMo&0&rDXHP&Ex&dxHP_equip/RB-dxHP_equip-spltHP-SEER-BA-rDXHP-LRM-LSC-AOE/instance-out.sql,CZ06,DMo,weighted,rDXHP,Ex,dxHP_equip,,RB-dxHP_equip-spltHP-SEER-BA-rDXHP-LRM-LSC-AOE,DMo&0&rDXHP&Ex&dxHP_equip,RB-dxHP_equip-spltHP-SEER-BA-rDXHP-LRM-LSC-AOE,47.63,93.56,32974.89,64776.3,13.27499856,0.5036745,1.12302601,1.26005582,0.0,5.22575174,0.0,0.64398934,0.0,0.0,0.0,0.0,4.51849713,0.0,0.0,0.5036745,1.12302601,0.0,0.0,2.08013719,3.14561455,0.0,0.0,230.77,0.00174375,2484.0,0.00174375
runs/CZ06/DMo&0&rDXHP&Ex&dxHP_equip/RB-dxHP_equip-spltHP-SEER-BA-rDXHP-NoLRM-0%UC-NR/instance-out.sql,CZ06,DMo,weighted,rDXHP,Ex,dxHP_equip,,RB-dxHP_equip-spltHP-SEER-BA-rDXHP-NoLRM-0%UC-NR,DMo&0&rDXHP&Ex&dxHP_equip,RB-dxHP_equip-spltHP-SEER-BA-rDXHP-NoLRM-0%UC-NR,47.16,92.07,32648.63,63743.03,13.14365317,0.3863308,1.10902432,1.26005582,0.0,5.22575174,0.0,0.64398934,0.0,0.0,0.0,0.0,4.51849713,0.0,0.0,0.3863308,1.10902432,0.0,0.0,2.08013719,3.14561455,0.0,0.0,230.77,0.001733,2484.0,0.001733
runs/CZ06/DMo&0&rDXHP&Ex&dxHP_equip/RB-dxHP_equip-spltHP-SEER-BA-rDXHP-NoLRM-0%UC-AOE/instance-out.sql,CZ06,DMo,weighted,rDXHP,Ex,dxHP_equip,,RB-dxHP_equip-spltHP-SEER-BA-rDXHP-NoLRM-0%UC-AOE,DMo&0&rDXHP&Ex&dxHP_equip,RB-dxHP_equip-spltHP-SEER-BA-rDXHP-NoLRM-0%UC-AOE,47.94,94.55,33190.14,65457.97,13.36164964,0.48415345,1.22919814,1.26005582,0.0,5.22575174,0.0,0.64398934,0.0,0.0,0.0,0.0,4.51849713,0.0,0.0,0.48415345,1.22919814,0.0,0.0,2.08013719,3.14561455,0.0,0.0,230.77,0.00182527,2484.0,0.00182527
runs/CZ06/DMo&0&rDXHP&Ex&dxHP_equip/RB-dxHP_equip-spltHP-SEER-BA-rDXHP-NoLRM-15%UC-AOE/instance-out.sql,CZ06,DMo,weighted,rDXHP,Ex,dxHP_equip,,RB-dxHP_equip-spltHP-SEER-BA-rDXHP-NoLRM-15%UC-AOE,DMo&0&rDXHP&Ex&dxHP_equip,RB-dxHP_equip-spltHP-SEER-BA-rDXHP-NoLRM-15%UC-AOE,48.89,97.56,33847.8,67540.78,13.62640967,0.4484286,1.52968705,1.26005582,0.0,5.22575174,0.0,0.64398934,0.0,0.0,0.0,0.0,4.51849713,0.0,0.0,0.4484286,1.52968705,0.0,0.0,2.08013719,3.14561455,0.0,0.0,230.77,0.00205598,2484.0,0.00205598
runs/CZ06/DMo&0&rDXHP&Ex&dxHP_equip/RB-dxHP_equip-spltHP-SEER-BA-rDXHP-NoLRM-40%UC-AOE/instance-out.sql,CZ06,DMo,weighted,rDXHP,Ex,dxHP_equip,,RB-dxHP_equip-spltHP-SEER-BA-rDXHP-NoLRM-40%UC-AOE,DMo&0&rDXHP&Ex&dxHP_equip,RB-dxHP_equip-spltHP-SEER-BA-rDXHP-NoLRM-40%UC-AOE,50.36,102.2,34863.09,70756.2,14.03514399,0.35634673,2.03049921,1.26005582,0.0,5.22575174,0.0,0.64398934,0.0,0.0,0.0,0.0,4.51849713,0.0,0.0,0.35634673,2.03049921,0.0,0.0,2.08013719,3.14561455,0.0,0.0,230.77,0.00244049,2484.0,0.00244049
runs/CZ06/DMo&0&rDXHP&Ex&dxHP_equip/RB-dxHP_equip-spltHP-SEER-BA-rDXHP-NoLRM-7.5%UC-AOE/instance-out.sql,CZ06,DMo,weighted,rDXHP,Ex,dxHP_equip,,RB-dxHP_equip-spltHP-SEER-BA-rDXHP-NoLRM-7.5%UC-AOE,DMo&0&rDXHP&Ex&dxHP_equip,RB-dxHP_equip-spltHP-SEER-BA-rDXHP-NoLRM-7.5%UC-AOE,48.45,96.16,33543.21,66576.16,13.50378817,0.47605356,1.37944058,1.26005582,0.0,5.22575174,0.0,0.64398934,0.0,0.0,0.0,0.0,4.51849713,0.0,0.0,0.47605356,1.37944058,0.0,0.0,2.08013719,3.14561455,0.0,0.0,230.77,0.00194062,2484.0,0.00194062
runs/CZ07/DMo&0&rDXGF&Ex&dxAC_equip/RB-dxAC_equip-spltAC-SEER-BA-rDXGF-LRM-LSC-NR/instance-out.sql,CZ07,DMo,weighted,rDXGF,Ex,dxAC_equip,,RB-dxAC_equip-spltAC-SEER-BA-rDXGF-LRM-LSC-NR,DMo&0&rDXGF&Ex&dxAC_equip,RB-dxAC_equip-spltAC-SEER-BA-rDXGF-LRM-LSC-NR,48.6,87.76,33643.39,60759.09,13.54411852,1.19653289,0.85451395,1.26005582,0.0,5.22575174,0.0,0.49972922,0.0,0.0,0.0,0.0,4.50753893,0.0,0.0,0.0,0.85451395,1.19653289,0.0,2.08013719,3.14561455,0.0,1.17,230.77,0.00177529,2484.0,0.00177529
runs/CZ07/DMo&0&rDXGF&Ex&dxAC_equip/RB-dxAC_equip-spltAC-SEER-BA-rDXGF-NoLRM-22.5%UC-AOE/instance-out.sql,CZ07,DMo,weighted,rDXGF,Ex,dxAC_equip,,RB-dxAC_equip-spltAC-SEER-BA-rDXGF-NoLRM-22.5%UC-AOE,DMo&0&rDXGF&Ex&dxAC_equip,RB-dxAC_equip-spltAC-SEER-BA-rDXGF-NoLRM-22.5%UC-AOE,50.61,94.15,35040.03,65182.27,14.10638033,1.19653289,1.41677172,1.26005582,0.0,5.22575174,0.0,0.49972922,0.0,0.0,0.0,0.0,4.50753893,0.0,0.0,0.0,1.41677172,1.19653289,0.0,2.08013719,3.14561455,0.0,1.17,230.77,0.00233949,2484.0,0.00233949
runs/CZ07/DMo&0&rDXGF&Ex&dxAC_equip/RB-dxAC_equip-spltAC-SEER-BA-rDXGF-NoLRM-0%UC-AOE/instance-out.sql,CZ07,DMo,weighted,rDXGF,Ex,dxAC_equip,,RB-dxAC_equip-spltAC-SEER-BA-rDXGF-NoLRM-0%UC-AOE,DMo&0&rDXGF&Ex&dxAC_equip,RB-dxAC_equip-spltAC-SEER-BA-rDXGF-NoLRM-0%UC-AOE,49.25,89.83,34095.81,62191.9,13.72625326,1.19653289,1.03664869,1.26005582,0.0,5.22575174,0.0,0.49972922,0.0,0.0,0.0,0.0,4.50753893,0.0,0.0,0.0,1.03664869,1.19653289,0.0,2.08013719,3.14561455,0.0,1.17,230.77,0.00195805,2484.0,0.00195805
runs/CZ07/DMo&0&rDXGF&Ex&dxAC_equip/RB-dxAC_equip-spltAC-SEER-BA-rDXGF-NoLRM-0%UC-NR/instance-out.sql,CZ07,DMo,weighted,rDXGF,Ex,dxAC_equip,,RB-dxAC_equip-spltAC-SEER-BA-rDXGF-NoLRM-0%UC-NR,DMo&0&rDXGF&Ex&dxAC_equip,RB-dxAC_equip-spltAC-SEER-BA-rDXGF-NoLRM-0%UC-NR,48.89,88.68,33844.06,61394.62,13.62490403,1.19653289,0.93529945,1.26005582,0.0,5.22575174,0.0,0.49972922,0.0,0.0,0.0,0.0,4.50753893,0.0,0.0,0.0,0.93529945,1.19653289,0.0,2.08013719,3.14561455,0.0,1.17,230.77,0.00185636,2484.0,0.00185636
runs/CZ07/DMo&0&rDXGF&Ex&dxAC_equip/RB-dxAC_equip-spltAC-SEER-BA-rDXGF-LRM-LSC-AOE/instance-out.sql,CZ07,DMo,weighted,rDXGF,Ex,dxAC_equip,,RB-dxAC_equip-spltAC-SEER-BA-rDXGF-LRM-LSC-AOE,DMo&0&rDXGF&Ex&dxAC_equip,RB-dxAC_equip-spltAC-SEER-BA-rDXGF-LRM-LSC-AOE,48.93,88.81,33873.39,61487.51,13.63671167,1.19653289,0.94710709,1.26005582,0.0,5.22575174,0.0,0.49972922,0.0,0.0,0.0,0.0,4.50753893,0.0,0.0,0.0,0.94710709,1.19653289,0.0,2.08013719,3.14561455,0.0,1.17,230.77,0.0018682,2484.0,0.0018682
runs/CZ07/DMo&0&rDXGF&Ex&dxAC_equip/RB-dxAC_equip-spltAC-SEER-BA-rDXGF-NoLRM-40%UC-AOE/instance-out.sql,CZ07,DMo,weighted,rDXGF,Ex,dxAC_equip,,RB-dxAC_equip-spltAC-SEER-BA-rDXGF-NoLRM-40%UC-AOE,DMo&0&rDXGF&Ex&dxAC_equip,RB-dxAC_equip-spltAC-SEER-BA-rDXGF-NoLRM-40%UC-AOE,51.67,97.51,35774.43,67508.11,14.40203426,1.19653289,1.71242566,1.26005582,0.0,5.22575174,0.0,0.49972922,0.0,0.0,0.0,0.0,4.50753893,0.0,0.0,0.0,1.71242566,1.19653289,0.0,2.08013719,3.14561455,0.0,1.17,230.77,0.00263617,2484.0,0.00263617
runs/CZ07/DMo&0&rDXHP&Ex&dxHP_equip/RB-dxHP_equip-spltHP-SEER-BA-rDXHP-LRM-LSC-AOE/instance-out.sql,CZ07,DMo,weighted,rDXHP,Ex,dxHP_equip,,RB-dxHP_equip-spltHP-SEER-BA-rDXHP-LRM-LSC-AOE,DMo&0&rDXHP&Ex&dxHP_equip,RB-dxHP_equip-spltHP-SEER-BA-rDXHP-LRM-LSC-AOE,46.37,89.67,32103.52,62082.59,12.92419937,0.44317897,0.94804107,1.26005582,0.0,5.22575174,0.0,0.54142029,0.0,0.0,0.0,0.0,4.50575148,0.0,0.0,0.44317897,0.94804107,0.0,0.0,2.08013719,3.14561455,0.0,1.17,230.77,0.0018682,2484.0,0.0018682
runs/CZ07/DMo&0&rDXGF&Ex&dxAC_equip/RB-dxAC_equip-spltAC-SEER-BA-rDXGF-NoLRM-7.5%UC-AOE/instance-out.sql,CZ07,DMo,weighted,rDXGF,Ex,dxAC_equip,,RB-dxAC_equip-spltAC-SEER-BA-rDXGF-NoLRM-7.5%UC-AOE,DMo&0&rDXGF&Ex&dxAC_equip,RB-dxAC_equip-spltAC-SEER-BA-rDXGF-NoLRM-7.5%UC-AOE,49.7,91.27,34410.55,63188.69,13.85296094,1.19653289,1.16335637,1.26005582,0.0,5.22575174,0.0,0.49972922,0.0,0.0,0.0,0.0,4.50753893,0.0,0.0,0.0,1.16335637,1.19653289,0.0,2.08013719,3.14561455,0.0,1.17,230.77,0.0020852,2484.0,0.0020852
runs/CZ07/DMo&0&rDXGF&Ex&dxAC_equip/RB-dxAC_equip-spltAC-SEER-BA-rDXGF-NoLRM-15%UC-AOE/instance-out.sql,CZ07,DMo,weighted,rDXGF,Ex,dxAC_equip,,RB-dxAC_equip-spltAC-SEER-BA-rDXGF-NoLRM-15%UC-AOE,DMo&0&rDXGF&Ex&dxAC_equip,RB-dxAC_equip-spltAC-SEER-BA-rDXGF-NoLRM-15%UC-AOE,50.16,92.71,34725.29,64185.48,13.97967265,1.19653289,1.29006405,1.26005582,0.0,5.22575174,0.0,0.49972922,0.0,0.0,0.0,0.0,4.50753893,0.0,0.0,0.0,1.29006405,1.19653289,0.0,2.08013719,3.14561455,0.0,1.17,230.77,0.00221235,2484.0,0.00221235
runs/CZ07/DMo&0&rDXGF&Ex&dxAC_equip/RB-dxAC_equip-spltAC-SEER-BA-rDXGF-NoLRM-30%UC-AOE/instance-out.sql,CZ07,DMo,weighted,rDXGF,Ex,dxAC_equip,,RB-dxAC_equip-spltAC-SEER-BA-rDXGF-NoLRM-30%UC-AOE,DMo&0&rDXGF&Ex&dxAC_equip,RB-dxAC_equip-spltAC-SEER-BA-rDXGF-NoLRM-30%UC-AOE,51.07,95.59,35354.78,66179.06,14.23308801,1.19653289,1.54348343,1.26005582,0.0,5.22575174,0.0,0.49972922,0.0,0.0,0.0,0.0,4.50753893,0.0,0.0,0.0,1.54348343,1.19653289,0.0,2.08013719,3.14561455,0.0,1.17,230.77,0.00246664,2484.0,0.00246664
runs/CZ07/DMo&0&rDXHP&Ex&dxHP_equip/RB-dxHP_equip-spltHP-SEER-BA-rDXHP-NoLRM-0%UC-NC/instance-out.sql,CZ07,DMo,weighted,rDXHP,Ex,dxHP_equip,,RB-dxHP_equip-spltHP-SEER-BA-rDXHP-NoLRM-0%UC-NC,DMo&0&rDXHP&Ex&dxHP_equip,RB-dxHP_equip-spltHP-SEER-BA-rDXHP-NoLRM-0%UC-NC,45.96,88.37,31817.42,61176.52,12.80902155,0.33982086,0.93622136,1.26005582,0.0,5.22575174,0.0,0.54142029,0.0,0.0,0.0,0.0,4.50575148,0.0,0.0,0.33982086,0.93622136,0.0,0.0,2.08013719,3.14561455,0.0,1.17,230.77,0.00185635,2484.0,0.00185635
runs/CZ07/DMo&0&rDXHP&Ex&dxHP_equip/RB-dxHP_equip-spltHP-SEER-BA-rDXHP-NoLRM-22.5%UC-AOE/instance-out.sql,CZ07,DMo,weighted,rDXHP,Ex,dxHP_equip,,RB-dxHP_equip-spltHP-SEER-BA-rDXHP-NoLRM-22.5%UC-AOE,DMo&0&rDXHP&Ex&dxHP_equip,RB-dxHP_equip-spltHP-SEER-BA-rDXHP-NoLRM-22.5%UC-AOE,47.8,94.19,33090.0,65206.77,13.32133539,0.37018739,1.4181727,1.26005582,0.0,5.22575174,0.0,0.54142029,0.0,0.0,0.0,0.0,4.50575148,0.0,0.0,0.37018739,1.4181727,0.0,0.0,2.08013719,3.14561455,0.0,1.17,230.77,0.00233949,2484.0,0.00233949
runs/CZ07/DMo&0&rDXHP&Ex&dxHP_equip/RB-dxHP_equip-spltHP-SEER-BA-rDXHP-LRM-LSC-NC/instance-out.sql,CZ07,DMo,weighted,rDXHP,Ex,dxHP_equip,,RB-dxHP_equip-spltHP-SEER-BA-rDXHP-LRM-LSC-NC,DMo&0&rDXHP&Ex&dxHP_equip,RB-dxHP_equip-spltHP-SEER-BA-rDXHP-LRM-LSC-NC,45.72,87.6,31650.48,60647.84,12.74181503,0.35348439,0.85535534,1.26005582,0.0,5.22575174,0.0,0.54142029,0.0,0.0,0.0,0.0,4.50575148,0.0,0.0,0.35348439,0.85535534,0.0,0.0,2.08013719,3.14561455,0.0,1.17,230.77,0.00177529,2484.0,0.00177529
runs/CZ07/DMo&0&rDXHP&Ex&dxHP_equip/RB-dxHP_equip-spltHP-SEER-BA-rDXHP-LRM-LSC-NR/instance-out.sql,CZ07,DMo,weighted,rDXHP,Ex,dxHP_equip,,RB-dxHP_equip-spltHP-SEER-BA-rDXHP-LRM-LSC-NR,DMo&0&rDXHP&Ex&dxHP_equip,RB-dxHP_equip-spltHP-SEER-BA-rDXHP-LRM-LSC-NR,45.72,87.6,31650.48,60647.84,12.74181503,0.35348439,0.85535534,1.26005582,0.0,5.22575174,0.0,0.54142029,0.0,0.0,0.0,0.0,4.50575148,0.0,0.0,0.35348439,0.85535534,0.0,0.0,2.08013719,3.14561455,0.0,1.17,230.77,0.00177529,2484.0,0.00177529
runs/CZ07/DMo&0&rDXHP&Ex&dxHP_equip/RB-dxHP_equip-spltHP-SEER-BA-rDXHP-NoLRM-0%UC-NR/instance-out.sql,CZ07,DMo,weighted,rDXHP,Ex,dxHP_equip,,RB-dxHP_equip-spltHP-SEER-BA-rDXHP-NoLRM-0%UC-NR,DMo&0&rDXHP&Ex&dxHP_equip,RB-dxHP_equip-spltHP-SEER-BA-rDXHP-NoLRM-0%UC-NR,45.96,88.37,31817.42,61176.52,12.80902155,0.33982086,0.93622136,1.26005582,0.0,5.22575174,0.0,0.54142029,0.0,0.0,0.0,0.0,4.50575148,0.0,0.0,0.33982086,0.93622136,0.0,0.0,2.08013719,3.14561455,0.0,1.17,230.77,0.00185635,2484.0,0.00185635
runs/CZ07/DMo&0&rDXHP&Ex&dxHP_equip/RB-dxHP_equip-spltHP-SEER-BA-rDXHP-NoLRM-0%UC-AOE/instance-out.sql,CZ07,DMo,weighted,rDXHP,Ex,dxHP_equip,,RB-dxHP_equip-spltHP-SEER-BA-rDXHP-NoLRM-0%UC-AOE,DMo&0&rDXHP&Ex&dxHP_equip,RB-dxHP_equip-spltHP-SEER-BA-rDXHP-NoLRM-0%UC-AOE,46.63,90.5,32283.45,62652.42,12.99663539,0.42598482,1.03767124,1.26005582,0.0,5.22575174,0.0,0.54142029,0.0,0.0,0.0,0.0,4.50575148,0.0,0.0,0.42598482,1.03767124,0.0,0.0,2.08013719,3.14561455,0.0,1.17,230.77,0.00195805,2484.0,0.00195805
runs/CZ07/DMo&0&rDXHP&Ex&dxHP_equip/RB-dxHP_equip-spltHP-SEER-BA-rDXHP-NoLRM-15%UC-AOE/instance-out.sql,CZ07,DMo,weighted,rDXHP,Ex,dxHP_equip,,RB-dxHP_equip-spltHP-SEER-BA-rDXHP-NoLRM-15%UC-AOE,DMo&0&rDXHP&Ex&dxHP_equip,RB-dxHP_equip-spltHP-SEER-BA-rDXHP-NoLRM-15%UC-AOE,47.43,93.02,32835.38,64400.41,13.21883076,0.39451926,1.29133619,1.26005582,0.0,5.22575174,0.0,0.54142029,0.0,0.0,0.0,0.0,4.50575148,0.0,0.0,0.39451926,1.29133619,0.0,0.0,2.08013719,3.14561455,0.0,1.17,230.77,0.00221234,2484.0,0.00221234
runs/CZ07/DMo&0&rDXHP&Ex&dxHP_equip/RB-dxHP_equip-spltHP-SEER-BA-rDXHP-NoLRM-30%UC-AOE/instance-out.sql,CZ07,DMo,weighted,rDXHP,Ex,dxHP_equip,,RB-dxHP_equip-spltHP-SEER-BA-rDXHP-NoLRM-30%UC-AOE,DMo&0&rDXHP&Ex&dxHP_equip,RB-dxHP_equip-spltHP-SEER-BA-rDXHP-NoLRM-30%UC-AOE,48.16,95.35,33344.61,66013.14,13.423836,0.34585552,1.54500518,1.26005582,0.0,5.22575174,0.0,0.54142029,0.0,0.0,0.0,0.0,4.50575148,0.0,0.0,0.34585552,1.54500518,0.0,0.0,2.08013719,3.14561455,0.0,1.17,230.77,0.00246664,2484.0,0.00246664
runs/CZ07/DMo&0&rDXHP&Ex&dxHP_equip/RB-dxHP_equip-spltHP-SEER-BA-rDXHP-NoLRM-7.5%UC-AOE/instance-out.sql,CZ07,DMo,weighted,rDXHP,Ex,dxHP_equip,,RB-dxHP_equip-spltHP-SEER-BA-rDXHP-NoLRM-7.5%UC-AOE,DMo&0&rDXHP&Ex&dxHP_equip,RB-dxHP_equip-spltHP-SEER-BA-rDXHP-NoLRM-7.5%UC-AOE,47.06,91.86,32580.77,63594.05,13.11633015,0.4188471,1.16450372,1.26005582,0.0,5.22575174,0.0,0.54142029,0.0,0.0,0.0,0.0,4.50575148,0.0,0.0,0.4188471,1.16450372,0.0,0.0,2.08013719,3.14561455,0.0,1.17,230.77,0.0020852,2484.0,0.0020852
runs/CZ07/DMo&0&rDXHP&Ex&dxHP_equip/RB-dxHP_equip-spltHP-SEER-BA-rDXHP-NoLRM-40%UC-AOE/instance-out.sql,CZ07,DMo,weighted,rDXHP,Ex,dxHP_equip,,RB-dxHP_equip-spltHP-SEER-BA-rDXHP-NoLRM-40%UC-AOE,DMo&0&rDXHP&Ex&dxHP_equip,RB-dxHP_equip-spltHP-SEER-BA-rDXHP-NoLRM-40%UC-AOE,48.65,96.9,33684.1,67088.29,13.56050751,0.31341169,1.71411649,1.26005582,0.0,5.22575174,0.0,0.54142029,0.0,0.0,0.0,0.0,4.50575148,0.0,0.0,0.31341169,1.71411649,0.0,0.0,2.08013719,3.14561455,0.0,1.17,230.77,0.00263617,2484.0,0.00263617
runs/CZ08/DMo&0&rDXGF&Ex&dxAC_equip/RB-dxAC_equip-spltAC-SEER-BA-rDXGF-LRM-LSC-AOE/instance-out.sql,CZ08,DMo,weighted,rDXGF,Ex,dxAC_equip,,RB-dxAC_equip-spltAC-SEER-BA-rDXGF-LRM-LSC-AOE,DMo&0&rDXGF&Ex&dxAC_equip,RB-dxAC_equip-spltAC-SEER-BA-rDXGF-LRM-LSC-AOE,53.46,103.36,37011.85,71559.28,14.9001894,1.18814717,1.84429843,1.26005582,0.0,5.22575174,0.0,0.89157536,0.0,0.0,0.0,0.0,4.49036089,0.0,0.0,0.0,1.84429843,1.18814717,0.0,2.08013719,3.14561455,0.0,4.33,230.77,0.00283784,2484.0,0.00283784
runs/CZ08/DMo&0&rDXGF&Ex&dxAC_equip/RB-dxAC_equip-spltAC-SEER-BA-rDXGF-LRM-LSC-NR/instance-out.sql,CZ08,DMo,weighted,rDXGF,Ex,dxAC_equip,,RB-dxAC_equip-spltAC-SEER-BA-rDXGF-LRM-LSC-NR,DMo&0&rDXGF&Ex&dxAC_equip,RB-dxAC_equip-spltAC-SEER-BA-rDXGF-LRM-LSC-NR,52.81,101.31,36563.97,70140.83,14.71988237,1.18814717,1.66399139,1.26005582,0.0,5.22575174,0.0,0.89157536,0.0,0.0,0.0,0.0,4.49036089,0.0,0.0,0.0,1.66399139,1.18814717,0.0,2.08013719,3.14561455,0.0,4.33,230.77,0.00266211,2484.0,0.00266211
runs/CZ08/DMo&0&rDXGF&Ex&dxAC_equip/RB-dxAC_equip-spltAC-SEER-BA-rDXGF-NoLRM-0%UC-AOE/instance-out.sql,CZ08,DMo,weighted,rDXGF,Ex,dxAC_equip,,RB-dxAC_equip-spltAC-SEER-BA-rDXGF-NoLRM-0%UC-AOE,DMo&0&rDXGF&Ex&dxAC_equip,RB-dxAC_equip-spltAC-SEER-BA-rDXGF-NoLRM-0%UC-AOE,54.09,105.34,37444.97,72930.95,15.07455437,1.18814717,2.01866339,1.26005582,0.0,5.22575174,0.0,0.89157536,0.0,0.0,0.0,0.0,4.49036089,0.0,0.0,0.0,2.01866339,1.18814717,0.0,2.08013719,3.14561455,0.0,4.33,230.77,0.00300778,2484.0,0.00300778
runs/CZ08/DMo&0&rDXGF&Ex&dxAC_equip/RB-dxAC_equip-spltAC-SEER-BA-rDXGF-NoLRM-15%UC-AOE/instance-out.sql,CZ08,DMo,weighted,rDXGF,Ex,dxAC_equip,,RB-dxAC_equip-spltAC-SEER-BA-rDXGF-NoLRM-15%UC-AOE,DMo&0&rDXGF&Ex&dxAC_equip,RB-dxAC_equip-spltAC-SEER-BA-rDXGF-NoLRM-15%UC-AOE,55.86,110.95,38670.76,76813.05,15.56803155,1.18814717,2.51214057,1.26005582,0.0,5.22575174,0.0,0.89157536,0.0,0.0,0.0,0.0,4.49036089,0.0,0.0,0.0,2.51214057,1.18814717,0.0,2.08013719,3.14561455,0.0,4.33,230.77,0.00348873,2484.0,0.00348873
runs/CZ08/DMo&0&rDXGF&Ex&dxAC_equip/RB-dxAC_equip-spltAC-SEER-BA-rDXGF-NoLRM-22.5%UC-AOE/instance-out.sql,CZ08,DMo,weighted,rDXGF,Ex,dxAC_equip,,RB-dxAC_equip-spltAC-SEER-BA-rDXGF-NoLRM-22.5%UC-AOE,DMo&0&rDXGF&Ex&dxAC_equip,RB-dxAC_equip-spltAC-SEER-BA-rDXGF-NoLRM-22.5%UC-AOE,56.74,113.75,39283.66,78754.09,15.81477215,1.18814717,2.75888117,1.26005582,0.0,5.22575174,0.0,0.89157536,0.0,0.0,0.0,0.0,4.49036089,0.0,0.0,0.0,2.75888117,1.18814717,0.0,2.08013719,3.14561455,0.0,4.33,230.77,0.00372921,2484.0,0.00372921
runs/CZ08/DMo&0&rDXHP&Ex&dxHP_equip/RB-dxHP_equip-spltHP-SEER-BA-rDXHP-NoLRM-0%UC-AOE/instance-out.sql,CZ08,DMo,weighted,rDXHP,Ex,dxHP_equip,,RB-dxHP_equip-spltHP-SEER-BA-rDXHP-NoLRM-0%UC-AOE,DMo&0&rDXHP&Ex&dxHP_equip,RB-dxHP_equip-spltHP-SEER-BA-rDXHP-NoLRM-0%UC-AOE,51.54,106.16,35678.55,73494.33,14.36343097,0.43380291,2.01991944,1.26005582,0.0,5.22575174,0.0,0.93546854,0.0,0.0,0.0,0.0,4.48843253,0.0,0.0,0.43380291,2.01991944,0.0,0.0,2.08013719,3.14561455,0.0,4.33,230.77,0.00300778,2484.0,0.00300778
runs/CZ08/DMo&0&rDXGF&Ex&dxAC_equip/RB-dxAC_equip-spltAC-SEER-BA-rDXGF-NoLRM-30%UC-AOE/instance-out.sql,CZ08,DMo,weighted,rDXGF,Ex,dxAC_equip,,RB-dxAC_equip-spltAC-SEER-BA-rDXGF-NoLRM-30%UC-AOE,DMo&0&rDXGF&Ex&dxAC_equip,RB-dxAC_equip-spltAC-SEER-BA-rDXGF-NoLRM-30%UC-AOE,57.63,116.56,39896.56,80695.14,16.06151275,1.18814717,3.00562177,1.26005582,0.0,5.22575174,0.0,0.89157536,0.0,0.0,0.0,0.0,4.49036089,0.0,0.0,0.0,3.00562177,1.18814717,0.0,2.08013719,3.14561455,0.0,4.33,230.77,0.00396968,2484.0,0.00396968
runs/CZ08/DMo&0&rDXGF&Ex&dxAC_equip/RB-dxAC_equip-spltAC-SEER-BA-rDXGF-NoLRM-40%UC-AOE/instance-out.sql,CZ08,DMo,weighted,rDXGF,Ex,dxAC_equip,,RB-dxAC_equip-spltAC-SEER-BA-rDXGF-NoLRM-40%UC-AOE,DMo&0&rDXGF&Ex&dxAC_equip,RB-dxAC_equip-spltAC-SEER-BA-rDXGF-NoLRM-40%UC-AOE,58.81,120.3,40713.75,83283.2,16.39049619,1.18814717,3.33460521,1.26005582,0.0,5.22575174,0.0,0.89157536,0.0,0.0,0.0,0.0,4.49036089,0.0,0.0,0.0,3.33460521,1.18814717,0.0,2.08013719,3.14561455,0.0,4.33,230.77,0.00429032,2484.0,0.00429032
runs/CZ08/DMo&0&rDXHP&Ex&dxHP_equip/RB-dxHP_equip-spltHP-SEER-BA-rDXHP-NoLRM-0%UC-NR/instance-out.sql,CZ08,DMo,weighted,rDXHP,Ex,dxHP_equip,,RB-dxHP_equip-spltHP-SEER-BA-rDXHP-NoLRM-0%UC-NR,DMo&0&rDXHP&Ex&dxHP_equip,RB-dxHP_equip-spltHP-SEER-BA-rDXHP-NoLRM-0%UC-NR,50.53,102.96,34979.27,71279.71,14.08191561,0.34976456,1.82243839,1.26005582,0.0,5.22575174,0.0,0.93546854,0.0,0.0,0.0,0.0,4.48843253,0.0,0.0,0.34976456,1.82243839,0.0,0.0,2.08013719,3.14561455,0.0,4.33,230.77,0.00281543,2484.0,0.00281543
runs/CZ08/DMo&0&rDXGF&Ex&dxAC_equip/RB-dxAC_equip-spltAC-SEER-BA-rDXGF-NoLRM-0%UC-NR/instance-out.sql,CZ08,DMo,weighted,rDXGF,Ex,dxAC_equip,,RB-dxAC_equip-spltAC-SEER-BA-rDXGF-NoLRM-0%UC-NR,DMo&0&rDXGF&Ex&dxAC_equip,RB-dxAC_equip-spltAC-SEER-BA-rDXGF-NoLRM-0%UC-NR,53.38,103.1,36954.74,71378.4,14.87719812,1.18814717,1.82130715,1.26005582,0.0,5.22575174,0.0,0.89157536,0.0,0.0,0.0,0.0,4.49036089,0.0,0.0,0.0,1.82130715,1.18814717,0.0,2.08013719,3.14561455,0.0,4.33,230.77,0.00281543,2484.0,0.00281543
runs/CZ08/DMo&0&rDXHP&Ex&dxHP_equip/RB-dxHP_equip-spltHP-SEER-BA-rDXHP-NoLRM-22.5%UC-AOE/instance-out.sql,CZ08,DMo,weighted,rDXHP,Ex,dxHP_equip,,RB-dxHP_equip-spltHP-SEER-BA-rDXHP-NoLRM-22.5%UC-AOE,DMo&0&rDXHP&Ex&dxHP_equip,RB-dxHP_equip-spltHP-SEER-BA-rDXHP-NoLRM-22.5%UC-AOE,54.0,113.96,37383.2,78892.95,15.04968707,0.37937827,2.76059615,1.26005582,0.0,5.22575174,0.0,0.93546854,0.0,0.0,0.0,0.0,4.48843253,0.0,0.0,0.37937827,2.76059615,0.0,0.0,2.08013719,3.14561455,0.0,4.33,230.77,0.00372921,2484.0,0.00372921
runs/CZ08/DMo&0&rDXHP&Ex&dxHP_equip/RB-dxHP_equip-spltHP-SEER-BA-rDXHP-LRM-LSC-NR/instance-out.sql,CZ08,DMo,weighted,rDXHP,Ex,dxHP_equip,,RB-dxHP_equip-spltHP-SEER-BA-rDXHP-LRM-LSC-NR,DMo&0&rDXHP&Ex&dxHP_equip,RB-dxHP_equip-spltHP-SEER-BA-rDXHP-LRM-LSC-NR,50.01,101.32,34621.36,70146.19,13.93782457,0.36308992,1.66502602,1.26005582,0.0,5.22575174,0.0,0.93546854,0.0,0.0,0.0,0.0,4.48843253,0.0,0.0,0.36308992,1.66502602,0.0,0.0,2.08013719,3.14561455,0.0,4.33,230.77,0.00266211,2484.0,0.00266211
runs/CZ08/DMo&0&rDXHP&Ex&dxHP_equip/RB-dxHP_equip-spltHP-SEER-BA-rDXHP-NoLRM-30%UC-AOE/instance-out.sql,CZ08,DMo,weighted,rDXHP,Ex,dxHP_equip,,RB-dxHP_equip-spltHP-SEER-BA-rDXHP-NoLRM-30%UC-AOE,DMo&0&rDXHP&Ex&dxHP_equip,RB-dxHP_equip-spltHP-SEER-BA-rDXHP-NoLRM-30%UC-AOE,54.8,116.49,37937.53,80648.52,15.27284863,0.35565027,3.00748974,1.26005582,0.0,5.22575174,0.0,0.93546854,0.0,0.0,0.0,0.0,4.48843253,0.0,0.0,0.35565027,3.00748974,0.0,0.0,2.08013719,3.14561455,0.0,4.33,230.77,0.00396969,2484.0,0.00396969
runs/CZ08/DMo&0&rDXHP&Ex&dxHP_equip/RB-dxHP_equip-spltHP-SEER-BA-rDXHP-NoLRM-0%UC-NC/instance-out.sql,CZ08,DMo,weighted,rDXHP,Ex,dxHP_equip,,RB-dxHP_equip-spltHP-SEER-BA-rDXHP-NoLRM-0%UC-NC,DMo&0&rDXHP&Ex&dxHP_equip,RB-dxHP_equip-spltHP-SEER-BA-rDXHP-NoLRM-0%UC-NC,50.53,102.96,34979.27,71279.71,14.08191561,0.34976456,1.82243839,1.26005582,0.0,5.22575174,0.0,0.93546854,0.0,0.0,0.0,0.0,4.48843253,0.0,0.0,0.34976456,1.82243839,0.0,0.0,2.08013719,3.14561455,0.0,4.33,230.77,0.00281543,2484.0,0.00281543
runs/CZ08/DMo&0&rDXHP&Ex&dxHP_equip/RB-dxHP_equip-spltHP-SEER-BA-rDXHP-LRM-LSC-AOE/instance-out.sql,CZ08,DMo,weighted,rDXHP,Ex,dxHP_equip,,RB-dxHP_equip-spltHP-SEER-BA-rDXHP-LRM-LSC-AOE,DMo&0&rDXHP&Ex&dxHP_equip,RB-dxHP_equip-spltHP-SEER-BA-rDXHP-LRM-LSC-AOE,50.97,104.37,35286.82,72253.73,14.20572874,0.45057434,1.84544578,1.26005582,0.0,5.22575174,0.0,0.93546854,0.0,0.0,0.0,0.0,4.48843253,0.0,0.0,0.45057434,1.84544578,0.0,0.0,2.08013719,3.14561455,0.0,4.33,230.77,0.00283784,2484.0,0.00283784
runs/CZ08/DMo&0&rDXHP&Ex&dxHP_equip/RB-dxHP_equip-spltHP-SEER-BA-rDXHP-LRM-LSC-NC/instance-out.sql,CZ08,DMo,weighted,rDXHP,Ex,dxHP_equip,,RB-dxHP_equip-spltHP-SEER-BA-rDXHP-LRM-LSC-NC,DMo&0&rDXHP&Ex&dxHP_equip,RB-dxHP_equip-spltHP-SEER-BA-rDXHP-LRM-LSC-NC,50.01,101.32,34621.36,70146.19,13.93782457,0.36308992,1.66502602,1.26005582,0.0,5.22575174,0.0,0.93546854,0.0,0.0,0.0,0.0,4.48843253,0.0,0.0,0.36308992,1.66502602,0.0,0.0,2.08013719,3.14561455,0.0,4.33,230.77,0.00266211,2484.0,0.00266211
runs/CZ08/DMo&0&rDXHP&Ex&dxHP_equip/RB-dxHP_equip-spltHP-SEER-BA-rDXHP-NoLRM-15%UC-AOE/instance-out.sql,CZ08,DMo,weighted,rDXHP,Ex,dxHP_equip,,RB-dxHP_equip-spltHP-SEER-BA-rDXHP-NoLRM-15%UC-AOE,DMo&0&rDXHP&Ex&dxHP_equip,RB-dxHP_equip-spltHP-SEER-BA-rDXHP-NoLRM-15%UC-AOE,53.2,111.42,36828.87,77137.39,14.82652552,0.40311029,2.51370257,1.26005582,0.0,5.22575174,0.0,0.93546854,0.0,0.0,0.0,0.0,4.48843253,0.0,0.0,0.40311029,2.51370257,0.0,0.0,2.08013719,3.14561455,0.0,4.33,230.77,0.00348873,2484.0,0.00348873
runs/CZ08/DMo&0&rDXGF&Ex&dxAC_equip/RB-dxAC_equip-spltAC-SEER-BA-rDXGF-NoLRM-7.5%UC-AOE/instance-out.sql,CZ08,DMo,weighted,rDXGF,Ex,dxAC_equip,,RB-dxAC_equip-spltAC-SEER-BA-rDXGF-NoLRM-7.5%UC-AOE,DMo&0&rDXGF&Ex&dxAC_equip,RB-dxAC_equip-spltAC-SEER-BA-rDXGF-NoLRM-7.5%UC-AOE,54.97,108.15,38057.86,74872.0,15.32129497,1.18814717,2.26539997,1.26005582,0.0,5.22575174,0.0,0.89157536,0.0,0.0,0.0,0.0,4.49036089,0.0,0.0,0.0,2.26539997,1.18814717,0.0,2.08013719,3.14561455,0.0,4.33,230.77,0.00324825,2484.0,0.00324825
runs/CZ09/DMo&0&rDXGF&Ex&dxAC_equip/RB-dxAC_equip-spltAC-SEER-BA-rDXGF-NoLRM-0%UC-AOE/instance-out.sql,CZ09,DMo,weighted,rDXGF,Ex,dxAC_equip,,RB-dxAC_equip-spltAC-SEER-BA-rDXGF-NoLRM-0%UC-AOE,DMo&0&rDXGF&Ex&dxAC_equip,RB-dxAC_equip-spltAC-SEER-BA-rDXGF-NoLRM-0%UC-AOE,59.31,113.73,41060.84,78736.37,16.53022729,2.27945802,2.24586684,1.26005582,0.0,5.22575174,0.0,1.02883866,0.0,0.0,0.0,0.0,4.49025622,0.0,0.0,0.0,2.24586684,2.27945802,0.0,2.08013719,3.14561455,0.0,27.67,230.77,0.00359193,2484.0,0.00359193
runs/CZ09/DMo&0&rDXGF&Ex&dxAC_equip/RB-dxAC_equip-spltAC-SEER-BA-rDXGF-LRM-LSC-AOE/instance-out.sql,CZ09,DMo,weighted,rDXGF,Ex,dxAC_equip,,RB-dxAC_equip-spltAC-SEER-BA-rDXGF-LRM-LSC-AOE,DMo&0&rDXGF&Ex&dxAC_equip,RB-dxAC_equip-spltAC-SEER-BA-rDXGF-LRM-LSC-AOE,58.61,111.53,40578.98,77210.31,16.33624063,2.27945802,2.05188018,1.26005582,0.0,5.22575174,0.0,1.02883866,0.0,0.0,0.0,0.0,4.49025622,0.0,0.0,0.0,2.05188018,2.27945802,0.0,2.08013719,3.14561455,0.0,27.67,230.77,0.0033731,2484.0,0.0033731
runs/CZ08/DMo&0&rDXHP&Ex&dxHP_equip/RB-dxHP_equip-spltHP-SEER-BA-rDXHP-NoLRM-7.5%UC-AOE/instance-out.sql,CZ08,DMo,weighted,rDXHP,Ex,dxHP_equip,,RB-dxHP_equip-spltHP-SEER-BA-rDXHP-NoLRM-7.5%UC-AOE,DMo&0&rDXHP&Ex&dxHP_equip,RB-dxHP_equip-spltHP-SEER-BA-rDXHP-NoLRM-7.5%UC-AOE,52.4,108.88,36274.54,75381.82,14.60336396,0.42684232,2.26680899,1.26005582,0.0,5.22575174,0.0,0.93546854,0.0,0.0,0.0,0.0,4.48843253,0.0,0.0,0.42684232,2.26680899,0.0,0.0,2.08013719,3.14561455,0.0,4.33,230.77,0.00324826,2484.0,0.00324826
runs/CZ09/DMo&0&rDXGF&Ex&dxAC_equip/RB-dxAC_equip-spltAC-SEER-BA-rDXGF-LRM-LSC-NR/instance-out.sql,CZ09,DMo,weighted,rDXGF,Ex,dxAC_equip,,RB-dxAC_equip-spltAC-SEER-BA-rDXGF-LRM-LSC-NR,DMo&0&rDXGF&Ex&dxAC_equip,RB-dxAC_equip-spltAC-SEER-BA-rDXGF-LRM-LSC-NR,57.89,109.25,40080.68,75632.22,16.13563557,2.27945802,1.85127512,1.26005582,0.0,5.22575174,0.0,1.02883866,0.0,0.0,0.0,0.0,4.49025622,0.0,0.0,0.0,1.85127512,2.27945802,0.0,2.08013719,3.14561455,0.0,27.67,230.77,0.0031468,2484.0,0.0031468
runs/CZ08/DMo&0&rDXHP&Ex&dxHP_equip/RB-dxHP_equip-spltHP-SEER-BA-rDXHP-NoLRM-40%UC-AOE/instance-out.sql,CZ08,DMo,weighted,rDXHP,Ex,dxHP_equip,,RB-dxHP_equip-spltHP-SEER-BA-rDXHP-NoLRM-40%UC-AOE,DMo&0&rDXHP&Ex&dxHP_equip,RB-dxHP_equip-spltHP-SEER-BA-rDXHP-NoLRM-40%UC-AOE,55.87,119.87,38676.64,82989.28,15.57039871,0.32400757,3.33667849,1.26005582,0.0,5.22575174,0.0,0.93546854,0.0,0.0,0.0,0.0,4.48843253,0.0,0.0,0.32400757,3.33667849,0.0,0.0,2.08013719,3.14561455,0.0,4.33,230.77,0.00429032,2484.0,0.00429032
runs/CZ09/DMo&0&rDXGF&Ex&dxAC_equip/RB-dxAC_equip-spltAC-SEER-BA-rDXGF-NoLRM-40%UC-AOE/instance-out.sql,CZ09,DMo,weighted,rDXGF,Ex,dxAC_equip,,RB-dxAC_equip-spltAC-SEER-BA-rDXGF-NoLRM-40%UC-AOE,DMo&0&rDXGF&Ex&dxAC_equip,RB-dxAC_equip-spltAC-SEER-BA-rDXGF-NoLRM-40%UC-AOE,64.56,130.37,44697.54,90253.78,17.99428593,2.27945802,3.70992146,1.26005582,0.0,5.22575174,0.0,1.02883866,0.0,0.0,0.0,0.0,4.49025622,0.0,0.0,0.0,3.70992146,2.27945802,0.0,2.08013719,3.14561455,0.0,27.67,230.77,0.00524354,2484.0,0.00524354
runs/CZ09/DMo&0&rDXGF&Ex&dxAC_equip/RB-dxAC_equip-spltAC-SEER-BA-rDXGF-NoLRM-0%UC-NR/instance-out.sql,CZ09,DMo,weighted,rDXGF,Ex,dxAC_equip,,RB-dxAC_equip-spltAC-SEER-BA-rDXGF-NoLRM-0%UC-NR,DMo&0&rDXGF&Ex&dxAC_equip,RB-dxAC_equip-spltAC-SEER-BA-rDXGF-NoLRM-0%UC-NR,58.52,111.23,40515.44,77009.08,16.31066077,2.27945802,2.02629629,1.26005582,0.0,5.22575174,0.0,1.02883866,0.0,0.0,0.0,0.0,4.49025622,0.0,0.0,0.0,2.02629629,2.27945802,0.0,2.08013719,3.14561455,0.0,27.67,230.77,0.00334424,2484.0,0.00334424
runs/CZ09/DMo&0&rDXGF&Ex&dxAC_equip/RB-dxAC_equip-spltAC-SEER-BA-rDXGF-NoLRM-22.5%UC-AOE/instance-out.sql,CZ09,DMo,weighted,rDXGF,Ex,dxAC_equip,,RB-dxAC_equip-spltAC-SEER-BA-rDXGF-NoLRM-22.5%UC-AOE,DMo&0&rDXGF&Ex&dxAC_equip,RB-dxAC_equip-spltAC-SEER-BA-rDXGF-NoLRM-22.5%UC-AOE,62.26,123.09,43106.48,85214.92,17.35375877,2.27945802,3.06939832,1.26005582,0.0,5.22575174,0.0,1.02883866,0.0,0.0,0.0,0.0,4.49025622,0.0,0.0,0.0,3.06939832,2.27945802,0.0,2.08013719,3.14561455,0.0,27.67,230.77,0.00452096,2484.0,0.00452096
runs/CZ09/DMo&0&rDXGF&Ex&dxAC_equip/RB-dxAC_equip-spltAC-SEER-BA-rDXGF-NoLRM-15%UC-AOE/instance-out.sql,CZ09,DMo,weighted,rDXGF,Ex,dxAC_equip,,RB-dxAC_equip-spltAC-SEER-BA-rDXGF-NoLRM-15%UC-AOE,DMo&0&rDXGF&Ex&dxAC_equip,RB-dxAC_equip-spltAC-SEER-BA-rDXGF-NoLRM-15%UC-AOE,61.28,119.97,42424.6,83055.4,17.07924828,2.27945802,2.79488782,1.26005582,0.0,5.22575174,0.0,1.02883866,0.0,0.0,0.0,0.0,4.49025622,0.0,0.0,0.0,2.79488782,2.27945802,0.0,2.08013719,3.14561455,0.0,27.67,230.77,0.00421129,2484.0,0.00421129
runs/CZ09/DMo&0&rDXGF&Ex&dxAC_equip/RB-dxAC_equip-spltAC-SEER-BA-rDXGF-NoLRM-30%UC-AOE/instance-out.sql,CZ09,DMo,weighted,rDXGF,Ex,dxAC_equip,,RB-dxAC_equip-spltAC-SEER-BA-rDXGF-NoLRM-30%UC-AOE,DMo&0&rDXGF&Ex&dxAC_equip,RB-dxAC_equip-spltAC-SEER-BA-rDXGF-NoLRM-30%UC-AOE,63.25,126.21,43788.36,87374.43,17.62826926,2.27945802,3.34390881,1.26005582,0.0,5.22575174,0.0,1.02883866,0.0,0.0,0.0,0.0,4.49025622,0.0,0.0,0.0,3.34390881,2.27945802,0.0,2.08013719,3.14561455,0.0,27.67,230.77,0.00483064,2484.0,0.00483064
runs/CZ09/DMo&0&rDXGF&Ex&dxAC_equip/RB-dxAC_equip-spltAC-SEER-BA-rDXGF-NoLRM-7.5%UC-AOE/instance-out.sql,CZ09,DMo,weighted,rDXGF,Ex,dxAC_equip,,RB-dxAC_equip-spltAC-SEER-BA-rDXGF-NoLRM-7.5%UC-AOE,DMo&0&rDXGF&Ex&dxAC_equip,RB-dxAC_equip-spltAC-SEER-BA-rDXGF-NoLRM-7.5%UC-AOE,60.29,116.85,41742.72,80895.89,16.80473779,2.27945802,2.52037733,1.26005582,0.0,5.22575174,0.0,1.02883866,0.0,0.0,0.0,0.0,4.49025622,0.0,0.0,0.0,2.52037733,2.27945802,0.0,2.08013719,3.14561455,0.0,27.67,230.77,0.00390161,2484.0,0.00390161
runs/CZ09/DMo&0&rDXHP&Ex&dxHP_equip/RB-dxHP_equip-spltHP-SEER-BA-rDXHP-NoLRM-0%UC-AOE/instance-out.sql,CZ09,DMo,weighted,rDXHP,Ex,dxHP_equip,,RB-dxHP_equip-spltHP-SEER-BA-rDXHP-NoLRM-0%UC-AOE,DMo&0&rDXHP&Ex&dxHP_equip,RB-dxHP_equip-spltHP-SEER-BA-rDXHP-NoLRM-0%UC-AOE,54.33,115.03,37615.65,79637.44,15.14326654,0.80609578,2.24725574,1.26005582,0.0,5.22575174,0.0,1.11728121,0.0,0.0,0.0,0.0,4.48682624,0.0,0.0,0.80609578,2.24725574,0.0,0.0,2.08013719,3.14561455,0.0,27.67,230.77,0.00359194,2484.0,0.00359194
runs/CZ09/DMo&0&rDXHP&Ex&dxHP_equip/RB-dxHP_equip-spltHP-SEER-BA-rDXHP-NoLRM-0%UC-NR/instance-out.sql,CZ09,DMo,weighted,rDXHP,Ex,dxHP_equip,,RB-dxHP_equip-spltHP-SEER-BA-rDXHP-NoLRM-0%UC-NR,DMo&0&rDXHP&Ex&dxHP_equip,RB-dxHP_equip-spltHP-SEER-BA-rDXHP-NoLRM-0%UC-NR,52.97,110.72,36673.85,76654.74,14.76411371,0.64664636,2.02755234,1.26005582,0.0,5.22575174,0.0,1.11728121,0.0,0.0,0.0,0.0,4.48682624,0.0,0.0,0.64664636,2.02755234,0.0,0.0,2.08013719,3.14561455,0.0,27.67,230.77,0.00334424,2484.0,0.00334424
runs/CZ09/DMo&0&rDXHP&Ex&dxHP_equip/RB-dxHP_equip-spltHP-SEER-BA-rDXHP-NoLRM-22.5%UC-AOE/instance-out.sql,CZ09,DMo,weighted,rDXHP,Ex,dxHP_equip,,RB-dxHP_equip-spltHP-SEER-BA-rDXHP-NoLRM-22.5%UC-AOE,DMo&0&rDXHP&Ex&dxHP_equip,RB-dxHP_equip-spltHP-SEER-BA-rDXHP-NoLRM-22.5%UC-AOE,56.92,123.22,39406.07,85307.68,15.8640478,0.7028343,3.07129849,1.26005582,0.0,5.22575174,0.0,1.11728121,0.0,0.0,0.0,0.0,4.48682624,0.0,0.0,0.7028343,3.07129849,0.0,0.0,2.08013719,3.14561455,0.0,27.67,230.77,0.00452096,2484.0,0.00452096
runs/CZ09/DMo&0&rDXHP&Ex&dxHP_equip/RB-dxHP_equip-spltHP-SEER-BA-rDXHP-LRM-LSC-AOE/instance-out.sql,CZ09,DMo,weighted,rDXHP,Ex,dxHP_equip,,RB-dxHP_equip-spltHP-SEER-BA-rDXHP-LRM-LSC-AOE,DMo&0&rDXHP&Ex&dxHP_equip,RB-dxHP_equip-spltHP-SEER-BA-rDXHP-LRM-LSC-AOE,53.75,113.19,37212.53,78360.75,14.98097893,0.83791159,2.0531483,1.26005582,0.0,5.22575174,0.0,1.11728121,0.0,0.0,0.0,0.0,4.48682624,0.0,0.0,0.83791159,2.0531483,0.0,0.0,2.08013719,3.14561455,0.0,27.67,230.77,0.0033731,2484.0,0.0033731
runs/CZ09/DMo&0&rDXHP&Ex&dxHP_equip/RB-dxHP_equip-spltHP-SEER-BA-rDXHP-LRM-LSC-NR/instance-out.sql,CZ09,DMo,weighted,rDXHP,Ex,dxHP_equip,,RB-dxHP_equip-spltHP-SEER-BA-rDXHP-LRM-LSC-NR,DMo&0&rDXHP&Ex&dxHP_equip,RB-dxHP_equip-spltHP-SEER-BA-rDXHP-LRM-LSC-NR,52.44,109.02,36301.62,75475.91,14.6142658,0.67192832,1.85242247,1.26005582,0.0,5.22575174,0.0,1.11728121,0.0,0.0,0.0,0.0,4.48682624,0.0,0.0,0.67192832,1.85242247,0.0,0.0,2.08013719,3.14561455,0.0,27.67,230.77,0.0031468,2484.0,0.0031468
runs/CZ09/DMo&0&rDXHP&Ex&dxHP_equip/RB-dxHP_equip-spltHP-SEER-BA-rDXHP-LRM-LSC-NC/instance-out.sql,CZ09,DMo,weighted,rDXHP,Ex,dxHP_equip,,RB-dxHP_equip-spltHP-SEER-BA-rDXHP-LRM-LSC-NC,DMo&0&rDXHP&Ex&dxHP_equip,RB-dxHP_equip-spltHP-SEER-BA-rDXHP-LRM-LSC-NC,52.44,109.02,36301.62,75475.91,14.6142658,0.67192832,1.85242247,1.26005582,0.0,5.22575174,0.0,1.11728121,0.0,0.0,0.0,0.0,4.48682624,0.0,0.0,0.67192832,1.85242247,0.0,0.0,2.08013719,3.14561455,0.0,27.67,230.77,0.0031468,2484.0,0.0031468
runs/CZ09/DMo&0&rDXHP&Ex&dxHP_equip/RB-dxHP_equip-spltHP-SEER-BA-rDXHP-NoLRM-30%UC-AOE/instance-out.sql,CZ09,DMo,weighted,rDXHP,Ex,dxHP_equip,,RB-dxHP_equip-spltHP-SEER-BA-rDXHP-NoLRM-30%UC-AOE,DMo&0&rDXHP&Ex&dxHP_equip,RB-dxHP_equip-spltHP-SEER-BA-rDXHP-NoLRM-30%UC-AOE,57.74,125.83,39976.53,87114.32,16.09370295,0.65780988,3.34597806,1.26005582,0.0,5.22575174,0.0,1.11728121,0.0,0.0,0.0,0.0,4.48682624,0.0,0.0,0.65780988,3.34597806,0.0,0.0,2.08013719,3.14561455,0.0,27.67,230.77,0.00483064,2484.0,0.00483064
runs/CZ09/DMo&0&rDXHP&Ex&dxHP_equip/RB-dxHP_equip-spltHP-SEER-BA-rDXHP-NoLRM-40%UC-AOE/instance-out.sql,CZ09,DMo,weighted,rDXHP,Ex,dxHP_equip,,RB-dxHP_equip-spltHP-SEER-BA-rDXHP-NoLRM-40%UC-AOE,DMo&0&rDXHP&Ex&dxHP_equip,RB-dxHP_equip-spltHP-SEER-BA-rDXHP-NoLRM-40%UC-AOE,58.84,129.31,40737.14,89523.18,16.39990848,0.59777731,3.71222018,1.26005582,0.0,5.22575174,0.0,1.11728121,0.0,0.0,0.0,0.0,4.48682624,0.0,0.0,0.59777731,3.71222018,0.0,0.0,2.08013719,3.14561455,0.0,27.67,230.77,0.00524354,2484.0,0.00524354
runs/CZ09/DMo&0&rDXHP&Ex&dxHP_equip/RB-dxHP_equip-spltHP-SEER-BA-rDXHP-NoLRM-15%UC-AOE/instance-out.sql,CZ09,DMo,weighted,rDXHP,Ex,dxHP_equip,,RB-dxHP_equip-spltHP-SEER-BA-rDXHP-NoLRM-15%UC-AOE,DMo&0&rDXHP&Ex&dxHP_equip,RB-dxHP_equip-spltHP-SEER-BA-rDXHP-NoLRM-15%UC-AOE,56.1,120.61,38835.61,83501.04,15.63439265,0.74786275,2.79661489,1.26005582,0.0,5.22575174,0.0,1.11728121,0.0,0.0,0.0,0.0,4.48682624,0.0,0.0,0.74786275,2.79661489,0.0,0.0,2.08013719,3.14561455,0.0,27.67,230.77,0.00421129,2484.0,0.00421129
runs/CZ09/DMo&0&rDXHP&Ex&dxHP_equip/RB-dxHP_equip-spltHP-SEER-BA-rDXHP-NoLRM-0%UC-NC/instance-out.sql,CZ09,DMo,weighted,rDXHP,Ex,dxHP_equip,,RB-dxHP_equip-spltHP-SEER-BA-rDXHP-NoLRM-0%UC-NC,DMo&0&rDXHP&Ex&dxHP_equip,RB-dxHP_equip-spltHP-SEER-BA-rDXHP-NoLRM-0%UC-NC,52.97,110.72,36673.85,76654.74,14.76411371,0.64664636,2.02755234,1.26005582,0.0,5.22575174,0.0,1.11728121,0.0,0.0,0.0,0.0,4.48682624,0.0,0.0,0.64664636,2.02755234,0.0,0.0,2.08013719,3.14561455,0.0,27.67,230.77,0.00334424,2484.0,0.00334424
runs/CZ10/DMo&0&rDXGF&Ex&dxAC_equip/RB-dxAC_equip-spltAC-SEER-BA-rDXGF-LRM-LSC-AOE/instance-out.sql,CZ10,DMo,weighted,rDXGF,Ex,dxAC_equip,,RB-dxAC_equip-spltAC-SEER-BA-rDXGF-LRM-LSC-AOE,DMo&0&rDXGF&Ex&dxAC_equip,RB-dxAC_equip-spltAC-SEER-BA-rDXGF-LRM-LSC-AOE,58.29,107.86,40352.74,74675.19,16.24516118,2.64894493,1.74445081,1.26005582,0.0,5.22575174,0.0,0.893705,0.0,0.0,0.0,0.0,4.47225289,0.0,0.0,0.0,1.74445081,2.64894493,0.0,2.08013719,3.14561455,0.0,0.0,230.77,0.00282539,2484.0,0.00282539
runs/CZ09/DMo&0&rDXHP&Ex&dxHP_equip/RB-dxHP_equip-spltHP-SEER-BA-rDXHP-NoLRM-7.5%UC-AOE/instance-out.sql,CZ09,DMo,weighted,rDXHP,Ex,dxHP_equip,,RB-dxHP_equip-spltHP-SEER-BA-rDXHP-NoLRM-7.5%UC-AOE,DMo&0&rDXHP&Ex&dxHP_equip,RB-dxHP_equip-spltHP-SEER-BA-rDXHP-NoLRM-7.5%UC-AOE,55.27,118.0,38265.15,81694.39,15.40474152,0.79288717,2.52193531,1.26005582,0.0,5.22575174,0.0,1.11728121,0.0,0.0,0.0,0.0,4.48682624,0.0,0.0,0.79288717,2.52193531,0.0,0.0,2.08013719,3.14561455,0.0,27.67,230.77,0.00390161,2484.0,0.00390161
runs/CZ10/DMo&0&rDXGF&Ex&dxAC_equip/RB-dxAC_equip-spltAC-SEER-BA-rDXGF-NoLRM-0%UC-AOE/instance-out.sql,CZ10,DMo,weighted,rDXGF,Ex,dxAC_equip,,RB-dxAC_equip-spltAC-SEER-BA-rDXGF-NoLRM-0%UC-AOE,DMo&0&rDXGF&Ex&dxAC_equip,RB-dxAC_equip-spltAC-SEER-BA-rDXGF-NoLRM-0%UC-AOE,58.88,109.74,40762.4,75972.6,16.41008568,2.64894493,1.9093753,1.26005582,0.0,5.22575174,0.0,0.893705,0.0,0.0,0.0,0.0,4.47225289,0.0,0.0,0.0,1.9093753,2.64894493,0.0,2.08013719,3.14561455,0.0,0.0,230.77,0.00299406,2484.0,0.00299406
runs/CZ10/DMo&0&rDXGF&Ex&dxAC_equip/RB-dxAC_equip-spltAC-SEER-BA-rDXGF-NoLRM-22.5%UC-AOE/instance-out.sql,CZ10,DMo,weighted,rDXGF,Ex,dxAC_equip,,RB-dxAC_equip-spltAC-SEER-BA-rDXGF-NoLRM-22.5%UC-AOE,DMo&0&rDXGF&Ex&dxAC_equip,RB-dxAC_equip-spltAC-SEER-BA-rDXGF-NoLRM-22.5%UC-AOE,61.39,117.69,42501.55,81480.49,17.11023075,2.64894493,2.60952038,1.26005582,0.0,5.22575174,0.0,0.893705,0.0,0.0,0.0,0.0,4.47225289,0.0,0.0,0.0,2.60952038,2.64894493,0.0,2.08013719,3.14561455,0.0,0.0,230.77,0.00371011,2484.0,0.00371011
runs/CZ10/DMo&0&rDXGF&Ex&dxAC_equip/RB-dxAC_equip-spltAC-SEER-BA-rDXGF-LRM-LSC-NR/instance-out.sql,CZ10,DMo,weighted,rDXGF,Ex,dxAC_equip,,RB-dxAC_equip-spltAC-SEER-BA-rDXGF-LRM-LSC-NR,DMo&0&rDXGF&Ex&dxAC_equip,RB-dxAC_equip-spltAC-SEER-BA-rDXGF-LRM-LSC-NR,57.67,105.93,39929.1,73333.54,16.07461669,2.64894493,1.57390632,1.26005582,0.0,5.22575174,0.0,0.893705,0.0,0.0,0.0,0.0,4.47225289,0.0,0.0,0.0,1.57390632,2.64894493,0.0,2.08013719,3.14561455,0.0,0.0,230.77,0.00265097,2484.0,0.00265097
runs/CZ10/DMo&0&rDXGF&Ex&dxAC_equip/RB-dxAC_equip-spltAC-SEER-BA-rDXGF-NoLRM-15%UC-AOE/instance-out.sql,CZ10,DMo,weighted,rDXGF,Ex,dxAC_equip,,RB-dxAC_equip-spltAC-SEER-BA-rDXGF-NoLRM-15%UC-AOE,DMo&0&rDXGF&Ex&dxAC_equip,RB-dxAC_equip-spltAC-SEER-BA-rDXGF-NoLRM-15%UC-AOE,60.55,115.04,41921.84,79644.53,16.87684772,2.64894493,2.37613734,1.26005582,0.0,5.22575174,0.0,0.893705,0.0,0.0,0.0,0.0,4.47225289,0.0,0.0,0.0,2.37613734,2.64894493,0.0,2.08013719,3.14561455,0.0,0.0,230.77,0.00347142,2484.0,0.00347142
runs/CZ10/DMo&0&rDXGF&Ex&dxAC_equip/RB-dxAC_equip-spltAC-SEER-BA-rDXGF-NoLRM-0%UC-NR/instance-out.sql,CZ10,DMo,weighted,rDXGF,Ex,dxAC_equip,,RB-dxAC_equip-spltAC-SEER-BA-rDXGF-NoLRM-0%UC-NR,DMo&0&rDXGF&Ex&dxAC_equip,RB-dxAC_equip-spltAC-SEER-BA-rDXGF-NoLRM-0%UC-NR,58.21,107.62,40298.72,74504.11,16.22341387,2.64894493,1.7227035,1.26005582,0.0,5.22575174,0.0,0.893705,0.0,0.0,0.0,0.0,4.47225289,0.0,0.0,0.0,1.7227035,2.64894493,0.0,2.08013719,3.14561455,0.0,0.0,230.77,0.00280315,2484.0,0.00280315
runs/CZ10/DMo&0&rDXHP&Ex&dxHP_equip/RB-dxHP_equip-spltHP-SEER-BA-rDXHP-LRM-LSC-NR/instance-out.sql,CZ10,DMo,weighted,rDXHP,Ex,dxHP_equip,,RB-dxHP_equip-spltHP-SEER-BA-rDXHP-LRM-LSC-NR,DMo&0&rDXHP&Ex&dxHP_equip,RB-dxHP_equip-spltHP-SEER-BA-rDXHP-LRM-LSC-NR,51.41,105.9,35589.51,73318.35,14.32758535,0.80059253,1.5744498,1.26005582,0.0,5.22575174,0.0,0.99879017,0.0,0.0,0.0,0.0,4.46794529,0.0,0.0,0.80059253,1.5744498,0.0,0.0,2.08013719,3.14561455,0.0,0.0,230.77,0.00265097,2484.0,0.00265097
runs/CZ10/DMo&0&rDXGF&Ex&dxAC_equip/RB-dxAC_equip-spltAC-SEER-BA-rDXGF-NoLRM-30%UC-AOE/instance-out.sql,CZ10,DMo,weighted,rDXGF,Ex,dxAC_equip,,RB-dxAC_equip-spltAC-SEER-BA-rDXGF-NoLRM-30%UC-AOE,DMo&0&rDXGF&Ex&dxAC_equip,RB-dxAC_equip-spltAC-SEER-BA-rDXGF-NoLRM-30%UC-AOE,62.23,120.34,43081.27,83316.45,17.34360976,2.64894493,2.84290341,1.26005582,0.0,5.22575174,0.0,0.893705,0.0,0.0,0.0,0.0,4.47225289,0.0,0.0,0.0,2.84290341,2.64894493,0.0,2.08013719,3.14561455,0.0,0.0,230.77,0.00394879,2484.0,0.00394879
runs/CZ10/DMo&0&rDXGF&Ex&dxAC_equip/RB-dxAC_equip-spltAC-SEER-BA-rDXGF-NoLRM-40%UC-AOE/instance-out.sql,CZ10,DMo,weighted,rDXGF,Ex,dxAC_equip,,RB-dxAC_equip-spltAC-SEER-BA-rDXGF-NoLRM-40%UC-AOE,DMo&0&rDXGF&Ex&dxAC_equip,RB-dxAC_equip-spltAC-SEER-BA-rDXGF-NoLRM-40%UC-AOE,63.34,123.88,43854.23,85764.4,17.65478713,2.64894493,3.15407676,1.26005582,0.0,5.22575174,0.0,0.893705,0.0,0.0,0.0,0.0,4.47225289,0.0,0.0,0.0,3.15407676,2.64894493,0.0,2.08013719,3.14561455,0.0,0.0,230.77,0.00426703,2484.0,0.00426703
runs/CZ10/DMo&0&rDXHP&Ex&dxHP_equip/RB-dxHP_equip-spltHP-SEER-BA-rDXHP-LRM-LSC-AOE/instance-out.sql,CZ10,DMo,weighted,rDXHP,Ex,dxHP_equip,,RB-dxHP_equip-spltHP-SEER-BA-rDXHP-LRM-LSC-AOE,DMo&0&rDXHP&Ex&dxHP_equip,RB-dxHP_equip-spltHP-SEER-BA-rDXHP-LRM-LSC-AOE,52.73,110.09,36503.64,76213.4,14.69559479,0.99799709,1.7450587,1.26005582,0.0,5.22575174,0.0,0.99879017,0.0,0.0,0.0,0.0,4.46794529,0.0,0.0,0.99799709,1.7450587,0.0,0.0,2.08013719,3.14561455,0.0,0.0,230.77,0.00282539,2484.0,0.00282539
runs/CZ10/DMo&0&rDXHP&Ex&dxHP_equip/RB-dxHP_equip-spltHP-SEER-BA-rDXHP-NoLRM-0%UC-NR/instance-out.sql,CZ10,DMo,weighted,rDXHP,Ex,dxHP_equip,,RB-dxHP_equip-spltHP-SEER-BA-rDXHP-NoLRM-0%UC-NR,DMo&0&rDXHP&Ex&dxHP_equip,RB-dxHP_equip-spltHP-SEER-BA-rDXHP-NoLRM-0%UC-NR,51.83,107.25,35884.56,74252.79,14.44637027,0.77052794,1.72330334,1.26005582,0.0,5.22575174,0.0,0.99879017,0.0,0.0,0.0,0.0,4.46794529,0.0,0.0,0.77052794,1.72330334,0.0,0.0,2.08013719,3.14561455,0.0,0.0,230.77,0.00280315,2484.0,0.00280315
runs/CZ10/DMo&0&rDXHP&Ex&dxHP_equip/RB-dxHP_equip-spltHP-SEER-BA-rDXHP-NoLRM-0%UC-AOE/instance-out.sql,CZ10,DMo,weighted,rDXHP,Ex,dxHP_equip,,RB-dxHP_equip-spltHP-SEER-BA-rDXHP-NoLRM-0%UC-AOE,DMo&0&rDXHP&Ex&dxHP_equip,RB-dxHP_equip-spltHP-SEER-BA-rDXHP-NoLRM-0%UC-AOE,53.18,111.53,36819.45,77213.58,14.82273323,0.96015467,1.91003553,1.26005582,0.0,5.22575174,0.0,0.99879017,0.0,0.0,0.0,0.0,4.46794529,0.0,0.0,0.96015467,1.91003553,0.0,0.0,2.08013719,3.14561455,0.0,0.0,230.77,0.00299406,2484.0,0.00299406
runs/CZ10/DMo&0&rDXHP&Ex&dxHP_equip/RB-dxHP_equip-spltHP-SEER-BA-rDXHP-NoLRM-15%UC-AOE/instance-out.sql,CZ10,DMo,weighted,rDXHP,Ex,dxHP_equip,,RB-dxHP_equip-spltHP-SEER-BA-rDXHP-NoLRM-15%UC-AOE,DMo&0&rDXHP&Ex&dxHP_equip,RB-dxHP_equip-spltHP-SEER-BA-rDXHP-NoLRM-15%UC-AOE,54.61,116.05,37807.25,80341.95,15.22040468,0.89089903,2.37696263,1.26005582,0.0,5.22575174,0.0,0.99879017,0.0,0.0,0.0,0.0,4.46794529,0.0,0.0,0.89089903,2.37696263,0.0,0.0,2.08013719,3.14561455,0.0,0.0,230.77,0.00347142,2484.0,0.00347142
runs/CZ10/DMo&0&rDXHP&Ex&dxHP_equip/RB-dxHP_equip-spltHP-SEER-BA-rDXHP-NoLRM-22.5%UC-AOE/instance-out.sql,CZ10,DMo,weighted,rDXHP,Ex,dxHP_equip,,RB-dxHP_equip-spltHP-SEER-BA-rDXHP-NoLRM-22.5%UC-AOE,DMo&0&rDXHP&Ex&dxHP_equip,RB-dxHP_equip-spltHP-SEER-BA-rDXHP-NoLRM-22.5%UC-AOE,55.26,118.09,38254.16,81757.29,15.40031718,0.83735201,2.61042618,1.26005582,0.0,5.22575174,0.0,0.99879017,0.0,0.0,0.0,0.0,4.46794529,0.0,0.0,0.83735201,2.61042618,0.0,0.0,2.08013719,3.14561455,0.0,0.0,230.77,0.00371011,2484.0,0.00371011
runs/CZ10/DMo&0&rDXGF&Ex&dxAC_equip/RB-dxAC_equip-spltAC-SEER-BA-rDXGF-NoLRM-7.5%UC-AOE/instance-out.sql,CZ10,DMo,weighted,rDXGF,Ex,dxAC_equip,,RB-dxAC_equip-spltAC-SEER-BA-rDXGF-NoLRM-7.5%UC-AOE,DMo&0&rDXGF&Ex&dxAC_equip,RB-dxAC_equip-spltAC-SEER-BA-rDXGF-NoLRM-7.5%UC-AOE,59.72,112.39,41342.12,77808.57,16.64346468,2.64894493,2.14275834,1.26005582,0.0,5.22575174,0.0,0.893705,0.0,0.0,0.0,0.0,4.47225289,0.0,0.0,0.0,2.14275834,2.64894493,0.0,2.08013719,3.14561455,0.0,0.0,230.77,0.00323274,2484.0,0.00323274
runs/CZ10/DMo&0&rDXHP&Ex&dxHP_equip/RB-dxHP_equip-spltHP-SEER-BA-rDXHP-LRM-LSC-NC/instance-out.sql,CZ10,DMo,weighted,rDXHP,Ex,dxHP_equip,,RB-dxHP_equip-spltHP-SEER-BA-rDXHP-LRM-LSC-NC,DMo&0&rDXHP&Ex&dxHP_equip,RB-dxHP_equip-spltHP-SEER-BA-rDXHP-LRM-LSC-NC,51.41,105.9,35589.51,73318.35,14.32758535,0.80059253,1.5744498,1.26005582,0.0,5.22575174,0.0,0.99879017,0.0,0.0,0.0,0.0,4.46794529,0.0,0.0,0.80059253,1.5744498,0.0,0.0,2.08013719,3.14561455,0.0,0.0,230.77,0.00265097,2484.0,0.00265097
runs/CZ10/DMo&0&rDXHP&Ex&dxHP_equip/RB-dxHP_equip-spltHP-SEER-BA-rDXHP-NoLRM-40%UC-AOE/instance-out.sql,CZ10,DMo,weighted,rDXHP,Ex,dxHP_equip,,RB-dxHP_equip-spltHP-SEER-BA-rDXHP-NoLRM-40%UC-AOE,DMo&0&rDXHP&Ex&dxHP_equip,RB-dxHP_equip-spltHP-SEER-BA-rDXHP-NoLRM-40%UC-AOE,56.76,122.86,39296.93,85059.75,15.82011437,0.7124036,3.15517177,1.26005582,0.0,5.22575174,0.0,0.99879017,0.0,0.0,0.0,0.0,4.46794529,0.0,0.0,0.7124036,3.15517177,0.0,0.0,2.08013719,3.14561455,0.0,0.0,230.77,0.00426703,2484.0,0.00426703
runs/CZ10/DMo&0&rDXHP&Ex&dxHP_equip/RB-dxHP_equip-spltHP-SEER-BA-rDXHP-NoLRM-0%UC-NC/instance-out.sql,CZ10,DMo,weighted,rDXHP,Ex,dxHP_equip,,RB-dxHP_equip-spltHP-SEER-BA-rDXHP-NoLRM-0%UC-NC,DMo&0&rDXHP&Ex&dxHP_equip,RB-dxHP_equip-spltHP-SEER-BA-rDXHP-NoLRM-0%UC-NC,51.83,107.25,35884.56,74252.79,14.44637027,0.77052794,1.72330334,1.26005582,0.0,5.22575174,0.0,0.99879017,0.0,0.0,0.0,0.0,4.46794529,0.0,0.0,0.77052794,1.72330334,0.0,0.0,2.08013719,3.14561455,0.0,0.0,230.77,0.00280315,2484.0,0.00280315
runs/CZ11/DMo&0&rDXGF&Ex&dxAC_equip/RB-dxAC_equip-spltAC-SEER-BA-rDXGF-NoLRM-22.5%UC-AOE/instance-out.sql,CZ11,DMo,weighted,rDXGF,Ex,dxAC_equip,,RB-dxAC_equip-spltAC-SEER-BA-rDXGF-NoLRM-22.5%UC-AOE,DMo&0&rDXGF&Ex&dxAC_equip,RB-dxAC_equip-spltAC-SEER-BA-rDXGF-NoLRM-22.5%UC-AOE,76.02,146.48,52626.23,101413.19,21.18620914,4.94138209,3.96493908,1.26005582,0.0,5.22575174,0.0,1.26950032,0.0,0.0,0.0,0.0,4.52458009,0.0,0.0,0.0,3.96493908,4.94138209,0.0,2.08013719,3.14561455,0.0,6.67,230.77,0.00426612,2484.0,0.00426612
runs/CZ10/DMo&0&rDXHP&Ex&dxHP_equip/RB-dxHP_equip-spltHP-SEER-BA-rDXHP-NoLRM-30%UC-AOE/instance-out.sql,CZ10,DMo,weighted,rDXHP,Ex,dxHP_equip,,RB-dxHP_equip-spltHP-SEER-BA-rDXHP-NoLRM-30%UC-AOE,DMo&0&rDXHP&Ex&dxHP_equip,RB-dxHP_equip-spltHP-SEER-BA-rDXHP-NoLRM-30%UC-AOE,55.9,120.14,38701.06,83172.63,15.58022969,0.78380097,2.8438857,1.26005582,0.0,5.22575174,0.0,0.99879017,0.0,0.0,0.0,0.0,4.46794529,0.0,0.0,0.78380097,2.8438857,0.0,0.0,2.08013719,3.14561455,0.0,0.0,230.77,0.00394879,2484.0,0.00394879
runs/CZ11/DMo&0&rDXGF&Ex&dxAC_equip/RB-dxAC_equip-spltAC-SEER-BA-rDXGF-NoLRM-30%UC-AOE/instance-out.sql,CZ11,DMo,weighted,rDXGF,Ex,dxAC_equip,,RB-dxAC_equip-spltAC-SEER-BA-rDXGF-NoLRM-30%UC-AOE,DMo&0&rDXGF&Ex&dxAC_equip,RB-dxAC_equip-spltAC-SEER-BA-rDXGF-NoLRM-30%UC-AOE,77.29,150.51,53507.06,104202.78,21.5408127,4.94138209,4.31954264,1.26005582,0.0,5.22575174,0.0,1.26950032,0.0,0.0,0.0,0.0,4.52458009,0.0,0.0,0.0,4.31954264,4.94138209,0.0,2.08013719,3.14561455,0.0,6.67,230.77,0.00455247,2484.0,0.00455247
runs/CZ10/DMo&0&rDXHP&Ex&dxHP_equip/RB-dxHP_equip-spltHP-SEER-BA-rDXHP-NoLRM-7.5%UC-AOE/instance-out.sql,CZ10,DMo,weighted,rDXHP,Ex,dxHP_equip,,RB-dxHP_equip-spltHP-SEER-BA-rDXHP-NoLRM-7.5%UC-AOE,DMo&0&rDXHP&Ex&dxHP_equip,RB-dxHP_equip-spltHP-SEER-BA-rDXHP-NoLRM-7.5%UC-AOE,53.96,114.0,37360.35,78926.61,15.04048815,0.94445007,2.14349908,1.26005582,0.0,5.22575174,0.0,0.99879017,0.0,0.0,0.0,0.0,4.46794529,0.0,0.0,0.94445007,2.14349908,0.0,0.0,2.08013719,3.14561455,0.0,0.0,230.77,0.00323274,2484.0,0.00323274
runs/CZ11/DMo&0&rDXGF&Ex&dxAC_equip/RB-dxAC_equip-spltAC-SEER-BA-rDXGF-LRM-LSC-NR/instance-out.sql,CZ11,DMo,weighted,rDXGF,Ex,dxAC_equip,,RB-dxAC_equip-spltAC-SEER-BA-rDXGF-LRM-LSC-NR,DMo&0&rDXGF&Ex&dxAC_equip,RB-dxAC_equip-spltAC-SEER-BA-rDXGF-LRM-LSC-NR,70.37,128.6,48717.62,89034.61,19.61268124,4.94138209,2.39141119,1.26005582,0.0,5.22575174,0.0,1.26950032,0.0,0.0,0.0,0.0,4.52458009,0.0,0.0,0.0,2.39141119,4.94138209,0.0,2.08013719,3.14561455,0.0,6.67,230.77,0.00299544,2484.0,0.00299544
runs/CZ11/DMo&0&rDXGF&Ex&dxAC_equip/RB-dxAC_equip-spltAC-SEER-BA-rDXGF-NoLRM-0%UC-AOE/instance-out.sql,CZ11,DMo,weighted,rDXGF,Ex,dxAC_equip,,RB-dxAC_equip-spltAC-SEER-BA-rDXGF-NoLRM-0%UC-AOE,DMo&0&rDXGF&Ex&dxAC_equip,RB-dxAC_equip-spltAC-SEER-BA-rDXGF-NoLRM-0%UC-AOE,72.2,134.4,49983.75,93044.44,20.12240248,4.94138209,2.90112839,1.26005582,0.0,5.22575174,0.0,1.26950032,0.0,0.0,0.0,0.0,4.52458009,0.0,0.0,0.0,2.90112839,4.94138209,0.0,2.08013719,3.14561455,0.0,6.67,230.77,0.00340705,2484.0,0.00340705
runs/CZ11/DMo&0&rDXGF&Ex&dxAC_equip/RB-dxAC_equip-spltAC-SEER-BA-rDXGF-LRM-LSC-AOE/instance-out.sql,CZ11,DMo,weighted,rDXGF,Ex,dxAC_equip,,RB-dxAC_equip-spltAC-SEER-BA-rDXGF-LRM-LSC-AOE,DMo&0&rDXGF&Ex&dxAC_equip,RB-dxAC_equip-spltAC-SEER-BA-rDXGF-LRM-LSC-AOE,71.3,131.55,49361.29,91073.14,19.87181322,4.94138209,2.65054316,1.26005582,0.0,5.22575174,0.0,1.26950032,0.0,0.0,0.0,0.0,4.52458009,0.0,0.0,0.0,2.65054316,4.94138209,0.0,2.08013719,3.14561455,0.0,6.67,230.77,0.0032047,2484.0,0.0032047
runs/CZ11/DMo&0&rDXGF&Ex&dxAC_equip/RB-dxAC_equip-spltAC-SEER-BA-rDXGF-NoLRM-0%UC-NR/instance-out.sql,CZ11,DMo,weighted,rDXGF,Ex,dxAC_equip,,RB-dxAC_equip-spltAC-SEER-BA-rDXGF-NoLRM-0%UC-NR,DMo&0&rDXGF&Ex&dxAC_equip,RB-dxAC_equip-spltAC-SEER-BA-rDXGF-NoLRM-0%UC-NR,71.18,131.17,49279.21,90813.19,19.83876955,4.94138209,2.61749949,1.26005582,0.0,5.22575174,0.0,1.26950032,0.0,0.0,0.0,0.0,4.52458009,0.0,0.0,0.0,2.61749949,4.94138209,0.0,2.08013719,3.14561455,0.0,6.67,230.77,0.00317801,2484.0,0.00317801
runs/CZ11/DMo&0&rDXGF&Ex&dxAC_equip/RB-dxAC_equip-spltAC-SEER-BA-rDXGF-NoLRM-15%UC-AOE/instance-out.sql,CZ11,DMo,weighted,rDXGF,Ex,dxAC_equip,,RB-dxAC_equip-spltAC-SEER-BA-rDXGF-NoLRM-15%UC-AOE,DMo&0&rDXGF&Ex&dxAC_equip,RB-dxAC_equip-spltAC-SEER-BA-rDXGF-NoLRM-15%UC-AOE,74.74,142.46,51745.4,98623.61,20.83160557,4.94138209,3.61033552,1.26005582,0.0,5.22575174,0.0,1.26950032,0.0,0.0,0.0,0.0,4.52458009,0.0,0.0,0.0,3.61033552,4.94138209,0.0,2.08013719,3.14561455,0.0,6.67,230.77,0.00397976,2484.0,0.00397976
runs/CZ11/DMo&0&rDXHP&Ex&dxHP_equip/RB-dxHP_equip-spltHP-SEER-BA-rDXHP-LRM-LSC-NC/instance-out.sql,CZ11,DMo,weighted,rDXHP,Ex,dxHP_equip,,RB-dxHP_equip-spltHP-SEER-BA-rDXHP-LRM-LSC-NC,DMo&0&rDXHP&Ex&dxHP_equip,RB-dxHP_equip-spltHP-SEER-BA-rDXHP-LRM-LSC-NC,58.7,128.64,40641.29,89058.68,16.36132935,1.49579796,2.39205129,1.26005582,0.0,5.22575174,0.0,1.469735,0.0,0.0,0.0,0.0,4.51793754,0.0,0.0,1.49579796,2.39205129,0.0,0.0,2.08013719,3.14561455,0.0,6.67,230.77,0.00299544,2484.0,0.00299544
runs/CZ11/DMo&0&rDXGF&Ex&dxAC_equip/RB-dxAC_equip-spltAC-SEER-BA-rDXGF-NoLRM-40%UC-AOE/instance-out.sql,CZ11,DMo,weighted,rDXGF,Ex,dxAC_equip,,RB-dxAC_equip-spltAC-SEER-BA-rDXGF-NoLRM-40%UC-AOE,DMo&0&rDXGF&Ex&dxAC_equip,RB-dxAC_equip-spltAC-SEER-BA-rDXGF-NoLRM-40%UC-AOE,78.98,155.89,54681.5,107922.22,22.01361745,4.94138209,4.79234336,1.26005582,0.0,5.22575174,0.0,1.26950032,0.0,0.0,0.0,0.0,4.52458009,0.0,0.0,0.0,4.79234336,4.94138209,0.0,2.08013719,3.14561455,0.0,6.67,230.77,0.00493428,2484.0,0.00493428
runs/CZ11/DMo&0&rDXGF&Ex&dxAC_equip/RB-dxAC_equip-spltAC-SEER-BA-rDXGF-NoLRM-7.5%UC-AOE/instance-out.sql,CZ11,DMo,weighted,rDXGF,Ex,dxAC_equip,,RB-dxAC_equip-spltAC-SEER-BA-rDXGF-NoLRM-7.5%UC-AOE,DMo&0&rDXGF&Ex&dxAC_equip,RB-dxAC_equip-spltAC-SEER-BA-rDXGF-NoLRM-7.5%UC-AOE,73.47,138.43,50864.57,95834.03,20.47700201,4.94138209,3.25573195,1.26005582,0.0,5.22575174,0.0,1.26950032,0.0,0.0,0.0,0.0,4.52458009,0.0,0.0,0.0,3.25573195,4.94138209,0.0,2.08013719,3.14561455,0.0,6.67,230.77,0.00369341,2484.0,0.00369341
runs/CZ11/DMo&0&rDXHP&Ex&dxHP_equip/RB-dxHP_equip-spltHP-SEER-BA-rDXHP-NoLRM-30%UC-AOE/instance-out.sql,CZ11,DMo,weighted,rDXHP,Ex,dxHP_equip,,RB-dxHP_equip-spltHP-SEER-BA-rDXHP-NoLRM-30%UC-AOE,DMo&0&rDXHP&Ex&dxHP_equip,RB-dxHP_equip-spltHP-SEER-BA-rDXHP-NoLRM-30%UC-AOE,65.51,150.21,45356.29,103991.07,18.25948478,1.46530664,4.32069804,1.26005582,0.0,5.22575174,0.0,1.469735,0.0,0.0,0.0,0.0,4.51793754,0.0,0.0,1.46530664,4.32069804,0.0,0.0,2.08013719,3.14561455,0.0,6.67,230.77,0.00455247,2484.0,0.00455247
runs/CZ11/DMo&0&rDXHP&Ex&dxHP_equip/RB-dxHP_equip-spltHP-SEER-BA-rDXHP-LRM-LSC-AOE/instance-out.sql,CZ11,DMo,weighted,rDXHP,Ex,dxHP_equip,,RB-dxHP_equip-spltHP-SEER-BA-rDXHP-LRM-LSC-AOE,DMo&0&rDXHP&Ex&dxHP_equip,RB-dxHP_equip-spltHP-SEER-BA-rDXHP-LRM-LSC-AOE,60.92,135.66,42175.48,93917.46,16.97896185,1.85422602,2.6512517,1.26005582,0.0,5.22575174,0.0,1.469735,0.0,0.0,0.0,0.0,4.51793754,0.0,0.0,1.85422602,2.6512517,0.0,0.0,2.08013719,3.14561455,0.0,6.67,230.77,0.0032047,2484.0,0.0032047
runs/CZ11/DMo&0&rDXHP&Ex&dxHP_equip/RB-dxHP_equip-spltHP-SEER-BA-rDXHP-LRM-LSC-NR/instance-out.sql,CZ11,DMo,weighted,rDXHP,Ex,dxHP_equip,,RB-dxHP_equip-spltHP-SEER-BA-rDXHP-LRM-LSC-NR,DMo&0&rDXHP&Ex&dxHP_equip,RB-dxHP_equip-spltHP-SEER-BA-rDXHP-LRM-LSC-NR,58.7,128.64,40641.29,89058.68,16.36132935,1.49579796,2.39205129,1.26005582,0.0,5.22575174,0.0,1.469735,0.0,0.0,0.0,0.0,4.51793754,0.0,0.0,1.49579796,2.39205129,0.0,0.0,2.08013719,3.14561455,0.0,6.67,230.77,0.00299544,2484.0,0.00299544
runs/CZ11/DMo&0&rDXHP&Ex&dxHP_equip/RB-dxHP_equip-spltHP-SEER-BA-rDXHP-NoLRM-15%UC-AOE/instance-out.sql,CZ11,DMo,weighted,rDXHP,Ex,dxHP_equip,,RB-dxHP_equip-spltHP-SEER-BA-rDXHP-NoLRM-15%UC-AOE,DMo&0&rDXHP&Ex&dxHP_equip,RB-dxHP_equip-spltHP-SEER-BA-rDXHP-NoLRM-15%UC-AOE,63.67,144.36,44077.19,99940.18,17.74455015,1.65976834,3.61130171,1.26005582,0.0,5.22575174,0.0,1.469735,0.0,0.0,0.0,0.0,4.51793754,0.0,0.0,1.65976834,3.61130171,0.0,0.0,2.08013719,3.14561455,0.0,6.67,230.77,0.00397976,2484.0,0.00397976
runs/CZ11/DMo&0&rDXHP&Ex&dxHP_equip/RB-dxHP_equip-spltHP-SEER-BA-rDXHP-NoLRM-40%UC-AOE/instance-out.sql,CZ11,DMo,weighted,rDXHP,Ex,dxHP_equip,,RB-dxHP_equip-spltHP-SEER-BA-rDXHP-NoLRM-40%UC-AOE,DMo&0&rDXHP&Ex&dxHP_equip,RB-dxHP_equip-spltHP-SEER-BA-rDXHP-NoLRM-40%UC-AOE,66.75,154.11,46209.01,106691.66,18.60277587,1.33566818,4.79362759,1.26005582,0.0,5.22575174,0.0,1.469735,0.0,0.0,0.0,0.0,4.51793754,0.0,0.0,1.33566818,4.79362759,0.0,0.0,2.08013719,3.14561455,0.0,6.67,230.77,0.00493428,2484.0,0.00493428
runs/CZ11/DMo&0&rDXHP&Ex&dxHP_equip/RB-dxHP_equip-spltHP-SEER-BA-rDXHP-NoLRM-0%UC-NC/instance-out.sql,CZ11,DMo,weighted,rDXHP,Ex,dxHP_equip,,RB-dxHP_equip-spltHP-SEER-BA-rDXHP-NoLRM-0%UC-NC,DMo&0&rDXHP&Ex&dxHP_equip,RB-dxHP_equip-spltHP-SEER-BA-rDXHP-NoLRM-0%UC-NC,59.32,130.59,41067.43,90408.25,16.53288029,1.44120021,2.61819998,1.26005582,0.0,5.22575174,0.0,1.469735,0.0,0.0,0.0,0.0,4.51793754,0.0,0.0,1.44120021,2.61819998,0.0,0.0,2.08013719,3.14561455,0.0,6.67,230.77,0.00317801,2484.0,0.00317801
runs/CZ11/DMo&0&rDXHP&Ex&dxHP_equip/RB-dxHP_equip-spltHP-SEER-BA-rDXHP-NoLRM-0%UC-AOE/instance-out.sql,CZ11,DMo,weighted,rDXHP,Ex,dxHP_equip,,RB-dxHP_equip-spltHP-SEER-BA-rDXHP-NoLRM-0%UC-AOE,DMo&0&rDXHP&Ex&dxHP_equip,RB-dxHP_equip-spltHP-SEER-BA-rDXHP-NoLRM-0%UC-AOE,61.57,137.72,42627.43,95348.77,17.16090335,1.78551788,2.90190537,1.26005582,0.0,5.22575174,0.0,1.469735,0.0,0.0,0.0,0.0,4.51793754,0.0,0.0,1.78551788,2.90190537,0.0,0.0,2.08013719,3.14561455,0.0,6.67,230.77,0.00340705,2484.0,0.00340705
runs/CZ12/DMo&0&rDXGF&Ex&dxAC_equip/RB-dxAC_equip-spltAC-SEER-BA-rDXGF-NoLRM-0%UC-AOE/instance-out.sql,CZ12,DMo,weighted,rDXGF,Ex,dxAC_equip,,RB-dxAC_equip-spltAC-SEER-BA-rDXGF-NoLRM-0%UC-AOE,DMo&0&rDXGF&Ex&dxAC_equip,RB-dxAC_equip-spltAC-SEER-BA-rDXGF-NoLRM-0%UC-AOE,67.1,117.9,46456.57,81621.24,18.70243428,4.97860454,1.77557016,1.26005582,0.0,5.22575174,0.0,0.92626961,0.0,0.0,0.0,0.0,4.53618644,0.0,0.0,0.0,1.77557016,4.97860454,0.0,2.08013719,3.14561455,0.0,0.17,230.77,0.00288333,2484.0,0.00288333
runs/CZ11/DMo&0&rDXHP&Ex&dxHP_equip/RB-dxHP_equip-spltHP-SEER-BA-rDXHP-NoLRM-22.5%UC-AOE/instance-out.sql,CZ11,DMo,weighted,rDXHP,Ex,dxHP_equip,,RB-dxHP_equip-spltHP-SEER-BA-rDXHP-NoLRM-22.5%UC-AOE,DMo&0&rDXHP&Ex&dxHP_equip,RB-dxHP_equip-spltHP-SEER-BA-rDXHP-NoLRM-22.5%UC-AOE,64.59,147.28,44716.74,101965.62,18.00201545,1.56253749,3.96600189,1.26005582,0.0,5.22575174,0.0,1.469735,0.0,0.0,0.0,0.0,4.51793754,0.0,0.0,1.56253749,3.96600189,0.0,0.0,2.08013719,3.14561455,0.0,6.67,230.77,0.00426612,2484.0,0.00426612
runs/CZ11/DMo&0&rDXHP&Ex&dxHP_equip/RB-dxHP_equip-spltHP-SEER-BA-rDXHP-NoLRM-0%UC-NR/instance-out.sql,CZ11,DMo,weighted,rDXHP,Ex,dxHP_equip,,RB-dxHP_equip-spltHP-SEER-BA-rDXHP-NoLRM-0%UC-NR,DMo&0&rDXHP&Ex&dxHP_equip,RB-dxHP_equip-spltHP-SEER-BA-rDXHP-NoLRM-0%UC-NR,59.32,130.59,41067.43,90408.25,16.53288029,1.44120021,2.61819998,1.26005582,0.0,5.22575174,0.0,1.469735,0.0,0.0,0.0,0.0,4.51793754,0.0,0.0,1.44120021,2.61819998,0.0,0.0,2.08013719,3.14561455,0.0,6.67,230.77,0.00317801,2484.0,0.00317801
runs/CZ12/DMo&0&rDXGF&Ex&dxAC_equip/RB-dxAC_equip-spltAC-SEER-BA-rDXGF-LRM-LSC-AOE/instance-out.sql,CZ12,DMo,weighted,rDXGF,Ex,dxAC_equip,,RB-dxAC_equip-spltAC-SEER-BA-rDXGF-LRM-LSC-AOE,DMo&0&rDXGF&Ex&dxAC_equip,RB-dxAC_equip-spltAC-SEER-BA-rDXGF-LRM-LSC-AOE,66.55,116.15,46075.61,80414.75,18.54906782,4.97860454,1.62220371,1.26005582,0.0,5.22575174,0.0,0.92626961,0.0,0.0,0.0,0.0,4.53618644,0.0,0.0,0.0,1.62220371,4.97860454,0.0,2.08013719,3.14561455,0.0,0.17,230.77,0.00272398,2484.0,0.00272398
runs/CZ11/DMo&0&rDXHP&Ex&dxHP_equip/RB-dxHP_equip-spltHP-SEER-BA-rDXHP-NoLRM-7.5%UC-AOE/instance-out.sql,CZ11,DMo,weighted,rDXHP,Ex,dxHP_equip,,RB-dxHP_equip-spltHP-SEER-BA-rDXHP-NoLRM-7.5%UC-AOE,DMo&0&rDXHP&Ex&dxHP_equip,RB-dxHP_equip-spltHP-SEER-BA-rDXHP-NoLRM-7.5%UC-AOE,62.74,141.43,43437.65,97914.74,17.48708082,1.75699919,3.25660555,1.26005582,0.0,5.22575174,0.0,1.469735,0.0,0.0,0.0,0.0,4.51793754,0.0,0.0,1.75699919,3.25660555,0.0,0.0,2.08013719,3.14561455,0.0,6.67,230.77,0.00369341,2484.0,0.00369341
runs/CZ12/DMo&0&rDXGF&Ex&dxAC_equip/RB-dxAC_equip-spltAC-SEER-BA-rDXGF-NoLRM-0%UC-NR/instance-out.sql,CZ12,DMo,weighted,rDXGF,Ex,dxAC_equip,,RB-dxAC_equip-spltAC-SEER-BA-rDXGF-NoLRM-0%UC-NR,DMo&0&rDXGF&Ex&dxAC_equip,RB-dxAC_equip-spltAC-SEER-BA-rDXGF-NoLRM-0%UC-NR,66.48,115.92,46025.38,80255.65,18.52884226,4.97860454,1.60197814,1.26005582,0.0,5.22575174,0.0,0.92626961,0.0,0.0,0.0,0.0,4.53618644,0.0,0.0,0.0,1.60197814,4.97860454,0.0,2.08013719,3.14561455,0.0,0.17,230.77,0.00270297,2484.0,0.00270297
runs/CZ12/DMo&0&rDXGF&Ex&dxAC_equip/RB-dxAC_equip-spltAC-SEER-BA-rDXGF-NoLRM-7.5%UC-AOE/instance-out.sql,CZ12,DMo,weighted,rDXGF,Ex,dxAC_equip,,RB-dxAC_equip-spltAC-SEER-BA-rDXGF-NoLRM-7.5%UC-AOE,DMo&0&rDXGF&Ex&dxAC_equip,RB-dxAC_equip-spltAC-SEER-BA-rDXGF-NoLRM-7.5%UC-AOE,67.88,120.36,46995.66,83328.54,18.91946053,4.97860454,1.99259641,1.26005582,0.0,5.22575174,0.0,0.92626961,0.0,0.0,0.0,0.0,4.53618644,0.0,0.0,0.0,1.99259641,4.97860454,0.0,2.08013719,3.14561455,0.0,0.17,230.77,0.00310882,2484.0,0.00310882
runs/CZ12/DMo&0&rDXGF&Ex&dxAC_equip/RB-dxAC_equip-spltAC-SEER-BA-rDXGF-NoLRM-22.5%UC-AOE/instance-out.sql,CZ12,DMo,weighted,rDXGF,Ex,dxAC_equip,,RB-dxAC_equip-spltAC-SEER-BA-rDXGF-NoLRM-22.5%UC-AOE,DMo&0&rDXGF&Ex&dxAC_equip,RB-dxAC_equip-spltAC-SEER-BA-rDXGF-NoLRM-22.5%UC-AOE,69.44,125.29,48073.84,86743.14,19.35351303,4.97860454,2.42664892,1.26005582,0.0,5.22575174,0.0,0.92626961,0.0,0.0,0.0,0.0,4.53618644,0.0,0.0,0.0,2.42664892,4.97860454,0.0,2.08013719,3.14561455,0.0,0.17,230.77,0.0035598,2484.0,0.0035598
runs/CZ12/DMo&0&rDXGF&Ex&dxAC_equip/RB-dxAC_equip-spltAC-SEER-BA-rDXGF-LRM-LSC-NR/instance-out.sql,CZ12,DMo,weighted,rDXGF,Ex,dxAC_equip,,RB-dxAC_equip-spltAC-SEER-BA-rDXGF-LRM-LSC-NR,DMo&0&rDXGF&Ex&dxAC_equip,RB-dxAC_equip-spltAC-SEER-BA-rDXGF-LRM-LSC-NR,65.98,114.35,45681.66,79167.12,18.39047187,4.97860454,1.46360775,1.26005582,0.0,5.22575174,0.0,0.92626961,0.0,0.0,0.0,0.0,4.53618644,0.0,0.0,0.0,1.46360775,4.97860454,0.0,2.08013719,3.14561455,0.0,0.17,230.77,0.0025592,2484.0,0.0025592
runs/CZ12/DMo&0&rDXHP&Ex&dxHP_equip/RB-dxHP_equip-spltHP-SEER-BA-rDXHP-LRM-LSC-NR/instance-out.sql,CZ12,DMo,weighted,rDXHP,Ex,dxHP_equip,,RB-dxHP_equip-spltHP-SEER-BA-rDXHP-LRM-LSC-NR,DMo&0&rDXHP&Ex&dxHP_equip,RB-dxHP_equip-spltHP-SEER-BA-rDXHP-LRM-LSC-NR,54.24,114.41,37548.07,79206.23,15.11606025,1.51875703,1.46419149,1.26005582,0.0,5.22575174,0.0,1.11850505,0.0,0.0,0.0,0.0,4.52880315,0.0,0.0,1.51875703,1.46419149,0.0,0.0,2.08013719,3.14561455,0.0,0.17,230.77,0.0025592,2484.0,0.0025592
runs/CZ12/DMo&0&rDXGF&Ex&dxAC_equip/RB-dxAC_equip-spltAC-SEER-BA-rDXGF-NoLRM-15%UC-AOE/instance-out.sql,CZ12,DMo,weighted,rDXGF,Ex,dxAC_equip,,RB-dxAC_equip-spltAC-SEER-BA-rDXGF-NoLRM-15%UC-AOE,DMo&0&rDXGF&Ex&dxAC_equip,RB-dxAC_equip-spltAC-SEER-BA-rDXGF-NoLRM-15%UC-AOE,68.66,122.83,47534.75,85035.84,19.13648678,4.97860454,2.20962266,1.26005582,0.0,5.22575174,0.0,0.92626961,0.0,0.0,0.0,0.0,4.53618644,0.0,0.0,0.0,2.20962266,4.97860454,0.0,2.08013719,3.14561455,0.0,0.17,230.77,0.00333431,2484.0,0.00333431
runs/CZ12/DMo&0&rDXGF&Ex&dxAC_equip/RB-dxAC_equip-spltAC-SEER-BA-rDXGF-NoLRM-30%UC-AOE/instance-out.sql,CZ12,DMo,weighted,rDXGF,Ex,dxAC_equip,,RB-dxAC_equip-spltAC-SEER-BA-rDXGF-NoLRM-30%UC-AOE,DMo&0&rDXGF&Ex&dxAC_equip,RB-dxAC_equip-spltAC-SEER-BA-rDXGF-NoLRM-30%UC-AOE,70.22,127.76,48612.93,88450.44,19.57053929,4.97860454,2.64367517,1.26005582,0.0,5.22575174,0.0,0.92626961,0.0,0.0,0.0,0.0,4.53618644,0.0,0.0,0.0,2.64367517,4.97860454,0.0,2.08013719,3.14561455,0.0,0.17,230.77,0.00378529,2484.0,0.00378529
runs/CZ12/DMo&0&rDXGF&Ex&dxAC_equip/RB-dxAC_equip-spltAC-SEER-BA-rDXGF-NoLRM-40%UC-AOE/instance-out.sql,CZ12,DMo,weighted,rDXGF,Ex,dxAC_equip,,RB-dxAC_equip-spltAC-SEER-BA-rDXGF-NoLRM-40%UC-AOE,DMo&0&rDXGF&Ex&dxAC_equip,RB-dxAC_equip-spltAC-SEER-BA-rDXGF-NoLRM-40%UC-AOE,71.26,131.05,49331.72,90726.84,19.85990896,4.97860454,2.93304485,1.26005582,0.0,5.22575174,0.0,0.92626961,0.0,0.0,0.0,0.0,4.53618644,0.0,0.0,0.0,2.93304485,4.97860454,0.0,2.08013719,3.14561455,0.0,0.17,230.77,0.00408594,2484.0,0.00408594
runs/CZ12/DMo&0&rDXHP&Ex&dxHP_equip/RB-dxHP_equip-spltHP-SEER-BA-rDXHP-LRM-LSC-AOE/instance-out.sql,CZ12,DMo,weighted,rDXHP,Ex,dxHP_equip,,RB-dxHP_equip-spltHP-SEER-BA-rDXHP-LRM-LSC-AOE,DMo&0&rDXHP&Ex&dxHP_equip,RB-dxHP_equip-spltHP-SEER-BA-rDXHP-LRM-LSC-AOE,56.12,120.38,38854.14,83342.56,15.64186049,1.88589288,1.62284783,1.26005582,0.0,5.22575174,0.0,1.11850505,0.0,0.0,0.0,0.0,4.52880315,0.0,0.0,1.88589288,1.62284783,0.0,0.0,2.08013719,3.14561455,0.0,0.17,230.77,0.00272398,2484.0,0.00272398
runs/CZ12/DMo&0&rDXHP&Ex&dxHP_equip/RB-dxHP_equip-spltHP-SEER-BA-rDXHP-LRM-LSC-NC/instance-out.sql,CZ12,DMo,weighted,rDXHP,Ex,dxHP_equip,,RB-dxHP_equip-spltHP-SEER-BA-rDXHP-LRM-LSC-NC,DMo&0&rDXHP&Ex&dxHP_equip,RB-dxHP_equip-spltHP-SEER-BA-rDXHP-LRM-LSC-NC,54.24,114.41,37548.07,79206.23,15.11606025,1.51875703,1.46419149,1.26005582,0.0,5.22575174,0.0,1.11850505,0.0,0.0,0.0,0.0,4.52880315,0.0,0.0,1.51875703,1.46419149,0.0,0.0,2.08013719,3.14561455,0.0,0.17,230.77,0.0025592,2484.0,0.0025592
runs/CZ12/DMo&0&rDXHP&Ex&dxHP_equip/RB-dxHP_equip-spltHP-SEER-BA-rDXHP-NoLRM-0%UC-NR/instance-out.sql,CZ12,DMo,weighted,rDXHP,Ex,dxHP_equip,,RB-dxHP_equip-spltHP-SEER-BA-rDXHP-NoLRM-0%UC-NR,DMo&0&rDXHP&Ex&dxHP_equip,RB-dxHP_equip-spltHP-SEER-BA-rDXHP-NoLRM-0%UC-NR,54.53,115.35,37753.02,79855.28,15.1985688,1.4628348,1.60261824,1.26005582,0.0,5.22575174,0.0,1.11850505,0.0,0.0,0.0,0.0,4.52880315,0.0,0.0,1.4628348,1.60261824,0.0,0.0,2.08013719,3.14561455,0.0,0.17,230.77,0.00270297,2484.0,0.00270297
runs/CZ12/DMo&0&rDXHP&Ex&dxHP_equip/RB-dxHP_equip-spltHP-SEER-BA-rDXHP-NoLRM-15%UC-AOE/instance-out.sql,CZ12,DMo,weighted,rDXHP,Ex,dxHP_equip,,RB-dxHP_equip-spltHP-SEER-BA-rDXHP-NoLRM-15%UC-AOE,DMo&0&rDXHP&Ex&dxHP_equip,RB-dxHP_equip-spltHP-SEER-BA-rDXHP-NoLRM-15%UC-AOE,57.52,124.8,39819.09,86398.55,16.03032899,1.68670892,2.21050029,1.26005582,0.0,5.22575174,0.0,1.11850505,0.0,0.0,0.0,0.0,4.52880315,0.0,0.0,1.68670892,2.21050029,0.0,0.0,2.08013719,3.14561455,0.0,0.17,230.77,0.00333431,2484.0,0.00333431
runs/CZ12/DMo&0&rDXHP&Ex&dxHP_equip/RB-dxHP_equip-spltHP-SEER-BA-rDXHP-NoLRM-0%UC-AOE/instance-out.sql,CZ12,DMo,weighted,rDXHP,Ex,dxHP_equip,,RB-dxHP_equip-spltHP-SEER-BA-rDXHP-NoLRM-0%UC-AOE,DMo&0&rDXHP&Ex&dxHP_equip,RB-dxHP_equip-spltHP-SEER-BA-rDXHP-NoLRM-0%UC-AOE,56.42,121.33,39060.43,83995.88,15.72490849,1.81551404,1.77627467,1.26005582,0.0,5.22575174,0.0,1.11850505,0.0,0.0,0.0,0.0,4.52880315,0.0,0.0,1.81551404,1.77627467,0.0,0.0,2.08013719,3.14561455,0.0,0.17,230.77,0.00288333,2484.0,0.00288333
runs/CZ12/DMo&0&rDXHP&Ex&dxHP_equip/RB-dxHP_equip-spltHP-SEER-BA-rDXHP-NoLRM-40%UC-AOE/instance-out.sql,CZ12,DMo,weighted,rDXHP,Ex,dxHP_equip,,RB-dxHP_equip-spltHP-SEER-BA-rDXHP-NoLRM-40%UC-AOE,DMo&0&rDXHP&Ex&dxHP_equip,RB-dxHP_equip-spltHP-SEER-BA-rDXHP-NoLRM-40%UC-AOE,58.92,129.25,40792.16,89480.25,16.4220624,1.35473834,2.9342083,1.26005582,0.0,5.22575174,0.0,1.11850505,0.0,0.0,0.0,0.0,4.52880315,0.0,0.0,1.35473834,2.9342083,0.0,0.0,2.08013719,3.14561455,0.0,0.17,230.77,0.00408594,2484.0,0.00408594
runs/CZ12/DMo&0&rDXHP&Ex&dxHP_equip/RB-dxHP_equip-spltHP-SEER-BA-rDXHP-NoLRM-0%UC-NC/instance-out.sql,CZ12,DMo,weighted,rDXHP,Ex,dxHP_equip,,RB-dxHP_equip-spltHP-SEER-BA-rDXHP-NoLRM-0%UC-NC,DMo&0&rDXHP&Ex&dxHP_equip,RB-dxHP_equip-spltHP-SEER-BA-rDXHP-NoLRM-0%UC-NC,54.53,115.35,37753.02,79855.28,15.1985688,1.4628348,1.60261824,1.26005582,0.0,5.22575174,0.0,1.11850505,0.0,0.0,0.0,0.0,4.52880315,0.0,0.0,1.4628348,1.60261824,0.0,0.0,2.08013719,3.14561455,0.0,0.17,230.77,0.00270297,2484.0,0.00270297
runs/CZ12/DMo&0&rDXHP&Ex&dxHP_equip/RB-dxHP_equip-spltHP-SEER-BA-rDXHP-NoLRM-22.5%UC-AOE/instance-out.sql,CZ12,DMo,weighted,rDXHP,Ex,dxHP_equip,,RB-dxHP_equip-spltHP-SEER-BA-rDXHP-NoLRM-22.5%UC-AOE,DMo&0&rDXHP&Ex&dxHP_equip,RB-dxHP_equip-spltHP-SEER-BA-rDXHP-NoLRM-22.5%UC-AOE,57.94,126.13,40111.01,87323.06,16.14784981,1.58711896,2.42761108,1.26005582,0.0,5.22575174,0.0,1.11850505,0.0,0.0,0.0,0.0,4.52880315,0.0,0.0,1.58711896,2.42761108,0.0,0.0,2.08013719,3.14561455,0.0,0.17,230.77,0.0035598,2484.0,0.0035598
runs/CZ13/DMo&0&rDXGF&Ex&dxAC_equip/RB-dxAC_equip-spltAC-SEER-BA-rDXGF-NoLRM-40%UC-AOE/instance-out.sql,CZ13,DMo,weighted,rDXGF,Ex,dxAC_equip,,RB-dxAC_equip-spltAC-SEER-BA-rDXGF-NoLRM-40%UC-AOE,DMo&0&rDXGF&Ex&dxAC_equip,RB-dxAC_equip-spltAC-SEER-BA-rDXGF-NoLRM-40%UC-AOE,77.41,156.81,53589.46,108560.93,21.5739852,4.19024638,5.1096963,1.26005582,0.0,5.22575174,0.0,1.30437975,0.0,0.0,0.0,0.0,4.48385521,0.0,0.0,0.0,5.1096963,4.19024638,0.0,2.08013719,3.14561455,0.0,5.17,230.77,0.00535782,2484.0,0.00535782
runs/CZ13/DMo&0&rDXGF&Ex&dxAC_equip/RB-dxAC_equip-spltAC-SEER-BA-rDXGF-LRM-LSC-NR/instance-out.sql,CZ13,DMo,weighted,rDXGF,Ex,dxAC_equip,,RB-dxAC_equip-spltAC-SEER-BA-rDXGF-LRM-LSC-NR,DMo&0&rDXGF&Ex&dxAC_equip,RB-dxAC_equip-spltAC-SEER-BA-rDXGF-LRM-LSC-NR,68.22,127.72,47230.65,88422.58,19.01406254,4.19024638,2.54976962,1.26005582,0.0,5.22575174,0.0,1.30437975,0.0,0.0,0.0,0.0,4.48385521,0.0,0.0,0.0,2.54976962,4.19024638,0.0,2.08013719,3.14561455,0.0,5.17,230.77,0.00320687,2484.0,0.00320687
runs/CZ12/DMo&0&rDXHP&Ex&dxHP_equip/RB-dxHP_equip-spltHP-SEER-BA-rDXHP-NoLRM-30%UC-AOE/instance-out.sql,CZ12,DMo,weighted,rDXHP,Ex,dxHP_equip,,RB-dxHP_equip-spltHP-SEER-BA-rDXHP-NoLRM-30%UC-AOE,DMo&0&rDXHP&Ex&dxHP_equip,RB-dxHP_equip-spltHP-SEER-BA-rDXHP-NoLRM-30%UC-AOE,58.36,127.47,40402.93,88247.57,16.26537064,1.48752496,2.6447259,1.26005582,0.0,5.22575174,0.0,1.11850505,0.0,0.0,0.0,0.0,4.52880315,0.0,0.0,1.48752496,2.6447259,0.0,0.0,2.08013719,3.14561455,0.0,0.17,230.77,0.00378529,2484.0,0.00378529
runs/CZ13/DMo&0&rDXGF&Ex&dxAC_equip/RB-dxAC_equip-spltAC-SEER-BA-rDXGF-NoLRM-7.5%UC-AOE/instance-out.sql,CZ13,DMo,weighted,rDXGF,Ex,dxAC_equip,,RB-dxAC_equip-spltAC-SEER-BA-rDXGF-NoLRM-7.5%UC-AOE,DMo&0&rDXGF&Ex&dxAC_equip,RB-dxAC_equip-spltAC-SEER-BA-rDXGF-NoLRM-7.5%UC-AOE,71.53,138.19,49519.78,95672.25,19.93561795,4.19024638,3.47132905,1.26005582,0.0,5.22575174,0.0,1.30437975,0.0,0.0,0.0,0.0,4.48385521,0.0,0.0,0.0,3.47132905,4.19024638,0.0,2.08013719,3.14561455,0.0,5.17,230.77,0.0039812,2484.0,0.0039812
runs/CZ13/DMo&0&rDXGF&Ex&dxAC_equip/RB-dxAC_equip-spltAC-SEER-BA-rDXGF-NoLRM-30%UC-AOE/instance-out.sql,CZ13,DMo,weighted,rDXGF,Ex,dxAC_equip,,RB-dxAC_equip-spltAC-SEER-BA-rDXGF-NoLRM-30%UC-AOE,DMo&0&rDXGF&Ex&dxAC_equip,RB-dxAC_equip-spltAC-SEER-BA-rDXGF-NoLRM-30%UC-AOE,75.6,151.08,52337.25,104595.18,21.06987189,4.19024638,4.60558299,1.26005582,0.0,5.22575174,0.0,1.30437975,0.0,0.0,0.0,0.0,4.48385521,0.0,0.0,0.0,4.60558299,4.19024638,0.0,2.08013719,3.14561455,0.0,5.17,230.77,0.00493424,2484.0,0.00493424
runs/CZ13/DMo&0&rDXGF&Ex&dxAC_equip/RB-dxAC_equip-spltAC-SEER-BA-rDXGF-NoLRM-22.5%UC-AOE/instance-out.sql,CZ13,DMo,weighted,rDXGF,Ex,dxAC_equip,,RB-dxAC_equip-spltAC-SEER-BA-rDXGF-NoLRM-22.5%UC-AOE,DMo&0&rDXGF&Ex&dxAC_equip,RB-dxAC_equip-spltAC-SEER-BA-rDXGF-NoLRM-22.5%UC-AOE,74.24,146.78,51398.09,101620.87,20.6917859,4.19024638,4.227497,1.26005582,0.0,5.22575174,0.0,1.30437975,0.0,0.0,0.0,0.0,4.48385521,0.0,0.0,0.0,4.227497,4.19024638,0.0,2.08013719,3.14561455,0.0,5.17,230.77,0.00461656,2484.0,0.00461656
runs/CZ12/DMo&0&rDXHP&Ex&dxHP_equip/RB-dxHP_equip-spltHP-SEER-BA-rDXHP-NoLRM-7.5%UC-AOE/instance-out.sql,CZ12,DMo,weighted,rDXHP,Ex,dxHP_equip,,RB-dxHP_equip-spltHP-SEER-BA-rDXHP-NoLRM-7.5%UC-AOE,DMo&0&rDXHP&Ex&dxHP_equip,RB-dxHP_equip-spltHP-SEER-BA-rDXHP-NoLRM-7.5%UC-AOE,57.09,123.46,39527.17,85474.04,15.91280816,1.78630291,1.99338547,1.26005582,0.0,5.22575174,0.0,1.11850505,0.0,0.0,0.0,0.0,4.52880315,0.0,0.0,1.78630291,1.99338547,0.0,0.0,2.08013719,3.14561455,0.0,0.17,230.77,0.00310882,2484.0,0.00310882
runs/CZ13/DMo&0&rDXHP&Ex&dxHP_equip/RB-dxHP_equip-spltHP-SEER-BA-rDXHP-LRM-LSC-NC/instance-out.sql,CZ13,DMo,weighted,rDXHP,Ex,dxHP_equip,,RB-dxHP_equip-spltHP-SEER-BA-rDXHP-LRM-LSC-NC,DMo&0&rDXHP&Ex&dxHP_equip,RB-dxHP_equip-spltHP-SEER-BA-rDXHP-LRM-LSC-NC,58.37,127.88,40410.22,88536.33,16.26830142,1.28057124,2.55026479,1.26005582,0.0,5.22575174,0.0,1.47420363,0.0,0.0,0.0,0.0,4.47745421,0.0,0.0,1.28057124,2.55026479,0.0,0.0,2.08013719,3.14561455,0.0,5.17,230.77,0.00320686,2484.0,0.00320686
runs/CZ13/DMo&0&rDXGF&Ex&dxAC_equip/RB-dxAC_equip-spltAC-SEER-BA-rDXGF-LRM-LSC-AOE/instance-out.sql,CZ13,DMo,weighted,rDXGF,Ex,dxAC_equip,,RB-dxAC_equip-spltAC-SEER-BA-rDXGF-LRM-LSC-AOE,DMo&0&rDXGF&Ex&dxAC_equip,RB-dxAC_equip-spltAC-SEER-BA-rDXGF-LRM-LSC-AOE,69.21,130.86,47916.95,90596.1,19.29035243,4.19024638,2.82606353,1.26005582,0.0,5.22575174,0.0,1.30437975,0.0,0.0,0.0,0.0,4.48385521,0.0,0.0,0.0,2.82606353,4.19024638,0.0,2.08013719,3.14561455,0.0,5.17,230.77,0.00343902,2484.0,0.00343902
runs/CZ13/DMo&0&rDXGF&Ex&dxAC_equip/RB-dxAC_equip-spltAC-SEER-BA-rDXGF-NoLRM-0%UC-AOE/instance-out.sql,CZ13,DMo,weighted,rDXGF,Ex,dxAC_equip,,RB-dxAC_equip-spltAC-SEER-BA-rDXGF-NoLRM-0%UC-AOE,DMo&0&rDXGF&Ex&dxAC_equip,RB-dxAC_equip-spltAC-SEER-BA-rDXGF-NoLRM-0%UC-AOE,70.17,133.9,48580.62,92697.94,19.55753196,4.19024638,3.09324306,1.26005582,0.0,5.22575174,0.0,1.30437975,0.0,0.0,0.0,0.0,4.48385521,0.0,0.0,0.0,3.09324306,4.19024638,0.0,2.08013719,3.14561455,0.0,5.17,230.77,0.00366351,2484.0,0.00366351
runs/CZ13/DMo&0&rDXHP&Ex&dxHP_equip/RB-dxHP_equip-spltHP-SEER-BA-rDXHP-LRM-LSC-AOE/instance-out.sql,CZ13,DMo,weighted,rDXHP,Ex,dxHP_equip,,RB-dxHP_equip-spltHP-SEER-BA-rDXHP-LRM-LSC-AOE,DMo&0&rDXHP&Ex&dxHP_equip,RB-dxHP_equip-spltHP-SEER-BA-rDXHP-LRM-LSC-AOE,60.47,134.54,41864.32,93141.48,16.85369138,1.58961494,2.82661104,1.26005582,0.0,5.22575174,0.0,1.47420363,0.0,0.0,0.0,0.0,4.47745421,0.0,0.0,1.58961494,2.82661104,0.0,0.0,2.08013719,3.14561455,0.0,5.17,230.77,0.00343901,2484.0,0.00343901
runs/CZ13/DMo&0&rDXGF&Ex&dxAC_equip/RB-dxAC_equip-spltAC-SEER-BA-rDXGF-NoLRM-0%UC-NR/instance-out.sql,CZ13,DMo,weighted,rDXGF,Ex,dxAC_equip,,RB-dxAC_equip-spltAC-SEER-BA-rDXGF-NoLRM-0%UC-NR,DMo&0&rDXGF&Ex&dxAC_equip,RB-dxAC_equip-spltAC-SEER-BA-rDXGF-NoLRM-0%UC-NR,69.09,130.46,47829.43,90318.94,19.25511873,4.19024638,2.79082983,1.26005582,0.0,5.22575174,0.0,1.30437975,0.0,0.0,0.0,0.0,4.48385521,0.0,0.0,0.0,2.79082983,4.19024638,0.0,2.08013719,3.14561455,0.0,5.17,230.77,0.00340942,2484.0,0.00340942
runs/CZ13/DMo&0&rDXGF&Ex&dxAC_equip/RB-dxAC_equip-spltAC-SEER-BA-rDXGF-NoLRM-15%UC-AOE/instance-out.sql,CZ13,DMo,weighted,rDXGF,Ex,dxAC_equip,,RB-dxAC_equip-spltAC-SEER-BA-rDXGF-NoLRM-15%UC-AOE,DMo&0&rDXGF&Ex&dxAC_equip,RB-dxAC_equip-spltAC-SEER-BA-rDXGF-NoLRM-15%UC-AOE,72.88,142.49,50458.94,98646.56,20.31369991,4.19024638,3.84941101,1.26005582,0.0,5.22575174,0.0,1.30437975,0.0,0.0,0.0,0.0,4.48385521,0.0,0.0,0.0,3.84941101,4.19024638,0.0,2.08013719,3.14561455,0.0,5.17,230.77,0.00429888,2484.0,0.00429888
runs/CZ13/DMo&0&rDXHP&Ex&dxHP_equip/RB-dxHP_equip-spltHP-SEER-BA-rDXHP-LRM-LSC-NR/instance-out.sql,CZ13,DMo,weighted,rDXHP,Ex,dxHP_equip,,RB-dxHP_equip-spltHP-SEER-BA-rDXHP-LRM-LSC-NR,DMo&0&rDXHP&Ex&dxHP_equip,RB-dxHP_equip-spltHP-SEER-BA-rDXHP-LRM-LSC-NR,58.37,127.88,40410.22,88536.33,16.26830142,1.28057124,2.55026479,1.26005582,0.0,5.22575174,0.0,1.47420363,0.0,0.0,0.0,0.0,4.47745421,0.0,0.0,1.28057124,2.55026479,0.0,0.0,2.08013719,3.14561455,0.0,5.17,230.77,0.00320686,2484.0,0.00320686
runs/CZ13/DMo&0&rDXHP&Ex&dxHP_equip/RB-dxHP_equip-spltHP-SEER-BA-rDXHP-NoLRM-0%UC-AOE/instance-out.sql,CZ13,DMo,weighted,rDXHP,Ex,dxHP_equip,,RB-dxHP_equip-spltHP-SEER-BA-rDXHP-NoLRM-0%UC-AOE,DMo&0&rDXHP&Ex&dxHP_equip,RB-dxHP_equip-spltHP-SEER-BA-rDXHP-NoLRM-0%UC-AOE,61.22,136.9,42380.96,94777.68,17.06168376,1.53037546,3.09384291,1.26005582,0.0,5.22575174,0.0,1.47420363,0.0,0.0,0.0,0.0,4.47745421,0.0,0.0,1.53037546,3.09384291,0.0,0.0,2.08013719,3.14561455,0.0,5.17,230.77,0.00366351,2484.0,0.00366351
runs/CZ13/DMo&0&rDXHP&Ex&dxHP_equip/RB-dxHP_equip-spltHP-SEER-BA-rDXHP-NoLRM-0%UC-NR/instance-out.sql,CZ13,DMo,weighted,rDXHP,Ex,dxHP_equip,,RB-dxHP_equip-spltHP-SEER-BA-rDXHP-NoLRM-0%UC-NR,DMo&0&rDXHP&Ex&dxHP_equip,RB-dxHP_equip-spltHP-SEER-BA-rDXHP-NoLRM-0%UC-NR,59.07,130.09,40892.19,90062.74,16.46233639,1.23349769,2.79137331,1.26005582,0.0,5.22575174,0.0,1.47420363,0.0,0.0,0.0,0.0,4.47745421,0.0,0.0,1.23349769,2.79137331,0.0,0.0,2.08013719,3.14561455,0.0,5.17,230.77,0.00340941,2484.0,0.00340941
runs/CZ13/DMo&0&rDXHP&Ex&dxHP_equip/RB-dxHP_equip-spltHP-SEER-BA-rDXHP-NoLRM-15%UC-AOE/instance-out.sql,CZ13,DMo,weighted,rDXHP,Ex,dxHP_equip,,RB-dxHP_equip-spltHP-SEER-BA-rDXHP-NoLRM-15%UC-AOE,DMo&0&rDXHP&Ex&dxHP_equip,RB-dxHP_equip-spltHP-SEER-BA-rDXHP-NoLRM-15%UC-AOE,63.54,144.26,43990.31,99874.5,17.70957409,1.42194889,3.85015981,1.26005582,0.0,5.22575174,0.0,1.47420363,0.0,0.0,0.0,0.0,4.47745421,0.0,0.0,1.42194889,3.85015981,0.0,0.0,2.08013719,3.14561455,0.0,5.17,230.77,0.00429887,2484.0,0.00429887
runs/CZ13/DMo&0&rDXHP&Ex&dxHP_equip/RB-dxHP_equip-spltHP-SEER-BA-rDXHP-NoLRM-0%UC-NC/instance-out.sql,CZ13,DMo,weighted,rDXHP,Ex,dxHP_equip,,RB-dxHP_equip-spltHP-SEER-BA-rDXHP-NoLRM-0%UC-NC,DMo&0&rDXHP&Ex&dxHP_equip,RB-dxHP_equip-spltHP-SEER-BA-rDXHP-NoLRM-0%UC-NC,59.07,130.09,40892.19,90062.74,16.46233639,1.23349769,2.79137331,1.26005582,0.0,5.22575174,0.0,1.47420363,0.0,0.0,0.0,0.0,4.47745421,0.0,0.0,1.23349769,2.79137331,0.0,0.0,2.08013719,3.14561455,0.0,5.17,230.77,0.00340941,2484.0,0.00340941
runs/CZ13/DMo&0&rDXHP&Ex&dxHP_equip/RB-dxHP_equip-spltHP-SEER-BA-rDXHP-NoLRM-40%UC-AOE/instance-out.sql,CZ13,DMo,weighted,rDXHP,Ex,dxHP_equip,,RB-dxHP_equip-spltHP-SEER-BA-rDXHP-NoLRM-40%UC-AOE,DMo&0&rDXHP&Ex&dxHP_equip,RB-dxHP_equip-spltHP-SEER-BA-rDXHP-NoLRM-40%UC-AOE,67.06,155.41,46427.31,107592.45,18.69065482,1.14250278,5.11068664,1.26005582,0.0,5.22575174,0.0,1.47420363,0.0,0.0,0.0,0.0,4.47745421,0.0,0.0,1.14250278,5.11068664,0.0,0.0,2.08013719,3.14561455,0.0,5.17,230.77,0.00535781,2484.0,0.00535781
runs/CZ13/DMo&0&rDXHP&Ex&dxHP_equip/RB-dxHP_equip-spltHP-SEER-BA-rDXHP-NoLRM-7.5%UC-AOE/instance-out.sql,CZ13,DMo,weighted,rDXHP,Ex,dxHP_equip,,RB-dxHP_equip-spltHP-SEER-BA-rDXHP-NoLRM-7.5%UC-AOE,DMo&0&rDXHP&Ex&dxHP_equip,RB-dxHP_equip-spltHP-SEER-BA-rDXHP-NoLRM-7.5%UC-AOE,62.49,140.92,43259.22,97559.12,17.41524867,1.50578192,3.47200136,1.26005582,0.0,5.22575174,0.0,1.47420363,0.0,0.0,0.0,0.0,4.47745421,0.0,0.0,1.50578192,3.47200136,0.0,0.0,2.08013719,3.14561455,0.0,5.17,230.77,0.00398119,2484.0,0.00398119
runs/CZ13/DMo&0&rDXHP&Ex&dxHP_equip/RB-dxHP_equip-spltHP-SEER-BA-rDXHP-NoLRM-30%UC-AOE/instance-out.sql,CZ13,DMo,weighted,rDXHP,Ex,dxHP_equip,,RB-dxHP_equip-spltHP-SEER-BA-rDXHP-NoLRM-30%UC-AOE,DMo&0&rDXHP&Ex&dxHP_equip,RB-dxHP_equip-spltHP-SEER-BA-rDXHP-NoLRM-30%UC-AOE,65.65,150.95,45452.51,104505.27,18.29822092,1.25428283,4.60647672,1.26005582,0.0,5.22575174,0.0,1.47420363,0.0,0.0,0.0,0.0,4.47745421,0.0,0.0,1.25428283,4.60647672,0.0,0.0,2.08013719,3.14561455,0.0,5.17,230.77,0.00493423,2484.0,0.00493423
runs/CZ13/DMo&0&rDXHP&Ex&dxHP_equip/RB-dxHP_equip-spltHP-SEER-BA-rDXHP-NoLRM-22.5%UC-AOE/instance-out.sql,CZ13,DMo,weighted,rDXHP,Ex,dxHP_equip,,RB-dxHP_equip-spltHP-SEER-BA-rDXHP-NoLRM-22.5%UC-AOE,DMo&0&rDXHP&Ex&dxHP_equip,RB-dxHP_equip-spltHP-SEER-BA-rDXHP-NoLRM-22.5%UC-AOE,64.6,147.61,44721.41,102189.89,18.00389952,1.33811586,4.22831826,1.26005582,0.0,5.22575174,0.0,1.47420363,0.0,0.0,0.0,0.0,4.47745421,0.0,0.0,1.33811586,4.22831826,0.0,0.0,2.08013719,3.14561455,0.0,5.17,230.77,0.00461655,2484.0,0.00461655
runs/CZ14/DMo&0&rDXGF&Ex&dxAC_equip/RB-dxAC_equip-spltAC-SEER-BA-rDXGF-NoLRM-0%UC-AOE/instance-out.sql,CZ14,DMo,weighted,rDXGF,Ex,dxAC_equip,,RB-dxAC_equip-spltAC-SEER-BA-rDXGF-NoLRM-0%UC-AOE,DMo&0&rDXGF&Ex&dxAC_equip,RB-dxAC_equip-spltAC-SEER-BA-rDXGF-NoLRM-0%UC-AOE,80.3,140.04,55594.86,96955.04,22.3813169,7.68000952,2.39893539,1.26005582,0.0,5.22575174,0.0,1.35194445,0.0,0.0,0.0,0.0,4.46461597,0.0,0.0,0.0,2.39893539,7.68000952,0.0,2.08013719,3.14561455,0.0,0.0,230.77,0.00274406,2484.0,0.00274406
runs/CZ14/DMo&0&rDXGF&Ex&dxAC_equip/RB-dxAC_equip-spltAC-SEER-BA-rDXGF-NoLRM-15%UC-AOE/instance-out.sql,CZ14,DMo,weighted,rDXGF,Ex,dxAC_equip,,RB-dxAC_equip-spltAC-SEER-BA-rDXGF-NoLRM-15%UC-AOE,DMo&0&rDXGF&Ex&dxAC_equip,RB-dxAC_equip-spltAC-SEER-BA-rDXGF-NoLRM-15%UC-AOE,82.41,146.71,57051.57,101568.44,22.96775759,7.68000952,2.98537608,1.26005582,0.0,5.22575174,0.0,1.35194445,0.0,0.0,0.0,0.0,4.46461597,0.0,0.0,0.0,2.98537608,7.68000952,0.0,2.08013719,3.14561455,0.0,0.0,230.77,0.00315834,2484.0,0.00315834
runs/CZ14/DMo&0&rDXGF&Ex&dxAC_equip/RB-dxAC_equip-spltAC-SEER-BA-rDXGF-NoLRM-22.5%UC-AOE/instance-out.sql,CZ14,DMo,weighted,rDXGF,Ex,dxAC_equip,,RB-dxAC_equip-spltAC-SEER-BA-rDXGF-NoLRM-22.5%UC-AOE,DMo&0&rDXGF&Ex&dxAC_equip,RB-dxAC_equip-spltAC-SEER-BA-rDXGF-NoLRM-22.5%UC-AOE,83.46,150.04,57779.92,103875.14,23.26097592,7.68000952,3.27859844,1.26005582,0.0,5.22575174,0.0,1.35194445,0.0,0.0,0.0,0.0,4.46461597,0.0,0.0,0.0,3.27859844,7.68000952,0.0,2.08013719,3.14561455,0.0,0.0,230.77,0.00336548,2484.0,0.00336548
runs/CZ14/DMo&0&rDXGF&Ex&dxAC_equip/RB-dxAC_equip-spltAC-SEER-BA-rDXGF-LRM-LSC-AOE/instance-out.sql,CZ14,DMo,weighted,rDXGF,Ex,dxAC_equip,,RB-dxAC_equip-spltAC-SEER-BA-rDXGF-LRM-LSC-AOE,DMo&0&rDXGF&Ex&dxAC_equip,RB-dxAC_equip-spltAC-SEER-BA-rDXGF-LRM-LSC-AOE,79.56,137.69,55080.15,95324.97,22.17410955,7.68000952,2.19172803,1.26005582,0.0,5.22575174,0.0,1.35194445,0.0,0.0,0.0,0.0,4.46461597,0.0,0.0,0.0,2.19172803,7.68000952,0.0,2.08013719,3.14561455,0.0,0.0,230.77,0.00259769,2484.0,0.00259769
runs/CZ14/DMo&0&rDXGF&Ex&dxAC_equip/RB-dxAC_equip-spltAC-SEER-BA-rDXGF-NoLRM-0%UC-NR/instance-out.sql,CZ14,DMo,weighted,rDXGF,Ex,dxAC_equip,,RB-dxAC_equip-spltAC-SEER-BA-rDXGF-NoLRM-0%UC-NR,DMo&0&rDXGF&Ex&dxAC_equip,RB-dxAC_equip-spltAC-SEER-BA-rDXGF-NoLRM-0%UC-NR,79.46,137.38,55012.28,95110.02,22.14678249,7.68000952,2.164405,1.26005582,0.0,5.22575174,0.0,1.35194445,0.0,0.0,0.0,0.0,4.46461597,0.0,0.0,0.0,2.164405,7.68000952,0.0,2.08013719,3.14561455,0.0,0.0,230.77,0.00257839,2484.0,0.00257839
runs/CZ14/DMo&0&rDXGF&Ex&dxAC_equip/RB-dxAC_equip-spltAC-SEER-BA-rDXGF-NoLRM-7.5%UC-AOE/instance-out.sql,CZ14,DMo,weighted,rDXGF,Ex,dxAC_equip,,RB-dxAC_equip-spltAC-SEER-BA-rDXGF-NoLRM-7.5%UC-AOE,DMo&0&rDXGF&Ex&dxAC_equip,RB-dxAC_equip-spltAC-SEER-BA-rDXGF-NoLRM-7.5%UC-AOE,81.36,143.38,56323.21,99261.74,22.67453926,7.68000952,2.69215774,1.26005582,0.0,5.22575174,0.0,1.35194445,0.0,0.0,0.0,0.0,4.46461597,0.0,0.0,0.0,2.69215774,7.68000952,0.0,2.08013719,3.14561455,0.0,0.0,230.77,0.0029512,2484.0,0.0029512
runs/CZ14/DMo&0&rDXHP&Ex&dxHP_equip/RB-dxHP_equip-spltHP-SEER-BA-rDXHP-NoLRM-0%UC-AOE/instance-out.sql,CZ14,DMo,weighted,rDXHP,Ex,dxHP_equip,,RB-dxHP_equip-spltHP-SEER-BA-rDXHP-NoLRM-0%UC-AOE,DMo&0&rDXHP&Ex&dxHP_equip,RB-dxHP_equip-spltHP-SEER-BA-rDXHP-NoLRM-0%UC-AOE,64.53,147.56,44671.55,102159.53,17.98382291,2.9616199,2.39969223,1.26005582,0.0,5.22575174,0.0,1.68389892,0.0,0.0,0.0,0.0,4.45280028,0.0,0.0,2.9616199,2.39969223,0.0,0.0,2.08013719,3.14561455,0.0,0.0,230.77,0.00274406,2484.0,0.00274406
runs/CZ14/DMo&0&rDXGF&Ex&dxAC_equip/RB-dxAC_equip-spltAC-SEER-BA-rDXGF-LRM-LSC-NR/instance-out.sql,CZ14,DMo,weighted,rDXGF,Ex,dxAC_equip,,RB-dxAC_equip-spltAC-SEER-BA-rDXGF-LRM-LSC-NR,DMo&0&rDXGF&Ex&dxAC_equip,RB-dxAC_equip-spltAC-SEER-BA-rDXGF-LRM-LSC-NR,78.79,135.26,54547.9,93639.31,21.95983291,7.68000952,1.97745139,1.26005582,0.0,5.22575174,0.0,1.35194445,0.0,0.0,0.0,0.0,4.46461597,0.0,0.0,0.0,1.97745139,7.68000952,0.0,2.08013719,3.14561455,0.0,0.0,230.77,0.00244632,2484.0,0.00244632
runs/CZ14/DMo&0&rDXGF&Ex&dxAC_equip/RB-dxAC_equip-spltAC-SEER-BA-rDXGF-NoLRM-40%UC-AOE/instance-out.sql,CZ14,DMo,weighted,rDXGF,Ex,dxAC_equip,,RB-dxAC_equip-spltAC-SEER-BA-rDXGF-NoLRM-40%UC-AOE,DMo&0&rDXGF&Ex&dxAC_equip,RB-dxAC_equip-spltAC-SEER-BA-rDXGF-NoLRM-40%UC-AOE,85.91,157.81,59479.42,109257.44,23.94515874,7.68000952,3.96277723,1.26005582,0.0,5.22575174,0.0,1.35194445,0.0,0.0,0.0,0.0,4.46461597,0.0,0.0,0.0,3.96277723,7.68000952,0.0,2.08013719,3.14561455,0.0,0.0,230.77,0.0038488,2484.0,0.0038488
runs/CZ14/DMo&0&rDXHP&Ex&dxHP_equip/RB-dxHP_equip-spltHP-SEER-BA-rDXHP-LRM-LSC-NR/instance-out.sql,CZ14,DMo,weighted,rDXHP,Ex,dxHP_equip,,RB-dxHP_equip-spltHP-SEER-BA-rDXHP-LRM-LSC-NR,DMo&0&rDXHP&Ex&dxHP_equip,RB-dxHP_equip-spltHP-SEER-BA-rDXHP-LRM-LSC-NR,61.29,137.32,42432.64,95068.89,17.08248501,2.48189884,1.97807539,1.26005582,0.0,5.22575174,0.0,1.68389892,0.0,0.0,0.0,0.0,4.45280028,0.0,0.0,2.48189884,1.97807539,0.0,0.0,2.08013719,3.14561455,0.0,0.0,230.77,0.00244632,2484.0,0.00244632
runs/CZ14/DMo&0&rDXHP&Ex&dxHP_equip/RB-dxHP_equip-spltHP-SEER-BA-rDXHP-LRM-LSC-NC/instance-out.sql,CZ14,DMo,weighted,rDXHP,Ex,dxHP_equip,,RB-dxHP_equip-spltHP-SEER-BA-rDXHP-LRM-LSC-NC,DMo&0&rDXHP&Ex&dxHP_equip,RB-dxHP_equip-spltHP-SEER-BA-rDXHP-LRM-LSC-NC,61.29,137.32,42432.64,95068.89,17.08248501,2.48189884,1.97807539,1.26005582,0.0,5.22575174,0.0,1.68389892,0.0,0.0,0.0,0.0,4.45280028,0.0,0.0,2.48189884,1.97807539,0.0,0.0,2.08013719,3.14561455,0.0,0.0,230.77,0.00244632,2484.0,0.00244632
runs/CZ14/DMo&0&rDXGF&Ex&dxAC_equip/RB-dxAC_equip-spltAC-SEER-BA-rDXGF-NoLRM-30%UC-AOE/instance-out.sql,CZ14,DMo,weighted,rDXGF,Ex,dxAC_equip,,RB-dxAC_equip-spltAC-SEER-BA-rDXGF-NoLRM-30%UC-AOE,DMo&0&rDXGF&Ex&dxAC_equip,RB-dxAC_equip-spltAC-SEER-BA-rDXGF-NoLRM-30%UC-AOE,84.51,153.37,58508.28,106181.84,23.55419828,7.68000952,3.57181677,1.26005582,0.0,5.22575174,0.0,1.35194445,0.0,0.0,0.0,0.0,4.46461597,0.0,0.0,0.0,3.57181677,7.68000952,0.0,2.08013719,3.14561455,0.0,0.0,230.77,0.00357261,2484.0,0.00357261
runs/CZ14/DMo&0&rDXHP&Ex&dxHP_equip/RB-dxHP_equip-spltHP-SEER-BA-rDXHP-NoLRM-0%UC-NC/instance-out.sql,CZ14,DMo,weighted,rDXHP,Ex,dxHP_equip,,RB-dxHP_equip-spltHP-SEER-BA-rDXHP-NoLRM-0%UC-NC,DMo&0&rDXHP&Ex&dxHP_equip,RB-dxHP_equip-spltHP-SEER-BA-rDXHP-NoLRM-0%UC-NC,61.64,138.42,42672.62,95828.92,17.17909589,2.39150378,2.16508536,1.26005582,0.0,5.22575174,0.0,1.68389892,0.0,0.0,0.0,0.0,4.45280028,0.0,0.0,2.39150378,2.16508536,0.0,0.0,2.08013719,3.14561455,0.0,0.0,230.77,0.00257839,2484.0,0.00257839
runs/CZ14/DMo&0&rDXHP&Ex&dxHP_equip/RB-dxHP_equip-spltHP-SEER-BA-rDXHP-LRM-LSC-AOE/instance-out.sql,CZ14,DMo,weighted,rDXHP,Ex,dxHP_equip,,RB-dxHP_equip-spltHP-SEER-BA-rDXHP-LRM-LSC-AOE,DMo&0&rDXHP&Ex&dxHP_equip,RB-dxHP_equip-spltHP-SEER-BA-rDXHP-LRM-LSC-AOE,64.19,146.5,44439.29,101423.94,17.89031591,3.07538869,2.19242047,1.26005582,0.0,5.22575174,0.0,1.68389892,0.0,0.0,0.0,0.0,4.45280028,0.0,0.0,3.07538869,2.19242047,0.0,0.0,2.08013719,3.14561455,0.0,0.0,230.77,0.00259769,2484.0,0.00259769
runs/CZ14/DMo&0&rDXHP&Ex&dxHP_equip/RB-dxHP_equip-spltHP-SEER-BA-rDXHP-NoLRM-15%UC-AOE/instance-out.sql,CZ14,DMo,weighted,rDXHP,Ex,dxHP_equip,,RB-dxHP_equip-spltHP-SEER-BA-rDXHP-NoLRM-15%UC-AOE,DMo&0&rDXHP&Ex&dxHP_equip,RB-dxHP_equip-spltHP-SEER-BA-rDXHP-NoLRM-15%UC-AOE,65.88,151.86,45611.51,105136.38,18.36223096,2.75340207,2.98631811,1.26005582,0.0,5.22575174,0.0,1.68389892,0.0,0.0,0.0,0.0,4.45280028,0.0,0.0,2.75340207,2.98631811,0.0,0.0,2.08013719,3.14561455,0.0,0.0,230.77,0.00315834,2484.0,0.00315834
runs/CZ15/DMo&0&rDXGF&Ex&dxAC_equip/RB-dxAC_equip-spltAC-SEER-BA-rDXGF-LRM-LSC-NR/instance-out.sql,CZ15,DMo,weighted,rDXGF,Ex,dxAC_equip,,RB-dxAC_equip-spltAC-SEER-BA-rDXGF-LRM-LSC-NR,DMo&0&rDXGF&Ex&dxAC_equip,RB-dxAC_equip-spltAC-SEER-BA-rDXGF-LRM-LSC-NR,69.03,150.0,47791.66,103844.01,19.23991332,1.65749377,4.77050748,1.26005582,0.0,5.22575174,0.0,1.9465897,0.0,0.0,0.0,0.0,4.37951482,0.0,0.0,0.0,4.77050748,1.65749377,0.0,2.08013719,3.14561455,0.0,95.33,230.77,0.003797,2484.0,0.003797
runs/CZ14/DMo&0&rDXHP&Ex&dxHP_equip/RB-dxHP_equip-spltHP-SEER-BA-rDXHP-NoLRM-30%UC-AOE/instance-out.sql,CZ14,DMo,weighted,rDXHP,Ex,dxHP_equip,,RB-dxHP_equip-spltHP-SEER-BA-rDXHP-NoLRM-30%UC-AOE,DMo&0&rDXHP&Ex&dxHP_equip,RB-dxHP_equip-spltHP-SEER-BA-rDXHP-NoLRM-30%UC-AOE,66.83,154.87,46268.87,107218.24,18.62687022,2.43141545,3.57294399,1.26005582,0.0,5.22575174,0.0,1.68389892,0.0,0.0,0.0,0.0,4.45280028,0.0,0.0,2.43141545,3.57294399,0.0,0.0,2.08013719,3.14561455,0.0,0.0,230.77,0.00357261,2484.0,0.00357261
runs/CZ14/DMo&0&rDXHP&Ex&dxHP_equip/RB-dxHP_equip-spltHP-SEER-BA-rDXHP-NoLRM-0%UC-NR/instance-out.sql,CZ14,DMo,weighted,rDXHP,Ex,dxHP_equip,,RB-dxHP_equip-spltHP-SEER-BA-rDXHP-NoLRM-0%UC-NR,DMo&0&rDXHP&Ex&dxHP_equip,RB-dxHP_equip-spltHP-SEER-BA-rDXHP-NoLRM-0%UC-NR,61.64,138.42,42672.62,95828.92,17.17909589,2.39150378,2.16508536,1.26005582,0.0,5.22575174,0.0,1.68389892,0.0,0.0,0.0,0.0,4.45280028,0.0,0.0,2.39150378,2.16508536,0.0,0.0,2.08013719,3.14561455,0.0,0.0,230.77,0.00257839,2484.0,0.00257839
runs/CZ14/DMo&0&rDXHP&Ex&dxHP_equip/RB-dxHP_equip-spltHP-SEER-BA-rDXHP-NoLRM-40%UC-AOE/instance-out.sql,CZ14,DMo,weighted,rDXHP,Ex,dxHP_equip,,RB-dxHP_equip-spltHP-SEER-BA-rDXHP-NoLRM-40%UC-AOE,DMo&0&rDXHP&Ex&dxHP_equip,RB-dxHP_equip-spltHP-SEER-BA-rDXHP-NoLRM-40%UC-AOE,67.47,156.87,46707.11,108606.14,18.80329639,2.21676039,3.96402925,1.26005582,0.0,5.22575174,0.0,1.68389892,0.0,0.0,0.0,0.0,4.45280028,0.0,0.0,2.21676039,3.96402925,0.0,0.0,2.08013719,3.14561455,0.0,0.0,230.77,0.0038488,2484.0,0.0038488
runs/CZ14/DMo&0&rDXHP&Ex&dxHP_equip/RB-dxHP_equip-spltHP-SEER-BA-rDXHP-NoLRM-22.5%UC-AOE/instance-out.sql,CZ14,DMo,weighted,rDXHP,Ex,dxHP_equip,,RB-dxHP_equip-spltHP-SEER-BA-rDXHP-NoLRM-22.5%UC-AOE,DMo&0&rDXHP&Ex&dxHP_equip,RB-dxHP_equip-spltHP-SEER-BA-rDXHP-NoLRM-22.5%UC-AOE,66.36,153.37,45940.19,106177.31,18.49455059,2.59241077,3.27963306,1.26005582,0.0,5.22575174,0.0,1.68389892,0.0,0.0,0.0,0.0,4.45280028,0.0,0.0,2.59241077,3.27963306,0.0,0.0,2.08013719,3.14561455,0.0,0.0,230.77,0.00336548,2484.0,0.00336548
runs/CZ15/DMo&0&rDXGF&Ex&dxAC_equip/RB-dxAC_equip-spltAC-SEER-BA-rDXGF-LRM-LSC-AOE/instance-out.sql,CZ15,DMo,weighted,rDXGF,Ex,dxAC_equip,,RB-dxAC_equip-spltAC-SEER-BA-rDXGF-LRM-LSC-AOE,DMo&0&rDXGF&Ex&dxAC_equip,RB-dxAC_equip-spltAC-SEER-BA-rDXGF-LRM-LSC-AOE,70.89,155.87,49075.71,107910.57,19.75684474,1.65749377,5.28743488,1.26005582,0.0,5.22575174,0.0,1.9465897,0.0,0.0,0.0,0.0,4.37951482,0.0,0.0,0.0,5.28743488,1.65749377,0.0,2.08013719,3.14561455,0.0,95.33,230.77,0.00409309,2484.0,0.00409309
runs/CZ15/DMo&0&rDXGF&Ex&dxAC_equip/RB-dxAC_equip-spltAC-SEER-BA-rDXGF-NoLRM-15%UC-AOE/instance-out.sql,CZ15,DMo,weighted,rDXGF,Ex,dxAC_equip,,RB-dxAC_equip-spltAC-SEER-BA-rDXGF-NoLRM-15%UC-AOE,DMo&0&rDXGF&Ex&dxAC_equip,RB-dxAC_equip-spltAC-SEER-BA-rDXGF-NoLRM-15%UC-AOE,77.76,177.63,53831.65,122972.63,21.67148578,1.65749377,7.20207591,1.26005582,0.0,5.22575174,0.0,1.9465897,0.0,0.0,0.0,0.0,4.37951482,0.0,0.0,0.0,7.20207591,1.65749377,0.0,2.08013719,3.14561455,0.0,95.33,230.77,0.0051898,2484.0,0.0051898
runs/CZ15/DMo&0&rDXGF&Ex&dxAC_equip/RB-dxAC_equip-spltAC-SEER-BA-rDXGF-NoLRM-22.5%UC-AOE/instance-out.sql,CZ15,DMo,weighted,rDXGF,Ex,dxAC_equip,,RB-dxAC_equip-spltAC-SEER-BA-rDXGF-NoLRM-22.5%UC-AOE,DMo&0&rDXGF&Ex&dxAC_equip,RB-dxAC_equip-spltAC-SEER-BA-rDXGF-NoLRM-22.5%UC-AOE,80.29,185.66,55588.77,128537.43,22.37886519,1.65749377,7.90945533,1.26005582,0.0,5.22575174,0.0,1.9465897,0.0,0.0,0.0,0.0,4.37951482,0.0,0.0,0.0,7.90945533,1.65749377,0.0,2.08013719,3.14561455,0.0,95.33,230.77,0.00559499,2484.0,0.00559499
runs/CZ15/DMo&0&rDXGF&Ex&dxAC_equip/RB-dxAC_equip-spltAC-SEER-BA-rDXGF-NoLRM-0%UC-AOE/instance-out.sql,CZ15,DMo,weighted,rDXGF,Ex,dxAC_equip,,RB-dxAC_equip-spltAC-SEER-BA-rDXGF-NoLRM-0%UC-AOE,DMo&0&rDXGF&Ex&dxAC_equip,RB-dxAC_equip-spltAC-SEER-BA-rDXGF-NoLRM-0%UC-AOE,72.68,161.55,50317.4,111843.03,20.25672292,1.65749377,5.78731708,1.26005582,0.0,5.22575174,0.0,1.9465897,0.0,0.0,0.0,0.0,4.37951482,0.0,0.0,0.0,5.78731708,1.65749377,0.0,2.08013719,3.14561455,0.0,95.33,230.77,0.00437942,2484.0,0.00437942
runs/CZ14/DMo&0&rDXHP&Ex&dxHP_equip/RB-dxHP_equip-spltHP-SEER-BA-rDXHP-NoLRM-7.5%UC-AOE/instance-out.sql,CZ14,DMo,weighted,rDXHP,Ex,dxHP_equip,,RB-dxHP_equip-spltHP-SEER-BA-rDXHP-NoLRM-7.5%UC-AOE,DMo&0&rDXHP&Ex&dxHP_equip,RB-dxHP_equip-spltHP-SEER-BA-rDXHP-NoLRM-7.5%UC-AOE,65.41,150.36,45282.83,104095.45,18.22991133,2.91439739,2.69300719,1.26005582,0.0,5.22575174,0.0,1.68389892,0.0,0.0,0.0,0.0,4.45280028,0.0,0.0,2.91439739,2.69300719,0.0,0.0,2.08013719,3.14561455,0.0,0.0,230.77,0.0029512,2484.0,0.0029512
runs/CZ15/DMo&0&rDXGF&Ex&dxAC_equip/RB-dxAC_equip-spltAC-SEER-BA-rDXGF-NoLRM-0%UC-NR/instance-out.sql,CZ15,DMo,weighted,rDXGF,Ex,dxAC_equip,,RB-dxAC_equip-spltAC-SEER-BA-rDXGF-NoLRM-0%UC-NR,DMo&0&rDXGF&Ex&dxAC_equip,RB-dxAC_equip-spltAC-SEER-BA-rDXGF-NoLRM-0%UC-NR,70.65,155.12,48911.97,107392.01,19.69092648,1.65749377,5.22152064,1.26005582,0.0,5.22575174,0.0,1.9465897,0.0,0.0,0.0,0.0,4.37951482,0.0,0.0,0.0,5.22152064,1.65749377,0.0,2.08013719,3.14561455,0.0,95.33,230.77,0.00405533,2484.0,0.00405533
runs/CZ15/DMo&0&rDXGF&Ex&dxAC_equip/RB-dxAC_equip-spltAC-SEER-BA-rDXGF-NoLRM-40%UC-AOE/instance-out.sql,CZ15,DMo,weighted,rDXGF,Ex,dxAC_equip,,RB-dxAC_equip-spltAC-SEER-BA-rDXGF-NoLRM-40%UC-AOE,DMo&0&rDXGF&Ex&dxAC_equip,RB-dxAC_equip-spltAC-SEER-BA-rDXGF-NoLRM-40%UC-AOE,86.22,204.42,59688.71,141521.97,24.02941448,1.65749377,9.56000864,1.26005582,0.0,5.22575174,0.0,1.9465897,0.0,0.0,0.0,0.0,4.37951482,0.0,0.0,0.0,9.56000864,1.65749377,0.0,2.08013719,3.14561455,0.0,95.33,230.77,0.00654042,2484.0,0.00654042
runs/CZ15/DMo&0&rDXGF&Ex&dxAC_equip/RB-dxAC_equip-spltAC-SEER-BA-rDXGF-NoLRM-30%UC-AOE/instance-out.sql,CZ15,DMo,weighted,rDXGF,Ex,dxAC_equip,,RB-dxAC_equip-spltAC-SEER-BA-rDXGF-NoLRM-30%UC-AOE,DMo&0&rDXGF&Ex&dxAC_equip,RB-dxAC_equip-spltAC-SEER-BA-rDXGF-NoLRM-30%UC-AOE,82.83,193.7,57345.89,134102.24,23.08624461,1.65749377,8.61683474,1.26005582,0.0,5.22575174,0.0,1.9465897,0.0,0.0,0.0,0.0,4.37951482,0.0,0.0,0.0,8.61683474,1.65749377,0.0,2.08013719,3.14561455,0.0,95.33,230.77,0.00600017,2484.0,0.00600017
runs/CZ15/DMo&0&rDXHP&Ex&dxHP_equip/RB-dxHP_equip-spltHP-SEER-BA-rDXHP-LRM-LSC-NR/instance-out.sql,CZ15,DMo,weighted,rDXHP,Ex,dxHP_equip,,RB-dxHP_equip-spltHP-SEER-BA-rDXHP-LRM-LSC-NR,DMo&0&rDXHP&Ex&dxHP_equip,RB-dxHP_equip-spltHP-SEER-BA-rDXHP-LRM-LSC-NR,65.28,150.53,45194.18,104211.35,18.19422271,0.52977369,4.77171522,1.26005582,0.0,5.22575174,0.0,2.03078504,0.0,0.0,0.0,0.0,4.37614121,0.0,0.0,0.52977369,4.77171522,0.0,0.0,2.08013719,3.14561455,0.0,95.33,230.77,0.003797,2484.0,0.003797
runs/CZ15/DMo&0&rDXHP&Ex&dxHP_equip/RB-dxHP_equip-spltHP-SEER-BA-rDXHP-LRM-LSC-AOE/instance-out.sql,CZ15,DMo,weighted,rDXHP,Ex,dxHP_equip,,RB-dxHP_equip-spltHP-SEER-BA-rDXHP-LRM-LSC-AOE,DMo&0&rDXHP&Ex&dxHP_equip,RB-dxHP_equip-spltHP-SEER-BA-rDXHP-LRM-LSC-AOE,67.61,157.91,46807.89,109321.96,18.84386829,0.66235902,5.28877547,1.26005582,0.0,5.22575174,0.0,2.03078504,0.0,0.0,0.0,0.0,4.37614121,0.0,0.0,0.66235902,5.28877547,0.0,0.0,2.08013719,3.14561455,0.0,95.33,230.77,0.0040931,2484.0,0.0040931
runs/CZ15/DMo&0&rDXHP&Ex&dxHP_equip/RB-dxHP_equip-spltHP-SEER-BA-rDXHP-LRM-LSC-NC/instance-out.sql,CZ15,DMo,weighted,rDXHP,Ex,dxHP_equip,,RB-dxHP_equip-spltHP-SEER-BA-rDXHP-LRM-LSC-NC,DMo&0&rDXHP&Ex&dxHP_equip,RB-dxHP_equip-spltHP-SEER-BA-rDXHP-LRM-LSC-NC,65.28,150.53,45194.18,104211.35,18.19422271,0.52977369,4.77171522,1.26005582,0.0,5.22575174,0.0,2.03078504,0.0,0.0,0.0,0.0,4.37614121,0.0,0.0,0.52977369,4.77171522,0.0,0.0,2.08013719,3.14561455,0.0,95.33,230.77,0.003797,2484.0,0.003797
runs/CZ15/DMo&0&rDXGF&Ex&dxAC_equip/RB-dxAC_equip-spltAC-SEER-BA-rDXGF-NoLRM-7.5%UC-AOE/instance-out.sql,CZ15,DMo,weighted,rDXGF,Ex,dxAC_equip,,RB-dxAC_equip-spltAC-SEER-BA-rDXGF-NoLRM-7.5%UC-AOE,DMo&0&rDXGF&Ex&dxAC_equip,RB-dxAC_equip-spltAC-SEER-BA-rDXGF-NoLRM-7.5%UC-AOE,75.22,169.59,52074.53,117407.83,20.96410636,1.65749377,6.4946965,1.26005582,0.0,5.22575174,0.0,1.9465897,0.0,0.0,0.0,0.0,4.37951482,0.0,0.0,0.0,6.4946965,1.65749377,0.0,2.08013719,3.14561455,0.0,95.33,230.77,0.00478461,2484.0,0.00478461
runs/CZ15/DMo&0&rDXHP&Ex&dxHP_equip/RB-dxHP_equip-spltHP-SEER-BA-rDXHP-NoLRM-0%UC-AOE/instance-out.sql,CZ15,DMo,weighted,rDXHP,Ex,dxHP_equip,,RB-dxHP_equip-spltHP-SEER-BA-rDXHP-NoLRM-0%UC-AOE,DMo&0&rDXHP&Ex&dxHP_equip,RB-dxHP_equip-spltHP-SEER-BA-rDXHP-NoLRM-0%UC-AOE,69.31,163.3,47986.77,113055.47,19.31846049,0.63694421,5.78878247,1.26005582,0.0,5.22575174,0.0,2.03078504,0.0,0.0,0.0,0.0,4.37614121,0.0,0.0,0.63694421,5.78878247,0.0,0.0,2.08013719,3.14561455,0.0,95.33,230.77,0.00437943,2484.0,0.00437943
runs/CZ15/DMo&0&rDXHP&Ex&dxHP_equip/RB-dxHP_equip-spltHP-SEER-BA-rDXHP-NoLRM-22.5%UC-AOE/instance-out.sql,CZ15,DMo,weighted,rDXHP,Ex,dxHP_equip,,RB-dxHP_equip-spltHP-SEER-BA-rDXHP-NoLRM-22.5%UC-AOE,DMo&0&rDXHP&Ex&dxHP_equip,RB-dxHP_equip-spltHP-SEER-BA-rDXHP-NoLRM-22.5%UC-AOE,76.63,186.48,53054.58,129105.24,21.3586538,0.55445982,7.91146017,1.26005582,0.0,5.22575174,0.0,2.03078504,0.0,0.0,0.0,0.0,4.37614121,0.0,0.0,0.55445982,7.91146017,0.0,0.0,2.08013719,3.14561455,0.0,95.33,230.77,0.00559499,2484.0,0.00559499
runs/CZ15/DMo&0&rDXHP&Ex&dxHP_equip/RB-dxHP_equip-spltHP-SEER-BA-rDXHP-NoLRM-0%UC-NC/instance-out.sql,CZ15,DMo,weighted,rDXHP,Ex,dxHP_equip,,RB-dxHP_equip-spltHP-SEER-BA-rDXHP-NoLRM-0%UC-NC,DMo&0&rDXHP&Ex&dxHP_equip,RB-dxHP_equip-spltHP-SEER-BA-rDXHP-NoLRM-0%UC-NC,66.83,155.42,46264.6,107601.38,18.62515523,0.50958033,5.2228411,1.26005582,0.0,5.22575174,0.0,2.03078504,0.0,0.0,0.0,0.0,4.37614121,0.0,0.0,0.50958033,5.2228411,0.0,0.0,2.08013719,3.14561455,0.0,95.33,230.77,0.00405534,2484.0,0.00405534
runs/CZ15/DMo&0&rDXHP&Ex&dxHP_equip/RB-dxHP_equip-spltHP-SEER-BA-rDXHP-NoLRM-0%UC-NR/instance-out.sql,CZ15,DMo,weighted,rDXHP,Ex,dxHP_equip,,RB-dxHP_equip-spltHP-SEER-BA-rDXHP-NoLRM-0%UC-NR,DMo&0&rDXHP&Ex&dxHP_equip,RB-dxHP_equip-spltHP-SEER-BA-rDXHP-NoLRM-0%UC-NR,66.83,155.42,46264.6,107601.38,18.62515523,0.50958033,5.2228411,1.26005582,0.0,5.22575174,0.0,2.03078504,0.0,0.0,0.0,0.0,4.37614121,0.0,0.0,0.50958033,5.2228411,0.0,0.0,2.08013719,3.14561455,0.0,95.33,230.77,0.00405534,2484.0,0.00405534
runs/CZ15/DMo&0&rDXHP&Ex&dxHP_equip/RB-dxHP_equip-spltHP-SEER-BA-rDXHP-NoLRM-30%UC-AOE/instance-out.sql,CZ15,DMo,weighted,rDXHP,Ex,dxHP_equip,,RB-dxHP_equip-spltHP-SEER-BA-rDXHP-NoLRM-30%UC-AOE,DMo&0&rDXHP&Ex&dxHP_equip,RB-dxHP_equip-spltHP-SEER-BA-rDXHP-NoLRM-30%UC-AOE,79.04,194.12,54722.81,134388.51,22.03024798,0.51849343,8.61901672,1.26005582,0.0,5.22575174,0.0,2.03078504,0.0,0.0,0.0,0.0,4.37614121,0.0,0.0,0.51849343,8.61901672,0.0,0.0,2.08013719,3.14561455,0.0,95.33,230.77,0.00600018,2484.0,0.00600018
runs/CZ15/DMo&0&rDXHP&Ex&dxHP_equip/RB-dxHP_equip-spltHP-SEER-BA-rDXHP-NoLRM-7.5%UC-AOE/instance-out.sql,CZ15,DMo,weighted,rDXHP,Ex,dxHP_equip,,RB-dxHP_equip-spltHP-SEER-BA-rDXHP-NoLRM-7.5%UC-AOE,DMo&0&rDXHP&Ex&dxHP_equip,RB-dxHP_equip-spltHP-SEER-BA-rDXHP-NoLRM-7.5%UC-AOE,71.81,171.22,49718.13,118538.69,20.01546947,0.62639262,6.49634305,1.26005582,0.0,5.22575174,0.0,2.03078504,0.0,0.0,0.0,0.0,4.37614121,0.0,0.0,0.62639262,6.49634305,0.0,0.0,2.08013719,3.14561455,0.0,95.33,230.77,0.00478462,2484.0,0.00478462
runs/CZ16/DMo&0&rDXGF&Ex&dxAC_equip/RB-dxAC_equip-spltAC-SEER-BA-rDXGF-LRM-LSC-AOE/instance-out.sql,CZ16,DMo,weighted,rDXGF,Ex,dxAC_equip,,RB-dxAC_equip-spltAC-SEER-BA-rDXGF-LRM-LSC-AOE,DMo&0&rDXGF&Ex&dxAC_equip,RB-dxAC_equip-spltAC-SEER-BA-rDXGF-LRM-LSC-AOE,58.87,100.82,40754.87,69797.02,16.40705023,3.65568603,0.90550459,1.26005582,0.0,5.22575174,0.0,0.70560404,0.0,0.0,0.0,0.0,4.65444399,0.0,0.0,0.0,0.90550459,3.65568603,0.0,2.08013719,3.14561455,0.0,0.0,230.77,0.00213738,2484.0,0.00213738
runs/CZ15/DMo&0&rDXHP&Ex&dxHP_equip/RB-dxHP_equip-spltHP-SEER-BA-rDXHP-NoLRM-15%UC-AOE/instance-out.sql,CZ15,DMo,weighted,rDXHP,Ex,dxHP_equip,,RB-dxHP_equip-spltHP-SEER-BA-rDXHP-NoLRM-15%UC-AOE,DMo&0&rDXHP&Ex&dxHP_equip,RB-dxHP_equip-spltHP-SEER-BA-rDXHP-NoLRM-15%UC-AOE,74.22,178.85,51386.35,123821.96,20.68706365,0.59042622,7.2038996,1.26005582,0.0,5.22575174,0.0,2.03078504,0.0,0.0,0.0,0.0,4.37614121,0.0,0.0,0.59042622,7.2038996,0.0,0.0,2.08013719,3.14561455,0.0,95.33,230.77,0.0051898,2484.0,0.0051898
runs/CZ15/DMo&0&rDXHP&Ex&dxHP_equip/RB-dxHP_equip-spltHP-SEER-BA-rDXHP-NoLRM-40%UC-AOE/instance-out.sql,CZ15,DMo,weighted,rDXHP,Ex,dxHP_equip,,RB-dxHP_equip-spltHP-SEER-BA-rDXHP-NoLRM-40%UC-AOE,DMo&0&rDXHP&Ex&dxHP_equip,RB-dxHP_equip-spltHP-SEER-BA-rDXHP-NoLRM-40%UC-AOE,82.26,204.29,56947.11,141432.88,22.9257042,0.47054226,9.56242814,1.26005582,0.0,5.22575174,0.0,2.03078504,0.0,0.0,0.0,0.0,4.37614121,0.0,0.0,0.47054226,9.56242814,0.0,0.0,2.08013719,3.14561455,0.0,95.33,230.77,0.00654043,2484.0,0.00654043
runs/CZ16/DMo&0&rDXGF&Ex&dxAC_equip/RB-dxAC_equip-spltAC-SEER-BA-rDXGF-LRM-LSC-NR/instance-out.sql,CZ16,DMo,weighted,rDXGF,Ex,dxAC_equip,,RB-dxAC_equip-spltAC-SEER-BA-rDXGF-LRM-LSC-NR,DMo&0&rDXGF&Ex&dxAC_equip,RB-dxAC_equip-spltAC-SEER-BA-rDXGF-LRM-LSC-NR,58.55,99.81,40534.97,69100.6,16.31852313,3.65568603,0.81697749,1.26005582,0.0,5.22575174,0.0,0.70560404,0.0,0.0,0.0,0.0,4.65444399,0.0,0.0,0.0,0.81697749,3.65568603,0.0,2.08013719,3.14561455,0.0,0.0,230.77,0.00202853,2484.0,0.00202853
runs/CZ16/DMo&0&rDXGF&Ex&dxAC_equip/RB-dxAC_equip-spltAC-SEER-BA-rDXGF-NoLRM-22.5%UC-AOE/instance-out.sql,CZ16,DMo,weighted,rDXGF,Ex,dxAC_equip,,RB-dxAC_equip-spltAC-SEER-BA-rDXGF-NoLRM-22.5%UC-AOE,DMo&0&rDXGF&Ex&dxAC_equip,RB-dxAC_equip-spltAC-SEER-BA-rDXGF-NoLRM-22.5%UC-AOE,60.48,105.92,41870.27,73329.5,16.85608672,3.65568603,1.35454108,1.26005582,0.0,5.22575174,0.0,0.70560404,0.0,0.0,0.0,0.0,4.65444399,0.0,0.0,0.0,1.35454108,3.65568603,0.0,2.08013719,3.14561455,0.0,0.0,230.77,0.00268952,2484.0,0.00268952
runs/CZ16/DMo&0&rDXGF&Ex&dxAC_equip/RB-dxAC_equip-spltAC-SEER-BA-rDXGF-NoLRM-0%UC-AOE/instance-out.sql,CZ16,DMo,weighted,rDXGF,Ex,dxAC_equip,,RB-dxAC_equip-spltAC-SEER-BA-rDXGF-NoLRM-0%UC-AOE,DMo&0&rDXGF&Ex&dxAC_equip,RB-dxAC_equip-spltAC-SEER-BA-rDXGF-NoLRM-0%UC-AOE,59.17,101.79,40967.51,70470.48,16.49265461,3.65568603,0.99111299,1.26005582,0.0,5.22575174,0.0,0.70560404,0.0,0.0,0.0,0.0,4.65444399,0.0,0.0,0.0,0.99111299,3.65568603,0.0,2.08013719,3.14561455,0.0,0.0,230.77,0.00224264,2484.0,0.00224264
runs/CZ16/DMo&0&rDXGF&Ex&dxAC_equip/RB-dxAC_equip-spltAC-SEER-BA-rDXGF-NoLRM-15%UC-AOE/instance-out.sql,CZ16,DMo,weighted,rDXGF,Ex,dxAC_equip,,RB-dxAC_equip-spltAC-SEER-BA-rDXGF-NoLRM-15%UC-AOE,DMo&0&rDXGF&Ex&dxAC_equip,RB-dxAC_equip-spltAC-SEER-BA-rDXGF-NoLRM-15%UC-AOE,60.04,104.54,41569.35,72376.49,16.73494268,3.65568603,1.23340107,1.26005582,0.0,5.22575174,0.0,0.70560404,0.0,0.0,0.0,0.0,4.65444399,0.0,0.0,0.0,1.23340107,3.65568603,0.0,2.08013719,3.14561455,0.0,0.0,230.77,0.00254056,2484.0,0.00254056
runs/CZ16/DMo&0&rDXGF&Ex&dxAC_equip/RB-dxAC_equip-spltAC-SEER-BA-rDXGF-NoLRM-0%UC-NR/instance-out.sql,CZ16,DMo,weighted,rDXGF,Ex,dxAC_equip,,RB-dxAC_equip-spltAC-SEER-BA-rDXGF-NoLRM-0%UC-NR,DMo&0&rDXGF&Ex&dxAC_equip,RB-dxAC_equip-spltAC-SEER-BA-rDXGF-NoLRM-0%UC-NR,58.83,100.69,40726.83,69708.22,16.39575789,3.65568603,0.89421628,1.26005582,0.0,5.22575174,0.0,0.70560404,0.0,0.0,0.0,0.0,4.65444399,0.0,0.0,0.0,0.89421628,3.65568603,0.0,2.08013719,3.14561455,0.0,0.0,230.77,0.0021235,2484.0,0.0021235
runs/CZ16/DMo&0&rDXGF&Ex&dxAC_equip/RB-dxAC_equip-spltAC-SEER-BA-rDXGF-NoLRM-30%UC-AOE/instance-out.sql,CZ16,DMo,weighted,rDXGF,Ex,dxAC_equip,,RB-dxAC_equip-spltAC-SEER-BA-rDXGF-NoLRM-30%UC-AOE,DMo&0&rDXGF&Ex&dxAC_equip,RB-dxAC_equip-spltAC-SEER-BA-rDXGF-NoLRM-30%UC-AOE,60.91,107.3,42171.19,74282.5,16.97723076,3.65568603,1.47568512,1.26005582,0.0,5.22575174,0.0,0.70560404,0.0,0.0,0.0,0.0,4.65444399,0.0,0.0,0.0,1.47568512,3.65568603,0.0,2.08013719,3.14561455,0.0,0.0,230.77,0.00283848,2484.0,0.00283848
runs/CZ16/DMo&0&rDXHP&Ex&dxHP_equip/RB-dxHP_equip-spltHP-SEER-BA-rDXHP-NoLRM-0%UC-AOE/instance-out.sql,CZ16,DMo,weighted,rDXHP,Ex,dxHP_equip,,RB-dxHP_equip-spltHP-SEER-BA-rDXHP-NoLRM-0%UC-AOE,DMo&0&rDXHP&Ex&dxHP_equip,RB-dxHP_equip-spltHP-SEER-BA-rDXHP-NoLRM-0%UC-AOE,52.37,107.62,36258.15,74507.16,14.5967657,1.56644653,0.99124584,1.26005582,0.0,5.22575174,0.0,0.9058186,0.0,0.0,0.0,0.0,4.64744717,0.0,0.0,1.56644653,0.99124584,0.0,0.0,2.08013719,3.14561455,0.17,0.0,230.77,0.0022427,2484.0,0.0022427
runs/CZ16/DMo&0&rDXHP&Ex&dxHP_equip/RB-dxHP_equip-spltHP-SEER-BA-rDXHP-LRM-LSC-AOE/instance-out.sql,CZ16,DMo,weighted,rDXHP,Ex,dxHP_equip,,RB-dxHP_equip-spltHP-SEER-BA-rDXHP-LRM-LSC-AOE,DMo&0&rDXHP&Ex&dxHP_equip,RB-dxHP_equip-spltHP-SEER-BA-rDXHP-LRM-LSC-AOE,52.24,107.21,36167.43,74219.86,14.56024374,1.61554505,0.90562536,1.26005582,0.0,5.22575174,0.0,0.9058186,0.0,0.0,0.0,0.0,4.64744717,0.0,0.0,1.61554505,0.90562536,0.0,0.0,2.08013719,3.14561455,0.17,0.0,230.77,0.00213743,2484.0,0.00213743
runs/CZ16/DMo&0&rDXGF&Ex&dxAC_equip/RB-dxAC_equip-spltAC-SEER-BA-rDXGF-NoLRM-7.5%UC-AOE/instance-out.sql,CZ16,DMo,weighted,rDXGF,Ex,dxAC_equip,,RB-dxAC_equip-spltAC-SEER-BA-rDXGF-NoLRM-7.5%UC-AOE,DMo&0&rDXGF&Ex&dxAC_equip,RB-dxAC_equip-spltAC-SEER-BA-rDXGF-NoLRM-7.5%UC-AOE,59.61,103.17,41268.43,71423.49,16.61379865,3.65568603,1.11225703,1.26005582,0.0,5.22575174,0.0,0.70560404,0.0,0.0,0.0,0.0,4.65444399,0.0,0.0,0.0,1.11225703,3.65568603,0.0,2.08013719,3.14561455,0.0,0.0,230.77,0.0023916,2484.0,0.0023916
runs/CZ16/DMo&0&rDXHP&Ex&dxHP_equip/RB-dxHP_equip-spltHP-SEER-BA-rDXHP-LRM-LSC-NR/instance-out.sql,CZ16,DMo,weighted,rDXHP,Ex,dxHP_equip,,RB-dxHP_equip-spltHP-SEER-BA-rDXHP-LRM-LSC-NR,DMo&0&rDXHP&Ex&dxHP_equip,RB-dxHP_equip-spltHP-SEER-BA-rDXHP-LRM-LSC-NR,51.0,103.29,35311.28,71508.43,14.21557582,1.35941631,0.81708619,1.26005582,0.0,5.22575174,0.0,0.9058186,0.0,0.0,0.0,0.0,4.64744717,0.0,0.0,1.35941631,0.81708619,0.0,0.0,2.08013719,3.14561455,0.17,0.0,230.77,0.00202858,2484.0,0.00202858
runs/CZ16/DMo&0&rDXGF&Ex&dxAC_equip/RB-dxAC_equip-spltAC-SEER-BA-rDXGF-NoLRM-40%UC-AOE/instance-out.sql,CZ16,DMo,weighted,rDXGF,Ex,dxAC_equip,,RB-dxAC_equip-spltAC-SEER-BA-rDXGF-NoLRM-40%UC-AOE,DMo&0&rDXGF&Ex&dxAC_equip,RB-dxAC_equip-spltAC-SEER-BA-rDXGF-NoLRM-40%UC-AOE,61.49,109.13,42572.41,75553.18,17.13875346,3.65568603,1.63721185,1.26005582,0.0,5.22575174,0.0,0.70560404,0.0,0.0,0.0,0.0,4.65444399,0.0,0.0,0.0,1.63721185,3.65568603,0.0,2.08013719,3.14561455,0.0,0.0,230.77,0.00303709,2484.0,0.00303709
runs/CZ16/DMo&0&rDXHP&Ex&dxHP_equip/RB-dxHP_equip-spltHP-SEER-BA-rDXHP-LRM-LSC-NC/instance-out.sql,CZ16,DMo,weighted,rDXHP,Ex,dxHP_equip,,RB-dxHP_equip-spltHP-SEER-BA-rDXHP-LRM-LSC-NC,DMo&0&rDXHP&Ex&dxHP_equip,RB-dxHP_equip-spltHP-SEER-BA-rDXHP-LRM-LSC-NC,51.0,103.29,35311.28,71508.43,14.21557582,1.35941631,0.81708619,1.26005582,0.0,5.22575174,0.0,0.9058186,0.0,0.0,0.0,0.0,4.64744717,0.0,0.0,1.35941631,0.81708619,0.0,0.0,2.08013719,3.14561455,0.17,0.0,230.77,0.00202858,2484.0,0.00202858
runs/CZ16/DMo&0&rDXHP&Ex&dxHP_equip/RB-dxHP_equip-spltHP-SEER-BA-rDXHP-NoLRM-15%UC-AOE/instance-out.sql,CZ16,DMo,weighted,rDXHP,Ex,dxHP_equip,,RB-dxHP_equip-spltHP-SEER-BA-rDXHP-NoLRM-15%UC-AOE,DMo&0&rDXHP&Ex&dxHP_equip,RB-dxHP_equip-spltHP-SEER-BA-rDXHP-NoLRM-15%UC-AOE,52.92,109.35,36636.86,75706.52,14.74922635,1.4765869,1.23356612,1.26005582,0.0,5.22575174,0.0,0.9058186,0.0,0.0,0.0,0.0,4.64744717,0.0,0.0,1.4765869,1.23356612,0.0,0.0,2.08013719,3.14561455,0.17,0.0,230.77,0.00254063,2484.0,0.00254063
runs/CZ16/DMo&0&rDXHP&Ex&dxHP_equip/RB-dxHP_equip-spltHP-SEER-BA-rDXHP-NoLRM-22.5%UC-AOE/instance-out.sql,CZ16,DMo,weighted,rDXHP,Ex,dxHP_equip,,RB-dxHP_equip-spltHP-SEER-BA-rDXHP-NoLRM-22.5%UC-AOE,DMo&0&rDXHP&Ex&dxHP_equip,RB-dxHP_equip-spltHP-SEER-BA-rDXHP-NoLRM-22.5%UC-AOE,53.1,109.94,36765.23,76113.08,14.8009054,1.40710983,1.35472224,1.26005582,0.0,5.22575174,0.0,0.9058186,0.0,0.0,0.0,0.0,4.64744717,0.0,0.0,1.40710983,1.35472224,0.0,0.0,2.08013719,3.14561455,0.17,0.0,230.77,0.0026896,2484.0,0.0026896
runs/CZ16/DMo&0&rDXHP&Ex&dxHP_equip/RB-dxHP_equip-spltHP-SEER-BA-rDXHP-NoLRM-0%UC-NC/instance-out.sql,CZ16,DMo,weighted,rDXHP,Ex,dxHP_equip,,RB-dxHP_equip-spltHP-SEER-BA-rDXHP-NoLRM-0%UC-NC,DMo&0&rDXHP&Ex&dxHP_equip,RB-dxHP_equip-spltHP-SEER-BA-rDXHP-NoLRM-0%UC-NC,51.14,103.72,35406.26,71809.23,14.25381277,1.32040642,0.89433705,1.26005582,0.0,5.22575174,0.0,0.9058186,0.0,0.0,0.0,0.0,4.64744717,0.0,0.0,1.32040642,0.89433705,0.0,0.0,2.08013719,3.14561455,0.17,0.0,230.77,0.00212355,2484.0,0.00212355
runs/CZ16/DMo&0&rDXHP&Ex&dxHP_equip/RB-dxHP_equip-spltHP-SEER-BA-rDXHP-NoLRM-0%UC-NR/instance-out.sql,CZ16,DMo,weighted,rDXHP,Ex,dxHP_equip,,RB-dxHP_equip-spltHP-SEER-BA-rDXHP-NoLRM-0%UC-NR,DMo&0&rDXHP&Ex&dxHP_equip,RB-dxHP_equip-spltHP-SEER-BA-rDXHP-NoLRM-0%UC-NR,51.14,103.72,35406.26,71809.23,14.25381277,1.32040642,0.89433705,1.26005582,0.0,5.22575174,0.0,0.9058186,0.0,0.0,0.0,0.0,4.64744717,0.0,0.0,1.32040642,0.89433705,0.0,0.0,2.08013719,3.14561455,0.17,0.0,230.77,0.00212355,2484.0,0.00212355
runs/CZ16/DMo&0&rDXHP&Ex&dxHP_equip/RB-dxHP_equip-spltHP-SEER-BA-rDXHP-NoLRM-40%UC-AOE/instance-out.sql,CZ16,DMo,weighted,rDXHP,Ex,dxHP_equip,,RB-dxHP_equip-spltHP-SEER-BA-rDXHP-NoLRM-40%UC-AOE,DMo&0&rDXHP&Ex&dxHP_equip,RB-dxHP_equip-spltHP-SEER-BA-rDXHP-NoLRM-40%UC-AOE,53.54,111.31,37064.77,77061.72,14.92149388,1.24499131,1.63742924,1.26005582,0.0,5.22575174,0.0,0.9058186,0.0,0.0,0.0,0.0,4.64744717,0.0,0.0,1.24499131,1.63742924,0.0,0.0,2.08013719,3.14561455,0.17,0.0,230.77,0.00303718,2484.0,0.00303718
runs/CZ16/DMo&0&rDXHP&Ex&dxHP_equip/RB-dxHP_equip-spltHP-SEER-BA-rDXHP-NoLRM-7.5%UC-AOE/instance-out.sql,CZ16,DMo,weighted,rDXHP,Ex,dxHP_equip,,RB-dxHP_equip-spltHP-SEER-BA-rDXHP-NoLRM-7.5%UC-AOE,DMo&0&rDXHP&Ex&dxHP_equip,RB-dxHP_equip-spltHP-SEER-BA-rDXHP-NoLRM-7.5%UC-AOE,52.73,108.77,36508.48,75299.97,14.69754327,1.54606799,1.11240598,1.26005582,0.0,5.22575174,0.0,0.9058186,0.0,0.0,0.0,0.0,4.64744717,0.0,0.0,1.54606799,1.11240598,0.0,0.0,2.08013719,3.14561455,0.17,0.0,230.77,0.00239167,2484.0,0.00239167
runs/CZ16/DMo&0&rDXHP&Ex&dxHP_equip/RB-dxHP_equip-spltHP-SEER-BA-rDXHP-NoLRM-30%UC-AOE/instance-out.sql,CZ16,DMo,weighted,rDXHP,Ex,dxHP_equip,,RB-dxHP_equip-spltHP-SEER-BA-rDXHP-NoLRM-30%UC-AOE,DMo&0&rDXHP&Ex&dxHP_equip,RB-dxHP_equip-spltHP-SEER-BA-rDXHP-NoLRM-30%UC-AOE,53.29,110.53,36893.6,76519.64,14.85258445,1.33763277,1.47588238,1.26005582,0.0,5.22575174,0.0,0.9058186,0.0,0.0,0.0,0.0,4.64744717,0.0,0.0,1.33763277,1.47588238,0.0,0.0,2.08013719,3.14561455,0.17,0.0,230.77,0.00283856,2484.0,0.00283856
