File Name,BldgLoc,BldgType,Story,BldgHVAC,BldgVint,TechGroup,TechType,TechID,Cohort,Case,Net Site EUI,Net Source EUI,Total Energy/Net Site Energy,Total Energy/Net Source Energy,Total,Heating,Cooling,Interior Lighting,Exterior Lighting,Interior Equipment,Exterior Equipment,Fans,Pumps,Heat Rejection,Humidification,Heat Recovery,Water Systems,Refrigeration,Generators,Heating Elec,Cooling Elec,Heating NG,Cooling NG,Interior Equipment Elec,Interior Equipment NG,Unmet Heating,Unmet Cooling,Conditioned Area,Electricity:Facility [J](Hourly)
runs/CZ01/DMo&0&rDXGF&Ex&dxAC_equip/RB-dxAC_equip-spltAC-SEER-BA-rDXGF-LRM-LSC-NR/instance-out.sql,CZ01,DMo,weighted,rDXGF,Ex,dxAC_equip,,RB-dxAC_equip-spltAC-SEER-BA-rDXGF-LRM-LSC-NR,DMo&0&rDXGF&Ex&dxAC_equip,RB-dxAC_equip-spltAC-SEER-BA-rDXGF-LRM-LSC-NR,48.3,79.33,33439.73,54920.38,33439.729999999996,4915.54,321.73,3129.96,0.0,12980.689999999999,0.0,345.14,0.0,0.0,0.0,0.0,11746.68,0.0,0.0,0.0,321.73,4915.54,0.0,5167.03,7813.66,0.0,0.0,230.77,7918454.9232414
runs/CZ01/DMo&0&rDXGF&Ex&dxAC_equip/RB-dxAC_equip-spltAC-SEER-BA-rDXGF-LRM-LSC-AOE/instance-out.sql,CZ01,DMo,weighted,rDXGF,Ex,dxAC_equip,,RB-dxAC_equip-spltAC-SEER-BA-rDXGF-LRM-LSC-AOE,DMo&0&rDXGF&Ex&dxAC_equip,RB-dxAC_equip-spltAC-SEER-BA-rDXGF-LRM-LSC-AOE,48.35,79.49,33474.59,55030.79,33474.59,4915.54,356.59,3129.96,0.0,12980.689999999999,0.0,345.14,0.0,0.0,0.0,0.0,11746.68,0.0,0.0,0.0,356.59,4915.54,0.0,5167.03,7813.66,0.0,0.0,230.77,8167242.018173086
runs/CZ01/DMo&0&rDXGF&Ex&dxAC_equip/RB-dxAC_equip-spltAC-SEER-BA-rDXGF-NoLRM-0%UC-NR/instance-out.sql,CZ01,DMo,weighted,rDXGF,Ex,dxAC_equip,,RB-dxAC_equip-spltAC-SEER-BA-rDXGF-NoLRM-0%UC-NR,DMo&0&rDXGF&Ex&dxAC_equip,RB-dxAC_equip-spltAC-SEER-BA-rDXGF-NoLRM-0%UC-NR,48.35,79.47,33470.15,55016.71,33470.14,4915.54,352.15,3129.96,0.0,12980.689999999999,0.0,345.14,0.0,0.0,0.0,0.0,11746.68,0.0,0.0,0.0,352.15,4915.54,0.0,5167.03,7813.66,0.0,0.0,230.77,8135517.200732056
runs/CZ01/DMo&0&rDXGF&Ex&dxAC_equip/RB-dxAC_equip-spltAC-SEER-BA-rDXGF-NoLRM-0%UC-AOE/instance-out.sql,CZ01,DMo,weighted,rDXGF,Ex,dxAC_equip,,RB-dxAC_equip-spltAC-SEER-BA-rDXGF-NoLRM-0%UC-AOE,DMo&0&rDXGF&Ex&dxAC_equip,RB-dxAC_equip-spltAC-SEER-BA-rDXGF-NoLRM-0%UC-AOE,48.4,79.64,33508.31,55137.56,33508.3,4915.54,390.3,3129.96,0.0,12980.689999999999,0.0,345.14,0.0,0.0,0.0,0.0,11746.68,0.0,0.0,0.0,390.3,4915.54,0.0,5167.03,7813.66,0.0,0.0,230.77,8407824.976430299
runs/CZ01/DMo&0&rDXGF&Ex&dxAC_equip/RB-dxAC_equip-spltAC-SEER-BA-rDXGF-NoLRM-15%UC-AOE/instance-out.sql,CZ01,DMo,weighted,rDXGF,Ex,dxAC_equip,,RB-dxAC_equip-spltAC-SEER-BA-rDXGF-NoLRM-15%UC-AOE,DMo&0&rDXGF&Ex&dxAC_equip,RB-dxAC_equip-spltAC-SEER-BA-rDXGF-NoLRM-15%UC-AOE,48.54,80.08,33603.72,55439.73,33603.71,4915.54,485.72,3129.96,0.0,12980.689999999999,0.0,345.14,0.0,0.0,0.0,0.0,11746.68,0.0,0.0,0.0,485.72,4915.54,0.0,5167.03,7813.66,0.0,0.0,230.77,9088720.140513236
runs/CZ01/DMo&0&rDXGF&Ex&dxAC_equip/RB-dxAC_equip-spltAC-SEER-BA-rDXGF-NoLRM-22.5%UC-AOE/instance-out.sql,CZ01,DMo,weighted,rDXGF,Ex,dxAC_equip,,RB-dxAC_equip-spltAC-SEER-BA-rDXGF-NoLRM-22.5%UC-AOE,DMo&0&rDXGF&Ex&dxAC_equip,RB-dxAC_equip-spltAC-SEER-BA-rDXGF-NoLRM-22.5%UC-AOE,48.61,80.3,33651.43,55590.82,33651.42,4915.54,533.42,3129.96,0.0,12980.689999999999,0.0,345.14,0.0,0.0,0.0,0.0,11746.68,0.0,0.0,0.0,533.42,4915.54,0.0,5167.03,7813.66,0.0,0.0,230.77,9429167.72335447
runs/CZ01/DMo&0&rDXGF&Ex&dxAC_equip/RB-dxAC_equip-spltAC-SEER-BA-rDXGF-NoLRM-30%UC-AOE/instance-out.sql,CZ01,DMo,weighted,rDXGF,Ex,dxAC_equip,,RB-dxAC_equip-spltAC-SEER-BA-rDXGF-NoLRM-30%UC-AOE,DMo&0&rDXGF&Ex&dxAC_equip,RB-dxAC_equip-spltAC-SEER-BA-rDXGF-NoLRM-30%UC-AOE,48.68,80.52,33699.13,55741.91,33699.130000000005,4915.54,581.13,3129.96,0.0,12980.689999999999,0.0,345.14,0.0,0.0,0.0,0.0,11746.68,0.0,0.0,0.0,581.13,4915.54,0.0,5167.03,7813.66,0.0,0.0,230.77,9769615.30393185
runs/CZ01/DMo&0&rDXGF&Ex&dxAC_equip/RB-dxAC_equip-spltAC-SEER-BA-rDXGF-NoLRM-7.5%UC-AOE/instance-out.sql,CZ01,DMo,weighted,rDXGF,Ex,dxAC_equip,,RB-dxAC_equip-spltAC-SEER-BA-rDXGF-NoLRM-7.5%UC-AOE,DMo&0&rDXGF&Ex&dxAC_equip,RB-dxAC_equip-spltAC-SEER-BA-rDXGF-NoLRM-7.5%UC-AOE,48.47,79.86,33556.01,55288.64,33556.009999999995,4915.54,438.01,3129.96,0.0,12980.689999999999,0.0,345.14,0.0,0.0,0.0,0.0,11746.68,0.0,0.0,0.0,438.01,4915.54,0.0,5167.03,7813.66,0.0,0.0,230.77,8748272.557911979
runs/CZ01/DMo&0&rDXGF&Ex&dxAC_equip/RB-dxAC_equip-spltAC-SEER-BA-rDXGF-NoLRM-40%UC-AOE/instance-out.sql,CZ01,DMo,weighted,rDXGF,Ex,dxAC_equip,,RB-dxAC_equip-spltAC-SEER-BA-rDXGF-NoLRM-40%UC-AOE,DMo&0&rDXGF&Ex&dxAC_equip,RB-dxAC_equip-spltAC-SEER-BA-rDXGF-NoLRM-40%UC-AOE,48.77,80.81,33762.74,55943.35,33762.740000000005,4915.54,644.74,3129.96,0.0,12980.689999999999,0.0,345.14,0.0,0.0,0.0,0.0,11746.68,0.0,0.0,0.0,644.74,4915.54,0.0,5167.03,7813.66,0.0,0.0,230.77,10223545.413947938
runs/CZ01/DMo&0&rDXHP&Ex&dxHP_equip/RB-dxHP_equip-spltHP-SEER-BA-rDXHP-LRM-LSC-AOE/instance-out.sql,CZ01,DMo,weighted,rDXHP,Ex,dxHP_equip,,RB-dxHP_equip-spltHP-SEER-BA-rDXHP-LRM-LSC-AOE,DMo&0&rDXHP&Ex&dxHP_equip,RB-dxHP_equip-spltHP-SEER-BA-rDXHP-LRM-LSC-AOE,44.39,81.76,30733.57,56605.51,30733.57,2034.33,356.86,3129.96,0.0,12980.689999999999,0.0,492.96,0.0,0.0,0.0,0.0,11738.77,0.0,0.0,2034.33,356.86,0.0,0.0,5167.03,7813.66,0.0,0.0,230.77,8166199.719938919
runs/CZ01/DMo&0&rDXHP&Ex&dxHP_equip/RB-dxHP_equip-spltHP-SEER-BA-rDXHP-LRM-LSC-NC/instance-out.sql,CZ01,DMo,weighted,rDXHP,Ex,dxHP_equip,,RB-dxHP_equip-spltHP-SEER-BA-rDXHP-LRM-LSC-NC,DMo&0&rDXHP&Ex&dxHP_equip,RB-dxHP_equip-spltHP-SEER-BA-rDXHP-LRM-LSC-NC,43.85,80.03,30355.69,55408.76,30355.690000000002,1691.34,321.97,3129.96,0.0,12980.689999999999,0.0,492.96,0.0,0.0,0.0,0.0,11738.77,0.0,0.0,1691.34,321.97,0.0,0.0,5167.03,7813.66,0.0,0.0,230.77,7917486.60818487
runs/CZ01/DMo&0&rDXHP&Ex&dxHP_equip/RB-dxHP_equip-spltHP-SEER-BA-rDXHP-LRM-LSC-NR/instance-out.sql,CZ01,DMo,weighted,rDXHP,Ex,dxHP_equip,,RB-dxHP_equip-spltHP-SEER-BA-rDXHP-LRM-LSC-NR,DMo&0&rDXHP&Ex&dxHP_equip,RB-dxHP_equip-spltHP-SEER-BA-rDXHP-LRM-LSC-NR,43.85,80.03,30355.69,55408.76,30355.690000000002,1691.34,321.97,3129.96,0.0,12980.689999999999,0.0,492.96,0.0,0.0,0.0,0.0,11738.77,0.0,0.0,1691.34,321.97,0.0,0.0,5167.03,7813.66,0.0,0.0,230.77,7917486.60818487
runs/CZ01/DMo&0&rDXHP&Ex&dxHP_equip/RB-dxHP_equip-spltHP-SEER-BA-rDXHP-NoLRM-15%UC-AOE/instance-out.sql,CZ01,DMo,weighted,rDXHP,Ex,dxHP_equip,,RB-dxHP_equip-spltHP-SEER-BA-rDXHP-NoLRM-15%UC-AOE,DMo&0&rDXHP&Ex&dxHP_equip,RB-dxHP_equip-spltHP-SEER-BA-rDXHP-NoLRM-15%UC-AOE,44.31,81.5,30676.71,56425.43,30676.71,1848.25,486.08,3129.96,0.0,12980.689999999999,0.0,492.96,0.0,0.0,0.0,0.0,11738.77,0.0,0.0,1848.25,486.08,0.0,0.0,5167.03,7813.66,0.0,0.0,230.77,9087403.817295443
runs/CZ01/DMo&0&rDXHP&Ex&dxHP_equip/RB-dxHP_equip-spltHP-SEER-BA-rDXHP-NoLRM-30%UC-AOE/instance-out.sql,CZ01,DMo,weighted,rDXHP,Ex,dxHP_equip,,RB-dxHP_equip-spltHP-SEER-BA-rDXHP-NoLRM-30%UC-AOE,DMo&0&rDXHP&Ex&dxHP_equip,RB-dxHP_equip-spltHP-SEER-BA-rDXHP-NoLRM-30%UC-AOE,44.18,81.09,30586.11,56138.49,30586.11,1662.16,581.56,3129.96,0.0,12980.689999999999,0.0,492.96,0.0,0.0,0.0,0.0,11738.77,0.0,0.0,1662.16,581.56,0.0,0.0,5167.03,7813.66,0.0,0.0,230.77,9768096.49919932
runs/CZ01/DMo&0&rDXHP&Ex&dxHP_equip/RB-dxHP_equip-spltHP-SEER-BA-rDXHP-NoLRM-0%UC-AOE/instance-out.sql,CZ01,DMo,weighted,rDXHP,Ex,dxHP_equip,,RB-dxHP_equip-spltHP-SEER-BA-rDXHP-NoLRM-0%UC-AOE,DMo&0&rDXHP&Ex&dxHP_equip,RB-dxHP_equip-spltHP-SEER-BA-rDXHP-NoLRM-0%UC-AOE,44.35,81.62,30701.56,56504.13,30701.559999999998,1968.58,390.59,3129.96,0.0,12980.689999999999,0.0,492.96,0.0,0.0,0.0,0.0,11738.77,0.0,0.0,1968.58,390.59,0.0,0.0,5167.03,7813.66,0.0,0.0,230.77,8406711.134727437
runs/CZ01/DMo&0&rDXHP&Ex&dxHP_equip/RB-dxHP_equip-spltHP-SEER-BA-rDXHP-NoLRM-0%UC-NC/instance-out.sql,CZ01,DMo,weighted,rDXHP,Ex,dxHP_equip,,RB-dxHP_equip-spltHP-SEER-BA-rDXHP-NoLRM-0%UC-NC,DMo&0&rDXHP&Ex&dxHP_equip,RB-dxHP_equip-spltHP-SEER-BA-rDXHP-NoLRM-0%UC-NC,43.82,79.93,30333.88,55339.71,30333.89,1639.1,352.41,3129.96,0.0,12980.689999999999,0.0,492.96,0.0,0.0,0.0,0.0,11738.77,0.0,0.0,1639.1,352.41,0.0,0.0,5167.03,7813.66,0.0,0.0,230.77,8134484.336680175
runs/CZ02/DMo&0&rDXGF&Ex&dxAC_equip/RB-dxAC_equip-spltAC-SEER-BA-rDXGF-NoLRM-0%UC-AOE/instance-out.sql,CZ02,DMo,weighted,rDXGF,Ex,dxAC_equip,,RB-dxAC_equip-spltAC-SEER-BA-rDXGF-NoLRM-0%UC-AOE,DMo&0&rDXGF&Ex&dxAC_equip,RB-dxAC_equip-spltAC-SEER-BA-rDXGF-NoLRM-0%UC-AOE,56.81,96.03,39333.35,66485.74,39333.36,8658.06,1929.11,3129.96,0.0,12980.689999999999,0.0,1222.96,0.0,0.0,0.0,0.0,11412.57,0.0,0.0,0.0,1929.11,8658.06,0.0,5167.03,7813.66,0.0,0.0,230.77,17413602.709838986
runs/CZ01/DMo&0&rDXHP&Ex&dxHP_equip/RB-dxHP_equip-spltHP-SEER-BA-rDXHP-NoLRM-7.5%UC-AOE/instance-out.sql,CZ01,DMo,weighted,rDXHP,Ex,dxHP_equip,,RB-dxHP_equip-spltHP-SEER-BA-rDXHP-NoLRM-7.5%UC-AOE,DMo&0&rDXHP&Ex&dxHP_equip,RB-dxHP_equip-spltHP-SEER-BA-rDXHP-NoLRM-7.5%UC-AOE,44.38,81.71,30722.01,56568.89,30722.010000000002,1941.29,438.34,3129.96,0.0,12980.689999999999,0.0,492.96,0.0,0.0,0.0,0.0,11738.77,0.0,0.0,1941.29,438.34,0.0,0.0,5167.03,7813.66,0.0,0.0,230.77,8747057.47545182
runs/CZ02/DMo&0&rDXGF&Ex&dxAC_equip/RB-dxAC_equip-spltAC-SEER-BA-rDXGF-NoLRM-30%UC-AOE/instance-out.sql,CZ02,DMo,weighted,rDXGF,Ex,dxAC_equip,,RB-dxAC_equip-spltAC-SEER-BA-rDXGF-NoLRM-30%UC-AOE,DMo&0&rDXGF&Ex&dxAC_equip,RB-dxAC_equip-spltAC-SEER-BA-rDXGF-NoLRM-30%UC-AOE,58.18,100.35,40276.53,69472.77,40276.53,8658.06,2872.28,3129.96,0.0,12980.689999999999,0.0,1222.96,0.0,0.0,0.0,0.0,11412.57,0.0,0.0,0.0,2872.28,8658.06,0.0,5167.03,7813.66,0.0,0.0,230.77,21977700.351577558
runs/CZ01/DMo&0&rDXHP&Ex&dxHP_equip/RB-dxHP_equip-spltHP-SEER-BA-rDXHP-NoLRM-0%UC-NR/instance-out.sql,CZ01,DMo,weighted,rDXHP,Ex,dxHP_equip,,RB-dxHP_equip-spltHP-SEER-BA-rDXHP-NoLRM-0%UC-NR,DMo&0&rDXHP&Ex&dxHP_equip,RB-dxHP_equip-spltHP-SEER-BA-rDXHP-NoLRM-0%UC-NR,43.82,79.93,30333.88,55339.71,30333.89,1639.1,352.41,3129.96,0.0,12980.689999999999,0.0,492.96,0.0,0.0,0.0,0.0,11738.77,0.0,0.0,1639.1,352.41,0.0,0.0,5167.03,7813.66,0.0,0.0,230.77,8134484.336680175
runs/CZ01/DMo&0&rDXHP&Ex&dxHP_equip/RB-dxHP_equip-spltHP-SEER-BA-rDXHP-NoLRM-40%UC-AOE/instance-out.sql,CZ01,DMo,weighted,rDXHP,Ex,dxHP_equip,,RB-dxHP_equip-spltHP-SEER-BA-rDXHP-NoLRM-40%UC-AOE,DMo&0&rDXHP&Ex&dxHP_equip,RB-dxHP_equip-spltHP-SEER-BA-rDXHP-NoLRM-40%UC-AOE,44.09,80.81,30525.71,55947.21,30525.71,1538.11,645.22,3129.96,0.0,12980.689999999999,0.0,492.96,0.0,0.0,0.0,0.0,11738.77,0.0,0.0,1538.11,645.22,0.0,0.0,5167.03,7813.66,0.0,0.0,230.77,10221891.6215386
runs/CZ02/DMo&0&rDXGF&Ex&dxAC_equip/RB-dxAC_equip-spltAC-SEER-BA-rDXGF-NoLRM-22.5%UC-AOE/instance-out.sql,CZ02,DMo,weighted,rDXGF,Ex,dxAC_equip,,RB-dxAC_equip-spltAC-SEER-BA-rDXGF-NoLRM-22.5%UC-AOE,DMo&0&rDXGF&Ex&dxAC_equip,RB-dxAC_equip-spltAC-SEER-BA-rDXGF-NoLRM-22.5%UC-AOE,57.84,99.27,40040.73,68726.01,40040.740000000005,8658.06,2636.49,3129.96,0.0,12980.689999999999,0.0,1222.96,0.0,0.0,0.0,0.0,11412.57,0.0,0.0,0.0,2636.49,8658.06,0.0,5167.03,7813.66,0.0,0.0,230.77,20836675.94549325
runs/CZ02/DMo&0&rDXGF&Ex&dxAC_equip/RB-dxAC_equip-spltAC-SEER-BA-rDXGF-LRM-LSC-NR/instance-out.sql,CZ02,DMo,weighted,rDXGF,Ex,dxAC_equip,,RB-dxAC_equip-spltAC-SEER-BA-rDXGF-LRM-LSC-NR,DMo&0&rDXGF&Ex&dxAC_equip,RB-dxAC_equip-spltAC-SEER-BA-rDXGF-LRM-LSC-NR,56.32,94.48,38994.42,65412.33,38994.42,8658.06,1590.17,3129.96,0.0,12980.689999999999,0.0,1222.96,0.0,0.0,0.0,0.0,11412.57,0.0,0.0,0.0,1590.17,8658.06,0.0,5167.03,7813.66,0.0,0.0,230.77,15773458.364127003
runs/CZ01/DMo&0&rDXHP&Ex&dxHP_equip/RB-dxHP_equip-spltHP-SEER-BA-rDXHP-NoLRM-22.5%UC-AOE/instance-out.sql,CZ01,DMo,weighted,rDXHP,Ex,dxHP_equip,,RB-dxHP_equip-spltHP-SEER-BA-rDXHP-NoLRM-22.5%UC-AOE,DMo&0&rDXHP&Ex&dxHP_equip,RB-dxHP_equip-spltHP-SEER-BA-rDXHP-NoLRM-22.5%UC-AOE,44.24,81.3,30631.41,56281.96,30631.41,1755.21,533.82,3129.96,0.0,12980.689999999999,0.0,492.96,0.0,0.0,0.0,0.0,11738.77,0.0,0.0,1755.21,533.82,0.0,0.0,5167.03,7813.66,0.0,0.0,230.77,9427750.159378972
runs/CZ02/DMo&0&rDXGF&Ex&dxAC_equip/RB-dxAC_equip-spltAC-SEER-BA-rDXGF-NoLRM-7.5%UC-AOE/instance-out.sql,CZ02,DMo,weighted,rDXGF,Ex,dxAC_equip,,RB-dxAC_equip-spltAC-SEER-BA-rDXGF-NoLRM-7.5%UC-AOE,DMo&0&rDXGF&Ex&dxAC_equip,RB-dxAC_equip-spltAC-SEER-BA-rDXGF-NoLRM-7.5%UC-AOE,57.15,97.11,39569.15,67232.5,39569.149999999994,8658.06,2164.9,3129.96,0.0,12980.689999999999,0.0,1222.96,0.0,0.0,0.0,0.0,11412.57,0.0,0.0,0.0,2164.9,8658.06,0.0,5167.03,7813.66,0.0,0.0,230.77,18554627.1189541
runs/CZ02/DMo&0&rDXGF&Ex&dxAC_equip/RB-dxAC_equip-spltAC-SEER-BA-rDXGF-NoLRM-0%UC-NR/instance-out.sql,CZ02,DMo,weighted,rDXGF,Ex,dxAC_equip,,RB-dxAC_equip-spltAC-SEER-BA-rDXGF-NoLRM-0%UC-NR,DMo&0&rDXGF&Ex&dxAC_equip,RB-dxAC_equip-spltAC-SEER-BA-rDXGF-NoLRM-0%UC-NR,56.54,95.17,39144.75,65888.45,39144.759999999995,8658.06,1740.51,3129.96,0.0,12980.689999999999,0.0,1222.96,0.0,0.0,0.0,0.0,11412.57,0.0,0.0,0.0,1740.51,8658.06,0.0,5167.03,7813.66,0.0,0.0,230.77,16500951.72988112
runs/CZ02/DMo&0&rDXGF&Ex&dxAC_equip/RB-dxAC_equip-spltAC-SEER-BA-rDXGF-NoLRM-15%UC-AOE/instance-out.sql,CZ02,DMo,weighted,rDXGF,Ex,dxAC_equip,,RB-dxAC_equip-spltAC-SEER-BA-rDXGF-NoLRM-15%UC-AOE,DMo&0&rDXGF&Ex&dxAC_equip,RB-dxAC_equip-spltAC-SEER-BA-rDXGF-NoLRM-15%UC-AOE,57.5,98.19,39804.94,67979.26,39804.94,8658.06,2400.69,3129.96,0.0,12980.689999999999,0.0,1222.96,0.0,0.0,0.0,0.0,11412.57,0.0,0.0,0.0,2400.69,8658.06,0.0,5167.03,7813.66,0.0,0.0,230.77,19695651.53182153
runs/CZ02/DMo&0&rDXGF&Ex&dxAC_equip/RB-dxAC_equip-spltAC-SEER-BA-rDXGF-LRM-LSC-AOE/instance-out.sql,CZ02,DMo,weighted,rDXGF,Ex,dxAC_equip,,RB-dxAC_equip-spltAC-SEER-BA-rDXGF-LRM-LSC-AOE,DMo&0&rDXGF&Ex&dxAC_equip,RB-dxAC_equip-spltAC-SEER-BA-rDXGF-LRM-LSC-AOE,56.57,95.27,39166.73,65958.03,39166.729999999996,8658.06,1762.48,3129.96,0.0,12980.689999999999,0.0,1222.96,0.0,0.0,0.0,0.0,11412.57,0.0,0.0,0.0,1762.48,8658.06,0.0,5167.03,7813.66,0.0,0.0,230.77,16607278.791795893
runs/CZ02/DMo&0&rDXGF&Ex&dxAC_equip/RB-dxAC_equip-spltAC-SEER-BA-rDXGF-NoLRM-40%UC-AOE/instance-out.sql,CZ02,DMo,weighted,rDXGF,Ex,dxAC_equip,,RB-dxAC_equip-spltAC-SEER-BA-rDXGF-NoLRM-40%UC-AOE,DMo&0&rDXGF&Ex&dxAC_equip,RB-dxAC_equip-spltAC-SEER-BA-rDXGF-NoLRM-40%UC-AOE,58.63,101.79,40590.92,70468.45,40590.92,8658.06,3186.67,3129.96,0.0,12980.689999999999,0.0,1222.96,0.0,0.0,0.0,0.0,11412.57,0.0,0.0,0.0,3186.67,8658.06,0.0,5167.03,7813.66,0.0,0.0,230.77,23499066.235002227
runs/CZ02/DMo&0&rDXHP&Ex&dxHP_equip/RB-dxHP_equip-spltHP-SEER-BA-rDXHP-LRM-LSC-NC/instance-out.sql,CZ02,DMo,weighted,rDXHP,Ex,dxHP_equip,,RB-dxHP_equip-spltHP-SEER-BA-rDXHP-LRM-LSC-NC,DMo&0&rDXHP&Ex&dxHP_equip,RB-dxHP_equip-spltHP-SEER-BA-rDXHP-LRM-LSC-NC,48.3,95.16,33437.58,65880.42,33437.58,2775.32,1590.19,3129.96,0.0,12980.689999999999,0.0,1564.13,0.0,0.0,0.0,0.0,11397.29,0.0,0.0,2775.32,1590.19,0.0,0.0,5167.03,7813.66,0.0,0.0,230.77,15773475.906330965
runs/CZ02/DMo&0&rDXHP&Ex&dxHP_equip/RB-dxHP_equip-spltHP-SEER-BA-rDXHP-NoLRM-0%UC-NR/instance-out.sql,CZ02,DMo,weighted,rDXHP,Ex,dxHP_equip,,RB-dxHP_equip-spltHP-SEER-BA-rDXHP-NoLRM-0%UC-NR,DMo&0&rDXHP&Ex&dxHP_equip,RB-dxHP_equip-spltHP-SEER-BA-rDXHP-NoLRM-0%UC-NR,48.38,95.41,33492.4,66054.03,33492.4,2679.81,1740.53,3129.96,0.0,12980.689999999999,0.0,1564.13,0.0,0.0,0.0,0.0,11397.29,0.0,0.0,2679.81,1740.53,0.0,0.0,5167.03,7813.66,0.0,0.0,230.77,16500970.40787822
runs/CZ02/DMo&0&rDXHP&Ex&dxHP_equip/RB-dxHP_equip-spltHP-SEER-BA-rDXHP-NoLRM-22.5%UC-AOE/instance-out.sql,CZ02,DMo,weighted,rDXHP,Ex,dxHP_equip,,RB-dxHP_equip-spltHP-SEER-BA-rDXHP-NoLRM-22.5%UC-AOE,DMo&0&rDXHP&Ex&dxHP_equip,RB-dxHP_equip-spltHP-SEER-BA-rDXHP-NoLRM-22.5%UC-AOE,49.98,100.48,34600.68,69563.95,34600.68,2892.1,2636.52,3129.96,0.0,12980.689999999999,0.0,1564.13,0.0,0.0,0.0,0.0,11397.29,0.0,0.0,2892.1,2636.52,0.0,0.0,5167.03,7813.66,0.0,0.0,230.77,20836701.39260473
runs/CZ02/DMo&0&rDXHP&Ex&dxHP_equip/RB-dxHP_equip-spltHP-SEER-BA-rDXHP-NoLRM-0%UC-NC/instance-out.sql,CZ02,DMo,weighted,rDXHP,Ex,dxHP_equip,,RB-dxHP_equip-spltHP-SEER-BA-rDXHP-NoLRM-0%UC-NC,DMo&0&rDXHP&Ex&dxHP_equip,RB-dxHP_equip-spltHP-SEER-BA-rDXHP-NoLRM-0%UC-NC,48.38,95.41,33492.4,66054.03,33492.4,2679.81,1740.53,3129.96,0.0,12980.689999999999,0.0,1564.13,0.0,0.0,0.0,0.0,11397.29,0.0,0.0,2679.81,1740.53,0.0,0.0,5167.03,7813.66,0.0,0.0,230.77,16500970.40787822
runs/CZ02/DMo&0&rDXHP&Ex&dxHP_equip/RB-dxHP_equip-spltHP-SEER-BA-rDXHP-LRM-LSC-AOE/instance-out.sql,CZ02,DMo,weighted,rDXHP,Ex,dxHP_equip,,RB-dxHP_equip-spltHP-SEER-BA-rDXHP-LRM-LSC-AOE,DMo&0&rDXHP&Ex&dxHP_equip,RB-dxHP_equip-spltHP-SEER-BA-rDXHP-LRM-LSC-AOE,49.45,98.82,34237.01,68412.19,34237.009999999995,3402.44,1762.5,3129.96,0.0,12980.689999999999,0.0,1564.13,0.0,0.0,0.0,0.0,11397.29,0.0,0.0,3402.44,1762.5,0.0,0.0,5167.03,7813.66,0.0,0.0,230.77,16607297.63579526
runs/CZ02/DMo&0&rDXHP&Ex&dxHP_equip/RB-dxHP_equip-spltHP-SEER-BA-rDXHP-LRM-LSC-NR/instance-out.sql,CZ02,DMo,weighted,rDXHP,Ex,dxHP_equip,,RB-dxHP_equip-spltHP-SEER-BA-rDXHP-LRM-LSC-NR,DMo&0&rDXHP&Ex&dxHP_equip,RB-dxHP_equip-spltHP-SEER-BA-rDXHP-LRM-LSC-NR,48.3,95.16,33437.58,65880.42,33437.58,2775.32,1590.19,3129.96,0.0,12980.689999999999,0.0,1564.13,0.0,0.0,0.0,0.0,11397.29,0.0,0.0,2775.32,1590.19,0.0,0.0,5167.03,7813.66,0.0,0.0,230.77,15773475.906330965
runs/CZ02/DMo&0&rDXHP&Ex&dxHP_equip/RB-dxHP_equip-spltHP-SEER-BA-rDXHP-NoLRM-0%UC-AOE/instance-out.sql,CZ02,DMo,weighted,rDXHP,Ex,dxHP_equip,,RB-dxHP_equip-spltHP-SEER-BA-rDXHP-NoLRM-0%UC-AOE,DMo&0&rDXHP&Ex&dxHP_equip,RB-dxHP_equip-spltHP-SEER-BA-rDXHP-NoLRM-0%UC-AOE,49.52,99.03,34283.42,68559.19,34283.42,3282.22,1929.13,3129.96,0.0,12980.689999999999,0.0,1564.13,0.0,0.0,0.0,0.0,11397.29,0.0,0.0,3282.22,1929.13,0.0,0.0,5167.03,7813.66,0.0,0.0,230.77,17413622.812705047
runs/CZ03/DMo&0&rDXGF&Ex&dxAC_equip/RB-dxAC_equip-spltAC-SEER-BA-rDXGF-LRM-LSC-AOE/instance-out.sql,CZ03,DMo,weighted,rDXGF,Ex,dxAC_equip,,RB-dxAC_equip-spltAC-SEER-BA-rDXGF-LRM-LSC-AOE,DMo&0&rDXGF&Ex&dxAC_equip,RB-dxAC_equip-spltAC-SEER-BA-rDXGF-LRM-LSC-AOE,52.19,90.37,36131.87,62567.35,36131.86,5642.16,1945.69,3129.96,0.0,12980.689999999999,0.0,991.32,0.0,0.0,0.0,0.0,11442.06,0.0,0.0,0.0,1945.69,5642.16,0.0,5167.03,7813.66,0.0,0.0,230.77,15953855.271133231
runs/CZ03/DMo&0&rDXGF&Ex&dxAC_equip/RB-dxAC_equip-spltAC-SEER-BA-rDXGF-LRM-LSC-NR/instance-out.sql,CZ03,DMo,weighted,rDXGF,Ex,dxAC_equip,,RB-dxAC_equip-spltAC-SEER-BA-rDXGF-LRM-LSC-NR,DMo&0&rDXGF&Ex&dxAC_equip,RB-dxAC_equip-spltAC-SEER-BA-rDXGF-LRM-LSC-NR,51.92,89.5,35941.65,61964.92,35941.64,5642.16,1755.47,3129.96,0.0,12980.689999999999,0.0,991.32,0.0,0.0,0.0,0.0,11442.06,0.0,0.0,0.0,1755.47,5642.16,0.0,5167.03,7813.66,0.0,0.0,230.77,15132255.549435522
runs/CZ02/DMo&0&rDXHP&Ex&dxHP_equip/RB-dxHP_equip-spltHP-SEER-BA-rDXHP-NoLRM-15%UC-AOE/instance-out.sql,CZ02,DMo,weighted,rDXHP,Ex,dxHP_equip,,RB-dxHP_equip-spltHP-SEER-BA-rDXHP-NoLRM-15%UC-AOE,DMo&0&rDXHP&Ex&dxHP_equip,RB-dxHP_equip-spltHP-SEER-BA-rDXHP-NoLRM-15%UC-AOE,49.88,100.18,34535.0,69355.94,34535.0,3062.21,2400.72,3129.96,0.0,12980.689999999999,0.0,1564.13,0.0,0.0,0.0,0.0,11397.29,0.0,0.0,3062.21,2400.72,0.0,0.0,5167.03,7813.66,0.0,0.0,230.77,19695675.197517868
runs/CZ02/DMo&0&rDXHP&Ex&dxHP_equip/RB-dxHP_equip-spltHP-SEER-BA-rDXHP-NoLRM-30%UC-AOE/instance-out.sql,CZ02,DMo,weighted,rDXHP,Ex,dxHP_equip,,RB-dxHP_equip-spltHP-SEER-BA-rDXHP-NoLRM-30%UC-AOE,DMo&0&rDXHP&Ex&dxHP_equip,RB-dxHP_equip-spltHP-SEER-BA-rDXHP-NoLRM-30%UC-AOE,50.07,100.78,34666.36,69771.97,34666.369999999995,2721.98,2872.31,3129.96,0.0,12980.689999999999,0.0,1564.13,0.0,0.0,0.0,0.0,11397.29,0.0,0.0,2721.98,2872.31,0.0,0.0,5167.03,7813.66,0.0,0.0,230.77,21977727.58010417
runs/CZ03/DMo&0&rDXGF&Ex&dxAC_equip/RB-dxAC_equip-spltAC-SEER-BA-rDXGF-NoLRM-22.5%UC-AOE/instance-out.sql,CZ03,DMo,weighted,rDXGF,Ex,dxAC_equip,,RB-dxAC_equip-spltAC-SEER-BA-rDXGF-NoLRM-22.5%UC-AOE,DMo&0&rDXGF&Ex&dxAC_equip,RB-dxAC_equip-spltAC-SEER-BA-rDXGF-NoLRM-22.5%UC-AOE,53.58,94.79,37096.73,65623.06,37096.72,5642.16,2910.55,3129.96,0.0,12980.689999999999,0.0,991.32,0.0,0.0,0.0,0.0,11442.06,0.0,0.0,0.0,2910.55,5642.16,0.0,5167.03,7813.66,0.0,0.0,230.77,20121265.194324393
runs/CZ02/DMo&0&rDXHP&Ex&dxHP_equip/RB-dxHP_equip-spltHP-SEER-BA-rDXHP-NoLRM-40%UC-AOE/instance-out.sql,CZ02,DMo,weighted,rDXHP,Ex,dxHP_equip,,RB-dxHP_equip-spltHP-SEER-BA-rDXHP-NoLRM-40%UC-AOE,DMo&0&rDXHP&Ex&dxHP_equip,RB-dxHP_equip-spltHP-SEER-BA-rDXHP-NoLRM-40%UC-AOE,50.2,101.18,34753.94,70049.32,34753.94,2495.16,3186.71,3129.96,0.0,12980.689999999999,0.0,1564.13,0.0,0.0,0.0,0.0,11397.29,0.0,0.0,2495.16,3186.71,0.0,0.0,5167.03,7813.66,0.0,0.0,230.77,23499095.838749025
runs/CZ02/DMo&0&rDXHP&Ex&dxHP_equip/RB-dxHP_equip-spltHP-SEER-BA-rDXHP-NoLRM-7.5%UC-AOE/instance-out.sql,CZ02,DMo,weighted,rDXHP,Ex,dxHP_equip,,RB-dxHP_equip-spltHP-SEER-BA-rDXHP-NoLRM-7.5%UC-AOE,DMo&0&rDXHP&Ex&dxHP_equip,RB-dxHP_equip-spltHP-SEER-BA-rDXHP-NoLRM-7.5%UC-AOE,49.79,99.88,34469.32,69147.92,34469.32000000001,3232.32,2164.92,3129.96,0.0,12980.689999999999,0.0,1564.13,0.0,0.0,0.0,0.0,11397.29,0.0,0.0,3232.32,2164.92,0.0,0.0,5167.03,7813.66,0.0,0.0,230.77,18554649.0032353
runs/CZ03/DMo&0&rDXGF&Ex&dxAC_equip/RB-dxAC_equip-spltAC-SEER-BA-rDXGF-NoLRM-7.5%UC-AOE/instance-out.sql,CZ03,DMo,weighted,rDXGF,Ex,dxAC_equip,,RB-dxAC_equip-spltAC-SEER-BA-rDXGF-NoLRM-7.5%UC-AOE,DMo&0&rDXGF&Ex&dxAC_equip,RB-dxAC_equip-spltAC-SEER-BA-rDXGF-NoLRM-7.5%UC-AOE,52.83,92.41,36576.12,63974.3,36576.119999999995,5642.16,2389.94,3129.96,0.0,12980.689999999999,0.0,991.32,0.0,0.0,0.0,0.0,11442.06,0.0,0.0,0.0,2389.94,5642.16,0.0,5167.03,7813.66,0.0,0.0,230.77,17872662.715218805
runs/CZ03/DMo&0&rDXGF&Ex&dxAC_equip/RB-dxAC_equip-spltAC-SEER-BA-rDXGF-NoLRM-0%UC-AOE/instance-out.sql,CZ03,DMo,weighted,rDXGF,Ex,dxAC_equip,,RB-dxAC_equip-spltAC-SEER-BA-rDXGF-NoLRM-0%UC-AOE,DMo&0&rDXGF&Ex&dxAC_equip,RB-dxAC_equip-spltAC-SEER-BA-rDXGF-NoLRM-0%UC-AOE,52.46,91.22,36315.81,63149.91,36315.81,5642.16,2129.64,3129.96,0.0,12980.689999999999,0.0,991.32,0.0,0.0,0.0,0.0,11442.06,0.0,0.0,0.0,2129.64,5642.16,0.0,5167.03,7813.66,0.0,0.0,230.77,16748361.47975958
runs/CZ03/DMo&0&rDXGF&Ex&dxAC_equip/RB-dxAC_equip-spltAC-SEER-BA-rDXGF-NoLRM-15%UC-AOE/instance-out.sql,CZ03,DMo,weighted,rDXGF,Ex,dxAC_equip,,RB-dxAC_equip-spltAC-SEER-BA-rDXGF-NoLRM-15%UC-AOE,DMo&0&rDXGF&Ex&dxAC_equip,RB-dxAC_equip-spltAC-SEER-BA-rDXGF-NoLRM-15%UC-AOE,53.21,93.6,36836.42,64798.68,36836.42,5642.16,2650.24,3129.96,0.0,12980.689999999999,0.0,991.32,0.0,0.0,0.0,0.0,11442.06,0.0,0.0,0.0,2650.24,5642.16,0.0,5167.03,7813.66,0.0,0.0,230.77,18996963.954375345
runs/CZ03/DMo&0&rDXGF&Ex&dxAC_equip/RB-dxAC_equip-spltAC-SEER-BA-rDXGF-NoLRM-30%UC-AOE/instance-out.sql,CZ03,DMo,weighted,rDXGF,Ex,dxAC_equip,,RB-dxAC_equip-spltAC-SEER-BA-rDXGF-NoLRM-30%UC-AOE,DMo&0&rDXGF&Ex&dxAC_equip,RB-dxAC_equip-spltAC-SEER-BA-rDXGF-NoLRM-30%UC-AOE,53.96,95.98,37357.03,66447.44,37357.03,5642.16,3170.85,3129.96,0.0,12980.689999999999,0.0,991.32,0.0,0.0,0.0,0.0,11442.06,0.0,0.0,0.0,3170.85,5642.16,0.0,5167.03,7813.66,0.0,0.0,230.77,21245566.42679723
runs/CZ03/DMo&0&rDXGF&Ex&dxAC_equip/RB-dxAC_equip-spltAC-SEER-BA-rDXGF-NoLRM-0%UC-NR/instance-out.sql,CZ03,DMo,weighted,rDXGF,Ex,dxAC_equip,,RB-dxAC_equip-spltAC-SEER-BA-rDXGF-NoLRM-0%UC-NR,DMo&0&rDXGF&Ex&dxAC_equip,RB-dxAC_equip-spltAC-SEER-BA-rDXGF-NoLRM-0%UC-NR,52.16,90.26,36107.61,62490.53,36107.61,5642.16,1921.43,3129.96,0.0,12980.689999999999,0.0,991.32,0.0,0.0,0.0,0.0,11442.06,0.0,0.0,0.0,1921.43,5642.16,0.0,5167.03,7813.66,0.0,0.0,230.77,15849086.568449438
runs/CZ03/DMo&0&rDXGF&Ex&dxAC_equip/RB-dxAC_equip-spltAC-SEER-BA-rDXGF-NoLRM-40%UC-AOE/instance-out.sql,CZ03,DMo,weighted,rDXGF,Ex,dxAC_equip,,RB-dxAC_equip-spltAC-SEER-BA-rDXGF-NoLRM-40%UC-AOE,DMo&0&rDXGF&Ex&dxAC_equip,RB-dxAC_equip-spltAC-SEER-BA-rDXGF-NoLRM-40%UC-AOE,54.46,97.57,37704.1,67546.62,37704.1,5642.16,3517.92,3129.96,0.0,12980.689999999999,0.0,991.32,0.0,0.0,0.0,0.0,11442.06,0.0,0.0,0.0,3517.92,5642.16,0.0,5167.03,7813.66,0.0,0.0,230.77,22744634.745279897
runs/CZ03/DMo&0&rDXHP&Ex&dxHP_equip/RB-dxHP_equip-spltHP-SEER-BA-rDXHP-NoLRM-0%UC-NR/instance-out.sql,CZ03,DMo,weighted,rDXHP,Ex,dxHP_equip,,RB-dxHP_equip-spltHP-SEER-BA-rDXHP-NoLRM-0%UC-NR,DMo&0&rDXHP&Ex&dxHP_equip,RB-dxHP_equip-spltHP-SEER-BA-rDXHP-NoLRM-0%UC-NR,46.64,89.8,32289.63,62166.63,32289.62,1669.43,1924.24,3129.96,0.0,12980.689999999999,0.0,1150.47,0.0,0.0,0.0,0.0,11434.84,0.0,0.0,1669.43,1924.24,0.0,0.0,5167.03,7813.66,0.0,0.0,230.77,15849091.574869618
runs/CZ03/DMo&0&rDXHP&Ex&dxHP_equip/RB-dxHP_equip-spltHP-SEER-BA-rDXHP-LRM-LSC-NC/instance-out.sql,CZ03,DMo,weighted,rDXHP,Ex,dxHP_equip,,RB-dxHP_equip-spltHP-SEER-BA-rDXHP-LRM-LSC-NC,DMo&0&rDXHP&Ex&dxHP_equip,RB-dxHP_equip-spltHP-SEER-BA-rDXHP-LRM-LSC-NC,46.49,89.32,32186.14,61838.89,32186.13,1732.15,1758.03,3129.96,0.0,12980.689999999999,0.0,1150.47,0.0,0.0,0.0,0.0,11434.84,0.0,0.0,1732.15,1758.03,0.0,0.0,5167.03,7813.66,0.0,0.0,230.77,15132260.232670944
runs/CZ03/DMo&0&rDXHP&Ex&dxHP_equip/RB-dxHP_equip-spltHP-SEER-BA-rDXHP-LRM-LSC-NR/instance-out.sql,CZ03,DMo,weighted,rDXHP,Ex,dxHP_equip,,RB-dxHP_equip-spltHP-SEER-BA-rDXHP-LRM-LSC-NR,DMo&0&rDXHP&Ex&dxHP_equip,RB-dxHP_equip-spltHP-SEER-BA-rDXHP-LRM-LSC-NR,46.49,89.32,32186.14,61838.89,32186.13,1732.15,1758.03,3129.96,0.0,12980.689999999999,0.0,1150.47,0.0,0.0,0.0,0.0,11434.84,0.0,0.0,1732.15,1758.03,0.0,0.0,5167.03,7813.66,0.0,0.0,230.77,15132260.232670944
runs/CZ03/DMo&0&rDXHP&Ex&dxHP_equip/RB-dxHP_equip-spltHP-SEER-BA-rDXHP-NoLRM-0%UC-NC/instance-out.sql,CZ03,DMo,weighted,rDXHP,Ex,dxHP_equip,,RB-dxHP_equip-spltHP-SEER-BA-rDXHP-NoLRM-0%UC-NC,DMo&0&rDXHP&Ex&dxHP_equip,RB-dxHP_equip-spltHP-SEER-BA-rDXHP-NoLRM-0%UC-NC,46.64,89.8,32289.63,62166.63,32289.62,1669.43,1924.24,3129.96,0.0,12980.689999999999,0.0,1150.47,0.0,0.0,0.0,0.0,11434.84,0.0,0.0,1669.43,1924.24,0.0,0.0,5167.03,7813.66,0.0,0.0,230.77,15849091.574869618
runs/CZ03/DMo&0&rDXHP&Ex&dxHP_equip/RB-dxHP_equip-spltHP-SEER-BA-rDXHP-LRM-LSC-AOE/instance-out.sql,CZ03,DMo,weighted,rDXHP,Ex,dxHP_equip,,RB-dxHP_equip-spltHP-SEER-BA-rDXHP-LRM-LSC-AOE,DMo&0&rDXHP&Ex&dxHP_equip,RB-dxHP_equip-spltHP-SEER-BA-rDXHP-LRM-LSC-AOE,47.36,92.08,32788.41,63746.29,32788.41,2143.93,1948.53,3129.96,0.0,12980.689999999999,0.0,1150.47,0.0,0.0,0.0,0.0,11434.84,0.0,0.0,2143.93,1948.53,0.0,0.0,5167.03,7813.66,0.0,0.0,230.77,15953860.324788596
runs/CZ03/DMo&0&rDXHP&Ex&dxHP_equip/RB-dxHP_equip-spltHP-SEER-BA-rDXHP-NoLRM-15%UC-AOE/instance-out.sql,CZ03,DMo,weighted,rDXHP,Ex,dxHP_equip,,RB-dxHP_equip-spltHP-SEER-BA-rDXHP-NoLRM-15%UC-AOE,DMo&0&rDXHP&Ex&dxHP_equip,RB-dxHP_equip-spltHP-SEER-BA-rDXHP-NoLRM-15%UC-AOE,48.06,94.28,33270.6,65273.37,33270.59,1920.52,2654.12,3129.96,0.0,12980.689999999999,0.0,1150.47,0.0,0.0,0.0,0.0,11434.84,0.0,0.0,1920.52,2654.12,0.0,0.0,5167.03,7813.66,0.0,0.0,230.77,18996970.380022585
runs/CZ04/DMo&0&rDXGF&Ex&dxAC_equip/RB-dxAC_equip-spltAC-SEER-BA-rDXGF-LRM-LSC-NR/instance-out.sql,CZ04,DMo,weighted,rDXGF,Ex,dxAC_equip,,RB-dxAC_equip-spltAC-SEER-BA-rDXGF-LRM-LSC-NR,DMo&0&rDXGF&Ex&dxAC_equip,RB-dxAC_equip-spltAC-SEER-BA-rDXGF-LRM-LSC-NR,60.31,107.0,41754.36,74074.46,41754.36,8817.9,3516.53,3129.96,0.0,12980.689999999999,0.0,2018.81,0.0,0.0,0.0,0.0,11290.48,0.0,0.0,0.0,3516.53,8817.9,0.0,5167.03,7813.66,0.0,0.0,230.77,22239685.410110813
runs/CZ03/DMo&0&rDXHP&Ex&dxHP_equip/RB-dxHP_equip-spltHP-SEER-BA-rDXHP-NoLRM-0%UC-AOE/instance-out.sql,CZ03,DMo,weighted,rDXHP,Ex,dxHP_equip,,RB-dxHP_equip-spltHP-SEER-BA-rDXHP-NoLRM-0%UC-AOE,DMo&0&rDXHP&Ex&dxHP_equip,RB-dxHP_equip-spltHP-SEER-BA-rDXHP-NoLRM-0%UC-AOE,47.51,92.56,32893.7,64079.72,32893.69,2064.99,2132.75,3129.96,0.0,12980.689999999999,0.0,1150.47,0.0,0.0,0.0,0.0,11434.84,0.0,0.0,2064.99,2132.75,0.0,0.0,5167.03,7813.66,0.0,0.0,230.77,16748366.89161972
runs/CZ03/DMo&0&rDXHP&Ex&dxHP_equip/RB-dxHP_equip-spltHP-SEER-BA-rDXHP-NoLRM-40%UC-AOE/instance-out.sql,CZ03,DMo,weighted,rDXHP,Ex,dxHP_equip,,RB-dxHP_equip-spltHP-SEER-BA-rDXHP-NoLRM-40%UC-AOE,DMo&0&rDXHP&Ex&dxHP_equip,RB-dxHP_equip-spltHP-SEER-BA-rDXHP-NoLRM-40%UC-AOE,48.77,96.55,33767.21,66846.14,33767.21000000001,1548.19,3523.06,3129.96,0.0,12980.689999999999,0.0,1150.47,0.0,0.0,0.0,0.0,11434.84,0.0,0.0,1548.19,3523.06,0.0,0.0,5167.03,7813.66,0.0,0.0,230.77,22744642.860572293
runs/CZ03/DMo&0&rDXHP&Ex&dxHP_equip/RB-dxHP_equip-spltHP-SEER-BA-rDXHP-NoLRM-30%UC-AOE/instance-out.sql,CZ03,DMo,weighted,rDXHP,Ex,dxHP_equip,,RB-dxHP_equip-spltHP-SEER-BA-rDXHP-NoLRM-30%UC-AOE,DMo&0&rDXHP&Ex&dxHP_equip,RB-dxHP_equip-spltHP-SEER-BA-rDXHP-NoLRM-30%UC-AOE,48.49,95.65,33568.57,66217.03,33568.56,1697.12,3175.48,3129.96,0.0,12980.689999999999,0.0,1150.47,0.0,0.0,0.0,0.0,11434.84,0.0,0.0,1697.12,3175.48,0.0,0.0,5167.03,7813.66,0.0,0.0,230.77,21245573.866231564
runs/CZ04/DMo&0&rDXGF&Ex&dxAC_equip/RB-dxAC_equip-spltAC-SEER-BA-rDXGF-LRM-LSC-AOE/instance-out.sql,CZ04,DMo,weighted,rDXGF,Ex,dxAC_equip,,RB-dxAC_equip-spltAC-SEER-BA-rDXGF-LRM-LSC-AOE,DMo&0&rDXGF&Ex&dxAC_equip,RB-dxAC_equip-spltAC-SEER-BA-rDXGF-LRM-LSC-AOE,60.86,108.74,42135.41,75281.24,42135.41,8817.9,3897.57,3129.96,0.0,12980.689999999999,0.0,2018.81,0.0,0.0,0.0,0.0,11290.48,0.0,0.0,0.0,3897.57,8817.9,0.0,5167.03,7813.66,0.0,0.0,230.77,23644431.900495254
runs/CZ03/DMo&0&rDXHP&Ex&dxHP_equip/RB-dxHP_equip-spltHP-SEER-BA-rDXHP-NoLRM-22.5%UC-AOE/instance-out.sql,CZ03,DMo,weighted,rDXHP,Ex,dxHP_equip,,RB-dxHP_equip-spltHP-SEER-BA-rDXHP-NoLRM-22.5%UC-AOE,DMo&0&rDXHP&Ex&dxHP_equip,RB-dxHP_equip-spltHP-SEER-BA-rDXHP-NoLRM-22.5%UC-AOE,48.27,94.96,33419.58,65745.2,33419.58,1808.82,2914.8,3129.96,0.0,12980.689999999999,0.0,1150.47,0.0,0.0,0.0,0.0,11434.84,0.0,0.0,1808.82,2914.8,0.0,0.0,5167.03,7813.66,0.0,0.0,230.77,20121272.12686518
runs/CZ03/DMo&0&rDXHP&Ex&dxHP_equip/RB-dxHP_equip-spltHP-SEER-BA-rDXHP-NoLRM-7.5%UC-AOE/instance-out.sql,CZ03,DMo,weighted,rDXHP,Ex,dxHP_equip,,RB-dxHP_equip-spltHP-SEER-BA-rDXHP-NoLRM-7.5%UC-AOE,DMo&0&rDXHP&Ex&dxHP_equip,RB-dxHP_equip-spltHP-SEER-BA-rDXHP-NoLRM-7.5%UC-AOE,47.84,93.6,33121.61,64801.54,33121.61,2032.23,2393.43,3129.96,0.0,12980.689999999999,0.0,1150.47,0.0,0.0,0.0,0.0,11434.84,0.0,0.0,2032.23,2393.43,0.0,0.0,5167.03,7813.66,0.0,0.0,230.77,17872668.63397249
runs/CZ04/DMo&0&rDXGF&Ex&dxAC_equip/RB-dxAC_equip-spltAC-SEER-BA-rDXGF-NoLRM-0%UC-AOE/instance-out.sql,CZ04,DMo,weighted,rDXGF,Ex,dxAC_equip,,RB-dxAC_equip-spltAC-SEER-BA-rDXGF-NoLRM-0%UC-AOE,DMo&0&rDXGF&Ex&dxAC_equip,RB-dxAC_equip-spltAC-SEER-BA-rDXGF-NoLRM-0%UC-AOE,61.39,110.42,42503.89,76448.22,42503.89,8817.9,4266.06,3129.96,0.0,12980.689999999999,0.0,2018.81,0.0,0.0,0.0,0.0,11290.48,0.0,0.0,0.0,4266.06,8817.9,0.0,5167.03,7813.66,0.0,0.0,230.77,25002854.71720495
runs/CZ04/DMo&0&rDXGF&Ex&dxAC_equip/RB-dxAC_equip-spltAC-SEER-BA-rDXGF-NoLRM-40%UC-AOE/instance-out.sql,CZ04,DMo,weighted,rDXGF,Ex,dxAC_equip,,RB-dxAC_equip-spltAC-SEER-BA-rDXGF-NoLRM-40%UC-AOE,DMo&0&rDXGF&Ex&dxAC_equip,RB-dxAC_equip-spltAC-SEER-BA-rDXGF-NoLRM-40%UC-AOE,65.41,123.15,45284.89,85255.64,45284.89,8817.9,7047.05,3129.96,0.0,12980.689999999999,0.0,2018.81,0.0,0.0,0.0,0.0,11290.48,0.0,0.0,0.0,7047.05,8817.9,0.0,5167.03,7813.66,0.0,0.0,230.77,35255102.378292695
runs/CZ04/DMo&0&rDXGF&Ex&dxAC_equip/RB-dxAC_equip-spltAC-SEER-BA-rDXGF-NoLRM-0%UC-NR/instance-out.sql,CZ04,DMo,weighted,rDXGF,Ex,dxAC_equip,,RB-dxAC_equip-spltAC-SEER-BA-rDXGF-NoLRM-0%UC-NR,DMo&0&rDXGF&Ex&dxAC_equip,RB-dxAC_equip-spltAC-SEER-BA-rDXGF-NoLRM-0%UC-NR,60.79,108.52,42086.82,75127.35,42086.82,8817.9,3848.98,3129.96,0.0,12980.689999999999,0.0,2018.81,0.0,0.0,0.0,0.0,11290.48,0.0,0.0,0.0,3848.98,8817.9,0.0,5167.03,7813.66,0.0,0.0,230.77,23465301.524096057
runs/CZ04/DMo&0&rDXGF&Ex&dxAC_equip/RB-dxAC_equip-spltAC-SEER-BA-rDXGF-NoLRM-22.5%UC-AOE/instance-out.sql,CZ04,DMo,weighted,rDXGF,Ex,dxAC_equip,,RB-dxAC_equip-spltAC-SEER-BA-rDXGF-NoLRM-22.5%UC-AOE,DMo&0&rDXGF&Ex&dxAC_equip,RB-dxAC_equip-spltAC-SEER-BA-rDXGF-NoLRM-22.5%UC-AOE,63.65,117.58,44068.2,81402.4,44068.21,8817.9,5830.37,3129.96,0.0,12980.689999999999,0.0,2018.81,0.0,0.0,0.0,0.0,11290.48,0.0,0.0,0.0,5830.37,8817.9,0.0,5167.03,7813.66,0.0,0.0,230.77,30769744.031199656
runs/CZ04/DMo&0&rDXGF&Ex&dxAC_equip/RB-dxAC_equip-spltAC-SEER-BA-rDXGF-NoLRM-15%UC-AOE/instance-out.sql,CZ04,DMo,weighted,rDXGF,Ex,dxAC_equip,,RB-dxAC_equip-spltAC-SEER-BA-rDXGF-NoLRM-15%UC-AOE,DMo&0&rDXGF&Ex&dxAC_equip,RB-dxAC_equip-spltAC-SEER-BA-rDXGF-NoLRM-15%UC-AOE,62.9,115.19,43546.77,79751.0,43546.770000000004,8817.9,5308.93,3129.96,0.0,12980.689999999999,0.0,2018.81,0.0,0.0,0.0,0.0,11290.48,0.0,0.0,0.0,5308.93,8817.9,0.0,5167.03,7813.66,0.0,0.0,230.77,28847447.590190902
runs/CZ04/DMo&0&rDXGF&Ex&dxAC_equip/RB-dxAC_equip-spltAC-SEER-BA-rDXGF-NoLRM-30%UC-AOE/instance-out.sql,CZ04,DMo,weighted,rDXGF,Ex,dxAC_equip,,RB-dxAC_equip-spltAC-SEER-BA-rDXGF-NoLRM-30%UC-AOE,DMo&0&rDXGF&Ex&dxAC_equip,RB-dxAC_equip-spltAC-SEER-BA-rDXGF-NoLRM-30%UC-AOE,64.41,119.97,44589.64,83053.79,44589.64,8817.9,6351.8,3129.96,0.0,12980.689999999999,0.0,2018.81,0.0,0.0,0.0,0.0,11290.48,0.0,0.0,0.0,6351.8,8817.9,0.0,5167.03,7813.66,0.0,0.0,230.77,32692040.459425822
runs/CZ04/DMo&0&rDXHP&Ex&dxHP_equip/RB-dxHP_equip-spltHP-SEER-BA-rDXHP-LRM-LSC-NR/instance-out.sql,CZ04,DMo,weighted,rDXHP,Ex,dxHP_equip,,RB-dxHP_equip-spltHP-SEER-BA-rDXHP-LRM-LSC-NR,DMo&0&rDXHP&Ex&dxHP_equip,RB-dxHP_equip-spltHP-SEER-BA-rDXHP-LRM-LSC-NR,52.25,108.04,36172.08,74796.74,36172.09,2866.04,3518.99,3129.96,0.0,12980.689999999999,0.0,2402.09,0.0,0.0,0.0,0.0,11274.32,0.0,0.0,2866.04,3518.99,0.0,0.0,5167.03,7813.66,0.0,0.0,230.77,22239679.22803277
runs/CZ04/DMo&0&rDXGF&Ex&dxAC_equip/RB-dxAC_equip-spltAC-SEER-BA-rDXGF-NoLRM-7.5%UC-AOE/instance-out.sql,CZ04,DMo,weighted,rDXGF,Ex,dxAC_equip,,RB-dxAC_equip-spltAC-SEER-BA-rDXGF-NoLRM-7.5%UC-AOE,DMo&0&rDXGF&Ex&dxAC_equip,RB-dxAC_equip-spltAC-SEER-BA-rDXGF-NoLRM-7.5%UC-AOE,62.15,112.81,43025.33,78099.61,43025.33,8817.9,4787.49,3129.96,0.0,12980.689999999999,0.0,2018.81,0.0,0.0,0.0,0.0,11290.48,0.0,0.0,0.0,4787.49,8817.9,0.0,5167.03,7813.66,0.0,0.0,230.77,26925151.150537148
runs/CZ04/DMo&0&rDXHP&Ex&dxHP_equip/RB-dxHP_equip-spltHP-SEER-BA-rDXHP-NoLRM-0%UC-NC/instance-out.sql,CZ04,DMo,weighted,rDXHP,Ex,dxHP_equip,,RB-dxHP_equip-spltHP-SEER-BA-rDXHP-NoLRM-0%UC-NC,DMo&0&rDXHP&Ex&dxHP_equip,RB-dxHP_equip-spltHP-SEER-BA-rDXHP-NoLRM-0%UC-NC,52.59,109.11,36406.53,75539.24,36406.54,2767.8,3851.68,3129.96,0.0,12980.689999999999,0.0,2402.09,0.0,0.0,0.0,0.0,11274.32,0.0,0.0,2767.8,3851.68,0.0,0.0,5167.03,7813.66,0.0,0.0,230.77,23465294.986369926
runs/CZ04/DMo&0&rDXHP&Ex&dxHP_equip/RB-dxHP_equip-spltHP-SEER-BA-rDXHP-NoLRM-22.5%UC-AOE/instance-out.sql,CZ04,DMo,weighted,rDXHP,Ex,dxHP_equip,,RB-dxHP_equip-spltHP-SEER-BA-rDXHP-NoLRM-22.5%UC-AOE,DMo&0&rDXHP&Ex&dxHP_equip,RB-dxHP_equip-spltHP-SEER-BA-rDXHP-NoLRM-22.5%UC-AOE,55.77,119.18,38607.64,82510.15,38607.649999999994,2986.14,5834.44,3129.96,0.0,12980.689999999999,0.0,2402.09,0.0,0.0,0.0,0.0,11274.32,0.0,0.0,2986.14,5834.44,0.0,0.0,5167.03,7813.66,0.0,0.0,230.77,30769735.37387751
runs/CZ04/DMo&0&rDXHP&Ex&dxHP_equip/RB-dxHP_equip-spltHP-SEER-BA-rDXHP-NoLRM-40%UC-AOE/instance-out.sql,CZ04,DMo,weighted,rDXHP,Ex,dxHP_equip,,RB-dxHP_equip-spltHP-SEER-BA-rDXHP-NoLRM-40%UC-AOE,DMo&0&rDXHP&Ex&dxHP_equip,RB-dxHP_equip-spltHP-SEER-BA-rDXHP-NoLRM-40%UC-AOE,56.94,122.88,39416.94,85073.19,39416.94,2577.9,7051.98,3129.96,0.0,12980.689999999999,0.0,2402.09,0.0,0.0,0.0,0.0,11274.32,0.0,0.0,2577.9,7051.98,0.0,0.0,5167.03,7813.66,0.0,0.0,230.77,35255092.419413626
runs/CZ04/DMo&0&rDXHP&Ex&dxHP_equip/RB-dxHP_equip-spltHP-SEER-BA-rDXHP-NoLRM-0%UC-AOE/instance-out.sql,CZ04,DMo,weighted,rDXHP,Ex,dxHP_equip,,RB-dxHP_equip-spltHP-SEER-BA-rDXHP-NoLRM-0%UC-AOE,DMo&0&rDXHP&Ex&dxHP_equip,RB-dxHP_equip-spltHP-SEER-BA-rDXHP-NoLRM-0%UC-AOE,54.08,113.85,37443.48,78823.25,37443.49,3387.38,4269.04,3129.96,0.0,12980.689999999999,0.0,2402.09,0.0,0.0,0.0,0.0,11274.32,0.0,0.0,3387.38,4269.04,0.0,0.0,5167.03,7813.66,0.0,0.0,230.77,25002847.73331313
runs/CZ04/DMo&0&rDXHP&Ex&dxHP_equip/RB-dxHP_equip-spltHP-SEER-BA-rDXHP-NoLRM-7.5%UC-AOE/instance-out.sql,CZ04,DMo,weighted,rDXHP,Ex,dxHP_equip,,RB-dxHP_equip-spltHP-SEER-BA-rDXHP-NoLRM-7.5%UC-AOE,DMo&0&rDXHP&Ex&dxHP_equip,RB-dxHP_equip-spltHP-SEER-BA-rDXHP-NoLRM-7.5%UC-AOE,54.76,116.01,37913.96,80313.26,37913.97,3336.06,4790.84,3129.96,0.0,12980.689999999999,0.0,2402.09,0.0,0.0,0.0,0.0,11274.32,0.0,0.0,3336.06,4790.84,0.0,0.0,5167.03,7813.66,0.0,0.0,230.77,26925143.608835217
runs/CZ04/DMo&0&rDXHP&Ex&dxHP_equip/RB-dxHP_equip-spltHP-SEER-BA-rDXHP-LRM-LSC-NC/instance-out.sql,CZ04,DMo,weighted,rDXHP,Ex,dxHP_equip,,RB-dxHP_equip-spltHP-SEER-BA-rDXHP-LRM-LSC-NC,DMo&0&rDXHP&Ex&dxHP_equip,RB-dxHP_equip-spltHP-SEER-BA-rDXHP-LRM-LSC-NC,52.25,108.04,36172.08,74796.74,36172.09,2866.04,3518.99,3129.96,0.0,12980.689999999999,0.0,2402.09,0.0,0.0,0.0,0.0,11274.32,0.0,0.0,2866.04,3518.99,0.0,0.0,5167.03,7813.66,0.0,0.0,230.77,22239679.22803277
runs/CZ04/DMo&0&rDXHP&Ex&dxHP_equip/RB-dxHP_equip-spltHP-SEER-BA-rDXHP-NoLRM-15%UC-AOE/instance-out.sql,CZ04,DMo,weighted,rDXHP,Ex,dxHP_equip,,RB-dxHP_equip-spltHP-SEER-BA-rDXHP-NoLRM-15%UC-AOE,DMo&0&rDXHP&Ex&dxHP_equip,RB-dxHP_equip-spltHP-SEER-BA-rDXHP-NoLRM-15%UC-AOE,55.27,117.59,38260.8,81411.71,38260.81,3161.1,5312.64,3129.96,0.0,12980.689999999999,0.0,2402.09,0.0,0.0,0.0,0.0,11274.32,0.0,0.0,3161.1,5312.64,0.0,0.0,5167.03,7813.66,0.0,0.0,230.77,28847439.49067887
runs/CZ04/DMo&0&rDXHP&Ex&dxHP_equip/RB-dxHP_equip-spltHP-SEER-BA-rDXHP-NoLRM-30%UC-AOE/instance-out.sql,CZ04,DMo,weighted,rDXHP,Ex,dxHP_equip,,RB-dxHP_equip-spltHP-SEER-BA-rDXHP-NoLRM-30%UC-AOE,DMo&0&rDXHP&Ex&dxHP_equip,RB-dxHP_equip-spltHP-SEER-BA-rDXHP-NoLRM-30%UC-AOE,56.27,120.77,38954.48,83608.59,38954.49,2811.18,6356.25,3129.96,0.0,12980.689999999999,0.0,2402.09,0.0,0.0,0.0,0.0,11274.32,0.0,0.0,2811.18,6356.25,0.0,0.0,5167.03,7813.66,0.0,0.0,230.77,32692031.244293563
runs/CZ04/DMo&0&rDXHP&Ex&dxHP_equip/RB-dxHP_equip-spltHP-SEER-BA-rDXHP-LRM-LSC-AOE/instance-out.sql,CZ04,DMo,weighted,rDXHP,Ex,dxHP_equip,,RB-dxHP_equip-spltHP-SEER-BA-rDXHP-LRM-LSC-AOE,DMo&0&rDXHP&Ex&dxHP_equip,RB-dxHP_equip-spltHP-SEER-BA-rDXHP-LRM-LSC-AOE,53.73,112.73,37198.38,78047.02,37198.380000000005,3511.02,3900.3,3129.96,0.0,12980.689999999999,0.0,2402.09,0.0,0.0,0.0,0.0,11274.32,0.0,0.0,3511.02,3900.3,0.0,0.0,5167.03,7813.66,0.0,0.0,230.77,23644425.310789242
runs/CZ05/DMo&0&rDXGF&Ex&dxAC_equip/RB-dxAC_equip-spltAC-SEER-BA-rDXGF-LRM-LSC-AOE/instance-out.sql,CZ05,DMo,weighted,rDXGF,Ex,dxAC_equip,,RB-dxAC_equip-spltAC-SEER-BA-rDXGF-LRM-LSC-AOE,DMo&0&rDXGF&Ex&dxAC_equip,RB-dxAC_equip-spltAC-SEER-BA-rDXGF-LRM-LSC-AOE,52.29,89.72,36202.0,62112.96,36201.99,5960.48,1620.61,3129.96,0.0,12980.689999999999,0.0,1061.75,0.0,0.0,0.0,0.0,11448.51,0.0,0.0,0.0,1620.61,5960.48,0.0,5167.03,7813.66,0.0,0.0,230.77,14411357.04328188
runs/CZ04/DMo&0&rDXHP&Ex&dxHP_equip/RB-dxHP_equip-spltHP-SEER-BA-rDXHP-NoLRM-0%UC-NR/instance-out.sql,CZ04,DMo,weighted,rDXHP,Ex,dxHP_equip,,RB-dxHP_equip-spltHP-SEER-BA-rDXHP-NoLRM-0%UC-NR,DMo&0&rDXHP&Ex&dxHP_equip,RB-dxHP_equip-spltHP-SEER-BA-rDXHP-NoLRM-0%UC-NR,52.59,109.11,36406.53,75539.24,36406.54,2767.8,3851.68,3129.96,0.0,12980.689999999999,0.0,2402.09,0.0,0.0,0.0,0.0,11274.32,0.0,0.0,2767.8,3851.68,0.0,0.0,5167.03,7813.66,0.0,0.0,230.77,23465294.986369926
runs/CZ05/DMo&0&rDXGF&Ex&dxAC_equip/RB-dxAC_equip-spltAC-SEER-BA-rDXGF-NoLRM-30%UC-AOE/instance-out.sql,CZ05,DMo,weighted,rDXGF,Ex,dxAC_equip,,RB-dxAC_equip-spltAC-SEER-BA-rDXGF-NoLRM-30%UC-AOE,DMo&0&rDXGF&Ex&dxAC_equip,RB-dxAC_equip-spltAC-SEER-BA-rDXGF-NoLRM-30%UC-AOE,53.77,94.39,37222.47,65344.78,37222.46,5960.48,2641.08,3129.96,0.0,12980.689999999999,0.0,1061.75,0.0,0.0,0.0,0.0,11448.51,0.0,0.0,0.0,2641.08,5960.48,0.0,5167.03,7813.66,0.0,0.0,230.77,18801230.414877117
runs/CZ05/DMo&0&rDXGF&Ex&dxAC_equip/RB-dxAC_equip-spltAC-SEER-BA-rDXGF-LRM-LSC-NR/instance-out.sql,CZ05,DMo,weighted,rDXGF,Ex,dxAC_equip,,RB-dxAC_equip-spltAC-SEER-BA-rDXGF-LRM-LSC-NR,DMo&0&rDXGF&Ex&dxAC_equip,RB-dxAC_equip-spltAC-SEER-BA-rDXGF-LRM-LSC-NR,52.06,88.99,36043.56,61611.18,36043.55,5960.48,1462.17,3129.96,0.0,12980.689999999999,0.0,1061.75,0.0,0.0,0.0,0.0,11448.51,0.0,0.0,0.0,1462.17,5960.48,0.0,5167.03,7813.66,0.0,0.0,230.77,13729778.129714314
runs/CZ05/DMo&0&rDXGF&Ex&dxAC_equip/RB-dxAC_equip-spltAC-SEER-BA-rDXGF-NoLRM-0%UC-AOE/instance-out.sql,CZ05,DMo,weighted,rDXGF,Ex,dxAC_equip,,RB-dxAC_equip-spltAC-SEER-BA-rDXGF-NoLRM-0%UC-AOE,DMo&0&rDXGF&Ex&dxAC_equip,RB-dxAC_equip-spltAC-SEER-BA-rDXGF-NoLRM-0%UC-AOE,52.51,90.42,36355.21,62598.19,36355.21,5960.48,1773.82,3129.96,0.0,12980.689999999999,0.0,1061.75,0.0,0.0,0.0,0.0,11448.51,0.0,0.0,0.0,1773.82,5960.48,0.0,5167.03,7813.66,0.0,0.0,230.77,15070459.845044356
runs/CZ05/DMo&0&rDXGF&Ex&dxAC_equip/RB-dxAC_equip-spltAC-SEER-BA-rDXGF-NoLRM-22.5%UC-AOE/instance-out.sql,CZ05,DMo,weighted,rDXGF,Ex,dxAC_equip,,RB-dxAC_equip-spltAC-SEER-BA-rDXGF-NoLRM-22.5%UC-AOE,DMo&0&rDXGF&Ex&dxAC_equip,RB-dxAC_equip-spltAC-SEER-BA-rDXGF-NoLRM-22.5%UC-AOE,53.45,93.39,37005.65,64658.13,37005.65,5960.48,2424.26,3129.96,0.0,12980.689999999999,0.0,1061.75,0.0,0.0,0.0,0.0,11448.51,0.0,0.0,0.0,2424.26,5960.48,0.0,5167.03,7813.66,0.0,0.0,230.77,17868537.775974963
runs/CZ05/DMo&0&rDXGF&Ex&dxAC_equip/RB-dxAC_equip-spltAC-SEER-BA-rDXGF-NoLRM-0%UC-NR/instance-out.sql,CZ05,DMo,weighted,rDXGF,Ex,dxAC_equip,,RB-dxAC_equip-spltAC-SEER-BA-rDXGF-NoLRM-0%UC-NR,DMo&0&rDXGF&Ex&dxAC_equip,RB-dxAC_equip-spltAC-SEER-BA-rDXGF-NoLRM-0%UC-NR,52.26,89.63,36181.79,62048.97,36181.79,5960.48,1600.41,3129.96,0.0,12980.689999999999,0.0,1061.75,0.0,0.0,0.0,0.0,11448.51,0.0,0.0,0.0,1600.41,5960.48,0.0,5167.03,7813.66,0.0,0.0,230.77,14324443.505381031
runs/CZ05/DMo&0&rDXHP&Ex&dxHP_equip/RB-dxHP_equip-spltHP-SEER-BA-rDXHP-LRM-LSC-AOE/instance-out.sql,CZ05,DMo,weighted,rDXHP,Ex,dxHP_equip,,RB-dxHP_equip-spltHP-SEER-BA-rDXHP-LRM-LSC-AOE,DMo&0&rDXHP&Ex&dxHP_equip,RB-dxHP_equip-spltHP-SEER-BA-rDXHP-LRM-LSC-AOE,47.29,91.83,32737.98,63578.12,32737.98,2292.54,1622.17,3129.96,0.0,12980.689999999999,0.0,1273.73,0.0,0.0,0.0,0.0,11438.89,0.0,0.0,2292.54,1622.17,0.0,0.0,5167.03,7813.66,0.0,0.0,230.77,14411358.434206124
runs/CZ05/DMo&0&rDXGF&Ex&dxAC_equip/RB-dxAC_equip-spltAC-SEER-BA-rDXGF-NoLRM-15%UC-AOE/instance-out.sql,CZ05,DMo,weighted,rDXGF,Ex,dxAC_equip,,RB-dxAC_equip-spltAC-SEER-BA-rDXGF-NoLRM-15%UC-AOE,DMo&0&rDXGF&Ex&dxAC_equip,RB-dxAC_equip-spltAC-SEER-BA-rDXGF-NoLRM-15%UC-AOE,53.14,92.4,36788.84,63971.48,36788.83,5960.48,2207.45,3129.96,0.0,12980.689999999999,0.0,1061.75,0.0,0.0,0.0,0.0,11448.51,0.0,0.0,0.0,2207.45,5960.48,0.0,5167.03,7813.66,0.0,0.0,230.77,16935845.130870733
runs/CZ05/DMo&0&rDXGF&Ex&dxAC_equip/RB-dxAC_equip-spltAC-SEER-BA-rDXGF-NoLRM-40%UC-AOE/instance-out.sql,CZ05,DMo,weighted,rDXGF,Ex,dxAC_equip,,RB-dxAC_equip-spltAC-SEER-BA-rDXGF-NoLRM-40%UC-AOE,DMo&0&rDXGF&Ex&dxAC_equip,RB-dxAC_equip-spltAC-SEER-BA-rDXGF-NoLRM-40%UC-AOE,54.18,95.71,37511.55,66260.31,37511.55,5960.48,2930.16,3129.96,0.0,12980.689999999999,0.0,1061.75,0.0,0.0,0.0,0.0,11448.51,0.0,0.0,0.0,2930.16,5960.48,0.0,5167.03,7813.66,0.0,0.0,230.77,20044820.60714704
runs/CZ05/DMo&0&rDXHP&Ex&dxHP_equip/RB-dxHP_equip-spltHP-SEER-BA-rDXHP-NoLRM-0%UC-NR/instance-out.sql,CZ05,DMo,weighted,rDXHP,Ex,dxHP_equip,,RB-dxHP_equip-spltHP-SEER-BA-rDXHP-NoLRM-0%UC-NR,DMo&0&rDXHP&Ex&dxHP_equip,RB-dxHP_equip-spltHP-SEER-BA-rDXHP-NoLRM-0%UC-NR,46.54,89.45,32217.22,61928.87,32217.219999999998,1792.0,1601.95,3129.96,0.0,12980.689999999999,0.0,1273.73,0.0,0.0,0.0,0.0,11438.89,0.0,0.0,1792.0,1601.95,0.0,0.0,5167.03,7813.66,0.0,0.0,230.77,14324444.878794793
runs/CZ05/DMo&0&rDXGF&Ex&dxAC_equip/RB-dxAC_equip-spltAC-SEER-BA-rDXGF-NoLRM-7.5%UC-AOE/instance-out.sql,CZ05,DMo,weighted,rDXGF,Ex,dxAC_equip,,RB-dxAC_equip-spltAC-SEER-BA-rDXGF-NoLRM-7.5%UC-AOE,DMo&0&rDXGF&Ex&dxAC_equip,RB-dxAC_equip-spltAC-SEER-BA-rDXGF-NoLRM-7.5%UC-AOE,52.83,91.41,36572.03,63284.84,36572.02,5960.48,1990.64,3129.96,0.0,12980.689999999999,0.0,1061.75,0.0,0.0,0.0,0.0,11448.51,0.0,0.0,0.0,1990.64,5960.48,0.0,5167.03,7813.66,0.0,0.0,230.77,16003152.486423943
runs/CZ05/DMo&0&rDXHP&Ex&dxHP_equip/RB-dxHP_equip-spltHP-SEER-BA-rDXHP-LRM-LSC-NC/instance-out.sql,CZ05,DMo,weighted,rDXHP,Ex,dxHP_equip,,RB-dxHP_equip-spltHP-SEER-BA-rDXHP-LRM-LSC-NC,DMo&0&rDXHP&Ex&dxHP_equip,RB-dxHP_equip-spltHP-SEER-BA-rDXHP-LRM-LSC-NC,46.43,89.12,32145.01,61700.19,32145.01,1858.16,1463.58,3129.96,0.0,12980.689999999999,0.0,1273.73,0.0,0.0,0.0,0.0,11438.89,0.0,0.0,1858.16,1463.58,0.0,0.0,5167.03,7813.66,0.0,0.0,230.77,13729779.38332079
runs/CZ05/DMo&0&rDXHP&Ex&dxHP_equip/RB-dxHP_equip-spltHP-SEER-BA-rDXHP-NoLRM-0%UC-AOE/instance-out.sql,CZ05,DMo,weighted,rDXHP,Ex,dxHP_equip,,RB-dxHP_equip-spltHP-SEER-BA-rDXHP-NoLRM-0%UC-AOE,DMo&0&rDXHP&Ex&dxHP_equip,RB-dxHP_equip-spltHP-SEER-BA-rDXHP-NoLRM-0%UC-AOE,47.39,92.15,32808.07,63800.11,32808.08,2209.27,1775.54,3129.96,0.0,12980.689999999999,0.0,1273.73,0.0,0.0,0.0,0.0,11438.89,0.0,0.0,2209.27,1775.54,0.0,0.0,5167.03,7813.66,0.0,0.0,230.77,15070461.368758105
runs/CZ05/DMo&0&rDXHP&Ex&dxHP_equip/RB-dxHP_equip-spltHP-SEER-BA-rDXHP-LRM-LSC-NR/instance-out.sql,CZ05,DMo,weighted,rDXHP,Ex,dxHP_equip,,RB-dxHP_equip-spltHP-SEER-BA-rDXHP-LRM-LSC-NR,DMo&0&rDXHP&Ex&dxHP_equip,RB-dxHP_equip-spltHP-SEER-BA-rDXHP-LRM-LSC-NR,46.43,89.12,32145.01,61700.19,32145.01,1858.16,1463.58,3129.96,0.0,12980.689999999999,0.0,1273.73,0.0,0.0,0.0,0.0,11438.89,0.0,0.0,1858.16,1463.58,0.0,0.0,5167.03,7813.66,0.0,0.0,230.77,13729779.38332079
runs/CZ05/DMo&0&rDXHP&Ex&dxHP_equip/RB-dxHP_equip-spltHP-SEER-BA-rDXHP-NoLRM-0%UC-NC/instance-out.sql,CZ05,DMo,weighted,rDXHP,Ex,dxHP_equip,,RB-dxHP_equip-spltHP-SEER-BA-rDXHP-NoLRM-0%UC-NC,DMo&0&rDXHP&Ex&dxHP_equip,RB-dxHP_equip-spltHP-SEER-BA-rDXHP-NoLRM-0%UC-NC,46.54,89.45,32217.22,61928.87,32217.219999999998,1792.0,1601.95,3129.96,0.0,12980.689999999999,0.0,1273.73,0.0,0.0,0.0,0.0,11438.89,0.0,0.0,1792.0,1601.95,0.0,0.0,5167.03,7813.66,0.0,0.0,230.77,14324444.878794793
runs/CZ06/DMo&0&rDXGF&Ex&dxAC_equip/RB-dxAC_equip-spltAC-SEER-BA-rDXGF-NoLRM-15%UC-AOE/instance-out.sql,CZ06,DMo,weighted,rDXGF,Ex,dxAC_equip,,RB-dxAC_equip-spltAC-SEER-BA-rDXGF-NoLRM-15%UC-AOE,DMo&0&rDXGF&Ex&dxAC_equip,RB-dxAC_equip-spltAC-SEER-BA-rDXGF-NoLRM-15%UC-AOE,52.01,97.23,36009.0,67316.62,36009.0,3389.31,3797.2,3129.96,0.0,12980.689999999999,0.0,1483.76,0.0,0.0,0.0,0.0,11228.08,0.0,0.0,0.0,3797.2,3389.31,0.0,5167.03,7813.66,0.0,0.0,230.77,18385242.57145279
runs/CZ05/DMo&0&rDXHP&Ex&dxHP_equip/RB-dxHP_equip-spltHP-SEER-BA-rDXHP-NoLRM-15%UC-AOE/instance-out.sql,CZ05,DMo,weighted,rDXHP,Ex,dxHP_equip,,RB-dxHP_equip-spltHP-SEER-BA-rDXHP-NoLRM-15%UC-AOE,DMo&0&rDXHP&Ex&dxHP_equip,RB-dxHP_equip-spltHP-SEER-BA-rDXHP-NoLRM-15%UC-AOE,47.8,93.44,33089.72,64692.1,33089.729999999996,2056.87,2209.58,3129.96,0.0,12980.689999999999,0.0,1273.73,0.0,0.0,0.0,0.0,11438.89,0.0,0.0,2056.87,2209.58,0.0,0.0,5167.03,7813.66,0.0,0.0,230.77,16935847.03040383
runs/CZ05/DMo&0&rDXHP&Ex&dxHP_equip/RB-dxHP_equip-spltHP-SEER-BA-rDXHP-NoLRM-22.5%UC-AOE/instance-out.sql,CZ05,DMo,weighted,rDXHP,Ex,dxHP_equip,,RB-dxHP_equip-spltHP-SEER-BA-rDXHP-NoLRM-22.5%UC-AOE,DMo&0&rDXHP&Ex&dxHP_equip,RB-dxHP_equip-spltHP-SEER-BA-rDXHP-NoLRM-22.5%UC-AOE,47.94,93.9,33188.91,65006.23,33188.92,1939.04,2426.6,3129.96,0.0,12980.689999999999,0.0,1273.73,0.0,0.0,0.0,0.0,11438.89,0.0,0.0,1939.04,2426.6,0.0,0.0,5167.03,7813.66,0.0,0.0,230.77,17868539.863417737
runs/CZ06/DMo&0&rDXGF&Ex&dxAC_equip/RB-dxAC_equip-spltAC-SEER-BA-rDXGF-NoLRM-0%UC-AOE/instance-out.sql,CZ06,DMo,weighted,rDXGF,Ex,dxAC_equip,,RB-dxAC_equip-spltAC-SEER-BA-rDXGF-NoLRM-0%UC-AOE,DMo&0&rDXGF&Ex&dxAC_equip,RB-dxAC_equip-spltAC-SEER-BA-rDXGF-NoLRM-0%UC-AOE,50.94,93.82,35263.08,64954.31,35263.09,3389.31,3051.29,3129.96,0.0,12980.689999999999,0.0,1483.76,0.0,0.0,0.0,0.0,11228.08,0.0,0.0,0.0,3051.29,3389.31,0.0,5167.03,7813.66,0.0,0.0,230.77,16322157.589319564
runs/CZ05/DMo&0&rDXHP&Ex&dxHP_equip/RB-dxHP_equip-spltHP-SEER-BA-rDXHP-NoLRM-7.5%UC-AOE/instance-out.sql,CZ05,DMo,weighted,rDXHP,Ex,dxHP_equip,,RB-dxHP_equip-spltHP-SEER-BA-rDXHP-NoLRM-7.5%UC-AOE,DMo&0&rDXHP&Ex&dxHP_equip,RB-dxHP_equip-spltHP-SEER-BA-rDXHP-NoLRM-7.5%UC-AOE,47.65,92.99,32990.53,64377.96,32990.53,2174.7,1992.56,3129.96,0.0,12980.689999999999,0.0,1273.73,0.0,0.0,0.0,0.0,11438.89,0.0,0.0,2174.7,1992.56,0.0,0.0,5167.03,7813.66,0.0,0.0,230.77,16003154.198047366
runs/CZ06/DMo&0&rDXGF&Ex&dxAC_equip/RB-dxAC_equip-spltAC-SEER-BA-rDXGF-LRM-LSC-AOE/instance-out.sql,CZ06,DMo,weighted,rDXGF,Ex,dxAC_equip,,RB-dxAC_equip-spltAC-SEER-BA-rDXGF-LRM-LSC-AOE,DMo&0&rDXGF&Ex&dxAC_equip,RB-dxAC_equip-spltAC-SEER-BA-rDXGF-LRM-LSC-AOE,50.55,92.62,34999.53,64119.63,34999.53,3389.31,2787.73,3129.96,0.0,12980.689999999999,0.0,1483.76,0.0,0.0,0.0,0.0,11228.08,0.0,0.0,0.0,2787.73,3389.31,0.0,5167.03,7813.66,0.0,0.0,230.77,15593200.89478034
runs/CZ05/DMo&0&rDXHP&Ex&dxHP_equip/RB-dxHP_equip-spltHP-SEER-BA-rDXHP-NoLRM-30%UC-AOE/instance-out.sql,CZ05,DMo,weighted,rDXHP,Ex,dxHP_equip,,RB-dxHP_equip-spltHP-SEER-BA-rDXHP-NoLRM-30%UC-AOE,DMo&0&rDXHP&Ex&dxHP_equip,RB-dxHP_equip-spltHP-SEER-BA-rDXHP-NoLRM-30%UC-AOE,48.08,94.35,33288.11,65320.37,33288.11,1821.21,2643.63,3129.96,0.0,12980.689999999999,0.0,1273.73,0.0,0.0,0.0,0.0,11438.89,0.0,0.0,1821.21,2643.63,0.0,0.0,5167.03,7813.66,0.0,0.0,230.77,18801232.69022957
runs/CZ06/DMo&0&rDXGF&Ex&dxAC_equip/RB-dxAC_equip-spltAC-SEER-BA-rDXGF-LRM-LSC-NR/instance-out.sql,CZ06,DMo,weighted,rDXGF,Ex,dxAC_equip,,RB-dxAC_equip-spltAC-SEER-BA-rDXGF-LRM-LSC-NR,DMo&0&rDXGF&Ex&dxAC_equip,RB-dxAC_equip-spltAC-SEER-BA-rDXGF-LRM-LSC-NR,50.16,91.37,34726.98,63256.48,34726.979999999996,3389.31,2515.19,3129.96,0.0,12980.689999999999,0.0,1483.76,0.0,0.0,0.0,0.0,11228.08,0.0,0.0,0.0,2515.19,3389.31,0.0,5167.03,7813.66,0.0,0.0,230.77,14839385.995840047
runs/CZ05/DMo&0&rDXHP&Ex&dxHP_equip/RB-dxHP_equip-spltHP-SEER-BA-rDXHP-NoLRM-40%UC-AOE/instance-out.sql,CZ05,DMo,weighted,rDXHP,Ex,dxHP_equip,,RB-dxHP_equip-spltHP-SEER-BA-rDXHP-NoLRM-40%UC-AOE,DMo&0&rDXHP&Ex&dxHP_equip,RB-dxHP_equip-spltHP-SEER-BA-rDXHP-NoLRM-40%UC-AOE,48.27,94.96,33420.36,65739.22,33420.36,1664.1,2932.99,3129.96,0.0,12980.689999999999,0.0,1273.73,0.0,0.0,0.0,0.0,11438.89,0.0,0.0,1664.1,2932.99,0.0,0.0,5167.03,7813.66,0.0,0.0,230.77,20044823.133045726
runs/CZ06/DMo&0&rDXGF&Ex&dxAC_equip/RB-dxAC_equip-spltAC-SEER-BA-rDXGF-NoLRM-0%UC-NR/instance-out.sql,CZ06,DMo,weighted,rDXGF,Ex,dxAC_equip,,RB-dxAC_equip-spltAC-SEER-BA-rDXGF-NoLRM-0%UC-NR,DMo&0&rDXGF&Ex&dxAC_equip,RB-dxAC_equip-spltAC-SEER-BA-rDXGF-NoLRM-0%UC-NR,50.5,92.46,34964.77,64009.56,34964.770000000004,3389.31,2752.98,3129.96,0.0,12980.689999999999,0.0,1483.76,0.0,0.0,0.0,0.0,11228.08,0.0,0.0,0.0,2752.98,3389.31,0.0,5167.03,7813.66,0.0,0.0,230.77,15497075.972947976
runs/CZ06/DMo&0&rDXGF&Ex&dxAC_equip/RB-dxAC_equip-spltAC-SEER-BA-rDXGF-NoLRM-22.5%UC-AOE/instance-out.sql,CZ06,DMo,weighted,rDXGF,Ex,dxAC_equip,,RB-dxAC_equip-spltAC-SEER-BA-rDXGF-NoLRM-22.5%UC-AOE,DMo&0&rDXGF&Ex&dxAC_equip,RB-dxAC_equip-spltAC-SEER-BA-rDXGF-NoLRM-22.5%UC-AOE,52.55,98.94,36381.95,68497.78,36381.96,3389.31,4170.16,3129.96,0.0,12980.689999999999,0.0,1483.76,0.0,0.0,0.0,0.0,11228.08,0.0,0.0,0.0,4170.16,3389.31,0.0,5167.03,7813.66,0.0,0.0,230.77,19416785.064942658
runs/CZ06/DMo&0&rDXGF&Ex&dxAC_equip/RB-dxAC_equip-spltAC-SEER-BA-rDXGF-NoLRM-30%UC-AOE/instance-out.sql,CZ06,DMo,weighted,rDXGF,Ex,dxAC_equip,,RB-dxAC_equip-spltAC-SEER-BA-rDXGF-NoLRM-30%UC-AOE,DMo&0&rDXGF&Ex&dxAC_equip,RB-dxAC_equip-spltAC-SEER-BA-rDXGF-NoLRM-30%UC-AOE,53.09,100.65,36754.91,69678.93,36754.91,3389.31,4543.12,3129.96,0.0,12980.689999999999,0.0,1483.76,0.0,0.0,0.0,0.0,11228.08,0.0,0.0,0.0,4543.12,3389.31,0.0,5167.03,7813.66,0.0,0.0,230.77,20448327.551573135
runs/CZ06/DMo&0&rDXHP&Ex&dxHP_equip/RB-dxHP_equip-spltHP-SEER-BA-rDXHP-LRM-LSC-NC/instance-out.sql,CZ06,DMo,weighted,rDXHP,Ex,dxHP_equip,,RB-dxHP_equip-spltHP-SEER-BA-rDXHP-LRM-LSC-NC,DMo&0&rDXHP&Ex&dxHP_equip,RB-dxHP_equip-spltHP-SEER-BA-rDXHP-LRM-LSC-NC,46.87,91.16,32449.22,63111.48,32449.22,998.17,2516.86,3129.96,0.0,12980.689999999999,0.0,1599.66,0.0,0.0,0.0,0.0,11223.88,0.0,0.0,998.17,2516.86,0.0,0.0,5167.03,7813.66,0.0,0.0,230.77,14839381.418042738
runs/CZ06/DMo&0&rDXGF&Ex&dxAC_equip/RB-dxAC_equip-spltAC-SEER-BA-rDXGF-NoLRM-40%UC-AOE/instance-out.sql,CZ06,DMo,weighted,rDXGF,Ex,dxAC_equip,,RB-dxAC_equip-spltAC-SEER-BA-rDXGF-NoLRM-40%UC-AOE,DMo&0&rDXGF&Ex&dxAC_equip,RB-dxAC_equip-spltAC-SEER-BA-rDXGF-NoLRM-40%UC-AOE,53.81,102.92,37252.19,71253.8,37252.19,3389.31,5040.4,3129.96,0.0,12980.689999999999,0.0,1483.76,0.0,0.0,0.0,0.0,11228.08,0.0,0.0,0.0,5040.4,3389.31,0.0,5167.03,7813.66,0.0,0.0,230.77,21823717.541563146
runs/CZ06/DMo&0&rDXGF&Ex&dxAC_equip/RB-dxAC_equip-spltAC-SEER-BA-rDXGF-NoLRM-7.5%UC-AOE/instance-out.sql,CZ06,DMo,weighted,rDXGF,Ex,dxAC_equip,,RB-dxAC_equip-spltAC-SEER-BA-rDXGF-NoLRM-7.5%UC-AOE,DMo&0&rDXGF&Ex&dxAC_equip,RB-dxAC_equip-spltAC-SEER-BA-rDXGF-NoLRM-7.5%UC-AOE,51.47,95.53,35636.04,66135.47,35636.03999999999,3389.31,3424.25,3129.96,0.0,12980.689999999999,0.0,1483.76,0.0,0.0,0.0,0.0,11228.08,0.0,0.0,0.0,3424.25,3389.31,0.0,5167.03,7813.66,0.0,0.0,230.77,17353700.07869004
runs/CZ06/DMo&0&rDXHP&Ex&dxHP_equip/RB-dxHP_equip-spltHP-SEER-BA-rDXHP-NoLRM-0%UC-NC/instance-out.sql,CZ06,DMo,weighted,rDXHP,Ex,dxHP_equip,,RB-dxHP_equip-spltHP-SEER-BA-rDXHP-NoLRM-0%UC-NC,DMo&0&rDXHP&Ex&dxHP_equip,RB-dxHP_equip-spltHP-SEER-BA-rDXHP-NoLRM-0%UC-NC,47.16,92.07,32648.63,63743.03,32648.64,959.64,2754.8,3129.96,0.0,12980.689999999999,0.0,1599.66,0.0,0.0,0.0,0.0,11223.88,0.0,0.0,959.64,2754.8,0.0,0.0,5167.03,7813.66,0.0,0.0,230.77,15497071.137006428
runs/CZ06/DMo&0&rDXHP&Ex&dxHP_equip/RB-dxHP_equip-spltHP-SEER-BA-rDXHP-NoLRM-22.5%UC-AOE/instance-out.sql,CZ06,DMo,weighted,rDXHP,Ex,dxHP_equip,,RB-dxHP_equip-spltHP-SEER-BA-rDXHP-NoLRM-22.5%UC-AOE,DMo&0&rDXHP&Ex&dxHP_equip,RB-dxHP_equip-spltHP-SEER-BA-rDXHP-NoLRM-22.5%UC-AOE,49.33,98.95,34152.38,68505.41,34152.39,1045.27,4172.92,3129.96,0.0,12980.689999999999,0.0,1599.66,0.0,0.0,0.0,0.0,11223.88,0.0,0.0,1045.27,4172.92,0.0,0.0,5167.03,7813.66,0.0,0.0,230.77,19416778.69050981
runs/CZ06/DMo&0&rDXHP&Ex&dxHP_equip/RB-dxHP_equip-spltHP-SEER-BA-rDXHP-LRM-LSC-NR/instance-out.sql,CZ06,DMo,weighted,rDXHP,Ex,dxHP_equip,,RB-dxHP_equip-spltHP-SEER-BA-rDXHP-LRM-LSC-NR,DMo&0&rDXHP&Ex&dxHP_equip,RB-dxHP_equip-spltHP-SEER-BA-rDXHP-LRM-LSC-NR,46.87,91.16,32449.22,63111.48,32449.22,998.17,2516.86,3129.96,0.0,12980.689999999999,0.0,1599.66,0.0,0.0,0.0,0.0,11223.88,0.0,0.0,998.17,2516.86,0.0,0.0,5167.03,7813.66,0.0,0.0,230.77,14839381.418042738
runs/CZ06/DMo&0&rDXHP&Ex&dxHP_equip/RB-dxHP_equip-spltHP-SEER-BA-rDXHP-NoLRM-30%UC-AOE/instance-out.sql,CZ06,DMo,weighted,rDXHP,Ex,dxHP_equip,,RB-dxHP_equip-spltHP-SEER-BA-rDXHP-NoLRM-30%UC-AOE,DMo&0&rDXHP&Ex&dxHP_equip,RB-dxHP_equip-spltHP-SEER-BA-rDXHP-NoLRM-30%UC-AOE,49.77,100.34,34456.97,69470.03,34456.97,976.65,4546.13,3129.96,0.0,12980.689999999999,0.0,1599.66,0.0,0.0,0.0,0.0,11223.88,0.0,0.0,976.65,4546.13,0.0,0.0,5167.03,7813.66,0.0,0.0,230.77,20448320.772258416
runs/CZ06/DMo&0&rDXHP&Ex&dxHP_equip/RB-dxHP_equip-spltHP-SEER-BA-rDXHP-LRM-LSC-AOE/instance-out.sql,CZ06,DMo,weighted,rDXHP,Ex,dxHP_equip,,RB-dxHP_equip-spltHP-SEER-BA-rDXHP-LRM-LSC-AOE,DMo&0&rDXHP&Ex&dxHP_equip,RB-dxHP_equip-spltHP-SEER-BA-rDXHP-LRM-LSC-AOE,47.63,93.56,32974.89,64776.3,32974.9,1251.12,2789.58,3129.96,0.0,12980.689999999999,0.0,1599.66,0.0,0.0,0.0,0.0,11223.88,0.0,0.0,1251.12,2789.58,0.0,0.0,5167.03,7813.66,0.0,0.0,230.77,15593196.021109631
runs/CZ06/DMo&0&rDXHP&Ex&dxHP_equip/RB-dxHP_equip-spltHP-SEER-BA-rDXHP-NoLRM-0%UC-NR/instance-out.sql,CZ06,DMo,weighted,rDXHP,Ex,dxHP_equip,,RB-dxHP_equip-spltHP-SEER-BA-rDXHP-NoLRM-0%UC-NR,DMo&0&rDXHP&Ex&dxHP_equip,RB-dxHP_equip-spltHP-SEER-BA-rDXHP-NoLRM-0%UC-NR,47.16,92.07,32648.63,63743.03,32648.64,959.64,2754.8,3129.96,0.0,12980.689999999999,0.0,1599.66,0.0,0.0,0.0,0.0,11223.88,0.0,0.0,959.64,2754.8,0.0,0.0,5167.03,7813.66,0.0,0.0,230.77,15497071.137006428
runs/CZ06/DMo&0&rDXHP&Ex&dxHP_equip/RB-dxHP_equip-spltHP-SEER-BA-rDXHP-NoLRM-0%UC-AOE/instance-out.sql,CZ06,DMo,weighted,rDXHP,Ex,dxHP_equip,,RB-dxHP_equip-spltHP-SEER-BA-rDXHP-NoLRM-0%UC-AOE,DMo&0&rDXHP&Ex&dxHP_equip,RB-dxHP_equip-spltHP-SEER-BA-rDXHP-NoLRM-0%UC-AOE,47.94,94.55,33190.14,65457.97,33190.14,1202.63,3053.31,3129.96,0.0,12980.689999999999,0.0,1599.66,0.0,0.0,0.0,0.0,11223.88,0.0,0.0,1202.63,3053.31,0.0,0.0,5167.03,7813.66,0.0,0.0,230.77,16322152.42953233
runs/CZ06/DMo&0&rDXHP&Ex&dxHP_equip/RB-dxHP_equip-spltHP-SEER-BA-rDXHP-NoLRM-15%UC-AOE/instance-out.sql,CZ06,DMo,weighted,rDXHP,Ex,dxHP_equip,,RB-dxHP_equip-spltHP-SEER-BA-rDXHP-NoLRM-15%UC-AOE,DMo&0&rDXHP&Ex&dxHP_equip,RB-dxHP_equip-spltHP-SEER-BA-rDXHP-NoLRM-15%UC-AOE,48.89,97.56,33847.8,67540.78,33847.8,1113.89,3799.72,3129.96,0.0,12980.689999999999,0.0,1599.66,0.0,0.0,0.0,0.0,11223.88,0.0,0.0,1113.89,3799.72,0.0,0.0,5167.03,7813.66,0.0,0.0,230.77,18385236.601901814
runs/CZ06/DMo&0&rDXHP&Ex&dxHP_equip/RB-dxHP_equip-spltHP-SEER-BA-rDXHP-NoLRM-40%UC-AOE/instance-out.sql,CZ06,DMo,weighted,rDXHP,Ex,dxHP_equip,,RB-dxHP_equip-spltHP-SEER-BA-rDXHP-NoLRM-40%UC-AOE,DMo&0&rDXHP&Ex&dxHP_equip,RB-dxHP_equip-spltHP-SEER-BA-rDXHP-NoLRM-40%UC-AOE,50.36,102.2,34863.09,70756.2,34863.09,885.16,5043.73,3129.96,0.0,12980.689999999999,0.0,1599.66,0.0,0.0,0.0,0.0,11223.88,0.0,0.0,885.16,5043.73,0.0,0.0,5167.03,7813.66,0.0,0.0,230.77,21823710.222405933
runs/CZ06/DMo&0&rDXHP&Ex&dxHP_equip/RB-dxHP_equip-spltHP-SEER-BA-rDXHP-NoLRM-7.5%UC-AOE/instance-out.sql,CZ06,DMo,weighted,rDXHP,Ex,dxHP_equip,,RB-dxHP_equip-spltHP-SEER-BA-rDXHP-NoLRM-7.5%UC-AOE,DMo&0&rDXHP&Ex&dxHP_equip,RB-dxHP_equip-spltHP-SEER-BA-rDXHP-NoLRM-7.5%UC-AOE,48.45,96.16,33543.21,66576.16,33543.21,1182.51,3426.51,3129.96,0.0,12980.689999999999,0.0,1599.66,0.0,0.0,0.0,0.0,11223.88,0.0,0.0,1182.51,3426.51,0.0,0.0,5167.03,7813.66,0.0,0.0,230.77,17353694.514020935
runs/CZ07/DMo&0&rDXGF&Ex&dxAC_equip/RB-dxAC_equip-spltAC-SEER-BA-rDXGF-LRM-LSC-NR/instance-out.sql,CZ07,DMo,weighted,rDXGF,Ex,dxAC_equip,,RB-dxAC_equip-spltAC-SEER-BA-rDXGF-LRM-LSC-NR,DMo&0&rDXGF&Ex&dxAC_equip,RB-dxAC_equip-spltAC-SEER-BA-rDXGF-LRM-LSC-NR,48.6,87.76,33643.39,60759.09,33643.39,2972.17,2122.6,3129.96,0.0,12980.689999999999,0.0,1241.32,0.0,0.0,0.0,0.0,11196.66,0.0,0.0,0.0,2122.6,2972.17,0.0,5167.03,7813.66,0.0,1.17,230.77,15875243.88919577
runs/CZ07/DMo&0&rDXGF&Ex&dxAC_equip/RB-dxAC_equip-spltAC-SEER-BA-rDXGF-NoLRM-22.5%UC-AOE/instance-out.sql,CZ07,DMo,weighted,rDXGF,Ex,dxAC_equip,,RB-dxAC_equip-spltAC-SEER-BA-rDXGF-NoLRM-22.5%UC-AOE,DMo&0&rDXGF&Ex&dxAC_equip,RB-dxAC_equip-spltAC-SEER-BA-rDXGF-NoLRM-22.5%UC-AOE,50.61,94.15,35040.03,65182.27,35040.04,2972.17,3519.24,3129.96,0.0,12980.689999999999,0.0,1241.32,0.0,0.0,0.0,0.0,11196.66,0.0,0.0,0.0,3519.24,2972.17,0.0,5167.03,7813.66,0.0,1.17,230.77,20920533.787731215
runs/CZ07/DMo&0&rDXGF&Ex&dxAC_equip/RB-dxAC_equip-spltAC-SEER-BA-rDXGF-NoLRM-0%UC-AOE/instance-out.sql,CZ07,DMo,weighted,rDXGF,Ex,dxAC_equip,,RB-dxAC_equip-spltAC-SEER-BA-rDXGF-NoLRM-0%UC-AOE,DMo&0&rDXGF&Ex&dxAC_equip,RB-dxAC_equip-spltAC-SEER-BA-rDXGF-NoLRM-0%UC-AOE,49.25,89.83,34095.81,62191.9,34095.81,2972.17,2575.02,3129.96,0.0,12980.689999999999,0.0,1241.32,0.0,0.0,0.0,0.0,11196.66,0.0,0.0,0.0,2575.02,2972.17,0.0,5167.03,7813.66,0.0,1.17,230.77,17509580.86298385
runs/CZ07/DMo&0&rDXGF&Ex&dxAC_equip/RB-dxAC_equip-spltAC-SEER-BA-rDXGF-NoLRM-0%UC-NR/instance-out.sql,CZ07,DMo,weighted,rDXGF,Ex,dxAC_equip,,RB-dxAC_equip-spltAC-SEER-BA-rDXGF-NoLRM-0%UC-NR,DMo&0&rDXGF&Ex&dxAC_equip,RB-dxAC_equip-spltAC-SEER-BA-rDXGF-NoLRM-0%UC-NR,48.89,88.68,33844.06,61394.62,33844.06,2972.17,2323.27,3129.96,0.0,12980.689999999999,0.0,1241.32,0.0,0.0,0.0,0.0,11196.66,0.0,0.0,0.0,2323.27,2972.17,0.0,5167.03,7813.66,0.0,1.17,230.77,16600161.3691395
runs/CZ07/DMo&0&rDXGF&Ex&dxAC_equip/RB-dxAC_equip-spltAC-SEER-BA-rDXGF-LRM-LSC-AOE/instance-out.sql,CZ07,DMo,weighted,rDXGF,Ex,dxAC_equip,,RB-dxAC_equip-spltAC-SEER-BA-rDXGF-LRM-LSC-AOE,DMo&0&rDXGF&Ex&dxAC_equip,RB-dxAC_equip-spltAC-SEER-BA-rDXGF-LRM-LSC-AOE,48.93,88.81,33873.39,61487.51,33873.39,2972.17,2352.6,3129.96,0.0,12980.689999999999,0.0,1241.32,0.0,0.0,0.0,0.0,11196.66,0.0,0.0,0.0,2352.6,2972.17,0.0,5167.03,7813.66,0.0,1.17,230.77,16706111.951511038
runs/CZ07/DMo&0&rDXGF&Ex&dxAC_equip/RB-dxAC_equip-spltAC-SEER-BA-rDXGF-NoLRM-40%UC-AOE/instance-out.sql,CZ07,DMo,weighted,rDXGF,Ex,dxAC_equip,,RB-dxAC_equip-spltAC-SEER-BA-rDXGF-NoLRM-40%UC-AOE,DMo&0&rDXGF&Ex&dxAC_equip,RB-dxAC_equip-spltAC-SEER-BA-rDXGF-NoLRM-40%UC-AOE,51.67,97.51,35774.43,67508.11,35774.44,2972.17,4253.64,3129.96,0.0,12980.689999999999,0.0,1241.32,0.0,0.0,0.0,0.0,11196.66,0.0,0.0,0.0,4253.64,2972.17,0.0,5167.03,7813.66,0.0,1.17,230.77,23573497.168774366
runs/CZ07/DMo&0&rDXHP&Ex&dxHP_equip/RB-dxHP_equip-spltHP-SEER-BA-rDXHP-LRM-LSC-AOE/instance-out.sql,CZ07,DMo,weighted,rDXHP,Ex,dxHP_equip,,RB-dxHP_equip-spltHP-SEER-BA-rDXHP-LRM-LSC-AOE,DMo&0&rDXHP&Ex&dxHP_equip,RB-dxHP_equip-spltHP-SEER-BA-rDXHP-LRM-LSC-AOE,46.37,89.67,32103.52,62082.59,32103.52,1100.85,2354.92,3129.96,0.0,12980.689999999999,0.0,1344.88,0.0,0.0,0.0,0.0,11192.22,0.0,0.0,1100.85,2354.92,0.0,0.0,5167.03,7813.66,0.0,1.17,230.77,16706103.848896375
runs/CZ07/DMo&0&rDXGF&Ex&dxAC_equip/RB-dxAC_equip-spltAC-SEER-BA-rDXGF-NoLRM-7.5%UC-AOE/instance-out.sql,CZ07,DMo,weighted,rDXGF,Ex,dxAC_equip,,RB-dxAC_equip-spltAC-SEER-BA-rDXGF-NoLRM-7.5%UC-AOE,DMo&0&rDXGF&Ex&dxAC_equip,RB-dxAC_equip-spltAC-SEER-BA-rDXGF-NoLRM-7.5%UC-AOE,49.7,91.27,34410.55,63188.69,34410.55,2972.17,2889.76,3129.96,0.0,12980.689999999999,0.0,1241.32,0.0,0.0,0.0,0.0,11196.66,0.0,0.0,0.0,2889.76,2972.17,0.0,5167.03,7813.66,0.0,1.17,230.77,18646565.16847314
runs/CZ07/DMo&0&rDXGF&Ex&dxAC_equip/RB-dxAC_equip-spltAC-SEER-BA-rDXGF-NoLRM-15%UC-AOE/instance-out.sql,CZ07,DMo,weighted,rDXGF,Ex,dxAC_equip,,RB-dxAC_equip-spltAC-SEER-BA-rDXGF-NoLRM-15%UC-AOE,DMo&0&rDXGF&Ex&dxAC_equip,RB-dxAC_equip-spltAC-SEER-BA-rDXGF-NoLRM-15%UC-AOE,50.16,92.71,34725.29,64185.48,34725.3,2972.17,3204.5,3129.96,0.0,12980.689999999999,0.0,1241.32,0.0,0.0,0.0,0.0,11196.66,0.0,0.0,0.0,3204.5,2972.17,0.0,5167.03,7813.66,0.0,1.17,230.77,19783549.477701455
runs/CZ07/DMo&0&rDXGF&Ex&dxAC_equip/RB-dxAC_equip-spltAC-SEER-BA-rDXGF-NoLRM-30%UC-AOE/instance-out.sql,CZ07,DMo,weighted,rDXGF,Ex,dxAC_equip,,RB-dxAC_equip-spltAC-SEER-BA-rDXGF-NoLRM-30%UC-AOE,DMo&0&rDXGF&Ex&dxAC_equip,RB-dxAC_equip-spltAC-SEER-BA-rDXGF-NoLRM-30%UC-AOE,51.07,95.59,35354.78,66179.06,35354.78,2972.17,3833.99,3129.96,0.0,12980.689999999999,0.0,1241.32,0.0,0.0,0.0,0.0,11196.66,0.0,0.0,0.0,3833.99,2972.17,0.0,5167.03,7813.66,0.0,1.17,230.77,22057518.090200435
runs/CZ07/DMo&0&rDXHP&Ex&dxHP_equip/RB-dxHP_equip-spltHP-SEER-BA-rDXHP-NoLRM-0%UC-NC/instance-out.sql,CZ07,DMo,weighted,rDXHP,Ex,dxHP_equip,,RB-dxHP_equip-spltHP-SEER-BA-rDXHP-NoLRM-0%UC-NC,DMo&0&rDXHP&Ex&dxHP_equip,RB-dxHP_equip-spltHP-SEER-BA-rDXHP-NoLRM-0%UC-NC,45.96,88.37,31817.42,61176.52,31817.420000000002,844.11,2325.56,3129.96,0.0,12980.689999999999,0.0,1344.88,0.0,0.0,0.0,0.0,11192.22,0.0,0.0,844.11,2325.56,0.0,0.0,5167.03,7813.66,0.0,1.17,230.77,16600153.3564126
runs/CZ07/DMo&0&rDXHP&Ex&dxHP_equip/RB-dxHP_equip-spltHP-SEER-BA-rDXHP-NoLRM-22.5%UC-AOE/instance-out.sql,CZ07,DMo,weighted,rDXHP,Ex,dxHP_equip,,RB-dxHP_equip-spltHP-SEER-BA-rDXHP-NoLRM-22.5%UC-AOE,DMo&0&rDXHP&Ex&dxHP_equip,RB-dxHP_equip-spltHP-SEER-BA-rDXHP-NoLRM-22.5%UC-AOE,47.8,94.19,33090.0,65206.77,33090.0,919.54,3522.72,3129.96,0.0,12980.689999999999,0.0,1344.88,0.0,0.0,0.0,0.0,11192.22,0.0,0.0,919.54,3522.72,0.0,0.0,5167.03,7813.66,0.0,1.17,230.77,20920522.10962938
runs/CZ07/DMo&0&rDXHP&Ex&dxHP_equip/RB-dxHP_equip-spltHP-SEER-BA-rDXHP-LRM-LSC-NC/instance-out.sql,CZ07,DMo,weighted,rDXHP,Ex,dxHP_equip,,RB-dxHP_equip-spltHP-SEER-BA-rDXHP-LRM-LSC-NC,DMo&0&rDXHP&Ex&dxHP_equip,RB-dxHP_equip-spltHP-SEER-BA-rDXHP-LRM-LSC-NC,45.72,87.6,31650.48,60647.84,31650.48,878.05,2124.69,3129.96,0.0,12980.689999999999,0.0,1344.88,0.0,0.0,0.0,0.0,11192.22,0.0,0.0,878.05,2124.69,0.0,0.0,5167.03,7813.66,0.0,1.17,230.77,15875236.491483988
runs/CZ07/DMo&0&rDXHP&Ex&dxHP_equip/RB-dxHP_equip-spltHP-SEER-BA-rDXHP-LRM-LSC-NR/instance-out.sql,CZ07,DMo,weighted,rDXHP,Ex,dxHP_equip,,RB-dxHP_equip-spltHP-SEER-BA-rDXHP-LRM-LSC-NR,DMo&0&rDXHP&Ex&dxHP_equip,RB-dxHP_equip-spltHP-SEER-BA-rDXHP-LRM-LSC-NR,45.72,87.6,31650.48,60647.84,31650.48,878.05,2124.69,3129.96,0.0,12980.689999999999,0.0,1344.88,0.0,0.0,0.0,0.0,11192.22,0.0,0.0,878.05,2124.69,0.0,0.0,5167.03,7813.66,0.0,1.17,230.77,15875236.491483988
runs/CZ07/DMo&0&rDXHP&Ex&dxHP_equip/RB-dxHP_equip-spltHP-SEER-BA-rDXHP-NoLRM-0%UC-NR/instance-out.sql,CZ07,DMo,weighted,rDXHP,Ex,dxHP_equip,,RB-dxHP_equip-spltHP-SEER-BA-rDXHP-NoLRM-0%UC-NR,DMo&0&rDXHP&Ex&dxHP_equip,RB-dxHP_equip-spltHP-SEER-BA-rDXHP-NoLRM-0%UC-NR,45.96,88.37,31817.42,61176.52,31817.420000000002,844.11,2325.56,3129.96,0.0,12980.689999999999,0.0,1344.88,0.0,0.0,0.0,0.0,11192.22,0.0,0.0,844.11,2325.56,0.0,0.0,5167.03,7813.66,0.0,1.17,230.77,16600153.3564126
runs/CZ07/DMo&0&rDXHP&Ex&dxHP_equip/RB-dxHP_equip-spltHP-SEER-BA-rDXHP-NoLRM-0%UC-AOE/instance-out.sql,CZ07,DMo,weighted,rDXHP,Ex,dxHP_equip,,RB-dxHP_equip-spltHP-SEER-BA-rDXHP-NoLRM-0%UC-AOE,DMo&0&rDXHP&Ex&dxHP_equip,RB-dxHP_equip-spltHP-SEER-BA-rDXHP-NoLRM-0%UC-AOE,46.63,90.5,32283.45,62652.42,32283.45,1058.14,2577.56,3129.96,0.0,12980.689999999999,0.0,1344.88,0.0,0.0,0.0,0.0,11192.22,0.0,0.0,1058.14,2577.56,0.0,0.0,5167.03,7813.66,0.0,1.17,230.77,17509572.078711558
runs/CZ07/DMo&0&rDXHP&Ex&dxHP_equip/RB-dxHP_equip-spltHP-SEER-BA-rDXHP-NoLRM-15%UC-AOE/instance-out.sql,CZ07,DMo,weighted,rDXHP,Ex,dxHP_equip,,RB-dxHP_equip-spltHP-SEER-BA-rDXHP-NoLRM-15%UC-AOE,DMo&0&rDXHP&Ex&dxHP_equip,RB-dxHP_equip-spltHP-SEER-BA-rDXHP-NoLRM-15%UC-AOE,47.43,93.02,32835.38,64400.41,32835.380000000005,979.98,3207.66,3129.96,0.0,12980.689999999999,0.0,1344.88,0.0,0.0,0.0,0.0,11192.22,0.0,0.0,979.98,3207.66,0.0,0.0,5167.03,7813.66,0.0,1.17,230.77,19783538.76420947
runs/CZ07/DMo&0&rDXHP&Ex&dxHP_equip/RB-dxHP_equip-spltHP-SEER-BA-rDXHP-NoLRM-30%UC-AOE/instance-out.sql,CZ07,DMo,weighted,rDXHP,Ex,dxHP_equip,,RB-dxHP_equip-spltHP-SEER-BA-rDXHP-NoLRM-30%UC-AOE,DMo&0&rDXHP&Ex&dxHP_equip,RB-dxHP_equip-spltHP-SEER-BA-rDXHP-NoLRM-30%UC-AOE,48.16,95.35,33344.61,66013.14,33344.61,859.1,3837.77,3129.96,0.0,12980.689999999999,0.0,1344.88,0.0,0.0,0.0,0.0,11192.22,0.0,0.0,859.1,3837.77,0.0,0.0,5167.03,7813.66,0.0,1.17,230.77,22057505.447488762
runs/CZ07/DMo&0&rDXHP&Ex&dxHP_equip/RB-dxHP_equip-spltHP-SEER-BA-rDXHP-NoLRM-7.5%UC-AOE/instance-out.sql,CZ07,DMo,weighted,rDXHP,Ex,dxHP_equip,,RB-dxHP_equip-spltHP-SEER-BA-rDXHP-NoLRM-7.5%UC-AOE,DMo&0&rDXHP&Ex&dxHP_equip,RB-dxHP_equip-spltHP-SEER-BA-rDXHP-NoLRM-7.5%UC-AOE,47.06,91.86,32580.77,63594.05,32580.77,1040.41,2892.61,3129.96,0.0,12980.689999999999,0.0,1344.88,0.0,0.0,0.0,0.0,11192.22,0.0,0.0,1040.41,2892.61,0.0,0.0,5167.03,7813.66,0.0,1.17,230.77,18646555.419591002
runs/CZ07/DMo&0&rDXHP&Ex&dxHP_equip/RB-dxHP_equip-spltHP-SEER-BA-rDXHP-NoLRM-40%UC-AOE/instance-out.sql,CZ07,DMo,weighted,rDXHP,Ex,dxHP_equip,,RB-dxHP_equip-spltHP-SEER-BA-rDXHP-NoLRM-40%UC-AOE,DMo&0&rDXHP&Ex&dxHP_equip,RB-dxHP_equip-spltHP-SEER-BA-rDXHP-NoLRM-40%UC-AOE,48.65,96.9,33684.1,67088.29,33684.100000000006,778.51,4257.84,3129.96,0.0,12980.689999999999,0.0,1344.88,0.0,0.0,0.0,0.0,11192.22,0.0,0.0,778.51,4257.84,0.0,0.0,5167.03,7813.66,0.0,1.17,230.77,23573483.239916228
runs/CZ08/DMo&0&rDXGF&Ex&dxAC_equip/RB-dxAC_equip-spltAC-SEER-BA-rDXGF-LRM-LSC-AOE/instance-out.sql,CZ08,DMo,weighted,rDXGF,Ex,dxAC_equip,,RB-dxAC_equip-spltAC-SEER-BA-rDXGF-LRM-LSC-AOE,DMo&0&rDXGF&Ex&dxAC_equip,RB-dxAC_equip-spltAC-SEER-BA-rDXGF-LRM-LSC-AOE,53.46,103.36,37011.85,71559.28,37011.850000000006,2951.34,4581.21,3129.96,0.0,12980.689999999999,0.0,2214.66,0.0,0.0,0.0,0.0,11153.99,0.0,0.0,0.0,4581.21,2951.34,0.0,5167.03,7813.66,0.0,4.33,230.77,25376943.533191092
runs/CZ08/DMo&0&rDXGF&Ex&dxAC_equip/RB-dxAC_equip-spltAC-SEER-BA-rDXGF-LRM-LSC-NR/instance-out.sql,CZ08,DMo,weighted,rDXGF,Ex,dxAC_equip,,RB-dxAC_equip-spltAC-SEER-BA-rDXGF-LRM-LSC-NR,DMo&0&rDXGF&Ex&dxAC_equip,RB-dxAC_equip-spltAC-SEER-BA-rDXGF-LRM-LSC-NR,52.81,101.31,36563.97,70140.83,36563.97,2951.34,4133.33,3129.96,0.0,12980.689999999999,0.0,2214.66,0.0,0.0,0.0,0.0,11153.99,0.0,0.0,0.0,4133.33,2951.34,0.0,5167.03,7813.66,0.0,4.33,230.77,23805490.49660696
runs/CZ08/DMo&0&rDXGF&Ex&dxAC_equip/RB-dxAC_equip-spltAC-SEER-BA-rDXGF-NoLRM-0%UC-AOE/instance-out.sql,CZ08,DMo,weighted,rDXGF,Ex,dxAC_equip,,RB-dxAC_equip-spltAC-SEER-BA-rDXGF-NoLRM-0%UC-AOE,DMo&0&rDXGF&Ex&dxAC_equip,RB-dxAC_equip-spltAC-SEER-BA-rDXGF-NoLRM-0%UC-AOE,54.09,105.34,37444.97,72930.95,37444.97,2951.34,5014.33,3129.96,0.0,12980.689999999999,0.0,2214.66,0.0,0.0,0.0,0.0,11153.99,0.0,0.0,0.0,5014.33,2951.34,0.0,5167.03,7813.66,0.0,4.33,230.77,26896575.491623264
runs/CZ08/DMo&0&rDXGF&Ex&dxAC_equip/RB-dxAC_equip-spltAC-SEER-BA-rDXGF-NoLRM-15%UC-AOE/instance-out.sql,CZ08,DMo,weighted,rDXGF,Ex,dxAC_equip,,RB-dxAC_equip-spltAC-SEER-BA-rDXGF-NoLRM-15%UC-AOE,DMo&0&rDXGF&Ex&dxAC_equip,RB-dxAC_equip-spltAC-SEER-BA-rDXGF-NoLRM-15%UC-AOE,55.86,110.95,38670.76,76813.05,38670.76,2951.34,6240.12,3129.96,0.0,12980.689999999999,0.0,2214.66,0.0,0.0,0.0,0.0,11153.99,0.0,0.0,0.0,6240.12,2951.34,0.0,5167.03,7813.66,0.0,4.33,230.77,31197420.651969653
runs/CZ08/DMo&0&rDXGF&Ex&dxAC_equip/RB-dxAC_equip-spltAC-SEER-BA-rDXGF-NoLRM-22.5%UC-AOE/instance-out.sql,CZ08,DMo,weighted,rDXGF,Ex,dxAC_equip,,RB-dxAC_equip-spltAC-SEER-BA-rDXGF-NoLRM-22.5%UC-AOE,DMo&0&rDXGF&Ex&dxAC_equip,RB-dxAC_equip-spltAC-SEER-BA-rDXGF-NoLRM-22.5%UC-AOE,56.74,113.75,39283.66,78754.09,39283.66,2951.34,6853.02,3129.96,0.0,12980.689999999999,0.0,2214.66,0.0,0.0,0.0,0.0,11153.99,0.0,0.0,0.0,6853.02,2951.34,0.0,5167.03,7813.66,0.0,4.33,230.77,33347843.23719453
runs/CZ08/DMo&0&rDXHP&Ex&dxHP_equip/RB-dxHP_equip-spltHP-SEER-BA-rDXHP-NoLRM-0%UC-AOE/instance-out.sql,CZ08,DMo,weighted,rDXHP,Ex,dxHP_equip,,RB-dxHP_equip-spltHP-SEER-BA-rDXHP-NoLRM-0%UC-AOE,DMo&0&rDXHP&Ex&dxHP_equip,RB-dxHP_equip-spltHP-SEER-BA-rDXHP-NoLRM-0%UC-AOE,51.54,106.16,35678.55,73494.33,35678.55,1077.56,5017.45,3129.96,0.0,12980.689999999999,0.0,2323.69,0.0,0.0,0.0,0.0,11149.2,0.0,0.0,1077.56,5017.45,0.0,0.0,5167.03,7813.66,0.0,4.33,230.77,26896590.971409794
runs/CZ08/DMo&0&rDXGF&Ex&dxAC_equip/RB-dxAC_equip-spltAC-SEER-BA-rDXGF-NoLRM-30%UC-AOE/instance-out.sql,CZ08,DMo,weighted,rDXGF,Ex,dxAC_equip,,RB-dxAC_equip-spltAC-SEER-BA-rDXGF-NoLRM-30%UC-AOE,DMo&0&rDXGF&Ex&dxAC_equip,RB-dxAC_equip-spltAC-SEER-BA-rDXGF-NoLRM-30%UC-AOE,57.63,116.56,39896.56,80695.14,39896.56,2951.34,7465.92,3129.96,0.0,12980.689999999999,0.0,2214.66,0.0,0.0,0.0,0.0,11153.99,0.0,0.0,0.0,7465.92,2951.34,0.0,5167.03,7813.66,0.0,4.33,230.77,35498265.808119856
runs/CZ08/DMo&0&rDXGF&Ex&dxAC_equip/RB-dxAC_equip-spltAC-SEER-BA-rDXGF-NoLRM-40%UC-AOE/instance-out.sql,CZ08,DMo,weighted,rDXGF,Ex,dxAC_equip,,RB-dxAC_equip-spltAC-SEER-BA-rDXGF-NoLRM-40%UC-AOE,DMo&0&rDXGF&Ex&dxAC_equip,RB-dxAC_equip-spltAC-SEER-BA-rDXGF-NoLRM-40%UC-AOE,58.81,120.3,40713.75,83283.2,40713.75,2951.34,8283.11,3129.96,0.0,12980.689999999999,0.0,2214.66,0.0,0.0,0.0,0.0,11153.99,0.0,0.0,0.0,8283.11,2951.34,0.0,5167.03,7813.66,0.0,4.33,230.77,38365495.91898081
runs/CZ08/DMo&0&rDXHP&Ex&dxHP_equip/RB-dxHP_equip-spltHP-SEER-BA-rDXHP-NoLRM-0%UC-NR/instance-out.sql,CZ08,DMo,weighted,rDXHP,Ex,dxHP_equip,,RB-dxHP_equip-spltHP-SEER-BA-rDXHP-NoLRM-0%UC-NR,DMo&0&rDXHP&Ex&dxHP_equip,RB-dxHP_equip-spltHP-SEER-BA-rDXHP-NoLRM-0%UC-NR,50.53,102.96,34979.27,71279.71,34979.270000000004,868.81,4526.91,3129.96,0.0,12980.689999999999,0.0,2323.69,0.0,0.0,0.0,0.0,11149.2,0.0,0.0,868.81,4526.91,0.0,0.0,5167.03,7813.66,0.0,4.33,230.77,25176569.167221136
runs/CZ08/DMo&0&rDXGF&Ex&dxAC_equip/RB-dxAC_equip-spltAC-SEER-BA-rDXGF-NoLRM-0%UC-NR/instance-out.sql,CZ08,DMo,weighted,rDXGF,Ex,dxAC_equip,,RB-dxAC_equip-spltAC-SEER-BA-rDXGF-NoLRM-0%UC-NR,DMo&0&rDXGF&Ex&dxAC_equip,RB-dxAC_equip-spltAC-SEER-BA-rDXGF-NoLRM-0%UC-NR,53.38,103.1,36954.74,71378.4,36954.740000000005,2951.34,4524.1,3129.96,0.0,12980.689999999999,0.0,2214.66,0.0,0.0,0.0,0.0,11153.99,0.0,0.0,0.0,4524.1,2951.34,0.0,5167.03,7813.66,0.0,4.33,230.77,25176555.0817062
runs/CZ08/DMo&0&rDXHP&Ex&dxHP_equip/RB-dxHP_equip-spltHP-SEER-BA-rDXHP-NoLRM-22.5%UC-AOE/instance-out.sql,CZ08,DMo,weighted,rDXHP,Ex,dxHP_equip,,RB-dxHP_equip-spltHP-SEER-BA-rDXHP-NoLRM-22.5%UC-AOE,DMo&0&rDXHP&Ex&dxHP_equip,RB-dxHP_equip-spltHP-SEER-BA-rDXHP-NoLRM-22.5%UC-AOE,54.0,113.96,37383.2,78892.95,37383.2,942.37,6857.28,3129.96,0.0,12980.689999999999,0.0,2323.69,0.0,0.0,0.0,0.0,11149.2,0.0,0.0,942.37,6857.28,0.0,0.0,5167.03,7813.66,0.0,4.33,230.77,33347863.94646513
runs/CZ08/DMo&0&rDXHP&Ex&dxHP_equip/RB-dxHP_equip-spltHP-SEER-BA-rDXHP-LRM-LSC-NR/instance-out.sql,CZ08,DMo,weighted,rDXHP,Ex,dxHP_equip,,RB-dxHP_equip-spltHP-SEER-BA-rDXHP-LRM-LSC-NR,DMo&0&rDXHP&Ex&dxHP_equip,RB-dxHP_equip-spltHP-SEER-BA-rDXHP-LRM-LSC-NR,50.01,101.32,34621.36,70146.19,34621.35,901.91,4135.9,3129.96,0.0,12980.689999999999,0.0,2323.69,0.0,0.0,0.0,0.0,11149.2,0.0,0.0,901.91,4135.9,0.0,0.0,5167.03,7813.66,0.0,4.33,230.77,23805503.470718578
runs/CZ08/DMo&0&rDXHP&Ex&dxHP_equip/RB-dxHP_equip-spltHP-SEER-BA-rDXHP-NoLRM-30%UC-AOE/instance-out.sql,CZ08,DMo,weighted,rDXHP,Ex,dxHP_equip,,RB-dxHP_equip-spltHP-SEER-BA-rDXHP-NoLRM-30%UC-AOE,DMo&0&rDXHP&Ex&dxHP_equip,RB-dxHP_equip-spltHP-SEER-BA-rDXHP-NoLRM-30%UC-AOE,54.8,116.49,37937.53,80648.52,37937.53,883.43,7470.56,3129.96,0.0,12980.689999999999,0.0,2323.69,0.0,0.0,0.0,0.0,11149.2,0.0,0.0,883.43,7470.56,0.0,0.0,5167.03,7813.66,0.0,4.33,230.77,35498288.26055181
runs/CZ08/DMo&0&rDXHP&Ex&dxHP_equip/RB-dxHP_equip-spltHP-SEER-BA-rDXHP-NoLRM-0%UC-NC/instance-out.sql,CZ08,DMo,weighted,rDXHP,Ex,dxHP_equip,,RB-dxHP_equip-spltHP-SEER-BA-rDXHP-NoLRM-0%UC-NC,DMo&0&rDXHP&Ex&dxHP_equip,RB-dxHP_equip-spltHP-SEER-BA-rDXHP-NoLRM-0%UC-NC,50.53,102.96,34979.27,71279.71,34979.270000000004,868.81,4526.91,3129.96,0.0,12980.689999999999,0.0,2323.69,0.0,0.0,0.0,0.0,11149.2,0.0,0.0,868.81,4526.91,0.0,0.0,5167.03,7813.66,0.0,4.33,230.77,25176569.167221136
runs/CZ08/DMo&0&rDXHP&Ex&dxHP_equip/RB-dxHP_equip-spltHP-SEER-BA-rDXHP-LRM-LSC-AOE/instance-out.sql,CZ08,DMo,weighted,rDXHP,Ex,dxHP_equip,,RB-dxHP_equip-spltHP-SEER-BA-rDXHP-LRM-LSC-AOE,DMo&0&rDXHP&Ex&dxHP_equip,RB-dxHP_equip-spltHP-SEER-BA-rDXHP-LRM-LSC-AOE,50.97,104.37,35286.82,72253.73,35286.82,1119.22,4584.06,3129.96,0.0,12980.689999999999,0.0,2323.69,0.0,0.0,0.0,0.0,11149.2,0.0,0.0,1119.22,4584.06,0.0,0.0,5167.03,7813.66,0.0,4.33,230.77,25376957.7811436
runs/CZ08/DMo&0&rDXHP&Ex&dxHP_equip/RB-dxHP_equip-spltHP-SEER-BA-rDXHP-LRM-LSC-NC/instance-out.sql,CZ08,DMo,weighted,rDXHP,Ex,dxHP_equip,,RB-dxHP_equip-spltHP-SEER-BA-rDXHP-LRM-LSC-NC,DMo&0&rDXHP&Ex&dxHP_equip,RB-dxHP_equip-spltHP-SEER-BA-rDXHP-LRM-LSC-NC,50.01,101.32,34621.36,70146.19,34621.35,901.91,4135.9,3129.96,0.0,12980.689999999999,0.0,2323.69,0.0,0.0,0.0,0.0,11149.2,0.0,0.0,901.91,4135.9,0.0,0.0,5167.03,7813.66,0.0,4.33,230.77,23805503.470718578
runs/CZ08/DMo&0&rDXHP&Ex&dxHP_equip/RB-dxHP_equip-spltHP-SEER-BA-rDXHP-NoLRM-15%UC-AOE/instance-out.sql,CZ08,DMo,weighted,rDXHP,Ex,dxHP_equip,,RB-dxHP_equip-spltHP-SEER-BA-rDXHP-NoLRM-15%UC-AOE,DMo&0&rDXHP&Ex&dxHP_equip,RB-dxHP_equip-spltHP-SEER-BA-rDXHP-NoLRM-15%UC-AOE,53.2,111.42,36828.87,77137.39,36828.869999999995,1001.32,6244.0,3129.96,0.0,12980.689999999999,0.0,2323.69,0.0,0.0,0.0,0.0,11149.2,0.0,0.0,1001.32,6244.0,0.0,0.0,5167.03,7813.66,0.0,4.33,230.77,31197439.61807889
runs/CZ08/DMo&0&rDXGF&Ex&dxAC_equip/RB-dxAC_equip-spltAC-SEER-BA-rDXGF-NoLRM-7.5%UC-AOE/instance-out.sql,CZ08,DMo,weighted,rDXGF,Ex,dxAC_equip,,RB-dxAC_equip-spltAC-SEER-BA-rDXGF-NoLRM-7.5%UC-AOE,DMo&0&rDXGF&Ex&dxAC_equip,RB-dxAC_equip-spltAC-SEER-BA-rDXGF-NoLRM-7.5%UC-AOE,54.97,108.15,38057.86,74872.0,38057.869999999995,2951.34,5627.22,3129.96,0.0,12980.689999999999,0.0,2214.66,0.0,0.0,0.0,0.0,11153.99,0.0,0.0,0.0,5627.22,2951.34,0.0,5167.03,7813.66,0.0,4.33,230.77,29046998.068260577
runs/CZ09/DMo&0&rDXGF&Ex&dxAC_equip/RB-dxAC_equip-spltAC-SEER-BA-rDXGF-NoLRM-0%UC-AOE/instance-out.sql,CZ09,DMo,weighted,rDXGF,Ex,dxAC_equip,,RB-dxAC_equip-spltAC-SEER-BA-rDXGF-NoLRM-0%UC-AOE,DMo&0&rDXGF&Ex&dxAC_equip,RB-dxAC_equip-spltAC-SEER-BA-rDXGF-NoLRM-0%UC-AOE,59.31,113.73,41060.84,78736.37,41060.84,5662.14,5578.7,3129.96,0.0,12980.689999999999,0.0,2555.62,0.0,0.0,0.0,0.0,11153.73,0.0,0.0,0.0,5578.7,5662.14,0.0,5167.03,7813.66,0.0,27.67,230.77,32120299.52273557
runs/CZ09/DMo&0&rDXGF&Ex&dxAC_equip/RB-dxAC_equip-spltAC-SEER-BA-rDXGF-LRM-LSC-AOE/instance-out.sql,CZ09,DMo,weighted,rDXGF,Ex,dxAC_equip,,RB-dxAC_equip-spltAC-SEER-BA-rDXGF-LRM-LSC-AOE,DMo&0&rDXGF&Ex&dxAC_equip,RB-dxAC_equip-spltAC-SEER-BA-rDXGF-LRM-LSC-AOE,58.61,111.53,40578.98,77210.31,40578.979999999996,5662.14,5096.84,3129.96,0.0,12980.689999999999,0.0,2555.62,0.0,0.0,0.0,0.0,11153.73,0.0,0.0,0.0,5096.84,5662.14,0.0,5167.03,7813.66,0.0,27.67,230.77,30163383.599537022
runs/CZ08/DMo&0&rDXHP&Ex&dxHP_equip/RB-dxHP_equip-spltHP-SEER-BA-rDXHP-NoLRM-7.5%UC-AOE/instance-out.sql,CZ08,DMo,weighted,rDXHP,Ex,dxHP_equip,,RB-dxHP_equip-spltHP-SEER-BA-rDXHP-NoLRM-7.5%UC-AOE,DMo&0&rDXHP&Ex&dxHP_equip,RB-dxHP_equip-spltHP-SEER-BA-rDXHP-NoLRM-7.5%UC-AOE,52.4,108.88,36274.54,75381.82,36274.54,1060.27,5630.72,3129.96,0.0,12980.689999999999,0.0,2323.69,0.0,0.0,0.0,0.0,11149.2,0.0,0.0,1060.27,5630.72,0.0,0.0,5167.03,7813.66,0.0,4.33,230.77,29047015.291208453
runs/CZ09/DMo&0&rDXGF&Ex&dxAC_equip/RB-dxAC_equip-spltAC-SEER-BA-rDXGF-LRM-LSC-NR/instance-out.sql,CZ09,DMo,weighted,rDXGF,Ex,dxAC_equip,,RB-dxAC_equip-spltAC-SEER-BA-rDXGF-LRM-LSC-NR,DMo&0&rDXGF&Ex&dxAC_equip,RB-dxAC_equip-spltAC-SEER-BA-rDXGF-LRM-LSC-NR,57.89,109.25,40080.68,75632.22,40080.68,5662.14,4598.54,3129.96,0.0,12980.689999999999,0.0,2555.62,0.0,0.0,0.0,0.0,11153.73,0.0,0.0,0.0,4598.54,5662.14,0.0,5167.03,7813.66,0.0,27.67,230.77,28139734.74641411
runs/CZ08/DMo&0&rDXHP&Ex&dxHP_equip/RB-dxHP_equip-spltHP-SEER-BA-rDXHP-NoLRM-40%UC-AOE/instance-out.sql,CZ08,DMo,weighted,rDXHP,Ex,dxHP_equip,,RB-dxHP_equip-spltHP-SEER-BA-rDXHP-NoLRM-40%UC-AOE,DMo&0&rDXHP&Ex&dxHP_equip,RB-dxHP_equip-spltHP-SEER-BA-rDXHP-NoLRM-40%UC-AOE,55.87,119.87,38676.64,82989.28,38676.64,804.83,8288.26,3129.96,0.0,12980.689999999999,0.0,2323.69,0.0,0.0,0.0,0.0,11149.2,0.0,0.0,804.83,8288.26,0.0,0.0,5167.03,7813.66,0.0,4.33,230.77,38365520.6956279
runs/CZ09/DMo&0&rDXGF&Ex&dxAC_equip/RB-dxAC_equip-spltAC-SEER-BA-rDXGF-NoLRM-40%UC-AOE/instance-out.sql,CZ09,DMo,weighted,rDXGF,Ex,dxAC_equip,,RB-dxAC_equip-spltAC-SEER-BA-rDXGF-NoLRM-40%UC-AOE,DMo&0&rDXGF&Ex&dxAC_equip,RB-dxAC_equip-spltAC-SEER-BA-rDXGF-NoLRM-40%UC-AOE,64.56,130.37,44697.54,90253.78,44697.53999999999,5662.14,9215.39,3129.96,0.0,12980.689999999999,0.0,2555.62,0.0,0.0,0.0,0.0,11153.73,0.0,0.0,0.0,9215.39,5662.14,0.0,5167.03,7813.66,0.0,27.67,230.77,46889476.28402752
runs/CZ09/DMo&0&rDXGF&Ex&dxAC_equip/RB-dxAC_equip-spltAC-SEER-BA-rDXGF-NoLRM-0%UC-NR/instance-out.sql,CZ09,DMo,weighted,rDXGF,Ex,dxAC_equip,,RB-dxAC_equip-spltAC-SEER-BA-rDXGF-NoLRM-0%UC-NR,DMo&0&rDXGF&Ex&dxAC_equip,RB-dxAC_equip-spltAC-SEER-BA-rDXGF-NoLRM-0%UC-NR,58.52,111.23,40515.44,77009.08,40515.44,5662.14,5033.29,3129.96,0.0,12980.689999999999,0.0,2555.62,0.0,0.0,0.0,0.0,11153.73,0.0,0.0,0.0,5033.29,5662.14,0.0,5167.03,7813.66,0.0,27.67,230.77,29905332.069783423
runs/CZ09/DMo&0&rDXGF&Ex&dxAC_equip/RB-dxAC_equip-spltAC-SEER-BA-rDXGF-NoLRM-22.5%UC-AOE/instance-out.sql,CZ09,DMo,weighted,rDXGF,Ex,dxAC_equip,,RB-dxAC_equip-spltAC-SEER-BA-rDXGF-NoLRM-22.5%UC-AOE,DMo&0&rDXGF&Ex&dxAC_equip,RB-dxAC_equip-spltAC-SEER-BA-rDXGF-NoLRM-22.5%UC-AOE,62.26,123.09,43106.48,85214.92,43106.479999999996,5662.14,7624.34,3129.96,0.0,12980.689999999999,0.0,2555.62,0.0,0.0,0.0,0.0,11153.73,0.0,0.0,0.0,7624.34,5662.14,0.0,5167.03,7813.66,0.0,27.67,230.77,40427961.45763628
runs/CZ09/DMo&0&rDXGF&Ex&dxAC_equip/RB-dxAC_equip-spltAC-SEER-BA-rDXGF-NoLRM-15%UC-AOE/instance-out.sql,CZ09,DMo,weighted,rDXGF,Ex,dxAC_equip,,RB-dxAC_equip-spltAC-SEER-BA-rDXGF-NoLRM-15%UC-AOE,DMo&0&rDXGF&Ex&dxAC_equip,RB-dxAC_equip-spltAC-SEER-BA-rDXGF-NoLRM-15%UC-AOE,61.28,119.97,42424.6,83055.4,42424.6,5662.14,6942.46,3129.96,0.0,12980.689999999999,0.0,2555.62,0.0,0.0,0.0,0.0,11153.73,0.0,0.0,0.0,6942.46,5662.14,0.0,5167.03,7813.66,0.0,27.67,230.77,37658740.80833248
runs/CZ09/DMo&0&rDXGF&Ex&dxAC_equip/RB-dxAC_equip-spltAC-SEER-BA-rDXGF-NoLRM-30%UC-AOE/instance-out.sql,CZ09,DMo,weighted,rDXGF,Ex,dxAC_equip,,RB-dxAC_equip-spltAC-SEER-BA-rDXGF-NoLRM-30%UC-AOE,DMo&0&rDXGF&Ex&dxAC_equip,RB-dxAC_equip-spltAC-SEER-BA-rDXGF-NoLRM-30%UC-AOE,63.25,126.21,43788.36,87374.43,43788.36,5662.14,8306.22,3129.96,0.0,12980.689999999999,0.0,2555.62,0.0,0.0,0.0,0.0,11153.73,0.0,0.0,0.0,8306.22,5662.14,0.0,5167.03,7813.66,0.0,27.67,230.77,43197182.08852574
runs/CZ09/DMo&0&rDXGF&Ex&dxAC_equip/RB-dxAC_equip-spltAC-SEER-BA-rDXGF-NoLRM-7.5%UC-AOE/instance-out.sql,CZ09,DMo,weighted,rDXGF,Ex,dxAC_equip,,RB-dxAC_equip-spltAC-SEER-BA-rDXGF-NoLRM-7.5%UC-AOE,DMo&0&rDXGF&Ex&dxAC_equip,RB-dxAC_equip-spltAC-SEER-BA-rDXGF-NoLRM-7.5%UC-AOE,60.29,116.85,41742.72,80895.89,41742.72,5662.14,6260.58,3129.96,0.0,12980.689999999999,0.0,2555.62,0.0,0.0,0.0,0.0,11153.73,0.0,0.0,0.0,6260.58,5662.14,0.0,5167.03,7813.66,0.0,27.67,230.77,34889520.16098067
runs/CZ09/DMo&0&rDXHP&Ex&dxHP_equip/RB-dxHP_equip-spltHP-SEER-BA-rDXHP-NoLRM-0%UC-AOE/instance-out.sql,CZ09,DMo,weighted,rDXHP,Ex,dxHP_equip,,RB-dxHP_equip-spltHP-SEER-BA-rDXHP-NoLRM-0%UC-AOE,DMo&0&rDXHP&Ex&dxHP_equip,RB-dxHP_equip-spltHP-SEER-BA-rDXHP-NoLRM-0%UC-AOE,54.33,115.03,37615.65,79637.44,37615.649999999994,2002.33,5582.15,3129.96,0.0,12980.689999999999,0.0,2775.31,0.0,0.0,0.0,0.0,11145.21,0.0,0.0,2002.33,5582.15,0.0,0.0,5167.03,7813.66,0.0,27.67,230.77,32120310.29115473
runs/CZ09/DMo&0&rDXHP&Ex&dxHP_equip/RB-dxHP_equip-spltHP-SEER-BA-rDXHP-NoLRM-0%UC-NR/instance-out.sql,CZ09,DMo,weighted,rDXHP,Ex,dxHP_equip,,RB-dxHP_equip-spltHP-SEER-BA-rDXHP-NoLRM-0%UC-NR,DMo&0&rDXHP&Ex&dxHP_equip,RB-dxHP_equip-spltHP-SEER-BA-rDXHP-NoLRM-0%UC-NR,52.97,110.72,36673.85,76654.74,36673.84,1606.26,5036.41,3129.96,0.0,12980.689999999999,0.0,2775.31,0.0,0.0,0.0,0.0,11145.21,0.0,0.0,1606.26,5036.41,0.0,0.0,5167.03,7813.66,0.0,27.67,230.77,29905341.7415092
runs/CZ09/DMo&0&rDXHP&Ex&dxHP_equip/RB-dxHP_equip-spltHP-SEER-BA-rDXHP-NoLRM-22.5%UC-AOE/instance-out.sql,CZ09,DMo,weighted,rDXHP,Ex,dxHP_equip,,RB-dxHP_equip-spltHP-SEER-BA-rDXHP-NoLRM-22.5%UC-AOE,DMo&0&rDXHP&Ex&dxHP_equip,RB-dxHP_equip-spltHP-SEER-BA-rDXHP-NoLRM-22.5%UC-AOE,56.92,123.22,39406.07,85307.68,39406.06,1745.83,7629.06,3129.96,0.0,12980.689999999999,0.0,2775.31,0.0,0.0,0.0,0.0,11145.21,0.0,0.0,1745.83,7629.06,0.0,0.0,5167.03,7813.66,0.0,27.67,230.77,40427976.33941517
runs/CZ09/DMo&0&rDXHP&Ex&dxHP_equip/RB-dxHP_equip-spltHP-SEER-BA-rDXHP-LRM-LSC-AOE/instance-out.sql,CZ09,DMo,weighted,rDXHP,Ex,dxHP_equip,,RB-dxHP_equip-spltHP-SEER-BA-rDXHP-LRM-LSC-AOE,DMo&0&rDXHP&Ex&dxHP_equip,RB-dxHP_equip-spltHP-SEER-BA-rDXHP-LRM-LSC-AOE,53.75,113.19,37212.53,78360.75,37212.53,2081.36,5099.99,3129.96,0.0,12980.689999999999,0.0,2775.31,0.0,0.0,0.0,0.0,11145.21,0.0,0.0,2081.36,5099.99,0.0,0.0,5167.03,7813.66,0.0,27.67,230.77,30163393.39903145
runs/CZ09/DMo&0&rDXHP&Ex&dxHP_equip/RB-dxHP_equip-spltHP-SEER-BA-rDXHP-LRM-LSC-NR/instance-out.sql,CZ09,DMo,weighted,rDXHP,Ex,dxHP_equip,,RB-dxHP_equip-spltHP-SEER-BA-rDXHP-LRM-LSC-NR,DMo&0&rDXHP&Ex&dxHP_equip,RB-dxHP_equip-spltHP-SEER-BA-rDXHP-LRM-LSC-NR,52.44,109.02,36301.62,75475.91,36301.619999999995,1669.06,4601.39,3129.96,0.0,12980.689999999999,0.0,2775.31,0.0,0.0,0.0,0.0,11145.21,0.0,0.0,1669.06,4601.39,0.0,0.0,5167.03,7813.66,0.0,27.67,230.77,28139743.54394243
runs/CZ09/DMo&0&rDXHP&Ex&dxHP_equip/RB-dxHP_equip-spltHP-SEER-BA-rDXHP-LRM-LSC-NC/instance-out.sql,CZ09,DMo,weighted,rDXHP,Ex,dxHP_equip,,RB-dxHP_equip-spltHP-SEER-BA-rDXHP-LRM-LSC-NC,DMo&0&rDXHP&Ex&dxHP_equip,RB-dxHP_equip-spltHP-SEER-BA-rDXHP-LRM-LSC-NC,52.44,109.02,36301.62,75475.91,36301.619999999995,1669.06,4601.39,3129.96,0.0,12980.689999999999,0.0,2775.31,0.0,0.0,0.0,0.0,11145.21,0.0,0.0,1669.06,4601.39,0.0,0.0,5167.03,7813.66,0.0,27.67,230.77,28139743.54394243
runs/CZ09/DMo&0&rDXHP&Ex&dxHP_equip/RB-dxHP_equip-spltHP-SEER-BA-rDXHP-NoLRM-30%UC-AOE/instance-out.sql,CZ09,DMo,weighted,rDXHP,Ex,dxHP_equip,,RB-dxHP_equip-spltHP-SEER-BA-rDXHP-NoLRM-30%UC-AOE,DMo&0&rDXHP&Ex&dxHP_equip,RB-dxHP_equip-spltHP-SEER-BA-rDXHP-NoLRM-30%UC-AOE,57.74,125.83,39976.53,87114.32,39976.520000000004,1633.99,8311.36,3129.96,0.0,12980.689999999999,0.0,2775.31,0.0,0.0,0.0,0.0,11145.21,0.0,0.0,1633.99,8311.36,0.0,0.0,5167.03,7813.66,0.0,27.67,230.77,43197198.34142453
runs/CZ09/DMo&0&rDXHP&Ex&dxHP_equip/RB-dxHP_equip-spltHP-SEER-BA-rDXHP-NoLRM-40%UC-AOE/instance-out.sql,CZ09,DMo,weighted,rDXHP,Ex,dxHP_equip,,RB-dxHP_equip-spltHP-SEER-BA-rDXHP-NoLRM-40%UC-AOE,DMo&0&rDXHP&Ex&dxHP_equip,RB-dxHP_equip-spltHP-SEER-BA-rDXHP-NoLRM-40%UC-AOE,58.84,129.31,40737.14,89523.18,40737.13,1484.87,9221.1,3129.96,0.0,12980.689999999999,0.0,2775.31,0.0,0.0,0.0,0.0,11145.21,0.0,0.0,1484.87,9221.1,0.0,0.0,5167.03,7813.66,0.0,27.67,230.77,46889494.36508618
runs/CZ09/DMo&0&rDXHP&Ex&dxHP_equip/RB-dxHP_equip-spltHP-SEER-BA-rDXHP-NoLRM-15%UC-AOE/instance-out.sql,CZ09,DMo,weighted,rDXHP,Ex,dxHP_equip,,RB-dxHP_equip-spltHP-SEER-BA-rDXHP-NoLRM-15%UC-AOE,DMo&0&rDXHP&Ex&dxHP_equip,RB-dxHP_equip-spltHP-SEER-BA-rDXHP-NoLRM-15%UC-AOE,56.1,120.61,38835.61,83501.04,38835.6,1857.68,6946.75,3129.96,0.0,12980.689999999999,0.0,2775.31,0.0,0.0,0.0,0.0,11145.21,0.0,0.0,1857.68,6946.75,0.0,0.0,5167.03,7813.66,0.0,27.67,230.77,37658754.31899146
runs/CZ09/DMo&0&rDXHP&Ex&dxHP_equip/RB-dxHP_equip-spltHP-SEER-BA-rDXHP-NoLRM-0%UC-NC/instance-out.sql,CZ09,DMo,weighted,rDXHP,Ex,dxHP_equip,,RB-dxHP_equip-spltHP-SEER-BA-rDXHP-NoLRM-0%UC-NC,DMo&0&rDXHP&Ex&dxHP_equip,RB-dxHP_equip-spltHP-SEER-BA-rDXHP-NoLRM-0%UC-NC,52.97,110.72,36673.85,76654.74,36673.84,1606.26,5036.41,3129.96,0.0,12980.689999999999,0.0,2775.31,0.0,0.0,0.0,0.0,11145.21,0.0,0.0,1606.26,5036.41,0.0,0.0,5167.03,7813.66,0.0,27.67,230.77,29905341.7415092
runs/CZ10/DMo&0&rDXGF&Ex&dxAC_equip/RB-dxAC_equip-spltAC-SEER-BA-rDXGF-LRM-LSC-AOE/instance-out.sql,CZ10,DMo,weighted,rDXGF,Ex,dxAC_equip,,RB-dxAC_equip-spltAC-SEER-BA-rDXGF-LRM-LSC-AOE,DMo&0&rDXGF&Ex&dxAC_equip,RB-dxAC_equip-spltAC-SEER-BA-rDXGF-LRM-LSC-AOE,58.29,107.86,40352.74,74675.19,40352.74,6579.94,4333.19,3129.96,0.0,12980.689999999999,0.0,2219.95,0.0,0.0,0.0,0.0,11109.01,0.0,0.0,0.0,4333.19,6579.94,0.0,5167.03,7813.66,0.0,0.0,230.77,25265568.95598571
runs/CZ09/DMo&0&rDXHP&Ex&dxHP_equip/RB-dxHP_equip-spltHP-SEER-BA-rDXHP-NoLRM-7.5%UC-AOE/instance-out.sql,CZ09,DMo,weighted,rDXHP,Ex,dxHP_equip,,RB-dxHP_equip-spltHP-SEER-BA-rDXHP-NoLRM-7.5%UC-AOE,DMo&0&rDXHP&Ex&dxHP_equip,RB-dxHP_equip-spltHP-SEER-BA-rDXHP-NoLRM-7.5%UC-AOE,55.27,118.0,38265.15,81694.39,38265.149999999994,1969.52,6264.45,3129.96,0.0,12980.689999999999,0.0,2775.31,0.0,0.0,0.0,0.0,11145.21,0.0,0.0,1969.52,6264.45,0.0,0.0,5167.03,7813.66,0.0,27.67,230.77,34889532.300519735
runs/CZ10/DMo&0&rDXGF&Ex&dxAC_equip/RB-dxAC_equip-spltAC-SEER-BA-rDXGF-NoLRM-0%UC-AOE/instance-out.sql,CZ10,DMo,weighted,rDXGF,Ex,dxAC_equip,,RB-dxAC_equip-spltAC-SEER-BA-rDXGF-NoLRM-0%UC-AOE,DMo&0&rDXGF&Ex&dxAC_equip,RB-dxAC_equip-spltAC-SEER-BA-rDXGF-NoLRM-0%UC-AOE,58.88,109.74,40762.4,75972.6,40762.41,6579.94,4742.86,3129.96,0.0,12980.689999999999,0.0,2219.95,0.0,0.0,0.0,0.0,11109.01,0.0,0.0,0.0,4742.86,6579.94,0.0,5167.03,7813.66,0.0,0.0,230.77,26773868.418704245
runs/CZ10/DMo&0&rDXGF&Ex&dxAC_equip/RB-dxAC_equip-spltAC-SEER-BA-rDXGF-NoLRM-22.5%UC-AOE/instance-out.sql,CZ10,DMo,weighted,rDXGF,Ex,dxAC_equip,,RB-dxAC_equip-spltAC-SEER-BA-rDXGF-NoLRM-22.5%UC-AOE,DMo&0&rDXGF&Ex&dxAC_equip,RB-dxAC_equip-spltAC-SEER-BA-rDXGF-NoLRM-22.5%UC-AOE,61.39,117.69,42501.55,81480.49,42501.56,6579.94,6482.01,3129.96,0.0,12980.689999999999,0.0,2219.95,0.0,0.0,0.0,0.0,11109.01,0.0,0.0,0.0,6482.01,6579.94,0.0,5167.03,7813.66,0.0,0.0,230.77,33177026.512679573
runs/CZ10/DMo&0&rDXGF&Ex&dxAC_equip/RB-dxAC_equip-spltAC-SEER-BA-rDXGF-LRM-LSC-NR/instance-out.sql,CZ10,DMo,weighted,rDXGF,Ex,dxAC_equip,,RB-dxAC_equip-spltAC-SEER-BA-rDXGF-LRM-LSC-NR,DMo&0&rDXGF&Ex&dxAC_equip,RB-dxAC_equip-spltAC-SEER-BA-rDXGF-LRM-LSC-NR,57.67,105.93,39929.1,73333.54,39929.11,6579.94,3909.56,3129.96,0.0,12980.689999999999,0.0,2219.95,0.0,0.0,0.0,0.0,11109.01,0.0,0.0,0.0,3909.56,6579.94,0.0,5167.03,7813.66,0.0,0.0,230.77,23705834.86536245
runs/CZ10/DMo&0&rDXGF&Ex&dxAC_equip/RB-dxAC_equip-spltAC-SEER-BA-rDXGF-NoLRM-15%UC-AOE/instance-out.sql,CZ10,DMo,weighted,rDXGF,Ex,dxAC_equip,,RB-dxAC_equip-spltAC-SEER-BA-rDXGF-NoLRM-15%UC-AOE,DMo&0&rDXGF&Ex&dxAC_equip,RB-dxAC_equip-spltAC-SEER-BA-rDXGF-NoLRM-15%UC-AOE,60.55,115.04,41921.84,79644.53,41921.84,6579.94,5902.29,3129.96,0.0,12980.689999999999,0.0,2219.95,0.0,0.0,0.0,0.0,11109.01,0.0,0.0,0.0,5902.29,6579.94,0.0,5167.03,7813.66,0.0,0.0,230.77,31042640.478011787
runs/CZ10/DMo&0&rDXGF&Ex&dxAC_equip/RB-dxAC_equip-spltAC-SEER-BA-rDXGF-NoLRM-0%UC-NR/instance-out.sql,CZ10,DMo,weighted,rDXGF,Ex,dxAC_equip,,RB-dxAC_equip-spltAC-SEER-BA-rDXGF-NoLRM-0%UC-NR,DMo&0&rDXGF&Ex&dxAC_equip,RB-dxAC_equip-spltAC-SEER-BA-rDXGF-NoLRM-0%UC-NR,58.21,107.62,40298.72,74504.11,40298.72,6579.94,4279.17,3129.96,0.0,12980.689999999999,0.0,2219.95,0.0,0.0,0.0,0.0,11109.01,0.0,0.0,0.0,4279.17,6579.94,0.0,5167.03,7813.66,0.0,0.0,230.77,25066674.880329728
runs/CZ10/DMo&0&rDXHP&Ex&dxHP_equip/RB-dxHP_equip-spltHP-SEER-BA-rDXHP-LRM-LSC-NR/instance-out.sql,CZ10,DMo,weighted,rDXHP,Ex,dxHP_equip,,RB-dxHP_equip-spltHP-SEER-BA-rDXHP-LRM-LSC-NR,DMo&0&rDXHP&Ex&dxHP_equip,RB-dxHP_equip-spltHP-SEER-BA-rDXHP-LRM-LSC-NR,51.41,105.9,35589.51,73318.35,35589.51,1988.66,3910.91,3129.96,0.0,12980.689999999999,0.0,2480.98,0.0,0.0,0.0,0.0,11098.31,0.0,0.0,1988.66,3910.91,0.0,0.0,5167.03,7813.66,0.0,0.0,230.77,23705837.111023635
runs/CZ10/DMo&0&rDXGF&Ex&dxAC_equip/RB-dxAC_equip-spltAC-SEER-BA-rDXGF-NoLRM-30%UC-AOE/instance-out.sql,CZ10,DMo,weighted,rDXGF,Ex,dxAC_equip,,RB-dxAC_equip-spltAC-SEER-BA-rDXGF-NoLRM-30%UC-AOE,DMo&0&rDXGF&Ex&dxAC_equip,RB-dxAC_equip-spltAC-SEER-BA-rDXGF-NoLRM-30%UC-AOE,62.23,120.34,43081.27,83316.45,43081.270000000004,6579.94,7061.73,3129.96,0.0,12980.689999999999,0.0,2219.95,0.0,0.0,0.0,0.0,11109.01,0.0,0.0,0.0,7061.73,6579.94,0.0,5167.03,7813.66,0.0,0.0,230.77,35311412.53315444
runs/CZ10/DMo&0&rDXGF&Ex&dxAC_equip/RB-dxAC_equip-spltAC-SEER-BA-rDXGF-NoLRM-40%UC-AOE/instance-out.sql,CZ10,DMo,weighted,rDXGF,Ex,dxAC_equip,,RB-dxAC_equip-spltAC-SEER-BA-rDXGF-NoLRM-40%UC-AOE,DMo&0&rDXGF&Ex&dxAC_equip,RB-dxAC_equip-spltAC-SEER-BA-rDXGF-NoLRM-40%UC-AOE,63.34,123.88,43854.23,85764.4,43854.229999999996,6579.94,7834.68,3129.96,0.0,12980.689999999999,0.0,2219.95,0.0,0.0,0.0,0.0,11109.01,0.0,0.0,0.0,7834.68,6579.94,0.0,5167.03,7813.66,0.0,0.0,230.77,38157260.5766266
runs/CZ10/DMo&0&rDXHP&Ex&dxHP_equip/RB-dxHP_equip-spltHP-SEER-BA-rDXHP-LRM-LSC-AOE/instance-out.sql,CZ10,DMo,weighted,rDXHP,Ex,dxHP_equip,,RB-dxHP_equip-spltHP-SEER-BA-rDXHP-LRM-LSC-AOE,DMo&0&rDXHP&Ex&dxHP_equip,RB-dxHP_equip-spltHP-SEER-BA-rDXHP-LRM-LSC-AOE,52.73,110.09,36503.64,76213.4,36503.64,2479.01,4334.7,3129.96,0.0,12980.689999999999,0.0,2480.98,0.0,0.0,0.0,0.0,11098.31,0.0,0.0,2479.01,4334.7,0.0,0.0,5167.03,7813.66,0.0,0.0,230.77,25265571.327964183
runs/CZ10/DMo&0&rDXHP&Ex&dxHP_equip/RB-dxHP_equip-spltHP-SEER-BA-rDXHP-NoLRM-0%UC-NR/instance-out.sql,CZ10,DMo,weighted,rDXHP,Ex,dxHP_equip,,RB-dxHP_equip-spltHP-SEER-BA-rDXHP-NoLRM-0%UC-NR,DMo&0&rDXHP&Ex&dxHP_equip,RB-dxHP_equip-spltHP-SEER-BA-rDXHP-NoLRM-0%UC-NR,51.83,107.25,35884.56,74252.79,35884.57,1913.98,4280.66,3129.96,0.0,12980.689999999999,0.0,2480.98,0.0,0.0,0.0,0.0,11098.31,0.0,0.0,1913.98,4280.66,0.0,0.0,5167.03,7813.66,0.0,0.0,230.77,25066677.236200478
runs/CZ10/DMo&0&rDXHP&Ex&dxHP_equip/RB-dxHP_equip-spltHP-SEER-BA-rDXHP-NoLRM-0%UC-AOE/instance-out.sql,CZ10,DMo,weighted,rDXHP,Ex,dxHP_equip,,RB-dxHP_equip-spltHP-SEER-BA-rDXHP-NoLRM-0%UC-AOE,DMo&0&rDXHP&Ex&dxHP_equip,RB-dxHP_equip-spltHP-SEER-BA-rDXHP-NoLRM-0%UC-AOE,53.18,111.53,36819.45,77213.58,36819.45,2385.01,4744.5,3129.96,0.0,12980.689999999999,0.0,2480.98,0.0,0.0,0.0,0.0,11098.31,0.0,0.0,2385.01,4744.5,0.0,0.0,5167.03,7813.66,0.0,0.0,230.77,26773870.9128345
runs/CZ10/DMo&0&rDXHP&Ex&dxHP_equip/RB-dxHP_equip-spltHP-SEER-BA-rDXHP-NoLRM-15%UC-AOE/instance-out.sql,CZ10,DMo,weighted,rDXHP,Ex,dxHP_equip,,RB-dxHP_equip-spltHP-SEER-BA-rDXHP-NoLRM-15%UC-AOE,DMo&0&rDXHP&Ex&dxHP_equip,RB-dxHP_equip-spltHP-SEER-BA-rDXHP-NoLRM-15%UC-AOE,54.61,116.05,37807.25,80341.95,37807.26,2212.98,5904.34,3129.96,0.0,12980.689999999999,0.0,2480.98,0.0,0.0,0.0,0.0,11098.31,0.0,0.0,2212.98,5904.34,0.0,0.0,5167.03,7813.66,0.0,0.0,230.77,31042643.31785463
runs/CZ10/DMo&0&rDXHP&Ex&dxHP_equip/RB-dxHP_equip-spltHP-SEER-BA-rDXHP-NoLRM-22.5%UC-AOE/instance-out.sql,CZ10,DMo,weighted,rDXHP,Ex,dxHP_equip,,RB-dxHP_equip-spltHP-SEER-BA-rDXHP-NoLRM-22.5%UC-AOE,DMo&0&rDXHP&Ex&dxHP_equip,RB-dxHP_equip-spltHP-SEER-BA-rDXHP-NoLRM-22.5%UC-AOE,55.26,118.09,38254.16,81757.29,38254.16,2079.97,6484.26,3129.96,0.0,12980.689999999999,0.0,2480.98,0.0,0.0,0.0,0.0,11098.31,0.0,0.0,2079.97,6484.26,0.0,0.0,5167.03,7813.66,0.0,0.0,230.77,33177029.525378715
runs/CZ10/DMo&0&rDXGF&Ex&dxAC_equip/RB-dxAC_equip-spltAC-SEER-BA-rDXGF-NoLRM-7.5%UC-AOE/instance-out.sql,CZ10,DMo,weighted,rDXGF,Ex,dxAC_equip,,RB-dxAC_equip-spltAC-SEER-BA-rDXGF-NoLRM-7.5%UC-AOE,DMo&0&rDXGF&Ex&dxAC_equip,RB-dxAC_equip-spltAC-SEER-BA-rDXGF-NoLRM-7.5%UC-AOE,59.72,112.39,41342.12,77808.57,41342.12,6579.94,5322.58,3129.96,0.0,12980.689999999999,0.0,2219.95,0.0,0.0,0.0,0.0,11109.01,0.0,0.0,0.0,5322.58,6579.94,0.0,5167.03,7813.66,0.0,0.0,230.77,28908254.444848508
runs/CZ10/DMo&0&rDXHP&Ex&dxHP_equip/RB-dxHP_equip-spltHP-SEER-BA-rDXHP-LRM-LSC-NC/instance-out.sql,CZ10,DMo,weighted,rDXHP,Ex,dxHP_equip,,RB-dxHP_equip-spltHP-SEER-BA-rDXHP-LRM-LSC-NC,DMo&0&rDXHP&Ex&dxHP_equip,RB-dxHP_equip-spltHP-SEER-BA-rDXHP-LRM-LSC-NC,51.41,105.9,35589.51,73318.35,35589.51,1988.66,3910.91,3129.96,0.0,12980.689999999999,0.0,2480.98,0.0,0.0,0.0,0.0,11098.31,0.0,0.0,1988.66,3910.91,0.0,0.0,5167.03,7813.66,0.0,0.0,230.77,23705837.111023635
runs/CZ10/DMo&0&rDXHP&Ex&dxHP_equip/RB-dxHP_equip-spltHP-SEER-BA-rDXHP-NoLRM-40%UC-AOE/instance-out.sql,CZ10,DMo,weighted,rDXHP,Ex,dxHP_equip,,RB-dxHP_equip-spltHP-SEER-BA-rDXHP-NoLRM-40%UC-AOE,DMo&0&rDXHP&Ex&dxHP_equip,RB-dxHP_equip-spltHP-SEER-BA-rDXHP-NoLRM-40%UC-AOE,56.76,122.86,39296.93,85059.75,39296.93,1769.6,7837.4,3129.96,0.0,12980.689999999999,0.0,2480.98,0.0,0.0,0.0,0.0,11098.31,0.0,0.0,1769.6,7837.4,0.0,0.0,5167.03,7813.66,0.0,0.0,230.77,38157263.992657095
runs/CZ10/DMo&0&rDXHP&Ex&dxHP_equip/RB-dxHP_equip-spltHP-SEER-BA-rDXHP-NoLRM-0%UC-NC/instance-out.sql,CZ10,DMo,weighted,rDXHP,Ex,dxHP_equip,,RB-dxHP_equip-spltHP-SEER-BA-rDXHP-NoLRM-0%UC-NC,DMo&0&rDXHP&Ex&dxHP_equip,RB-dxHP_equip-spltHP-SEER-BA-rDXHP-NoLRM-0%UC-NC,51.83,107.25,35884.56,74252.79,35884.57,1913.98,4280.66,3129.96,0.0,12980.689999999999,0.0,2480.98,0.0,0.0,0.0,0.0,11098.31,0.0,0.0,1913.98,4280.66,0.0,0.0,5167.03,7813.66,0.0,0.0,230.77,25066677.236200478
runs/CZ11/DMo&0&rDXGF&Ex&dxAC_equip/RB-dxAC_equip-spltAC-SEER-BA-rDXGF-NoLRM-22.5%UC-AOE/instance-out.sql,CZ11,DMo,weighted,rDXGF,Ex,dxAC_equip,,RB-dxAC_equip-spltAC-SEER-BA-rDXGF-NoLRM-22.5%UC-AOE,DMo&0&rDXGF&Ex&dxAC_equip,RB-dxAC_equip-spltAC-SEER-BA-rDXGF-NoLRM-22.5%UC-AOE,76.02,146.48,52626.23,101413.19,52626.229999999996,12274.32,9848.85,3129.96,0.0,12980.689999999999,0.0,3153.42,0.0,0.0,0.0,0.0,11238.99,0.0,0.0,0.0,9848.85,12274.32,0.0,5167.03,7813.66,0.0,6.67,230.77,38149092.822260216
runs/CZ10/DMo&0&rDXHP&Ex&dxHP_equip/RB-dxHP_equip-spltHP-SEER-BA-rDXHP-NoLRM-30%UC-AOE/instance-out.sql,CZ10,DMo,weighted,rDXHP,Ex,dxHP_equip,,RB-dxHP_equip-spltHP-SEER-BA-rDXHP-NoLRM-30%UC-AOE,DMo&0&rDXHP&Ex&dxHP_equip,RB-dxHP_equip-spltHP-SEER-BA-rDXHP-NoLRM-30%UC-AOE,55.9,120.14,38701.06,83172.63,38701.06,1946.95,7064.17,3129.96,0.0,12980.689999999999,0.0,2480.98,0.0,0.0,0.0,0.0,11098.31,0.0,0.0,1946.95,7064.17,0.0,0.0,5167.03,7813.66,0.0,0.0,230.77,35311415.718709886
runs/CZ11/DMo&0&rDXGF&Ex&dxAC_equip/RB-dxAC_equip-spltAC-SEER-BA-rDXGF-NoLRM-30%UC-AOE/instance-out.sql,CZ11,DMo,weighted,rDXGF,Ex,dxAC_equip,,RB-dxAC_equip-spltAC-SEER-BA-rDXGF-NoLRM-30%UC-AOE,DMo&0&rDXGF&Ex&dxAC_equip,RB-dxAC_equip-spltAC-SEER-BA-rDXGF-NoLRM-30%UC-AOE,77.29,150.51,53507.06,104202.78,53507.06,12274.32,10729.68,3129.96,0.0,12980.689999999999,0.0,3153.42,0.0,0.0,0.0,0.0,11238.99,0.0,0.0,0.0,10729.68,12274.32,0.0,5167.03,7813.66,0.0,6.67,230.77,40709776.67517998
runs/CZ10/DMo&0&rDXHP&Ex&dxHP_equip/RB-dxHP_equip-spltHP-SEER-BA-rDXHP-NoLRM-7.5%UC-AOE/instance-out.sql,CZ10,DMo,weighted,rDXHP,Ex,dxHP_equip,,RB-dxHP_equip-spltHP-SEER-BA-rDXHP-NoLRM-7.5%UC-AOE,DMo&0&rDXHP&Ex&dxHP_equip,RB-dxHP_equip-spltHP-SEER-BA-rDXHP-NoLRM-7.5%UC-AOE,53.96,114.0,37360.35,78926.61,37360.350000000006,2346.0,5324.42,3129.96,0.0,12980.689999999999,0.0,2480.98,0.0,0.0,0.0,0.0,11098.31,0.0,0.0,2346.0,5324.42,0.0,0.0,5167.03,7813.66,0.0,0.0,230.77,28908257.11183505
runs/CZ11/DMo&0&rDXGF&Ex&dxAC_equip/RB-dxAC_equip-spltAC-SEER-BA-rDXGF-LRM-LSC-NR/instance-out.sql,CZ11,DMo,weighted,rDXGF,Ex,dxAC_equip,,RB-dxAC_equip-spltAC-SEER-BA-rDXGF-LRM-LSC-NR,DMo&0&rDXGF&Ex&dxAC_equip,RB-dxAC_equip-spltAC-SEER-BA-rDXGF-LRM-LSC-NR,70.37,128.6,48717.62,89034.61,48717.61,12274.32,5940.23,3129.96,0.0,12980.689999999999,0.0,3153.42,0.0,0.0,0.0,0.0,11238.99,0.0,0.0,0.0,5940.23,12274.32,0.0,5167.03,7813.66,0.0,6.67,230.77,26786233.76745923
runs/CZ11/DMo&0&rDXGF&Ex&dxAC_equip/RB-dxAC_equip-spltAC-SEER-BA-rDXGF-NoLRM-0%UC-AOE/instance-out.sql,CZ11,DMo,weighted,rDXGF,Ex,dxAC_equip,,RB-dxAC_equip-spltAC-SEER-BA-rDXGF-NoLRM-0%UC-AOE,DMo&0&rDXGF&Ex&dxAC_equip,RB-dxAC_equip-spltAC-SEER-BA-rDXGF-NoLRM-0%UC-AOE,72.2,134.4,49983.75,93044.44,49983.75,12274.32,7206.36,3129.96,0.0,12980.689999999999,0.0,3153.42,0.0,0.0,0.0,0.0,11238.99,0.0,0.0,0.0,7206.36,12274.32,0.0,5167.03,7813.66,0.0,6.67,230.77,30467041.224448886
runs/CZ11/DMo&0&rDXGF&Ex&dxAC_equip/RB-dxAC_equip-spltAC-SEER-BA-rDXGF-LRM-LSC-AOE/instance-out.sql,CZ11,DMo,weighted,rDXGF,Ex,dxAC_equip,,RB-dxAC_equip-spltAC-SEER-BA-rDXGF-LRM-LSC-AOE,DMo&0&rDXGF&Ex&dxAC_equip,RB-dxAC_equip-spltAC-SEER-BA-rDXGF-LRM-LSC-AOE,71.3,131.55,49361.29,91073.14,49361.29,12274.32,6583.91,3129.96,0.0,12980.689999999999,0.0,3153.42,0.0,0.0,0.0,0.0,11238.99,0.0,0.0,0.0,6583.91,12274.32,0.0,5167.03,7813.66,0.0,6.67,230.77,28657491.291821614
runs/CZ11/DMo&0&rDXGF&Ex&dxAC_equip/RB-dxAC_equip-spltAC-SEER-BA-rDXGF-NoLRM-0%UC-NR/instance-out.sql,CZ11,DMo,weighted,rDXGF,Ex,dxAC_equip,,RB-dxAC_equip-spltAC-SEER-BA-rDXGF-NoLRM-0%UC-NR,DMo&0&rDXGF&Ex&dxAC_equip,RB-dxAC_equip-spltAC-SEER-BA-rDXGF-NoLRM-0%UC-NR,71.18,131.17,49279.21,90813.19,49279.21000000001,12274.32,6501.83,3129.96,0.0,12980.689999999999,0.0,3153.42,0.0,0.0,0.0,0.0,11238.99,0.0,0.0,0.0,6501.83,12274.32,0.0,5167.03,7813.66,0.0,6.67,230.77,28418872.390138414
runs/CZ11/DMo&0&rDXGF&Ex&dxAC_equip/RB-dxAC_equip-spltAC-SEER-BA-rDXGF-NoLRM-15%UC-AOE/instance-out.sql,CZ11,DMo,weighted,rDXGF,Ex,dxAC_equip,,RB-dxAC_equip-spltAC-SEER-BA-rDXGF-NoLRM-15%UC-AOE,DMo&0&rDXGF&Ex&dxAC_equip,RB-dxAC_equip-spltAC-SEER-BA-rDXGF-NoLRM-15%UC-AOE,74.74,142.46,51745.4,98623.61,51745.4,12274.32,8968.02,3129.96,0.0,12980.689999999999,0.0,3153.42,0.0,0.0,0.0,0.0,11238.99,0.0,0.0,0.0,8968.02,12274.32,0.0,5167.03,7813.66,0.0,6.67,230.77,35588408.952312805
runs/CZ11/DMo&0&rDXHP&Ex&dxHP_equip/RB-dxHP_equip-spltHP-SEER-BA-rDXHP-LRM-LSC-NC/instance-out.sql,CZ11,DMo,weighted,rDXHP,Ex,dxHP_equip,,RB-dxHP_equip-spltHP-SEER-BA-rDXHP-LRM-LSC-NC,DMo&0&rDXHP&Ex&dxHP_equip,RB-dxHP_equip-spltHP-SEER-BA-rDXHP-LRM-LSC-NC,58.7,128.64,40641.29,89058.68,40641.3,3715.54,5941.82,3129.96,0.0,12980.689999999999,0.0,3650.8,0.0,0.0,0.0,0.0,11222.49,0.0,0.0,3715.54,5941.82,0.0,0.0,5167.03,7813.66,0.0,6.67,230.77,26786232.88570647
runs/CZ11/DMo&0&rDXGF&Ex&dxAC_equip/RB-dxAC_equip-spltAC-SEER-BA-rDXGF-NoLRM-40%UC-AOE/instance-out.sql,CZ11,DMo,weighted,rDXGF,Ex,dxAC_equip,,RB-dxAC_equip-spltAC-SEER-BA-rDXGF-NoLRM-40%UC-AOE,DMo&0&rDXGF&Ex&dxAC_equip,RB-dxAC_equip-spltAC-SEER-BA-rDXGF-NoLRM-40%UC-AOE,78.98,155.89,54681.5,107922.22,54681.5,12274.32,11904.11,3129.96,0.0,12980.689999999999,0.0,3153.42,0.0,0.0,0.0,0.0,11238.99,0.0,0.0,0.0,11904.11,12274.32,0.0,5167.03,7813.66,0.0,6.67,230.77,44124021.831808746
runs/CZ11/DMo&0&rDXGF&Ex&dxAC_equip/RB-dxAC_equip-spltAC-SEER-BA-rDXGF-NoLRM-7.5%UC-AOE/instance-out.sql,CZ11,DMo,weighted,rDXGF,Ex,dxAC_equip,,RB-dxAC_equip-spltAC-SEER-BA-rDXGF-NoLRM-7.5%UC-AOE,DMo&0&rDXGF&Ex&dxAC_equip,RB-dxAC_equip-spltAC-SEER-BA-rDXGF-NoLRM-7.5%UC-AOE,73.47,138.43,50864.57,95834.03,50864.57,12274.32,8087.19,3129.96,0.0,12980.689999999999,0.0,3153.42,0.0,0.0,0.0,0.0,11238.99,0.0,0.0,0.0,8087.19,12274.32,0.0,5167.03,7813.66,0.0,6.67,230.77,33027725.084170386
runs/CZ11/DMo&0&rDXHP&Ex&dxHP_equip/RB-dxHP_equip-spltHP-SEER-BA-rDXHP-NoLRM-30%UC-AOE/instance-out.sql,CZ11,DMo,weighted,rDXHP,Ex,dxHP_equip,,RB-dxHP_equip-spltHP-SEER-BA-rDXHP-NoLRM-30%UC-AOE,DMo&0&rDXHP&Ex&dxHP_equip,RB-dxHP_equip-spltHP-SEER-BA-rDXHP-NoLRM-30%UC-AOE,65.51,150.21,45356.29,103991.07,45356.29,3639.8,10732.55,3129.96,0.0,12980.689999999999,0.0,3650.8,0.0,0.0,0.0,0.0,11222.49,0.0,0.0,3639.8,10732.55,0.0,0.0,5167.03,7813.66,0.0,6.67,230.77,40709775.09947876
runs/CZ11/DMo&0&rDXHP&Ex&dxHP_equip/RB-dxHP_equip-spltHP-SEER-BA-rDXHP-LRM-LSC-AOE/instance-out.sql,CZ11,DMo,weighted,rDXHP,Ex,dxHP_equip,,RB-dxHP_equip-spltHP-SEER-BA-rDXHP-LRM-LSC-AOE,DMo&0&rDXHP&Ex&dxHP_equip,RB-dxHP_equip-spltHP-SEER-BA-rDXHP-LRM-LSC-AOE,60.92,135.66,42175.48,93917.46,42175.490000000005,4605.87,6585.67,3129.96,0.0,12980.689999999999,0.0,3650.8,0.0,0.0,0.0,0.0,11222.49,0.0,0.0,4605.87,6585.67,0.0,0.0,5167.03,7813.66,0.0,6.67,230.77,28657490.316805504
runs/CZ11/DMo&0&rDXHP&Ex&dxHP_equip/RB-dxHP_equip-spltHP-SEER-BA-rDXHP-LRM-LSC-NR/instance-out.sql,CZ11,DMo,weighted,rDXHP,Ex,dxHP_equip,,RB-dxHP_equip-spltHP-SEER-BA-rDXHP-LRM-LSC-NR,DMo&0&rDXHP&Ex&dxHP_equip,RB-dxHP_equip-spltHP-SEER-BA-rDXHP-LRM-LSC-NR,58.7,128.64,40641.29,89058.68,40641.3,3715.54,5941.82,3129.96,0.0,12980.689999999999,0.0,3650.8,0.0,0.0,0.0,0.0,11222.49,0.0,0.0,3715.54,5941.82,0.0,0.0,5167.03,7813.66,0.0,6.67,230.77,26786232.88570647
runs/CZ11/DMo&0&rDXHP&Ex&dxHP_equip/RB-dxHP_equip-spltHP-SEER-BA-rDXHP-NoLRM-15%UC-AOE/instance-out.sql,CZ11,DMo,weighted,rDXHP,Ex,dxHP_equip,,RB-dxHP_equip-spltHP-SEER-BA-rDXHP-NoLRM-15%UC-AOE,DMo&0&rDXHP&Ex&dxHP_equip,RB-dxHP_equip-spltHP-SEER-BA-rDXHP-NoLRM-15%UC-AOE,63.67,144.36,44077.19,99940.18,44077.2,4122.84,8970.42,3129.96,0.0,12980.689999999999,0.0,3650.8,0.0,0.0,0.0,0.0,11222.49,0.0,0.0,4122.84,8970.42,0.0,0.0,5167.03,7813.66,0.0,6.67,230.77,35588407.63186021
runs/CZ11/DMo&0&rDXHP&Ex&dxHP_equip/RB-dxHP_equip-spltHP-SEER-BA-rDXHP-NoLRM-40%UC-AOE/instance-out.sql,CZ11,DMo,weighted,rDXHP,Ex,dxHP_equip,,RB-dxHP_equip-spltHP-SEER-BA-rDXHP-NoLRM-40%UC-AOE,DMo&0&rDXHP&Ex&dxHP_equip,RB-dxHP_equip-spltHP-SEER-BA-rDXHP-NoLRM-40%UC-AOE,66.75,154.11,46209.01,106691.66,46209.020000000004,3317.78,11907.3,3129.96,0.0,12980.689999999999,0.0,3650.8,0.0,0.0,0.0,0.0,11222.49,0.0,0.0,3317.78,11907.3,0.0,0.0,5167.03,7813.66,0.0,6.67,230.77,44124020.08594177
runs/CZ11/DMo&0&rDXHP&Ex&dxHP_equip/RB-dxHP_equip-spltHP-SEER-BA-rDXHP-NoLRM-0%UC-NC/instance-out.sql,CZ11,DMo,weighted,rDXHP,Ex,dxHP_equip,,RB-dxHP_equip-spltHP-SEER-BA-rDXHP-NoLRM-0%UC-NC,DMo&0&rDXHP&Ex&dxHP_equip,RB-dxHP_equip-spltHP-SEER-BA-rDXHP-NoLRM-0%UC-NC,59.32,130.59,41067.43,90408.25,41067.43,3579.92,6503.57,3129.96,0.0,12980.689999999999,0.0,3650.8,0.0,0.0,0.0,0.0,11222.49,0.0,0.0,3579.92,6503.57,0.0,0.0,5167.03,7813.66,0.0,6.67,230.77,28418871.427015055
runs/CZ11/DMo&0&rDXHP&Ex&dxHP_equip/RB-dxHP_equip-spltHP-SEER-BA-rDXHP-NoLRM-0%UC-AOE/instance-out.sql,CZ11,DMo,weighted,rDXHP,Ex,dxHP_equip,,RB-dxHP_equip-spltHP-SEER-BA-rDXHP-NoLRM-0%UC-AOE,DMo&0&rDXHP&Ex&dxHP_equip,RB-dxHP_equip-spltHP-SEER-BA-rDXHP-NoLRM-0%UC-AOE,61.57,137.72,42627.43,95348.77,42627.43,4435.2,7208.29,3129.96,0.0,12980.689999999999,0.0,3650.8,0.0,0.0,0.0,0.0,11222.49,0.0,0.0,4435.2,7208.29,0.0,0.0,5167.03,7813.66,0.0,6.67,230.77,30467040.159244932
runs/CZ12/DMo&0&rDXGF&Ex&dxAC_equip/RB-dxAC_equip-spltAC-SEER-BA-rDXGF-NoLRM-0%UC-AOE/instance-out.sql,CZ12,DMo,weighted,rDXGF,Ex,dxAC_equip,,RB-dxAC_equip-spltAC-SEER-BA-rDXGF-NoLRM-0%UC-AOE,DMo&0&rDXGF&Ex&dxAC_equip,RB-dxAC_equip-spltAC-SEER-BA-rDXGF-NoLRM-0%UC-AOE,67.1,117.9,46456.57,81621.24,46456.57,12366.78,4410.49,3129.96,0.0,12980.689999999999,0.0,2300.84,0.0,0.0,0.0,0.0,11267.82,0.0,0.0,0.0,4410.49,12366.78,0.0,5167.03,7813.66,0.0,0.17,230.77,25783679.874499127
runs/CZ11/DMo&0&rDXHP&Ex&dxHP_equip/RB-dxHP_equip-spltHP-SEER-BA-rDXHP-NoLRM-22.5%UC-AOE/instance-out.sql,CZ11,DMo,weighted,rDXHP,Ex,dxHP_equip,,RB-dxHP_equip-spltHP-SEER-BA-rDXHP-NoLRM-22.5%UC-AOE,DMo&0&rDXHP&Ex&dxHP_equip,RB-dxHP_equip-spltHP-SEER-BA-rDXHP-NoLRM-22.5%UC-AOE,64.59,147.28,44716.74,101965.62,44716.740000000005,3881.32,9851.49,3129.96,0.0,12980.689999999999,0.0,3650.8,0.0,0.0,0.0,0.0,11222.49,0.0,0.0,3881.32,9851.49,0.0,0.0,5167.03,7813.66,0.0,6.67,230.77,38149091.374183305
runs/CZ11/DMo&0&rDXHP&Ex&dxHP_equip/RB-dxHP_equip-spltHP-SEER-BA-rDXHP-NoLRM-0%UC-NR/instance-out.sql,CZ11,DMo,weighted,rDXHP,Ex,dxHP_equip,,RB-dxHP_equip-spltHP-SEER-BA-rDXHP-NoLRM-0%UC-NR,DMo&0&rDXHP&Ex&dxHP_equip,RB-dxHP_equip-spltHP-SEER-BA-rDXHP-NoLRM-0%UC-NR,59.32,130.59,41067.43,90408.25,41067.43,3579.92,6503.57,3129.96,0.0,12980.689999999999,0.0,3650.8,0.0,0.0,0.0,0.0,11222.49,0.0,0.0,3579.92,6503.57,0.0,0.0,5167.03,7813.66,0.0,6.67,230.77,28418871.427015055
runs/CZ12/DMo&0&rDXGF&Ex&dxAC_equip/RB-dxAC_equip-spltAC-SEER-BA-rDXGF-LRM-LSC-AOE/instance-out.sql,CZ12,DMo,weighted,rDXGF,Ex,dxAC_equip,,RB-dxAC_equip-spltAC-SEER-BA-rDXGF-LRM-LSC-AOE,DMo&0&rDXGF&Ex&dxAC_equip,RB-dxAC_equip-spltAC-SEER-BA-rDXGF-LRM-LSC-AOE,66.55,116.15,46075.61,80414.75,46075.61,12366.78,4029.53,3129.96,0.0,12980.689999999999,0.0,2300.84,0.0,0.0,0.0,0.0,11267.82,0.0,0.0,0.0,4029.53,12366.78,0.0,5167.03,7813.66,0.0,0.17,230.77,24358751.778066203
runs/CZ11/DMo&0&rDXHP&Ex&dxHP_equip/RB-dxHP_equip-spltHP-SEER-BA-rDXHP-NoLRM-7.5%UC-AOE/instance-out.sql,CZ11,DMo,weighted,rDXHP,Ex,dxHP_equip,,RB-dxHP_equip-spltHP-SEER-BA-rDXHP-NoLRM-7.5%UC-AOE,DMo&0&rDXHP&Ex&dxHP_equip,RB-dxHP_equip-spltHP-SEER-BA-rDXHP-NoLRM-7.5%UC-AOE,62.74,141.43,43437.65,97914.74,43437.65,4364.36,8089.36,3129.96,0.0,12980.689999999999,0.0,3650.8,0.0,0.0,0.0,0.0,11222.49,0.0,0.0,4364.36,8089.36,0.0,0.0,5167.03,7813.66,0.0,6.67,230.77,33027723.89134211
runs/CZ12/DMo&0&rDXGF&Ex&dxAC_equip/RB-dxAC_equip-spltAC-SEER-BA-rDXGF-NoLRM-0%UC-NR/instance-out.sql,CZ12,DMo,weighted,rDXGF,Ex,dxAC_equip,,RB-dxAC_equip-spltAC-SEER-BA-rDXGF-NoLRM-0%UC-NR,DMo&0&rDXGF&Ex&dxAC_equip,RB-dxAC_equip-spltAC-SEER-BA-rDXGF-NoLRM-0%UC-NR,66.48,115.92,46025.38,80255.65,46025.37,12366.78,3979.29,3129.96,0.0,12980.689999999999,0.0,2300.84,0.0,0.0,0.0,0.0,11267.82,0.0,0.0,0.0,3979.29,12366.78,0.0,5167.03,7813.66,0.0,0.17,230.77,24170851.58740681
runs/CZ12/DMo&0&rDXGF&Ex&dxAC_equip/RB-dxAC_equip-spltAC-SEER-BA-rDXGF-NoLRM-7.5%UC-AOE/instance-out.sql,CZ12,DMo,weighted,rDXGF,Ex,dxAC_equip,,RB-dxAC_equip-spltAC-SEER-BA-rDXGF-NoLRM-7.5%UC-AOE,DMo&0&rDXGF&Ex&dxAC_equip,RB-dxAC_equip-spltAC-SEER-BA-rDXGF-NoLRM-7.5%UC-AOE,67.88,120.36,46995.66,83328.54,46995.66,12366.78,4949.58,3129.96,0.0,12980.689999999999,0.0,2300.84,0.0,0.0,0.0,0.0,11267.82,0.0,0.0,0.0,4949.58,12366.78,0.0,5167.03,7813.66,0.0,0.17,230.77,27800087.552457925
runs/CZ12/DMo&0&rDXGF&Ex&dxAC_equip/RB-dxAC_equip-spltAC-SEER-BA-rDXGF-NoLRM-22.5%UC-AOE/instance-out.sql,CZ12,DMo,weighted,rDXGF,Ex,dxAC_equip,,RB-dxAC_equip-spltAC-SEER-BA-rDXGF-NoLRM-22.5%UC-AOE,DMo&0&rDXGF&Ex&dxAC_equip,RB-dxAC_equip-spltAC-SEER-BA-rDXGF-NoLRM-22.5%UC-AOE,69.44,125.29,48073.84,86743.14,48073.84,12366.78,6027.76,3129.96,0.0,12980.689999999999,0.0,2300.84,0.0,0.0,0.0,0.0,11267.82,0.0,0.0,0.0,6027.76,12366.78,0.0,5167.03,7813.66,0.0,0.17,230.77,31832902.92305895
runs/CZ12/DMo&0&rDXGF&Ex&dxAC_equip/RB-dxAC_equip-spltAC-SEER-BA-rDXGF-LRM-LSC-NR/instance-out.sql,CZ12,DMo,weighted,rDXGF,Ex,dxAC_equip,,RB-dxAC_equip-spltAC-SEER-BA-rDXGF-LRM-LSC-NR,DMo&0&rDXGF&Ex&dxAC_equip,RB-dxAC_equip-spltAC-SEER-BA-rDXGF-LRM-LSC-NR,65.98,114.35,45681.66,79167.12,45681.66,12366.78,3635.58,3129.96,0.0,12980.689999999999,0.0,2300.84,0.0,0.0,0.0,0.0,11267.82,0.0,0.0,0.0,3635.58,12366.78,0.0,5167.03,7813.66,0.0,0.17,230.77,22885232.106655903
runs/CZ12/DMo&0&rDXHP&Ex&dxHP_equip/RB-dxHP_equip-spltHP-SEER-BA-rDXHP-LRM-LSC-NR/instance-out.sql,CZ12,DMo,weighted,rDXHP,Ex,dxHP_equip,,RB-dxHP_equip-spltHP-SEER-BA-rDXHP-LRM-LSC-NR,DMo&0&rDXHP&Ex&dxHP_equip,RB-dxHP_equip-spltHP-SEER-BA-rDXHP-LRM-LSC-NR,54.24,114.41,37548.07,79206.23,37548.07,3772.57,3637.03,3129.96,0.0,12980.689999999999,0.0,2778.35,0.0,0.0,0.0,0.0,11249.48,0.0,0.0,3772.57,3637.03,0.0,0.0,5167.03,7813.66,0.0,0.17,230.77,22885249.414268404
runs/CZ12/DMo&0&rDXGF&Ex&dxAC_equip/RB-dxAC_equip-spltAC-SEER-BA-rDXGF-NoLRM-15%UC-AOE/instance-out.sql,CZ12,DMo,weighted,rDXGF,Ex,dxAC_equip,,RB-dxAC_equip-spltAC-SEER-BA-rDXGF-NoLRM-15%UC-AOE,DMo&0&rDXGF&Ex&dxAC_equip,RB-dxAC_equip-spltAC-SEER-BA-rDXGF-NoLRM-15%UC-AOE,68.66,122.83,47534.75,85035.84,47534.75,12366.78,5488.67,3129.96,0.0,12980.689999999999,0.0,2300.84,0.0,0.0,0.0,0.0,11267.82,0.0,0.0,0.0,5488.67,12366.78,0.0,5167.03,7813.66,0.0,0.17,230.77,29816495.23704777
runs/CZ12/DMo&0&rDXGF&Ex&dxAC_equip/RB-dxAC_equip-spltAC-SEER-BA-rDXGF-NoLRM-30%UC-AOE/instance-out.sql,CZ12,DMo,weighted,rDXGF,Ex,dxAC_equip,,RB-dxAC_equip-spltAC-SEER-BA-rDXGF-NoLRM-30%UC-AOE,DMo&0&rDXGF&Ex&dxAC_equip,RB-dxAC_equip-spltAC-SEER-BA-rDXGF-NoLRM-30%UC-AOE,70.22,127.76,48612.93,88450.44,48612.93,12366.78,6566.85,3129.96,0.0,12980.689999999999,0.0,2300.84,0.0,0.0,0.0,0.0,11267.82,0.0,0.0,0.0,6566.85,12366.78,0.0,5167.03,7813.66,0.0,0.17,230.77,33849310.59566173
runs/CZ12/DMo&0&rDXGF&Ex&dxAC_equip/RB-dxAC_equip-spltAC-SEER-BA-rDXGF-NoLRM-40%UC-AOE/instance-out.sql,CZ12,DMo,weighted,rDXGF,Ex,dxAC_equip,,RB-dxAC_equip-spltAC-SEER-BA-rDXGF-NoLRM-40%UC-AOE,DMo&0&rDXGF&Ex&dxAC_equip,RB-dxAC_equip-spltAC-SEER-BA-rDXGF-NoLRM-40%UC-AOE,71.26,131.05,49331.72,90726.84,49331.72,12366.78,7285.64,3129.96,0.0,12980.689999999999,0.0,2300.84,0.0,0.0,0.0,0.0,11267.82,0.0,0.0,0.0,7285.64,12366.78,0.0,5167.03,7813.66,0.0,0.17,230.77,36537854.17441052
runs/CZ12/DMo&0&rDXHP&Ex&dxHP_equip/RB-dxHP_equip-spltHP-SEER-BA-rDXHP-LRM-LSC-AOE/instance-out.sql,CZ12,DMo,weighted,rDXHP,Ex,dxHP_equip,,RB-dxHP_equip-spltHP-SEER-BA-rDXHP-LRM-LSC-AOE,DMo&0&rDXHP&Ex&dxHP_equip,RB-dxHP_equip-spltHP-SEER-BA-rDXHP-LRM-LSC-AOE,56.12,120.38,38854.14,83342.56,38854.149999999994,4684.53,4031.13,3129.96,0.0,12980.689999999999,0.0,2778.35,0.0,0.0,0.0,0.0,11249.48,0.0,0.0,4684.53,4031.13,0.0,0.0,5167.03,7813.66,0.0,0.17,230.77,24358770.537556253
runs/CZ12/DMo&0&rDXHP&Ex&dxHP_equip/RB-dxHP_equip-spltHP-SEER-BA-rDXHP-LRM-LSC-NC/instance-out.sql,CZ12,DMo,weighted,rDXHP,Ex,dxHP_equip,,RB-dxHP_equip-spltHP-SEER-BA-rDXHP-LRM-LSC-NC,DMo&0&rDXHP&Ex&dxHP_equip,RB-dxHP_equip-spltHP-SEER-BA-rDXHP-LRM-LSC-NC,54.24,114.41,37548.07,79206.23,37548.07,3772.57,3637.03,3129.96,0.0,12980.689999999999,0.0,2778.35,0.0,0.0,0.0,0.0,11249.48,0.0,0.0,3772.57,3637.03,0.0,0.0,5167.03,7813.66,0.0,0.17,230.77,22885249.414268404
runs/CZ12/DMo&0&rDXHP&Ex&dxHP_equip/RB-dxHP_equip-spltHP-SEER-BA-rDXHP-NoLRM-0%UC-NR/instance-out.sql,CZ12,DMo,weighted,rDXHP,Ex,dxHP_equip,,RB-dxHP_equip-spltHP-SEER-BA-rDXHP-NoLRM-0%UC-NR,DMo&0&rDXHP&Ex&dxHP_equip,RB-dxHP_equip-spltHP-SEER-BA-rDXHP-NoLRM-0%UC-NR,54.53,115.35,37753.02,79855.28,37753.020000000004,3633.66,3980.88,3129.96,0.0,12980.689999999999,0.0,2778.35,0.0,0.0,0.0,0.0,11249.48,0.0,0.0,3633.66,3980.88,0.0,0.0,5167.03,7813.66,0.0,0.17,230.77,24170870.16175643
runs/CZ12/DMo&0&rDXHP&Ex&dxHP_equip/RB-dxHP_equip-spltHP-SEER-BA-rDXHP-NoLRM-15%UC-AOE/instance-out.sql,CZ12,DMo,weighted,rDXHP,Ex,dxHP_equip,,RB-dxHP_equip-spltHP-SEER-BA-rDXHP-NoLRM-15%UC-AOE,DMo&0&rDXHP&Ex&dxHP_equip,RB-dxHP_equip-spltHP-SEER-BA-rDXHP-NoLRM-15%UC-AOE,57.52,124.8,39819.09,86398.55,39819.1,4189.76,5490.85,3129.96,0.0,12980.689999999999,0.0,2778.35,0.0,0.0,0.0,0.0,11249.48,0.0,0.0,4189.76,5490.85,0.0,0.0,5167.03,7813.66,0.0,0.17,230.77,29816519.374121398
runs/CZ12/DMo&0&rDXHP&Ex&dxHP_equip/RB-dxHP_equip-spltHP-SEER-BA-rDXHP-NoLRM-0%UC-AOE/instance-out.sql,CZ12,DMo,weighted,rDXHP,Ex,dxHP_equip,,RB-dxHP_equip-spltHP-SEER-BA-rDXHP-NoLRM-0%UC-AOE,DMo&0&rDXHP&Ex&dxHP_equip,RB-dxHP_equip-spltHP-SEER-BA-rDXHP-NoLRM-0%UC-AOE,56.42,121.33,39060.43,83995.88,39060.44,4509.71,4412.24,3129.96,0.0,12980.689999999999,0.0,2778.35,0.0,0.0,0.0,0.0,11249.48,0.0,0.0,4509.71,4412.24,0.0,0.0,5167.03,7813.66,0.0,0.17,230.77,25783700.037988834
runs/CZ12/DMo&0&rDXHP&Ex&dxHP_equip/RB-dxHP_equip-spltHP-SEER-BA-rDXHP-NoLRM-40%UC-AOE/instance-out.sql,CZ12,DMo,weighted,rDXHP,Ex,dxHP_equip,,RB-dxHP_equip-spltHP-SEER-BA-rDXHP-NoLRM-40%UC-AOE,DMo&0&rDXHP&Ex&dxHP_equip,RB-dxHP_equip-spltHP-SEER-BA-rDXHP-NoLRM-40%UC-AOE,58.92,129.25,40792.16,89480.25,40792.16,3365.15,7288.53,3129.96,0.0,12980.689999999999,0.0,2778.35,0.0,0.0,0.0,0.0,11249.48,0.0,0.0,3365.15,7288.53,0.0,0.0,5167.03,7813.66,0.0,0.17,230.77,36537884.934124015
runs/CZ12/DMo&0&rDXHP&Ex&dxHP_equip/RB-dxHP_equip-spltHP-SEER-BA-rDXHP-NoLRM-0%UC-NC/instance-out.sql,CZ12,DMo,weighted,rDXHP,Ex,dxHP_equip,,RB-dxHP_equip-spltHP-SEER-BA-rDXHP-NoLRM-0%UC-NC,DMo&0&rDXHP&Ex&dxHP_equip,RB-dxHP_equip-spltHP-SEER-BA-rDXHP-NoLRM-0%UC-NC,54.53,115.35,37753.02,79855.28,37753.020000000004,3633.66,3980.88,3129.96,0.0,12980.689999999999,0.0,2778.35,0.0,0.0,0.0,0.0,11249.48,0.0,0.0,3633.66,3980.88,0.0,0.0,5167.03,7813.66,0.0,0.17,230.77,24170870.16175643
runs/CZ12/DMo&0&rDXHP&Ex&dxHP_equip/RB-dxHP_equip-spltHP-SEER-BA-rDXHP-NoLRM-22.5%UC-AOE/instance-out.sql,CZ12,DMo,weighted,rDXHP,Ex,dxHP_equip,,RB-dxHP_equip-spltHP-SEER-BA-rDXHP-NoLRM-22.5%UC-AOE,DMo&0&rDXHP&Ex&dxHP_equip,RB-dxHP_equip-spltHP-SEER-BA-rDXHP-NoLRM-22.5%UC-AOE,57.94,126.13,40111.01,87323.06,40111.020000000004,3942.38,6030.15,3129.96,0.0,12980.689999999999,0.0,2778.35,0.0,0.0,0.0,0.0,11249.48,0.0,0.0,3942.38,6030.15,0.0,0.0,5167.03,7813.66,0.0,0.17,230.77,31832929.046924546
runs/CZ13/DMo&0&rDXGF&Ex&dxAC_equip/RB-dxAC_equip-spltAC-SEER-BA-rDXGF-NoLRM-40%UC-AOE/instance-out.sql,CZ13,DMo,weighted,rDXGF,Ex,dxAC_equip,,RB-dxAC_equip-spltAC-SEER-BA-rDXGF-NoLRM-40%UC-AOE,DMo&0&rDXGF&Ex&dxAC_equip,RB-dxAC_equip-spltAC-SEER-BA-rDXGF-NoLRM-40%UC-AOE,77.41,156.81,53589.46,108560.93,53589.46,10408.51,12692.41,3129.96,0.0,12980.689999999999,0.0,3240.06,0.0,0.0,0.0,0.0,11137.83,0.0,0.0,0.0,12692.41,10408.51,0.0,5167.03,7813.66,0.0,5.17,230.77,47911434.64798449
runs/CZ13/DMo&0&rDXGF&Ex&dxAC_equip/RB-dxAC_equip-spltAC-SEER-BA-rDXGF-LRM-LSC-NR/instance-out.sql,CZ13,DMo,weighted,rDXGF,Ex,dxAC_equip,,RB-dxAC_equip-spltAC-SEER-BA-rDXGF-LRM-LSC-NR,DMo&0&rDXGF&Ex&dxAC_equip,RB-dxAC_equip-spltAC-SEER-BA-rDXGF-LRM-LSC-NR,68.22,127.72,47230.65,88422.58,47230.65,10408.51,6333.59,3129.96,0.0,12980.689999999999,0.0,3240.06,0.0,0.0,0.0,0.0,11137.83,0.0,0.0,0.0,6333.59,10408.51,0.0,5167.03,7813.66,0.0,5.17,230.77,28676900.740499914
runs/CZ12/DMo&0&rDXHP&Ex&dxHP_equip/RB-dxHP_equip-spltHP-SEER-BA-rDXHP-NoLRM-30%UC-AOE/instance-out.sql,CZ12,DMo,weighted,rDXHP,Ex,dxHP_equip,,RB-dxHP_equip-spltHP-SEER-BA-rDXHP-NoLRM-30%UC-AOE,DMo&0&rDXHP&Ex&dxHP_equip,RB-dxHP_equip-spltHP-SEER-BA-rDXHP-NoLRM-30%UC-AOE,58.36,127.47,40402.93,88247.57,40402.94,3694.99,6569.46,3129.96,0.0,12980.689999999999,0.0,2778.35,0.0,0.0,0.0,0.0,11249.48,0.0,0.0,3694.99,6569.46,0.0,0.0,5167.03,7813.66,0.0,0.17,230.77,33849338.70631929
runs/CZ13/DMo&0&rDXGF&Ex&dxAC_equip/RB-dxAC_equip-spltAC-SEER-BA-rDXGF-NoLRM-7.5%UC-AOE/instance-out.sql,CZ13,DMo,weighted,rDXGF,Ex,dxAC_equip,,RB-dxAC_equip-spltAC-SEER-BA-rDXGF-NoLRM-7.5%UC-AOE,DMo&0&rDXGF&Ex&dxAC_equip,RB-dxAC_equip-spltAC-SEER-BA-rDXGF-NoLRM-7.5%UC-AOE,71.53,138.19,49519.78,95672.25,49519.78,10408.51,8622.73,3129.96,0.0,12980.689999999999,0.0,3240.06,0.0,0.0,0.0,0.0,11137.83,0.0,0.0,0.0,8622.73,10408.51,0.0,5167.03,7813.66,0.0,5.17,230.77,35601208.26571452
runs/CZ13/DMo&0&rDXGF&Ex&dxAC_equip/RB-dxAC_equip-spltAC-SEER-BA-rDXGF-NoLRM-30%UC-AOE/instance-out.sql,CZ13,DMo,weighted,rDXGF,Ex,dxAC_equip,,RB-dxAC_equip-spltAC-SEER-BA-rDXGF-NoLRM-30%UC-AOE,DMo&0&rDXGF&Ex&dxAC_equip,RB-dxAC_equip-spltAC-SEER-BA-rDXGF-NoLRM-30%UC-AOE,75.6,151.08,52337.25,104595.18,52337.25,10408.51,11440.2,3129.96,0.0,12980.689999999999,0.0,3240.06,0.0,0.0,0.0,0.0,11137.83,0.0,0.0,0.0,11440.2,10408.51,0.0,5167.03,7813.66,0.0,5.17,230.77,44123672.68031593
runs/CZ13/DMo&0&rDXGF&Ex&dxAC_equip/RB-dxAC_equip-spltAC-SEER-BA-rDXGF-NoLRM-22.5%UC-AOE/instance-out.sql,CZ13,DMo,weighted,rDXGF,Ex,dxAC_equip,,RB-dxAC_equip-spltAC-SEER-BA-rDXGF-NoLRM-22.5%UC-AOE,DMo&0&rDXGF&Ex&dxAC_equip,RB-dxAC_equip-spltAC-SEER-BA-rDXGF-NoLRM-22.5%UC-AOE,74.24,146.78,51398.09,101620.87,51398.09,10408.51,10501.04,3129.96,0.0,12980.689999999999,0.0,3240.06,0.0,0.0,0.0,0.0,11137.83,0.0,0.0,0.0,10501.04,10408.51,0.0,5167.03,7813.66,0.0,5.17,230.77,41282851.22070828
runs/CZ12/DMo&0&rDXHP&Ex&dxHP_equip/RB-dxHP_equip-spltHP-SEER-BA-rDXHP-NoLRM-7.5%UC-AOE/instance-out.sql,CZ12,DMo,weighted,rDXHP,Ex,dxHP_equip,,RB-dxHP_equip-spltHP-SEER-BA-rDXHP-NoLRM-7.5%UC-AOE,DMo&0&rDXHP&Ex&dxHP_equip,RB-dxHP_equip-spltHP-SEER-BA-rDXHP-NoLRM-7.5%UC-AOE,57.09,123.46,39527.17,85474.04,39527.18,4437.15,4951.54,3129.96,0.0,12980.689999999999,0.0,2778.35,0.0,0.0,0.0,0.0,11249.48,0.0,0.0,4437.15,4951.54,0.0,0.0,5167.03,7813.66,0.0,0.17,230.77,27800109.702739585
runs/CZ13/DMo&0&rDXHP&Ex&dxHP_equip/RB-dxHP_equip-spltHP-SEER-BA-rDXHP-LRM-LSC-NC/instance-out.sql,CZ13,DMo,weighted,rDXHP,Ex,dxHP_equip,,RB-dxHP_equip-spltHP-SEER-BA-rDXHP-LRM-LSC-NC,DMo&0&rDXHP&Ex&dxHP_equip,RB-dxHP_equip-spltHP-SEER-BA-rDXHP-LRM-LSC-NC,58.37,127.88,40410.22,88536.33,40410.22,3180.92,6334.82,3129.96,0.0,12980.689999999999,0.0,3661.9,0.0,0.0,0.0,0.0,11121.93,0.0,0.0,3180.92,6334.82,0.0,0.0,5167.03,7813.66,0.0,5.17,230.77,28676859.903661277
runs/CZ13/DMo&0&rDXGF&Ex&dxAC_equip/RB-dxAC_equip-spltAC-SEER-BA-rDXGF-LRM-LSC-AOE/instance-out.sql,CZ13,DMo,weighted,rDXGF,Ex,dxAC_equip,,RB-dxAC_equip-spltAC-SEER-BA-rDXGF-LRM-LSC-AOE,DMo&0&rDXGF&Ex&dxAC_equip,RB-dxAC_equip-spltAC-SEER-BA-rDXGF-LRM-LSC-AOE,69.21,130.86,47916.95,90596.1,47916.95,10408.51,7019.9,3129.96,0.0,12980.689999999999,0.0,3240.06,0.0,0.0,0.0,0.0,11137.83,0.0,0.0,0.0,7019.9,10408.51,0.0,5167.03,7813.66,0.0,5.17,230.77,30752872.956124887
runs/CZ13/DMo&0&rDXGF&Ex&dxAC_equip/RB-dxAC_equip-spltAC-SEER-BA-rDXGF-NoLRM-0%UC-AOE/instance-out.sql,CZ13,DMo,weighted,rDXGF,Ex,dxAC_equip,,RB-dxAC_equip-spltAC-SEER-BA-rDXGF-NoLRM-0%UC-AOE,DMo&0&rDXGF&Ex&dxAC_equip,RB-dxAC_equip-spltAC-SEER-BA-rDXGF-NoLRM-0%UC-AOE,70.17,133.9,48580.62,92697.94,48580.619999999995,10408.51,7683.57,3129.96,0.0,12980.689999999999,0.0,3240.06,0.0,0.0,0.0,0.0,11137.83,0.0,0.0,0.0,7683.57,10408.51,0.0,5167.03,7813.66,0.0,5.17,230.77,32760386.798561033
runs/CZ13/DMo&0&rDXHP&Ex&dxHP_equip/RB-dxHP_equip-spltHP-SEER-BA-rDXHP-LRM-LSC-AOE/instance-out.sql,CZ13,DMo,weighted,rDXHP,Ex,dxHP_equip,,RB-dxHP_equip-spltHP-SEER-BA-rDXHP-LRM-LSC-AOE,DMo&0&rDXHP&Ex&dxHP_equip,RB-dxHP_equip-spltHP-SEER-BA-rDXHP-LRM-LSC-AOE,60.47,134.54,41864.32,93141.48,41864.32,3948.58,7021.26,3129.96,0.0,12980.689999999999,0.0,3661.9,0.0,0.0,0.0,0.0,11121.93,0.0,0.0,3948.58,7021.26,0.0,0.0,5167.03,7813.66,0.0,5.17,230.77,30752827.694241814
runs/CZ13/DMo&0&rDXGF&Ex&dxAC_equip/RB-dxAC_equip-spltAC-SEER-BA-rDXGF-NoLRM-0%UC-NR/instance-out.sql,CZ13,DMo,weighted,rDXGF,Ex,dxAC_equip,,RB-dxAC_equip-spltAC-SEER-BA-rDXGF-NoLRM-0%UC-NR,DMo&0&rDXGF&Ex&dxAC_equip,RB-dxAC_equip-spltAC-SEER-BA-rDXGF-NoLRM-0%UC-NR,69.09,130.46,47829.43,90318.94,47829.43,10408.51,6932.38,3129.96,0.0,12980.689999999999,0.0,3240.06,0.0,0.0,0.0,0.0,11137.83,0.0,0.0,0.0,6932.38,10408.51,0.0,5167.03,7813.66,0.0,5.17,230.77,30488149.259055957
runs/CZ13/DMo&0&rDXGF&Ex&dxAC_equip/RB-dxAC_equip-spltAC-SEER-BA-rDXGF-NoLRM-15%UC-AOE/instance-out.sql,CZ13,DMo,weighted,rDXGF,Ex,dxAC_equip,,RB-dxAC_equip-spltAC-SEER-BA-rDXGF-NoLRM-15%UC-AOE,DMo&0&rDXGF&Ex&dxAC_equip,RB-dxAC_equip-spltAC-SEER-BA-rDXGF-NoLRM-15%UC-AOE,72.88,142.49,50458.94,98646.56,50458.93,10408.51,9561.88,3129.96,0.0,12980.689999999999,0.0,3240.06,0.0,0.0,0.0,0.0,11137.83,0.0,0.0,0.0,9561.88,10408.51,0.0,5167.03,7813.66,0.0,5.17,230.77,38442029.74221017
runs/CZ13/DMo&0&rDXHP&Ex&dxHP_equip/RB-dxHP_equip-spltHP-SEER-BA-rDXHP-LRM-LSC-NR/instance-out.sql,CZ13,DMo,weighted,rDXHP,Ex,dxHP_equip,,RB-dxHP_equip-spltHP-SEER-BA-rDXHP-LRM-LSC-NR,DMo&0&rDXHP&Ex&dxHP_equip,RB-dxHP_equip-spltHP-SEER-BA-rDXHP-LRM-LSC-NR,58.37,127.88,40410.22,88536.33,40410.22,3180.92,6334.82,3129.96,0.0,12980.689999999999,0.0,3661.9,0.0,0.0,0.0,0.0,11121.93,0.0,0.0,3180.92,6334.82,0.0,0.0,5167.03,7813.66,0.0,5.17,230.77,28676859.903661277
runs/CZ13/DMo&0&rDXHP&Ex&dxHP_equip/RB-dxHP_equip-spltHP-SEER-BA-rDXHP-NoLRM-0%UC-AOE/instance-out.sql,CZ13,DMo,weighted,rDXHP,Ex,dxHP_equip,,RB-dxHP_equip-spltHP-SEER-BA-rDXHP-NoLRM-0%UC-AOE,DMo&0&rDXHP&Ex&dxHP_equip,RB-dxHP_equip-spltHP-SEER-BA-rDXHP-NoLRM-0%UC-AOE,61.22,136.9,42380.96,94777.68,42380.97,3801.43,7685.06,3129.96,0.0,12980.689999999999,0.0,3661.9,0.0,0.0,0.0,0.0,11121.93,0.0,0.0,3801.43,7685.06,0.0,0.0,5167.03,7813.66,0.0,5.17,230.77,32760337.257556163
runs/CZ13/DMo&0&rDXHP&Ex&dxHP_equip/RB-dxHP_equip-spltHP-SEER-BA-rDXHP-NoLRM-0%UC-NR/instance-out.sql,CZ13,DMo,weighted,rDXHP,Ex,dxHP_equip,,RB-dxHP_equip-spltHP-SEER-BA-rDXHP-NoLRM-0%UC-NR,DMo&0&rDXHP&Ex&dxHP_equip,RB-dxHP_equip-spltHP-SEER-BA-rDXHP-NoLRM-0%UC-NR,59.07,130.09,40892.19,90062.74,40892.2,3063.99,6933.73,3129.96,0.0,12980.689999999999,0.0,3661.9,0.0,0.0,0.0,0.0,11121.93,0.0,0.0,3063.99,6933.73,0.0,0.0,5167.03,7813.66,0.0,5.17,230.77,30488104.56144543
runs/CZ13/DMo&0&rDXHP&Ex&dxHP_equip/RB-dxHP_equip-spltHP-SEER-BA-rDXHP-NoLRM-15%UC-AOE/instance-out.sql,CZ13,DMo,weighted,rDXHP,Ex,dxHP_equip,,RB-dxHP_equip-spltHP-SEER-BA-rDXHP-NoLRM-15%UC-AOE,DMo&0&rDXHP&Ex&dxHP_equip,RB-dxHP_equip-spltHP-SEER-BA-rDXHP-NoLRM-15%UC-AOE,63.54,144.26,43990.31,99874.5,43990.32,3532.1,9563.74,3129.96,0.0,12980.689999999999,0.0,3661.9,0.0,0.0,0.0,0.0,11121.93,0.0,0.0,3532.1,9563.74,0.0,0.0,5167.03,7813.66,0.0,5.17,230.77,38441968.09048325
runs/CZ13/DMo&0&rDXHP&Ex&dxHP_equip/RB-dxHP_equip-spltHP-SEER-BA-rDXHP-NoLRM-0%UC-NC/instance-out.sql,CZ13,DMo,weighted,rDXHP,Ex,dxHP_equip,,RB-dxHP_equip-spltHP-SEER-BA-rDXHP-NoLRM-0%UC-NC,DMo&0&rDXHP&Ex&dxHP_equip,RB-dxHP_equip-spltHP-SEER-BA-rDXHP-NoLRM-0%UC-NC,59.07,130.09,40892.19,90062.74,40892.2,3063.99,6933.73,3129.96,0.0,12980.689999999999,0.0,3661.9,0.0,0.0,0.0,0.0,11121.93,0.0,0.0,3063.99,6933.73,0.0,0.0,5167.03,7813.66,0.0,5.17,230.77,30488104.56144543
runs/CZ13/DMo&0&rDXHP&Ex&dxHP_equip/RB-dxHP_equip-spltHP-SEER-BA-rDXHP-NoLRM-40%UC-AOE/instance-out.sql,CZ13,DMo,weighted,rDXHP,Ex,dxHP_equip,,RB-dxHP_equip-spltHP-SEER-BA-rDXHP-NoLRM-40%UC-AOE,DMo&0&rDXHP&Ex&dxHP_equip,RB-dxHP_equip-spltHP-SEER-BA-rDXHP-NoLRM-40%UC-AOE,67.06,155.41,46427.31,107592.45,46427.31,2837.96,12694.87,3129.96,0.0,12980.689999999999,0.0,3661.9,0.0,0.0,0.0,0.0,11121.93,0.0,0.0,2837.96,12694.87,0.0,0.0,5167.03,7813.66,0.0,5.17,230.77,47911352.81172082
runs/CZ13/DMo&0&rDXHP&Ex&dxHP_equip/RB-dxHP_equip-spltHP-SEER-BA-rDXHP-NoLRM-7.5%UC-AOE/instance-out.sql,CZ13,DMo,weighted,rDXHP,Ex,dxHP_equip,,RB-dxHP_equip-spltHP-SEER-BA-rDXHP-NoLRM-7.5%UC-AOE,DMo&0&rDXHP&Ex&dxHP_equip,RB-dxHP_equip-spltHP-SEER-BA-rDXHP-NoLRM-7.5%UC-AOE,62.49,140.92,43259.22,97559.12,43259.22,3740.34,8624.4,3129.96,0.0,12980.689999999999,0.0,3661.9,0.0,0.0,0.0,0.0,11121.93,0.0,0.0,3740.34,8624.4,0.0,0.0,5167.03,7813.66,0.0,5.17,230.77,35601152.669348635
runs/CZ13/DMo&0&rDXHP&Ex&dxHP_equip/RB-dxHP_equip-spltHP-SEER-BA-rDXHP-NoLRM-30%UC-AOE/instance-out.sql,CZ13,DMo,weighted,rDXHP,Ex,dxHP_equip,,RB-dxHP_equip-spltHP-SEER-BA-rDXHP-NoLRM-30%UC-AOE,DMo&0&rDXHP&Ex&dxHP_equip,RB-dxHP_equip-spltHP-SEER-BA-rDXHP-NoLRM-30%UC-AOE,65.65,150.95,45452.51,104505.27,45452.509999999995,3115.62,11442.42,3129.96,0.0,12980.689999999999,0.0,3661.9,0.0,0.0,0.0,0.0,11121.93,0.0,0.0,3115.62,11442.42,0.0,0.0,5167.03,7813.66,0.0,5.17,230.77,44123598.917866975
runs/CZ13/DMo&0&rDXHP&Ex&dxHP_equip/RB-dxHP_equip-spltHP-SEER-BA-rDXHP-NoLRM-22.5%UC-AOE/instance-out.sql,CZ13,DMo,weighted,rDXHP,Ex,dxHP_equip,,RB-dxHP_equip-spltHP-SEER-BA-rDXHP-NoLRM-22.5%UC-AOE,DMo&0&rDXHP&Ex&dxHP_equip,RB-dxHP_equip-spltHP-SEER-BA-rDXHP-NoLRM-22.5%UC-AOE,64.6,147.61,44721.41,102189.89,44721.42,3323.86,10503.08,3129.96,0.0,12980.689999999999,0.0,3661.9,0.0,0.0,0.0,0.0,11121.93,0.0,0.0,3323.86,10503.08,0.0,0.0,5167.03,7813.66,0.0,5.17,230.77,41282783.51362032
runs/CZ14/DMo&0&rDXGF&Ex&dxAC_equip/RB-dxAC_equip-spltAC-SEER-BA-rDXGF-NoLRM-0%UC-AOE/instance-out.sql,CZ14,DMo,weighted,rDXGF,Ex,dxAC_equip,,RB-dxAC_equip-spltAC-SEER-BA-rDXGF-NoLRM-0%UC-AOE,DMo&0&rDXGF&Ex&dxAC_equip,RB-dxAC_equip-spltAC-SEER-BA-rDXGF-NoLRM-0%UC-AOE,80.3,140.04,55594.86,96955.04,55594.85999999999,19077.03,5958.92,3129.96,0.0,12980.689999999999,0.0,3358.21,0.0,0.0,0.0,0.0,11090.04,0.0,0.0,0.0,5958.92,19077.03,0.0,5167.03,7813.66,0.0,0.0,230.77,24538358.523029543
runs/CZ14/DMo&0&rDXGF&Ex&dxAC_equip/RB-dxAC_equip-spltAC-SEER-BA-rDXGF-NoLRM-15%UC-AOE/instance-out.sql,CZ14,DMo,weighted,rDXGF,Ex,dxAC_equip,,RB-dxAC_equip-spltAC-SEER-BA-rDXGF-NoLRM-15%UC-AOE,DMo&0&rDXGF&Ex&dxAC_equip,RB-dxAC_equip-spltAC-SEER-BA-rDXGF-NoLRM-15%UC-AOE,82.41,146.71,57051.57,101568.44,57051.57,19077.03,7415.63,3129.96,0.0,12980.689999999999,0.0,3358.21,0.0,0.0,0.0,0.0,11090.04,0.0,0.0,0.0,7415.63,19077.03,0.0,5167.03,7813.66,0.0,0.0,230.77,28242938.74602088
runs/CZ14/DMo&0&rDXGF&Ex&dxAC_equip/RB-dxAC_equip-spltAC-SEER-BA-rDXGF-NoLRM-22.5%UC-AOE/instance-out.sql,CZ14,DMo,weighted,rDXGF,Ex,dxAC_equip,,RB-dxAC_equip-spltAC-SEER-BA-rDXGF-NoLRM-22.5%UC-AOE,DMo&0&rDXGF&Ex&dxAC_equip,RB-dxAC_equip-spltAC-SEER-BA-rDXGF-NoLRM-22.5%UC-AOE,83.46,150.04,57779.92,103875.14,57779.92,19077.03,8143.99,3129.96,0.0,12980.689999999999,0.0,3358.21,0.0,0.0,0.0,0.0,11090.04,0.0,0.0,0.0,8143.99,19077.03,0.0,5167.03,7813.66,0.0,0.0,230.77,30095228.861867875
runs/CZ14/DMo&0&rDXGF&Ex&dxAC_equip/RB-dxAC_equip-spltAC-SEER-BA-rDXGF-LRM-LSC-AOE/instance-out.sql,CZ14,DMo,weighted,rDXGF,Ex,dxAC_equip,,RB-dxAC_equip-spltAC-SEER-BA-rDXGF-LRM-LSC-AOE,DMo&0&rDXGF&Ex&dxAC_equip,RB-dxAC_equip-spltAC-SEER-BA-rDXGF-LRM-LSC-AOE,79.56,137.69,55080.15,95324.97,55080.159999999996,19077.03,5444.22,3129.96,0.0,12980.689999999999,0.0,3358.21,0.0,0.0,0.0,0.0,11090.04,0.0,0.0,0.0,5444.22,19077.03,0.0,5167.03,7813.66,0.0,0.0,230.77,23229406.84270911
runs/CZ14/DMo&0&rDXGF&Ex&dxAC_equip/RB-dxAC_equip-spltAC-SEER-BA-rDXGF-NoLRM-0%UC-NR/instance-out.sql,CZ14,DMo,weighted,rDXGF,Ex,dxAC_equip,,RB-dxAC_equip-spltAC-SEER-BA-rDXGF-NoLRM-0%UC-NR,DMo&0&rDXGF&Ex&dxAC_equip,RB-dxAC_equip-spltAC-SEER-BA-rDXGF-NoLRM-0%UC-NR,79.46,137.38,55012.28,95110.02,55012.28,19077.03,5376.35,3129.96,0.0,12980.689999999999,0.0,3358.21,0.0,0.0,0.0,0.0,11090.04,0.0,0.0,0.0,5376.35,19077.03,0.0,5167.03,7813.66,0.0,0.0,230.77,23056800.04878607
runs/CZ14/DMo&0&rDXGF&Ex&dxAC_equip/RB-dxAC_equip-spltAC-SEER-BA-rDXGF-NoLRM-7.5%UC-AOE/instance-out.sql,CZ14,DMo,weighted,rDXGF,Ex,dxAC_equip,,RB-dxAC_equip-spltAC-SEER-BA-rDXGF-NoLRM-7.5%UC-AOE,DMo&0&rDXGF&Ex&dxAC_equip,RB-dxAC_equip-spltAC-SEER-BA-rDXGF-NoLRM-7.5%UC-AOE,81.36,143.38,56323.21,99261.74,56323.219999999994,19077.03,6687.28,3129.96,0.0,12980.689999999999,0.0,3358.21,0.0,0.0,0.0,0.0,11090.04,0.0,0.0,0.0,6687.28,19077.03,0.0,5167.03,7813.66,0.0,0.0,230.77,26390648.63147954
runs/CZ14/DMo&0&rDXHP&Ex&dxHP_equip/RB-dxHP_equip-spltHP-SEER-BA-rDXHP-NoLRM-0%UC-AOE/instance-out.sql,CZ14,DMo,weighted,rDXHP,Ex,dxHP_equip,,RB-dxHP_equip-spltHP-SEER-BA-rDXHP-NoLRM-0%UC-AOE,DMo&0&rDXHP&Ex&dxHP_equip,RB-dxHP_equip-spltHP-SEER-BA-rDXHP-NoLRM-0%UC-AOE,64.53,147.56,44671.55,102159.53,44671.55,7356.62,5960.8,3129.96,0.0,12980.689999999999,0.0,4182.78,0.0,0.0,0.0,0.0,11060.69,0.0,0.0,7356.62,5960.8,0.0,0.0,5167.03,7813.66,0.0,0.0,230.77,24538358.05826114
runs/CZ14/DMo&0&rDXGF&Ex&dxAC_equip/RB-dxAC_equip-spltAC-SEER-BA-rDXGF-LRM-LSC-NR/instance-out.sql,CZ14,DMo,weighted,rDXGF,Ex,dxAC_equip,,RB-dxAC_equip-spltAC-SEER-BA-rDXGF-LRM-LSC-NR,DMo&0&rDXGF&Ex&dxAC_equip,RB-dxAC_equip-spltAC-SEER-BA-rDXGF-LRM-LSC-NR,78.79,135.26,54547.9,93639.31,54547.9,19077.03,4911.96,3129.96,0.0,12980.689999999999,0.0,3358.21,0.0,0.0,0.0,0.0,11090.04,0.0,0.0,0.0,4911.96,19077.03,0.0,5167.03,7813.66,0.0,0.0,230.77,21875818.507475853
runs/CZ14/DMo&0&rDXGF&Ex&dxAC_equip/RB-dxAC_equip-spltAC-SEER-BA-rDXGF-NoLRM-40%UC-AOE/instance-out.sql,CZ14,DMo,weighted,rDXGF,Ex,dxAC_equip,,RB-dxAC_equip-spltAC-SEER-BA-rDXGF-NoLRM-40%UC-AOE,DMo&0&rDXGF&Ex&dxAC_equip,RB-dxAC_equip-spltAC-SEER-BA-rDXGF-NoLRM-40%UC-AOE,85.91,157.81,59479.42,109257.44,59479.42,19077.03,9843.48,3129.96,0.0,12980.689999999999,0.0,3358.21,0.0,0.0,0.0,0.0,11090.04,0.0,0.0,0.0,9843.48,19077.03,0.0,5167.03,7813.66,0.0,0.0,230.77,34417239.11747257
runs/CZ14/DMo&0&rDXHP&Ex&dxHP_equip/RB-dxHP_equip-spltHP-SEER-BA-rDXHP-LRM-LSC-NR/instance-out.sql,CZ14,DMo,weighted,rDXHP,Ex,dxHP_equip,,RB-dxHP_equip-spltHP-SEER-BA-rDXHP-LRM-LSC-NR,DMo&0&rDXHP&Ex&dxHP_equip,RB-dxHP_equip-spltHP-SEER-BA-rDXHP-LRM-LSC-NR,61.29,137.32,42432.64,95068.89,42432.64,6165.0,4913.51,3129.96,0.0,12980.689999999999,0.0,4182.78,0.0,0.0,0.0,0.0,11060.69,0.0,0.0,6165.0,4913.51,0.0,0.0,5167.03,7813.66,0.0,0.0,230.77,21875817.87910979
runs/CZ14/DMo&0&rDXHP&Ex&dxHP_equip/RB-dxHP_equip-spltHP-SEER-BA-rDXHP-LRM-LSC-NC/instance-out.sql,CZ14,DMo,weighted,rDXHP,Ex,dxHP_equip,,RB-dxHP_equip-spltHP-SEER-BA-rDXHP-LRM-LSC-NC,DMo&0&rDXHP&Ex&dxHP_equip,RB-dxHP_equip-spltHP-SEER-BA-rDXHP-LRM-LSC-NC,61.29,137.32,42432.64,95068.89,42432.64,6165.0,4913.51,3129.96,0.0,12980.689999999999,0.0,4182.78,0.0,0.0,0.0,0.0,11060.69,0.0,0.0,6165.0,4913.51,0.0,0.0,5167.03,7813.66,0.0,0.0,230.77,21875817.87910979
runs/CZ14/DMo&0&rDXGF&Ex&dxAC_equip/RB-dxAC_equip-spltAC-SEER-BA-rDXGF-NoLRM-30%UC-AOE/instance-out.sql,CZ14,DMo,weighted,rDXGF,Ex,dxAC_equip,,RB-dxAC_equip-spltAC-SEER-BA-rDXGF-NoLRM-30%UC-AOE,DMo&0&rDXGF&Ex&dxAC_equip,RB-dxAC_equip-spltAC-SEER-BA-rDXGF-NoLRM-30%UC-AOE,84.51,153.37,58508.28,106181.84,58508.28,19077.03,8872.34,3129.96,0.0,12980.689999999999,0.0,3358.21,0.0,0.0,0.0,0.0,11090.04,0.0,0.0,0.0,8872.34,19077.03,0.0,5167.03,7813.66,0.0,0.0,230.77,31947518.965397794
runs/CZ14/DMo&0&rDXHP&Ex&dxHP_equip/RB-dxHP_equip-spltHP-SEER-BA-rDXHP-NoLRM-0%UC-NC/instance-out.sql,CZ14,DMo,weighted,rDXHP,Ex,dxHP_equip,,RB-dxHP_equip-spltHP-SEER-BA-rDXHP-NoLRM-0%UC-NC,DMo&0&rDXHP&Ex&dxHP_equip,RB-dxHP_equip-spltHP-SEER-BA-rDXHP-NoLRM-0%UC-NC,61.64,138.42,42672.62,95828.92,42672.619999999995,5940.46,5378.04,3129.96,0.0,12980.689999999999,0.0,4182.78,0.0,0.0,0.0,0.0,11060.69,0.0,0.0,5940.46,5378.04,0.0,0.0,5167.03,7813.66,0.0,0.0,230.77,23056799.49298448
runs/CZ14/DMo&0&rDXHP&Ex&dxHP_equip/RB-dxHP_equip-spltHP-SEER-BA-rDXHP-LRM-LSC-AOE/instance-out.sql,CZ14,DMo,weighted,rDXHP,Ex,dxHP_equip,,RB-dxHP_equip-spltHP-SEER-BA-rDXHP-LRM-LSC-AOE,DMo&0&rDXHP&Ex&dxHP_equip,RB-dxHP_equip-spltHP-SEER-BA-rDXHP-LRM-LSC-AOE,64.19,146.5,44439.29,101423.94,44439.28,7639.22,5445.94,3129.96,0.0,12980.689999999999,0.0,4182.78,0.0,0.0,0.0,0.0,11060.69,0.0,0.0,7639.22,5445.94,0.0,0.0,5167.03,7813.66,0.0,0.0,230.77,23229406.297513206
runs/CZ14/DMo&0&rDXHP&Ex&dxHP_equip/RB-dxHP_equip-spltHP-SEER-BA-rDXHP-NoLRM-15%UC-AOE/instance-out.sql,CZ14,DMo,weighted,rDXHP,Ex,dxHP_equip,,RB-dxHP_equip-spltHP-SEER-BA-rDXHP-NoLRM-15%UC-AOE,DMo&0&rDXHP&Ex&dxHP_equip,RB-dxHP_equip-spltHP-SEER-BA-rDXHP-NoLRM-15%UC-AOE,65.88,151.86,45611.51,105136.38,45611.509999999995,6839.41,7417.97,3129.96,0.0,12980.689999999999,0.0,4182.78,0.0,0.0,0.0,0.0,11060.69,0.0,0.0,6839.41,7417.97,0.0,0.0,5167.03,7813.66,0.0,0.0,230.77,28242938.50887748
runs/CZ15/DMo&0&rDXGF&Ex&dxAC_equip/RB-dxAC_equip-spltAC-SEER-BA-rDXGF-LRM-LSC-NR/instance-out.sql,CZ15,DMo,weighted,rDXGF,Ex,dxAC_equip,,RB-dxAC_equip-spltAC-SEER-BA-rDXGF-LRM-LSC-NR,DMo&0&rDXGF&Ex&dxAC_equip,RB-dxAC_equip-spltAC-SEER-BA-rDXGF-LRM-LSC-NR,69.03,150.0,47791.66,103844.01,47791.66,4117.19,11849.87,3129.96,0.0,12980.689999999999,0.0,4835.3,0.0,0.0,0.0,0.0,10878.65,0.0,0.0,0.0,11849.87,4117.19,0.0,5167.03,7813.66,0.0,95.33,230.77,33954026.443859875
runs/CZ14/DMo&0&rDXHP&Ex&dxHP_equip/RB-dxHP_equip-spltHP-SEER-BA-rDXHP-NoLRM-30%UC-AOE/instance-out.sql,CZ14,DMo,weighted,rDXHP,Ex,dxHP_equip,,RB-dxHP_equip-spltHP-SEER-BA-rDXHP-NoLRM-30%UC-AOE,DMo&0&rDXHP&Ex&dxHP_equip,RB-dxHP_equip-spltHP-SEER-BA-rDXHP-NoLRM-30%UC-AOE,66.83,154.87,46268.87,107218.24,46268.869999999995,6039.6,8875.14,3129.96,0.0,12980.689999999999,0.0,4182.78,0.0,0.0,0.0,0.0,11060.69,0.0,0.0,6039.6,8875.14,0.0,0.0,5167.03,7813.66,0.0,0.0,230.77,31947518.955879383
runs/CZ14/DMo&0&rDXHP&Ex&dxHP_equip/RB-dxHP_equip-spltHP-SEER-BA-rDXHP-NoLRM-0%UC-NR/instance-out.sql,CZ14,DMo,weighted,rDXHP,Ex,dxHP_equip,,RB-dxHP_equip-spltHP-SEER-BA-rDXHP-NoLRM-0%UC-NR,DMo&0&rDXHP&Ex&dxHP_equip,RB-dxHP_equip-spltHP-SEER-BA-rDXHP-NoLRM-0%UC-NR,61.64,138.42,42672.62,95828.92,42672.619999999995,5940.46,5378.04,3129.96,0.0,12980.689999999999,0.0,4182.78,0.0,0.0,0.0,0.0,11060.69,0.0,0.0,5940.46,5378.04,0.0,0.0,5167.03,7813.66,0.0,0.0,230.77,23056799.49298448
runs/CZ14/DMo&0&rDXHP&Ex&dxHP_equip/RB-dxHP_equip-spltHP-SEER-BA-rDXHP-NoLRM-40%UC-AOE/instance-out.sql,CZ14,DMo,weighted,rDXHP,Ex,dxHP_equip,,RB-dxHP_equip-spltHP-SEER-BA-rDXHP-NoLRM-40%UC-AOE,DMo&0&rDXHP&Ex&dxHP_equip,RB-dxHP_equip-spltHP-SEER-BA-rDXHP-NoLRM-40%UC-AOE,67.47,156.87,46707.11,108606.14,46707.11,5506.4,9846.59,3129.96,0.0,12980.689999999999,0.0,4182.78,0.0,0.0,0.0,0.0,11060.69,0.0,0.0,5506.4,9846.59,0.0,0.0,5167.03,7813.66,0.0,0.0,230.77,34417239.25970416
runs/CZ14/DMo&0&rDXHP&Ex&dxHP_equip/RB-dxHP_equip-spltHP-SEER-BA-rDXHP-NoLRM-22.5%UC-AOE/instance-out.sql,CZ14,DMo,weighted,rDXHP,Ex,dxHP_equip,,RB-dxHP_equip-spltHP-SEER-BA-rDXHP-NoLRM-22.5%UC-AOE,DMo&0&rDXHP&Ex&dxHP_equip,RB-dxHP_equip-spltHP-SEER-BA-rDXHP-NoLRM-22.5%UC-AOE,66.36,153.37,45940.19,106177.31,45940.19,6439.51,8146.56,3129.96,0.0,12980.689999999999,0.0,4182.78,0.0,0.0,0.0,0.0,11060.69,0.0,0.0,6439.51,8146.56,0.0,0.0,5167.03,7813.66,0.0,0.0,230.77,30095228.73853697
runs/CZ15/DMo&0&rDXGF&Ex&dxAC_equip/RB-dxAC_equip-spltAC-SEER-BA-rDXGF-LRM-LSC-AOE/instance-out.sql,CZ15,DMo,weighted,rDXGF,Ex,dxAC_equip,,RB-dxAC_equip-spltAC-SEER-BA-rDXGF-LRM-LSC-AOE,DMo&0&rDXGF&Ex&dxAC_equip,RB-dxAC_equip-spltAC-SEER-BA-rDXGF-LRM-LSC-AOE,70.89,155.87,49075.71,107910.57,49075.71,4117.19,13133.91,3129.96,0.0,12980.689999999999,0.0,4835.3,0.0,0.0,0.0,0.0,10878.65,0.0,0.0,0.0,13133.91,4117.19,0.0,5167.03,7813.66,0.0,95.33,230.77,36601823.4261028
runs/CZ15/DMo&0&rDXGF&Ex&dxAC_equip/RB-dxAC_equip-spltAC-SEER-BA-rDXGF-NoLRM-15%UC-AOE/instance-out.sql,CZ15,DMo,weighted,rDXGF,Ex,dxAC_equip,,RB-dxAC_equip-spltAC-SEER-BA-rDXGF-NoLRM-15%UC-AOE,DMo&0&rDXGF&Ex&dxAC_equip,RB-dxAC_equip-spltAC-SEER-BA-rDXGF-NoLRM-15%UC-AOE,77.76,177.63,53831.65,122972.63,53831.65,4117.19,17889.85,3129.96,0.0,12980.689999999999,0.0,4835.3,0.0,0.0,0.0,0.0,10878.65,0.0,0.0,0.0,17889.85,4117.19,0.0,5167.03,7813.66,0.0,95.33,230.77,46408951.855353065
runs/CZ15/DMo&0&rDXGF&Ex&dxAC_equip/RB-dxAC_equip-spltAC-SEER-BA-rDXGF-NoLRM-22.5%UC-AOE/instance-out.sql,CZ15,DMo,weighted,rDXGF,Ex,dxAC_equip,,RB-dxAC_equip-spltAC-SEER-BA-rDXGF-NoLRM-22.5%UC-AOE,DMo&0&rDXGF&Ex&dxAC_equip,RB-dxAC_equip-spltAC-SEER-BA-rDXGF-NoLRM-22.5%UC-AOE,80.29,185.66,55588.77,128537.43,55588.77,4117.19,19646.97,3129.96,0.0,12980.689999999999,0.0,4835.3,0.0,0.0,0.0,0.0,10878.65,0.0,0.0,0.0,19646.97,4117.19,0.0,5167.03,7813.66,0.0,95.33,230.77,50032275.17405832
runs/CZ15/DMo&0&rDXGF&Ex&dxAC_equip/RB-dxAC_equip-spltAC-SEER-BA-rDXGF-NoLRM-0%UC-AOE/instance-out.sql,CZ15,DMo,weighted,rDXGF,Ex,dxAC_equip,,RB-dxAC_equip-spltAC-SEER-BA-rDXGF-NoLRM-0%UC-AOE,DMo&0&rDXGF&Ex&dxAC_equip,RB-dxAC_equip-spltAC-SEER-BA-rDXGF-NoLRM-0%UC-AOE,72.68,161.55,50317.4,111843.03,50317.4,4117.19,14375.61,3129.96,0.0,12980.689999999999,0.0,4835.3,0.0,0.0,0.0,0.0,10878.65,0.0,0.0,0.0,14375.61,4117.19,0.0,5167.03,7813.66,0.0,95.33,230.77,39162305.23496608
runs/CZ14/DMo&0&rDXHP&Ex&dxHP_equip/RB-dxHP_equip-spltHP-SEER-BA-rDXHP-NoLRM-7.5%UC-AOE/instance-out.sql,CZ14,DMo,weighted,rDXHP,Ex,dxHP_equip,,RB-dxHP_equip-spltHP-SEER-BA-rDXHP-NoLRM-7.5%UC-AOE,DMo&0&rDXHP&Ex&dxHP_equip,RB-dxHP_equip-spltHP-SEER-BA-rDXHP-NoLRM-7.5%UC-AOE,65.41,150.36,45282.83,104095.45,45282.83,7239.32,6689.39,3129.96,0.0,12980.689999999999,0.0,4182.78,0.0,0.0,0.0,0.0,11060.69,0.0,0.0,7239.32,6689.39,0.0,0.0,5167.03,7813.66,0.0,0.0,230.77,26390648.280523635
runs/CZ15/DMo&0&rDXGF&Ex&dxAC_equip/RB-dxAC_equip-spltAC-SEER-BA-rDXGF-NoLRM-0%UC-NR/instance-out.sql,CZ15,DMo,weighted,rDXGF,Ex,dxAC_equip,,RB-dxAC_equip-spltAC-SEER-BA-rDXGF-NoLRM-0%UC-NR,DMo&0&rDXGF&Ex&dxAC_equip,RB-dxAC_equip-spltAC-SEER-BA-rDXGF-NoLRM-0%UC-NR,70.65,155.12,48911.97,107392.01,48911.97,4117.19,12970.18,3129.96,0.0,12980.689999999999,0.0,4835.3,0.0,0.0,0.0,0.0,10878.65,0.0,0.0,0.0,12970.18,4117.19,0.0,5167.03,7813.66,0.0,95.33,230.77,36264181.813680604
runs/CZ15/DMo&0&rDXGF&Ex&dxAC_equip/RB-dxAC_equip-spltAC-SEER-BA-rDXGF-NoLRM-40%UC-AOE/instance-out.sql,CZ15,DMo,weighted,rDXGF,Ex,dxAC_equip,,RB-dxAC_equip-spltAC-SEER-BA-rDXGF-NoLRM-40%UC-AOE,DMo&0&rDXGF&Ex&dxAC_equip,RB-dxAC_equip-spltAC-SEER-BA-rDXGF-NoLRM-40%UC-AOE,86.22,204.42,59688.71,141521.97,59688.71,4117.19,23746.92,3129.96,0.0,12980.689999999999,0.0,4835.3,0.0,0.0,0.0,0.0,10878.65,0.0,0.0,0.0,23746.92,4117.19,0.0,5167.03,7813.66,0.0,95.33,230.77,58486696.22227241
runs/CZ15/DMo&0&rDXGF&Ex&dxAC_equip/RB-dxAC_equip-spltAC-SEER-BA-rDXGF-NoLRM-30%UC-AOE/instance-out.sql,CZ15,DMo,weighted,rDXGF,Ex,dxAC_equip,,RB-dxAC_equip-spltAC-SEER-BA-rDXGF-NoLRM-30%UC-AOE,DMo&0&rDXGF&Ex&dxAC_equip,RB-dxAC_equip-spltAC-SEER-BA-rDXGF-NoLRM-30%UC-AOE,82.83,193.7,57345.89,134102.24,57345.89,4117.19,21404.09,3129.96,0.0,12980.689999999999,0.0,4835.3,0.0,0.0,0.0,0.0,10878.65,0.0,0.0,0.0,21404.09,4117.19,0.0,5167.03,7813.66,0.0,95.33,230.77,53655598.46866976
runs/CZ15/DMo&0&rDXHP&Ex&dxHP_equip/RB-dxHP_equip-spltHP-SEER-BA-rDXHP-LRM-LSC-NR/instance-out.sql,CZ15,DMo,weighted,rDXHP,Ex,dxHP_equip,,RB-dxHP_equip-spltHP-SEER-BA-rDXHP-LRM-LSC-NR,DMo&0&rDXHP&Ex&dxHP_equip,RB-dxHP_equip-spltHP-SEER-BA-rDXHP-LRM-LSC-NR,65.28,150.53,45194.18,104211.35,45194.18,1315.95,11852.87,3129.96,0.0,12980.689999999999,0.0,5044.44,0.0,0.0,0.0,0.0,10870.27,0.0,0.0,1315.95,11852.87,0.0,0.0,5167.03,7813.66,0.0,95.33,230.77,33954053.072503395
runs/CZ15/DMo&0&rDXHP&Ex&dxHP_equip/RB-dxHP_equip-spltHP-SEER-BA-rDXHP-LRM-LSC-AOE/instance-out.sql,CZ15,DMo,weighted,rDXHP,Ex,dxHP_equip,,RB-dxHP_equip-spltHP-SEER-BA-rDXHP-LRM-LSC-AOE,DMo&0&rDXHP&Ex&dxHP_equip,RB-dxHP_equip-spltHP-SEER-BA-rDXHP-LRM-LSC-AOE,67.61,157.91,46807.89,109321.96,46807.89,1645.29,13137.24,3129.96,0.0,12980.689999999999,0.0,5044.44,0.0,0.0,0.0,0.0,10870.27,0.0,0.0,1645.29,13137.24,0.0,0.0,5167.03,7813.66,0.0,95.33,230.77,36601852.940203056
runs/CZ15/DMo&0&rDXHP&Ex&dxHP_equip/RB-dxHP_equip-spltHP-SEER-BA-rDXHP-LRM-LSC-NC/instance-out.sql,CZ15,DMo,weighted,rDXHP,Ex,dxHP_equip,,RB-dxHP_equip-spltHP-SEER-BA-rDXHP-LRM-LSC-NC,DMo&0&rDXHP&Ex&dxHP_equip,RB-dxHP_equip-spltHP-SEER-BA-rDXHP-LRM-LSC-NC,65.28,150.53,45194.18,104211.35,45194.18,1315.95,11852.87,3129.96,0.0,12980.689999999999,0.0,5044.44,0.0,0.0,0.0,0.0,10870.27,0.0,0.0,1315.95,11852.87,0.0,0.0,5167.03,7813.66,0.0,95.33,230.77,33954053.072503395
runs/CZ15/DMo&0&rDXGF&Ex&dxAC_equip/RB-dxAC_equip-spltAC-SEER-BA-rDXGF-NoLRM-7.5%UC-AOE/instance-out.sql,CZ15,DMo,weighted,rDXGF,Ex,dxAC_equip,,RB-dxAC_equip-spltAC-SEER-BA-rDXGF-NoLRM-7.5%UC-AOE,DMo&0&rDXGF&Ex&dxAC_equip,RB-dxAC_equip-spltAC-SEER-BA-rDXGF-NoLRM-7.5%UC-AOE,75.22,169.59,52074.53,117407.83,52074.53,4117.19,16132.73,3129.96,0.0,12980.689999999999,0.0,4835.3,0.0,0.0,0.0,0.0,10878.65,0.0,0.0,0.0,16132.73,4117.19,0.0,5167.03,7813.66,0.0,95.33,230.77,42785628.53920183
runs/CZ15/DMo&0&rDXHP&Ex&dxHP_equip/RB-dxHP_equip-spltHP-SEER-BA-rDXHP-NoLRM-0%UC-AOE/instance-out.sql,CZ15,DMo,weighted,rDXHP,Ex,dxHP_equip,,RB-dxHP_equip-spltHP-SEER-BA-rDXHP-NoLRM-0%UC-AOE,DMo&0&rDXHP&Ex&dxHP_equip,RB-dxHP_equip-spltHP-SEER-BA-rDXHP-NoLRM-0%UC-AOE,69.31,163.3,47986.77,113055.47,47986.770000000004,1582.16,14379.25,3129.96,0.0,12980.689999999999,0.0,5044.44,0.0,0.0,0.0,0.0,10870.27,0.0,0.0,1582.16,14379.25,0.0,0.0,5167.03,7813.66,0.0,95.33,230.77,39162337.539370686
runs/CZ15/DMo&0&rDXHP&Ex&dxHP_equip/RB-dxHP_equip-spltHP-SEER-BA-rDXHP-NoLRM-22.5%UC-AOE/instance-out.sql,CZ15,DMo,weighted,rDXHP,Ex,dxHP_equip,,RB-dxHP_equip-spltHP-SEER-BA-rDXHP-NoLRM-22.5%UC-AOE,DMo&0&rDXHP&Ex&dxHP_equip,RB-dxHP_equip-spltHP-SEER-BA-rDXHP-NoLRM-22.5%UC-AOE,76.63,186.48,53054.58,129105.24,53054.58,1377.27,19651.95,3129.96,0.0,12980.689999999999,0.0,5044.44,0.0,0.0,0.0,0.0,10870.27,0.0,0.0,1377.27,19651.95,0.0,0.0,5167.03,7813.66,0.0,95.33,230.77,50032319.324094646
runs/CZ15/DMo&0&rDXHP&Ex&dxHP_equip/RB-dxHP_equip-spltHP-SEER-BA-rDXHP-NoLRM-0%UC-NC/instance-out.sql,CZ15,DMo,weighted,rDXHP,Ex,dxHP_equip,,RB-dxHP_equip-spltHP-SEER-BA-rDXHP-NoLRM-0%UC-NC,DMo&0&rDXHP&Ex&dxHP_equip,RB-dxHP_equip-spltHP-SEER-BA-rDXHP-NoLRM-0%UC-NC,66.83,155.42,46264.6,107601.38,46264.61,1265.79,12973.46,3129.96,0.0,12980.689999999999,0.0,5044.44,0.0,0.0,0.0,0.0,10870.27,0.0,0.0,1265.79,12973.46,0.0,0.0,5167.03,7813.66,0.0,95.33,230.77,36264210.95983336
runs/CZ15/DMo&0&rDXHP&Ex&dxHP_equip/RB-dxHP_equip-spltHP-SEER-BA-rDXHP-NoLRM-0%UC-NR/instance-out.sql,CZ15,DMo,weighted,rDXHP,Ex,dxHP_equip,,RB-dxHP_equip-spltHP-SEER-BA-rDXHP-NoLRM-0%UC-NR,DMo&0&rDXHP&Ex&dxHP_equip,RB-dxHP_equip-spltHP-SEER-BA-rDXHP-NoLRM-0%UC-NR,66.83,155.42,46264.6,107601.38,46264.61,1265.79,12973.46,3129.96,0.0,12980.689999999999,0.0,5044.44,0.0,0.0,0.0,0.0,10870.27,0.0,0.0,1265.79,12973.46,0.0,0.0,5167.03,7813.66,0.0,95.33,230.77,36264210.95983336
runs/CZ15/DMo&0&rDXHP&Ex&dxHP_equip/RB-dxHP_equip-spltHP-SEER-BA-rDXHP-NoLRM-30%UC-AOE/instance-out.sql,CZ15,DMo,weighted,rDXHP,Ex,dxHP_equip,,RB-dxHP_equip-spltHP-SEER-BA-rDXHP-NoLRM-30%UC-AOE,DMo&0&rDXHP&Ex&dxHP_equip,RB-dxHP_equip-spltHP-SEER-BA-rDXHP-NoLRM-30%UC-AOE,79.04,194.12,54722.81,134388.51,54722.81,1287.93,21409.51,3129.96,0.0,12980.689999999999,0.0,5044.44,0.0,0.0,0.0,0.0,10870.27,0.0,0.0,1287.93,21409.51,0.0,0.0,5167.03,7813.66,0.0,95.33,230.77,53655646.56724996
runs/CZ15/DMo&0&rDXHP&Ex&dxHP_equip/RB-dxHP_equip-spltHP-SEER-BA-rDXHP-NoLRM-7.5%UC-AOE/instance-out.sql,CZ15,DMo,weighted,rDXHP,Ex,dxHP_equip,,RB-dxHP_equip-spltHP-SEER-BA-rDXHP-NoLRM-7.5%UC-AOE,DMo&0&rDXHP&Ex&dxHP_equip,RB-dxHP_equip-spltHP-SEER-BA-rDXHP-NoLRM-7.5%UC-AOE,71.81,171.22,49718.13,118538.69,49718.130000000005,1555.95,16136.82,3129.96,0.0,12980.689999999999,0.0,5044.44,0.0,0.0,0.0,0.0,10870.27,0.0,0.0,1555.95,16136.82,0.0,0.0,5167.03,7813.66,0.0,95.33,230.77,42785664.79215034
runs/CZ16/DMo&0&rDXGF&Ex&dxAC_equip/RB-dxAC_equip-spltAC-SEER-BA-rDXGF-LRM-LSC-AOE/instance-out.sql,CZ16,DMo,weighted,rDXGF,Ex,dxAC_equip,,RB-dxAC_equip-spltAC-SEER-BA-rDXGF-LRM-LSC-AOE,DMo&0&rDXGF&Ex&dxAC_equip,RB-dxAC_equip-spltAC-SEER-BA-rDXGF-LRM-LSC-AOE,58.87,100.82,40754.87,69797.02,40754.87,9080.67,2249.26,3129.96,0.0,12980.689999999999,0.0,1752.71,0.0,0.0,0.0,0.0,11561.57,0.0,0.0,0.0,2249.26,9080.67,0.0,5167.03,7813.66,0.0,0.0,230.77,19113182.301598083
runs/CZ15/DMo&0&rDXHP&Ex&dxHP_equip/RB-dxHP_equip-spltHP-SEER-BA-rDXHP-NoLRM-15%UC-AOE/instance-out.sql,CZ15,DMo,weighted,rDXHP,Ex,dxHP_equip,,RB-dxHP_equip-spltHP-SEER-BA-rDXHP-NoLRM-15%UC-AOE,DMo&0&rDXHP&Ex&dxHP_equip,RB-dxHP_equip-spltHP-SEER-BA-rDXHP-NoLRM-15%UC-AOE,74.22,178.85,51386.35,123821.96,51386.36,1466.61,17894.38,3129.96,0.0,12980.689999999999,0.0,5044.44,0.0,0.0,0.0,0.0,10870.27,0.0,0.0,1466.61,17894.38,0.0,0.0,5167.03,7813.66,0.0,95.33,230.77,46408992.05684547
runs/CZ15/DMo&0&rDXHP&Ex&dxHP_equip/RB-dxHP_equip-spltHP-SEER-BA-rDXHP-NoLRM-40%UC-AOE/instance-out.sql,CZ15,DMo,weighted,rDXHP,Ex,dxHP_equip,,RB-dxHP_equip-spltHP-SEER-BA-rDXHP-NoLRM-40%UC-AOE,DMo&0&rDXHP&Ex&dxHP_equip,RB-dxHP_equip-spltHP-SEER-BA-rDXHP-NoLRM-40%UC-AOE,82.26,204.29,56947.11,141432.88,56947.11,1168.82,23752.93,3129.96,0.0,12980.689999999999,0.0,5044.44,0.0,0.0,0.0,0.0,10870.27,0.0,0.0,1168.82,23752.93,0.0,0.0,5167.03,7813.66,0.0,95.33,230.77,58486749.585577816
runs/CZ16/DMo&0&rDXGF&Ex&dxAC_equip/RB-dxAC_equip-spltAC-SEER-BA-rDXGF-LRM-LSC-NR/instance-out.sql,CZ16,DMo,weighted,rDXGF,Ex,dxAC_equip,,RB-dxAC_equip-spltAC-SEER-BA-rDXGF-LRM-LSC-NR,DMo&0&rDXGF&Ex&dxAC_equip,RB-dxAC_equip-spltAC-SEER-BA-rDXGF-LRM-LSC-NR,58.55,99.81,40534.97,69100.6,40534.97,9080.67,2029.36,3129.96,0.0,12980.689999999999,0.0,1752.71,0.0,0.0,0.0,0.0,11561.57,0.0,0.0,0.0,2029.36,9080.67,0.0,5167.03,7813.66,0.0,0.0,230.77,18139775.654099107
runs/CZ16/DMo&0&rDXGF&Ex&dxAC_equip/RB-dxAC_equip-spltAC-SEER-BA-rDXGF-NoLRM-22.5%UC-AOE/instance-out.sql,CZ16,DMo,weighted,rDXGF,Ex,dxAC_equip,,RB-dxAC_equip-spltAC-SEER-BA-rDXGF-NoLRM-22.5%UC-AOE,DMo&0&rDXGF&Ex&dxAC_equip,RB-dxAC_equip-spltAC-SEER-BA-rDXGF-NoLRM-22.5%UC-AOE,60.48,105.92,41870.27,73329.5,41870.270000000004,9080.67,3364.66,3129.96,0.0,12980.689999999999,0.0,1752.71,0.0,0.0,0.0,0.0,11561.57,0.0,0.0,0.0,3364.66,9080.67,0.0,5167.03,7813.66,0.0,0.0,230.77,24050604.278452165
runs/CZ16/DMo&0&rDXGF&Ex&dxAC_equip/RB-dxAC_equip-spltAC-SEER-BA-rDXGF-NoLRM-0%UC-AOE/instance-out.sql,CZ16,DMo,weighted,rDXGF,Ex,dxAC_equip,,RB-dxAC_equip-spltAC-SEER-BA-rDXGF-NoLRM-0%UC-AOE,DMo&0&rDXGF&Ex&dxAC_equip,RB-dxAC_equip-spltAC-SEER-BA-rDXGF-NoLRM-0%UC-AOE,59.17,101.79,40967.51,70470.48,40967.51,9080.67,2461.91,3129.96,0.0,12980.689999999999,0.0,1752.71,0.0,0.0,0.0,0.0,11561.57,0.0,0.0,0.0,2461.91,9080.67,0.0,5167.03,7813.66,0.0,0.0,230.77,20054489.36942185
runs/CZ16/DMo&0&rDXGF&Ex&dxAC_equip/RB-dxAC_equip-spltAC-SEER-BA-rDXGF-NoLRM-15%UC-AOE/instance-out.sql,CZ16,DMo,weighted,rDXGF,Ex,dxAC_equip,,RB-dxAC_equip-spltAC-SEER-BA-rDXGF-NoLRM-15%UC-AOE,DMo&0&rDXGF&Ex&dxAC_equip,RB-dxAC_equip-spltAC-SEER-BA-rDXGF-NoLRM-15%UC-AOE,60.04,104.54,41569.35,72376.49,41569.350000000006,9080.67,3063.75,3129.96,0.0,12980.689999999999,0.0,1752.71,0.0,0.0,0.0,0.0,11561.57,0.0,0.0,0.0,3063.75,9080.67,0.0,5167.03,7813.66,0.0,0.0,230.77,22718565.973355945
runs/CZ16/DMo&0&rDXGF&Ex&dxAC_equip/RB-dxAC_equip-spltAC-SEER-BA-rDXGF-NoLRM-0%UC-NR/instance-out.sql,CZ16,DMo,weighted,rDXGF,Ex,dxAC_equip,,RB-dxAC_equip-spltAC-SEER-BA-rDXGF-NoLRM-0%UC-NR,DMo&0&rDXGF&Ex&dxAC_equip,RB-dxAC_equip-spltAC-SEER-BA-rDXGF-NoLRM-0%UC-NR,58.83,100.69,40726.83,69708.22,40726.82,9080.67,2221.22,3129.96,0.0,12980.689999999999,0.0,1752.71,0.0,0.0,0.0,0.0,11561.57,0.0,0.0,0.0,2221.22,9080.67,0.0,5167.03,7813.66,0.0,0.0,230.77,18989055.492704436
runs/CZ16/DMo&0&rDXGF&Ex&dxAC_equip/RB-dxAC_equip-spltAC-SEER-BA-rDXGF-NoLRM-30%UC-AOE/instance-out.sql,CZ16,DMo,weighted,rDXGF,Ex,dxAC_equip,,RB-dxAC_equip-spltAC-SEER-BA-rDXGF-NoLRM-30%UC-AOE,DMo&0&rDXGF&Ex&dxAC_equip,RB-dxAC_equip-spltAC-SEER-BA-rDXGF-NoLRM-30%UC-AOE,60.91,107.3,42171.19,74282.5,42171.19,9080.67,3665.58,3129.96,0.0,12980.689999999999,0.0,1752.71,0.0,0.0,0.0,0.0,11561.57,0.0,0.0,0.0,3665.58,9080.67,0.0,5167.03,7813.66,0.0,0.0,230.77,25382642.574690793
runs/CZ16/DMo&0&rDXHP&Ex&dxHP_equip/RB-dxHP_equip-spltHP-SEER-BA-rDXHP-NoLRM-0%UC-AOE/instance-out.sql,CZ16,DMo,weighted,rDXHP,Ex,dxHP_equip,,RB-dxHP_equip-spltHP-SEER-BA-rDXHP-NoLRM-0%UC-AOE,DMo&0&rDXHP&Ex&dxHP_equip,RB-dxHP_equip-spltHP-SEER-BA-rDXHP-NoLRM-0%UC-AOE,52.37,107.62,36258.15,74507.16,36258.149999999994,3891.03,2462.24,3129.96,0.0,12980.689999999999,0.0,2250.04,0.0,0.0,0.0,0.0,11544.19,0.0,0.0,3891.03,2462.24,0.0,0.0,5167.03,7813.66,0.17,0.0,230.77,20055010.03660052
runs/CZ16/DMo&0&rDXHP&Ex&dxHP_equip/RB-dxHP_equip-spltHP-SEER-BA-rDXHP-LRM-LSC-AOE/instance-out.sql,CZ16,DMo,weighted,rDXHP,Ex,dxHP_equip,,RB-dxHP_equip-spltHP-SEER-BA-rDXHP-LRM-LSC-AOE,DMo&0&rDXHP&Ex&dxHP_equip,RB-dxHP_equip-spltHP-SEER-BA-rDXHP-LRM-LSC-AOE,52.24,107.21,36167.43,74219.86,36167.43,4012.99,2249.56,3129.96,0.0,12980.689999999999,0.0,2250.04,0.0,0.0,0.0,0.0,11544.19,0.0,0.0,4012.99,2249.56,0.0,0.0,5167.03,7813.66,0.17,0.0,230.77,19113665.26579072
runs/CZ16/DMo&0&rDXGF&Ex&dxAC_equip/RB-dxAC_equip-spltAC-SEER-BA-rDXGF-NoLRM-7.5%UC-AOE/instance-out.sql,CZ16,DMo,weighted,rDXGF,Ex,dxAC_equip,,RB-dxAC_equip-spltAC-SEER-BA-rDXGF-NoLRM-7.5%UC-AOE,DMo&0&rDXGF&Ex&dxAC_equip,RB-dxAC_equip-spltAC-SEER-BA-rDXGF-NoLRM-7.5%UC-AOE,59.61,103.17,41268.43,71423.49,41268.43,9080.67,2762.83,3129.96,0.0,12980.689999999999,0.0,1752.71,0.0,0.0,0.0,0.0,11561.57,0.0,0.0,0.0,2762.83,9080.67,0.0,5167.03,7813.66,0.0,0.0,230.77,21386527.669198662
runs/CZ16/DMo&0&rDXHP&Ex&dxHP_equip/RB-dxHP_equip-spltHP-SEER-BA-rDXHP-LRM-LSC-NR/instance-out.sql,CZ16,DMo,weighted,rDXHP,Ex,dxHP_equip,,RB-dxHP_equip-spltHP-SEER-BA-rDXHP-LRM-LSC-NR,DMo&0&rDXHP&Ex&dxHP_equip,RB-dxHP_equip-spltHP-SEER-BA-rDXHP-LRM-LSC-NR,51.0,103.29,35311.28,71508.43,35311.28,3376.77,2029.63,3129.96,0.0,12980.689999999999,0.0,2250.04,0.0,0.0,0.0,0.0,11544.19,0.0,0.0,3376.77,2029.63,0.0,0.0,5167.03,7813.66,0.17,0.0,230.77,18140219.629593484
runs/CZ16/DMo&0&rDXGF&Ex&dxAC_equip/RB-dxAC_equip-spltAC-SEER-BA-rDXGF-NoLRM-40%UC-AOE/instance-out.sql,CZ16,DMo,weighted,rDXGF,Ex,dxAC_equip,,RB-dxAC_equip-spltAC-SEER-BA-rDXGF-NoLRM-40%UC-AOE,DMo&0&rDXGF&Ex&dxAC_equip,RB-dxAC_equip-spltAC-SEER-BA-rDXGF-NoLRM-40%UC-AOE,61.49,109.13,42572.41,75553.18,42572.41,9080.67,4066.81,3129.96,0.0,12980.689999999999,0.0,1752.71,0.0,0.0,0.0,0.0,11561.57,0.0,0.0,0.0,4066.81,9080.67,0.0,5167.03,7813.66,0.0,0.0,230.77,27158693.646435212
runs/CZ16/DMo&0&rDXHP&Ex&dxHP_equip/RB-dxHP_equip-spltHP-SEER-BA-rDXHP-LRM-LSC-NC/instance-out.sql,CZ16,DMo,weighted,rDXHP,Ex,dxHP_equip,,RB-dxHP_equip-spltHP-SEER-BA-rDXHP-LRM-LSC-NC,DMo&0&rDXHP&Ex&dxHP_equip,RB-dxHP_equip-spltHP-SEER-BA-rDXHP-LRM-LSC-NC,51.0,103.29,35311.28,71508.43,35311.28,3376.77,2029.63,3129.96,0.0,12980.689999999999,0.0,2250.04,0.0,0.0,0.0,0.0,11544.19,0.0,0.0,3376.77,2029.63,0.0,0.0,5167.03,7813.66,0.17,0.0,230.77,18140219.629593484
runs/CZ16/DMo&0&rDXHP&Ex&dxHP_equip/RB-dxHP_equip-spltHP-SEER-BA-rDXHP-NoLRM-15%UC-AOE/instance-out.sql,CZ16,DMo,weighted,rDXHP,Ex,dxHP_equip,,RB-dxHP_equip-spltHP-SEER-BA-rDXHP-NoLRM-15%UC-AOE,DMo&0&rDXHP&Ex&dxHP_equip,RB-dxHP_equip-spltHP-SEER-BA-rDXHP-NoLRM-15%UC-AOE,52.92,109.35,36636.86,75706.52,36636.86,3667.82,3064.16,3129.96,0.0,12980.689999999999,0.0,2250.04,0.0,0.0,0.0,0.0,11544.19,0.0,0.0,3667.82,3064.16,0.0,0.0,5167.03,7813.66,0.17,0.0,230.77,22719193.34709873
runs/CZ16/DMo&0&rDXHP&Ex&dxHP_equip/RB-dxHP_equip-spltHP-SEER-BA-rDXHP-NoLRM-22.5%UC-AOE/instance-out.sql,CZ16,DMo,weighted,rDXHP,Ex,dxHP_equip,,RB-dxHP_equip-spltHP-SEER-BA-rDXHP-NoLRM-22.5%UC-AOE,DMo&0&rDXHP&Ex&dxHP_equip,RB-dxHP_equip-spltHP-SEER-BA-rDXHP-NoLRM-22.5%UC-AOE,53.1,109.94,36765.23,76113.08,36765.229999999996,3495.24,3365.11,3129.96,0.0,12980.689999999999,0.0,2250.04,0.0,0.0,0.0,0.0,11544.19,0.0,0.0,3495.24,3365.11,0.0,0.0,5167.03,7813.66,0.17,0.0,230.77,24051285.005477138
runs/CZ16/DMo&0&rDXHP&Ex&dxHP_equip/RB-dxHP_equip-spltHP-SEER-BA-rDXHP-NoLRM-0%UC-NC/instance-out.sql,CZ16,DMo,weighted,rDXHP,Ex,dxHP_equip,,RB-dxHP_equip-spltHP-SEER-BA-rDXHP-NoLRM-0%UC-NC,DMo&0&rDXHP&Ex&dxHP_equip,RB-dxHP_equip-spltHP-SEER-BA-rDXHP-NoLRM-0%UC-NC,51.14,103.72,35406.26,71809.23,35406.259999999995,3279.87,2221.52,3129.96,0.0,12980.689999999999,0.0,2250.04,0.0,0.0,0.0,0.0,11544.19,0.0,0.0,3279.87,2221.52,0.0,0.0,5167.03,7813.66,0.17,0.0,230.77,18989533.485138647
runs/CZ16/DMo&0&rDXHP&Ex&dxHP_equip/RB-dxHP_equip-spltHP-SEER-BA-rDXHP-NoLRM-0%UC-NR/instance-out.sql,CZ16,DMo,weighted,rDXHP,Ex,dxHP_equip,,RB-dxHP_equip-spltHP-SEER-BA-rDXHP-NoLRM-0%UC-NR,DMo&0&rDXHP&Ex&dxHP_equip,RB-dxHP_equip-spltHP-SEER-BA-rDXHP-NoLRM-0%UC-NR,51.14,103.72,35406.26,71809.23,35406.259999999995,3279.87,2221.52,3129.96,0.0,12980.689999999999,0.0,2250.04,0.0,0.0,0.0,0.0,11544.19,0.0,0.0,3279.87,2221.52,0.0,0.0,5167.03,7813.66,0.17,0.0,230.77,18989533.485138647
runs/CZ16/DMo&0&rDXHP&Ex&dxHP_equip/RB-dxHP_equip-spltHP-SEER-BA-rDXHP-NoLRM-40%UC-AOE/instance-out.sql,CZ16,DMo,weighted,rDXHP,Ex,dxHP_equip,,RB-dxHP_equip-spltHP-SEER-BA-rDXHP-NoLRM-40%UC-AOE,DMo&0&rDXHP&Ex&dxHP_equip,RB-dxHP_equip-spltHP-SEER-BA-rDXHP-NoLRM-40%UC-AOE,53.54,111.31,37064.77,77061.72,37064.77,3092.54,4067.35,3129.96,0.0,12980.689999999999,0.0,2250.04,0.0,0.0,0.0,0.0,11544.19,0.0,0.0,3092.54,4067.35,0.0,0.0,5167.03,7813.66,0.17,0.0,230.77,27159498.864451535
runs/CZ16/DMo&0&rDXHP&Ex&dxHP_equip/RB-dxHP_equip-spltHP-SEER-BA-rDXHP-NoLRM-7.5%UC-AOE/instance-out.sql,CZ16,DMo,weighted,rDXHP,Ex,dxHP_equip,,RB-dxHP_equip-spltHP-SEER-BA-rDXHP-NoLRM-7.5%UC-AOE,DMo&0&rDXHP&Ex&dxHP_equip,RB-dxHP_equip-spltHP-SEER-BA-rDXHP-NoLRM-7.5%UC-AOE,52.73,108.77,36508.48,75299.97,36508.479999999996,3840.41,2763.2,3129.96,0.0,12980.689999999999,0.0,2250.04,0.0,0.0,0.0,0.0,11544.19,0.0,0.0,3840.41,2763.2,0.0,0.0,5167.03,7813.66,0.17,0.0,230.77,21387101.689659305
runs/CZ16/DMo&0&rDXHP&Ex&dxHP_equip/RB-dxHP_equip-spltHP-SEER-BA-rDXHP-NoLRM-30%UC-AOE/instance-out.sql,CZ16,DMo,weighted,rDXHP,Ex,dxHP_equip,,RB-dxHP_equip-spltHP-SEER-BA-rDXHP-NoLRM-30%UC-AOE,DMo&0&rDXHP&Ex&dxHP_equip,RB-dxHP_equip-spltHP-SEER-BA-rDXHP-NoLRM-30%UC-AOE,53.29,110.53,36893.6,76519.64,36893.6,3322.66,3666.07,3129.96,0.0,12980.689999999999,0.0,2250.04,0.0,0.0,0.0,0.0,11544.19,0.0,0.0,3322.66,3666.07,0.0,0.0,5167.03,7813.66,0.17,0.0,230.77,25383376.654997602
