File Name,BldgLoc,BldgType,Story,BldgHVAC,BldgVint,TechGroup,TechType,TechID,Cohort,Case,Net Site EUI,Net Source EUI,Total Energy/Net Site Energy,Total Energy/Net Source Energy,Total,Heating,Cooling,Interior Lighting,Exterior Lighting,Interior Equipment,Exterior Equipment,Fans,Pumps,Heat Rejection,Humidification,Heat Recovery,Water Systems,Refrigeration,Generators,Heating Elec,Cooling Elec,Heating NG,Cooling NG,Interior Equipment Elec,Interior Equipment NG,Unmet Heating,Unmet Cooling,Conditioned Area,Electricity:Facility [J](Hourly)
runs/CZ10/SFm&1&rDXGF&Ex&dxAC_equip/RB-dxAC_equip-spltAC-SEER-BA-rDXGF-LRM-LSC-AOE/instance-out.sql,CZ10,SFm,1,rDXGF,Ex,dxAC_equip,,RB-dxAC_equip-spltAC-SEER-BA-rDXGF-LRM-LSC-AOE,SFm&1&rDXGF&Ex&dxAC_equip,RB-dxAC_equip-spltAC-SEER-BA-rDXGF-LRM-LSC-AOE,38.24,74.76,29414.26,57498.34,29414.26,3296.62,1805.39,1557.5,457.71,10338.53,0.0,207.47,0.0,0.0,0.0,0.0,11751.04,0.0,0.0,0.0,1805.39,3296.62,0.0,8268.27,2070.26,0.0,0.0,270.12,14481167.256469924
runs/CZ10/SFm&1&rDXGF&Ex&dxAC_equip/RB-dxAC_equip-spltAC-SEER-BA-rDXGF-LRM-LSC-NR/instance-out.sql,CZ10,SFm,1,rDXGF,Ex,dxAC_equip,,RB-dxAC_equip-spltAC-SEER-BA-rDXGF-LRM-LSC-NR,SFm&1&rDXGF&Ex&dxAC_equip,RB-dxAC_equip-spltAC-SEER-BA-rDXGF-LRM-LSC-NR,38.01,74.03,29237.76,56939.35,29237.76,3296.62,1628.88,1557.5,457.71,10338.53,0.0,207.47,0.0,0.0,0.0,0.0,11751.04,0.0,0.0,0.0,1628.88,3296.62,0.0,8268.27,2070.26,0.0,0.0,270.12,13730716.650798595
runs/CZ10/SFm&1&rDXGF&Ex&dxAC_equip/RB-dxAC_equip-spltAC-SEER-BA-rDXGF-NoLRM-0%UC-AOE/instance-out.sql,CZ10,SFm,1,rDXGF,Ex,dxAC_equip,,RB-dxAC_equip-spltAC-SEER-BA-rDXGF-NoLRM-0%UC-AOE,SFm&1&rDXGF&Ex&dxAC_equip,RB-dxAC_equip-spltAC-SEER-BA-rDXGF-NoLRM-0%UC-AOE,38.47,75.46,29584.95,58038.89,29584.94,3296.62,1976.07,1557.5,457.71,10338.53,0.0,207.47,0.0,0.0,0.0,0.0,11751.04,0.0,0.0,0.0,1976.07,3296.62,0.0,8268.27,2070.26,0.0,0.0,270.12,15206870.600479387
runs/CZ10/SFm&1&rDXGF&Ex&dxAC_equip/RB-dxAC_equip-spltAC-SEER-BA-rDXGF-NoLRM-0%UC-NR/instance-out.sql,CZ10,SFm,1,rDXGF,Ex,dxAC_equip,,RB-dxAC_equip-spltAC-SEER-BA-rDXGF-NoLRM-0%UC-NR,SFm&1&rDXGF&Ex&dxAC_equip,RB-dxAC_equip-spltAC-SEER-BA-rDXGF-NoLRM-0%UC-NR,38.21,74.67,29391.76,57427.06,29391.75,3296.62,1782.88,1557.5,457.71,10338.53,0.0,207.47,0.0,0.0,0.0,0.0,11751.04,0.0,0.0,0.0,1782.88,3296.62,0.0,8268.27,2070.26,0.0,0.0,270.12,14385471.34237932
runs/CZ10/SFm&1&rDXGF&Ex&dxAC_equip/RB-dxAC_equip-spltAC-SEER-BA-rDXGF-NoLRM-40%UC-AOE/instance-out.sql,CZ10,SFm,1,rDXGF,Ex,dxAC_equip,,RB-dxAC_equip-spltAC-SEER-BA-rDXGF-NoLRM-40%UC-AOE,SFm&1&rDXGF&Ex&dxAC_equip,RB-dxAC_equip-spltAC-SEER-BA-rDXGF-NoLRM-40%UC-AOE,40.14,80.77,30873.13,62118.56,30873.129999999997,3296.62,3264.25,1557.5,457.71,10338.53,0.0,207.47,0.0,0.0,0.0,0.0,11751.04,0.0,0.0,0.0,3264.25,3296.62,0.0,8268.27,2070.26,0.0,0.0,270.12,20683876.963848334
runs/CZ10/SFm&1&rDXGF&Ex&dxAC_equip/RB-dxAC_equip-spltAC-SEER-BA-rDXGF-NoLRM-22.5%UC-AOE/instance-out.sql,CZ10,SFm,1,rDXGF,Ex,dxAC_equip,,RB-dxAC_equip-spltAC-SEER-BA-rDXGF-NoLRM-22.5%UC-AOE,SFm&1&rDXGF&Ex&dxAC_equip,RB-dxAC_equip-spltAC-SEER-BA-rDXGF-NoLRM-22.5%UC-AOE,39.41,78.44,30309.55,60333.71,30309.549999999996,3296.62,2700.68,1557.5,457.71,10338.53,0.0,207.47,0.0,0.0,0.0,0.0,11751.04,0.0,0.0,0.0,2700.68,3296.62,0.0,8268.27,2070.26,0.0,0.0,270.12,18287686.682349406
runs/CZ10/SFm&1&rDXGF&Ex&dxAC_equip/RB-dxAC_equip-spltAC-SEER-BA-rDXGF-NoLRM-7.5%UC-AOE/instance-out.sql,CZ10,SFm,1,rDXGF,Ex,dxAC_equip,,RB-dxAC_equip-spltAC-SEER-BA-rDXGF-NoLRM-7.5%UC-AOE,SFm&1&rDXGF&Ex&dxAC_equip,RB-dxAC_equip-spltAC-SEER-BA-rDXGF-NoLRM-7.5%UC-AOE,38.78,76.46,29826.48,58803.83,29826.479999999996,3296.62,2217.61,1557.5,457.71,10338.53,0.0,207.47,0.0,0.0,0.0,0.0,11751.04,0.0,0.0,0.0,2217.61,3296.62,0.0,8268.27,2070.26,0.0,0.0,270.12,16233809.291943347
runs/CZ10/SFm&1&rDXGF&Ex&dxAC_equip/RB-dxAC_equip-spltAC-SEER-BA-rDXGF-NoLRM-15%UC-AOE/instance-out.sql,CZ10,SFm,1,rDXGF,Ex,dxAC_equip,,RB-dxAC_equip-spltAC-SEER-BA-rDXGF-NoLRM-15%UC-AOE,SFm&1&rDXGF&Ex&dxAC_equip,RB-dxAC_equip-spltAC-SEER-BA-rDXGF-NoLRM-15%UC-AOE,39.09,77.45,30068.02,59568.77,30068.01,3296.62,2459.14,1557.5,457.71,10338.53,0.0,207.47,0.0,0.0,0.0,0.0,11751.04,0.0,0.0,0.0,2459.14,3296.62,0.0,8268.27,2070.26,0.0,0.0,270.12,17260747.98678444
runs/CZ10/SFm&1&rDXGF&Ex&dxAC_equip/RB-dxAC_equip-spltAC-SEER-BA-rDXGF-NoLRM-30%UC-AOE/instance-out.sql,CZ10,SFm,1,rDXGF,Ex,dxAC_equip,,RB-dxAC_equip-spltAC-SEER-BA-rDXGF-NoLRM-30%UC-AOE,SFm&1&rDXGF&Ex&dxAC_equip,RB-dxAC_equip-spltAC-SEER-BA-rDXGF-NoLRM-30%UC-AOE,39.72,79.44,30551.08,61098.65,30551.079999999998,3296.62,2942.21,1557.5,457.71,10338.53,0.0,207.47,0.0,0.0,0.0,0.0,11751.04,0.0,0.0,0.0,2942.21,3296.62,0.0,8268.27,2070.26,0.0,0.0,270.12,19314625.371085595
runs/CZ10/SFm&1&rDXHP&Ex&dxHP_equip/RB-dxHP_equip-spltHP-SEER-BA-rDXHP-LRM-LSC-NC/instance-out.sql,CZ10,SFm,1,rDXHP,Ex,dxHP_equip,,RB-dxHP_equip-spltHP-SEER-BA-rDXHP-LRM-LSC-NC,SFm&1&rDXHP&Ex&dxHP_equip,RB-dxHP_equip-spltHP-SEER-BA-rDXHP-LRM-LSC-NC,35.69,75.6,27450.91,58147.94,27450.91,1478.6,1628.9,1557.5,457.71,10338.53,0.0,238.95,0.0,0.0,0.0,0.0,11750.72,0.0,0.0,1478.6,1628.9,0.0,0.0,8268.27,2070.26,0.0,0.0,270.12,13730758.998956898
runs/CZ10/SFm&1&rDXHP&Ex&dxHP_equip/RB-dxHP_equip-spltHP-SEER-BA-rDXHP-LRM-LSC-NR/instance-out.sql,CZ10,SFm,1,rDXHP,Ex,dxHP_equip,,RB-dxHP_equip-spltHP-SEER-BA-rDXHP-LRM-LSC-NR,SFm&1&rDXHP&Ex&dxHP_equip,RB-dxHP_equip-spltHP-SEER-BA-rDXHP-LRM-LSC-NR,35.69,75.6,27450.91,58147.94,27450.91,1478.6,1628.9,1557.5,457.71,10338.53,0.0,238.95,0.0,0.0,0.0,0.0,11750.72,0.0,0.0,1478.6,1628.9,0.0,0.0,8268.27,2070.26,0.0,0.0,270.12,13730758.998956898
runs/CZ10/SFm&1&rDXHP&Ex&dxHP_equip/RB-dxHP_equip-spltHP-SEER-BA-rDXHP-NoLRM-0%UC-AOE/instance-out.sql,CZ10,SFm,1,rDXHP,Ex,dxHP_equip,,RB-dxHP_equip-spltHP-SEER-BA-rDXHP-NoLRM-0%UC-AOE,SFm&1&rDXHP&Ex&dxHP_equip,RB-dxHP_equip-spltHP-SEER-BA-rDXHP-NoLRM-0%UC-AOE,36.52,78.22,28086.57,60161.05,28086.559999999998,1767.06,1976.1,1557.5,457.71,10338.53,0.0,238.95,0.0,0.0,0.0,0.0,11750.72,0.0,0.0,1767.06,1976.1,0.0,0.0,8268.27,2070.26,0.0,0.0,270.12,15206921.19179732
runs/CZ10/SFm&1&rDXHP&Ex&dxHP_equip/RB-dxHP_equip-spltHP-SEER-BA-rDXHP-NoLRM-30%UC-AOE/instance-out.sql,CZ10,SFm,1,rDXHP,Ex,dxHP_equip,,RB-dxHP_equip-spltHP-SEER-BA-rDXHP-NoLRM-30%UC-AOE,SFm&1&rDXHP&Ex&dxHP_equip,RB-dxHP_equip-spltHP-SEER-BA-rDXHP-NoLRM-30%UC-AOE,37.36,80.89,28733.9,62211.15,28733.9,1448.24,2942.25,1557.5,457.71,10338.53,0.0,238.95,0.0,0.0,0.0,0.0,11750.72,0.0,0.0,1448.24,2942.25,0.0,0.0,8268.27,2070.26,0.0,0.0,270.12,19314698.90098544
runs/CZ10/SFm&1&rDXHP&Ex&dxHP_equip/RB-dxHP_equip-spltHP-SEER-BA-rDXHP-LRM-LSC-AOE/instance-out.sql,CZ10,SFm,1,rDXHP,Ex,dxHP_equip,,RB-dxHP_equip-spltHP-SEER-BA-rDXHP-LRM-LSC-AOE,SFm&1&rDXHP&Ex&dxHP_equip,RB-dxHP_equip-spltHP-SEER-BA-rDXHP-LRM-LSC-AOE,36.38,77.8,27984.29,59837.14,27984.29,1835.47,1805.41,1557.5,457.71,10338.53,0.0,238.95,0.0,0.0,0.0,0.0,11750.72,0.0,0.0,1835.47,1805.41,0.0,0.0,8268.27,2070.26,0.0,0.0,270.12,14481213.795305043
runs/CZ10/SFm&1&rDXHP&Ex&dxHP_equip/RB-dxHP_equip-spltHP-SEER-BA-rDXHP-NoLRM-22.5%UC-AOE/instance-out.sql,CZ10,SFm,1,rDXHP,Ex,dxHP_equip,,RB-dxHP_equip-spltHP-SEER-BA-rDXHP-NoLRM-22.5%UC-AOE,SFm&1&rDXHP&Ex&dxHP_equip,RB-dxHP_equip-spltHP-SEER-BA-rDXHP-NoLRM-22.5%UC-AOE,37.17,80.29,28589.17,61752.79,28589.17,1545.05,2700.71,1557.5,457.71,10338.53,0.0,238.95,0.0,0.0,0.0,0.0,11750.72,0.0,0.0,1545.05,2700.71,0.0,0.0,8268.27,2070.26,0.0,0.0,270.12,18287754.477603797
runs/CZ10/SFm&1&rDXHP&Ex&dxHP_equip/RB-dxHP_equip-spltHP-SEER-BA-rDXHP-NoLRM-0%UC-NC/instance-out.sql,CZ10,SFm,1,rDXHP,Ex,dxHP_equip,,RB-dxHP_equip-spltHP-SEER-BA-rDXHP-NoLRM-0%UC-NC,SFm&1&rDXHP&Ex&dxHP_equip,RB-dxHP_equip-spltHP-SEER-BA-rDXHP-NoLRM-0%UC-NC,35.82,76.01,27550.56,58463.51,27550.55,1424.24,1782.9,1557.5,457.71,10338.53,0.0,238.95,0.0,0.0,0.0,0.0,11750.72,0.0,0.0,1424.24,1782.9,0.0,0.0,8268.27,2070.26,0.0,0.0,270.12,14385517.34682797
runs/CZ10/SFm&1&rDXHP&Ex&dxHP_equip/RB-dxHP_equip-spltHP-SEER-BA-rDXHP-NoLRM-15%UC-AOE/instance-out.sql,CZ10,SFm,1,rDXHP,Ex,dxHP_equip,,RB-dxHP_equip-spltHP-SEER-BA-rDXHP-NoLRM-15%UC-AOE,SFm&1&rDXHP&Ex&dxHP_equip,RB-dxHP_equip-spltHP-SEER-BA-rDXHP-NoLRM-15%UC-AOE,36.98,79.69,28444.44,61294.43,28444.44,1641.86,2459.17,1557.5,457.71,10338.53,0.0,238.95,0.0,0.0,0.0,0.0,11750.72,0.0,0.0,1641.86,2459.17,0.0,0.0,8268.27,2070.26,0.0,0.0,270.12,17260810.047393337
runs/CZ10/SFm&1&rDXHP&Ex&dxHP_equip/RB-dxHP_equip-spltHP-SEER-BA-rDXHP-NoLRM-40%UC-AOE/instance-out.sql,CZ10,SFm,1,rDXHP,Ex,dxHP_equip,,RB-dxHP_equip-spltHP-SEER-BA-rDXHP-NoLRM-40%UC-AOE,SFm&1&rDXHP&Ex&dxHP_equip,RB-dxHP_equip-spltHP-SEER-BA-rDXHP-NoLRM-40%UC-AOE,37.61,81.68,28926.87,62822.3,28926.87,1319.17,3264.3,1557.5,457.71,10338.53,0.0,238.95,0.0,0.0,0.0,0.0,11750.72,0.0,0.0,1319.17,3264.3,0.0,0.0,8268.27,2070.26,0.0,0.0,270.12,20683958.139942165
runs/CZ10/SFm&1&rDXHP&Ex&dxHP_equip/RB-dxHP_equip-spltHP-SEER-BA-rDXHP-NoLRM-0%UC-NR/instance-out.sql,CZ10,SFm,1,rDXHP,Ex,dxHP_equip,,RB-dxHP_equip-spltHP-SEER-BA-rDXHP-NoLRM-0%UC-NR,SFm&1&rDXHP&Ex&dxHP_equip,RB-dxHP_equip-spltHP-SEER-BA-rDXHP-NoLRM-0%UC-NR,35.82,76.01,27550.56,58463.51,27550.55,1424.24,1782.9,1557.5,457.71,10338.53,0.0,238.95,0.0,0.0,0.0,0.0,11750.72,0.0,0.0,1424.24,1782.9,0.0,0.0,8268.27,2070.26,0.0,0.0,270.12,14385517.34682797
runs/CZ10/SFm&1&rDXHP&Ex&dxHP_equip/RB-dxHP_equip-spltHP-SEER-BA-rDXHP-NoLRM-7.5%UC-AOE/instance-out.sql,CZ10,SFm,1,rDXHP,Ex,dxHP_equip,,RB-dxHP_equip-spltHP-SEER-BA-rDXHP-NoLRM-7.5%UC-AOE,SFm&1&rDXHP&Ex&dxHP_equip,RB-dxHP_equip-spltHP-SEER-BA-rDXHP-NoLRM-7.5%UC-AOE,36.79,79.1,28299.71,60836.07,28299.71,1738.66,2217.63,1557.5,457.71,10338.53,0.0,238.95,0.0,0.0,0.0,0.0,11750.72,0.0,0.0,1738.66,2217.63,0.0,0.0,8268.27,2070.26,0.0,0.0,270.12,16233865.617906751
runs/CZ10/SFm&2&rDXGF&Ex&dxAC_equip/RB-dxAC_equip-spltAC-SEER-BA-rDXGF-LRM-LSC-NR/instance-out.sql,CZ10,SFm,2,rDXGF,Ex,dxAC_equip,,RB-dxAC_equip-spltAC-SEER-BA-rDXGF-LRM-LSC-NR,SFm&2&rDXGF&Ex&dxAC_equip,RB-dxAC_equip-spltAC-SEER-BA-rDXGF-LRM-LSC-NR,52.15,106.41,46470.26,94828.01,46470.25,10135.74,4786.86,1774.64,457.71,16701.91,0.0,881.96,0.0,0.0,0.0,0.0,11731.43,0.0,0.0,0.0,4786.86,10135.74,0.0,13440.28,3261.63,0.0,0.0,540.12,29409288.89172198
runs/CZ10/SFm&2&rDXGF&Ex&dxAC_equip/RB-dxAC_equip-spltAC-SEER-BA-rDXGF-LRM-LSC-AOE/instance-out.sql,CZ10,SFm,2,rDXGF,Ex,dxAC_equip,,RB-dxAC_equip-spltAC-SEER-BA-rDXGF-LRM-LSC-AOE,SFm&2&rDXGF&Ex&dxAC_equip,RB-dxAC_equip-spltAC-SEER-BA-rDXGF-LRM-LSC-AOE,52.73,108.26,46988.95,96470.73,46988.95,10135.74,5305.56,1774.64,457.71,16701.91,0.0,881.96,0.0,0.0,0.0,0.0,11731.43,0.0,0.0,0.0,5305.56,10135.74,0.0,13440.28,3261.63,0.0,0.0,540.12,31346011.031250235
runs/CZ10/SFm&2&rDXGF&Ex&dxAC_equip/RB-dxAC_equip-spltAC-SEER-BA-rDXGF-NoLRM-0%UC-NR/instance-out.sql,CZ10,SFm,2,rDXGF,Ex,dxAC_equip,,RB-dxAC_equip-spltAC-SEER-BA-rDXGF-NoLRM-0%UC-NR,SFm&2&rDXGF&Ex&dxAC_equip,RB-dxAC_equip-spltAC-SEER-BA-rDXGF-NoLRM-0%UC-NR,52.65,108.02,46922.81,96261.25,46922.81,10135.74,5239.42,1774.64,457.71,16701.91,0.0,881.96,0.0,0.0,0.0,0.0,11731.43,0.0,0.0,0.0,5239.42,10135.74,0.0,13440.28,3261.63,0.0,0.0,540.12,31099044.216804303
runs/CZ10/SFm&2&rDXHP&Ex&dxHP_equip/RB-dxHP_equip-spltHP-SEER-BA-rDXHP-LRM-LSC-AOE/instance-out.sql,CZ10,SFm,2,rDXHP,Ex,dxHP_equip,,RB-dxHP_equip-spltHP-SEER-BA-rDXHP-LRM-LSC-AOE,SFm&2&rDXHP&Ex&dxHP_equip,RB-dxHP_equip-spltHP-SEER-BA-rDXHP-LRM-LSC-AOE,46.79,113.13,41693.08,100811.83,41693.08,4719.71,5305.4,1774.64,457.71,16701.91,0.0,1002.45,0.0,0.0,0.0,0.0,11731.24,0.0,0.0,4719.71,5305.4,0.0,0.0,13440.28,3261.63,0.0,0.0,540.12,31346010.54734506
runs/CZ10/SFm&2&rDXHP&Ex&dxHP_equip/RB-dxHP_equip-spltHP-SEER-BA-rDXHP-LRM-LSC-NC/instance-out.sql,CZ10,SFm,2,rDXHP,Ex,dxHP_equip,,RB-dxHP_equip-spltHP-SEER-BA-rDXHP-LRM-LSC-NC,SFm&2&rDXHP&Ex&dxHP_equip,RB-dxHP_equip-spltHP-SEER-BA-rDXHP-LRM-LSC-NC,45.14,107.91,40225.4,96163.72,40225.41,3770.73,4786.72,1774.64,457.71,16701.91,0.0,1002.45,0.0,0.0,0.0,0.0,11731.24,0.0,0.0,3770.73,4786.72,0.0,0.0,13440.28,3261.63,0.0,0.0,540.12,29409288.440824397
runs/CZ10/SFm&2&rDXGF&Ex&dxAC_equip/RB-dxAC_equip-spltAC-SEER-BA-rDXGF-NoLRM-22.5%UC-AOE/instance-out.sql,CZ10,SFm,2,rDXGF,Ex,dxAC_equip,,RB-dxAC_equip-spltAC-SEER-BA-rDXGF-NoLRM-22.5%UC-AOE,SFm&2&rDXGF&Ex&dxAC_equip,RB-dxAC_equip-spltAC-SEER-BA-rDXGF-NoLRM-22.5%UC-AOE,55.68,117.61,49619.96,104803.13,49619.96,10135.74,7936.57,1774.64,457.71,16701.91,0.0,881.96,0.0,0.0,0.0,0.0,11731.43,0.0,0.0,0.0,7936.57,10135.74,0.0,13440.28,3261.63,0.0,0.0,540.12,41169669.498485774
runs/CZ10/SFm&2&rDXGF&Ex&dxAC_equip/RB-dxAC_equip-spltAC-SEER-BA-rDXGF-NoLRM-0%UC-AOE/instance-out.sql,CZ10,SFm,2,rDXGF,Ex,dxAC_equip,,RB-dxAC_equip-spltAC-SEER-BA-rDXGF-NoLRM-0%UC-AOE,SFm&2&rDXGF&Ex&dxAC_equip,RB-dxAC_equip-spltAC-SEER-BA-rDXGF-NoLRM-0%UC-AOE,53.29,110.04,47490.55,98059.28,47490.55,10135.74,5807.15,1774.64,457.71,16701.91,0.0,881.96,0.0,0.0,0.0,0.0,11731.43,0.0,0.0,0.0,5807.15,10135.74,0.0,13440.28,3261.63,0.0,0.0,540.12,33218866.78278304
runs/CZ10/SFm&2&rDXGF&Ex&dxAC_equip/RB-dxAC_equip-spltAC-SEER-BA-rDXGF-NoLRM-15%UC-AOE/instance-out.sql,CZ10,SFm,2,rDXGF,Ex,dxAC_equip,,RB-dxAC_equip-spltAC-SEER-BA-rDXGF-NoLRM-15%UC-AOE,SFm&2&rDXGF&Ex&dxAC_equip,RB-dxAC_equip-spltAC-SEER-BA-rDXGF-NoLRM-15%UC-AOE,54.89,115.08,48910.16,102555.18,48910.16,10135.74,7226.76,1774.64,457.71,16701.91,0.0,881.96,0.0,0.0,0.0,0.0,11731.43,0.0,0.0,0.0,7226.76,10135.74,0.0,13440.28,3261.63,0.0,0.0,540.12,38519401.92243426
runs/CZ10/SFm&2&rDXHP&Ex&dxHP_equip/RB-dxHP_equip-spltHP-SEER-BA-rDXHP-NoLRM-0%UC-NC/instance-out.sql,CZ10,SFm,2,rDXHP,Ex,dxHP_equip,,RB-dxHP_equip-spltHP-SEER-BA-rDXHP-NoLRM-0%UC-NC,SFm&2&rDXHP&Ex&dxHP_equip,RB-dxHP_equip-spltHP-SEER-BA-rDXHP-NoLRM-0%UC-NC,45.49,109.01,40533.4,97139.15,40533.41,3626.18,5239.26,1774.64,457.71,16701.91,0.0,1002.45,0.0,0.0,0.0,0.0,11731.24,0.0,0.0,3626.18,5239.26,0.0,0.0,13440.28,3261.63,0.0,0.0,540.12,31099043.73710819
runs/CZ10/SFm&2&rDXGF&Ex&dxAC_equip/RB-dxAC_equip-spltAC-SEER-BA-rDXGF-NoLRM-7.5%UC-AOE/instance-out.sql,CZ10,SFm,2,rDXGF,Ex,dxAC_equip,,RB-dxAC_equip-spltAC-SEER-BA-rDXGF-NoLRM-7.5%UC-AOE,SFm&2&rDXGF&Ex&dxAC_equip,RB-dxAC_equip-spltAC-SEER-BA-rDXGF-NoLRM-7.5%UC-AOE,54.09,112.56,48200.35,100307.23,48200.35,10135.74,6516.96,1774.64,457.71,16701.91,0.0,881.96,0.0,0.0,0.0,0.0,11731.43,0.0,0.0,0.0,6516.96,10135.74,0.0,13440.28,3261.63,0.0,0.0,540.12,35869134.34825088
runs/CZ10/SFm&2&rDXGF&Ex&dxAC_equip/RB-dxAC_equip-spltAC-SEER-BA-rDXGF-NoLRM-30%UC-AOE/instance-out.sql,CZ10,SFm,2,rDXGF,Ex,dxAC_equip,,RB-dxAC_equip-spltAC-SEER-BA-rDXGF-NoLRM-30%UC-AOE,SFm&2&rDXGF&Ex&dxAC_equip,RB-dxAC_equip-spltAC-SEER-BA-rDXGF-NoLRM-30%UC-AOE,56.48,120.13,50329.77,107051.08,50329.770000000004,10135.74,8646.37,1774.64,457.71,16701.91,0.0,881.96,0.0,0.0,0.0,0.0,11731.43,0.0,0.0,0.0,8646.37,10135.74,0.0,13440.28,3261.63,0.0,0.0,540.12,43819937.05691394
runs/CZ10/SFm&2&rDXGF&Ex&dxAC_equip/RB-dxAC_equip-spltAC-SEER-BA-rDXGF-NoLRM-40%UC-AOE/instance-out.sql,CZ10,SFm,2,rDXGF,Ex,dxAC_equip,,RB-dxAC_equip-spltAC-SEER-BA-rDXGF-NoLRM-40%UC-AOE,SFm&2&rDXGF&Ex&dxAC_equip,RB-dxAC_equip-spltAC-SEER-BA-rDXGF-NoLRM-40%UC-AOE,57.54,123.49,51276.17,110048.35,51276.17,10135.74,9592.78,1774.64,457.71,16701.91,0.0,881.96,0.0,0.0,0.0,0.0,11731.43,0.0,0.0,0.0,9592.78,10135.74,0.0,13440.28,3261.63,0.0,0.0,540.12,47353627.15489935
runs/CZ10/SFm&2&rDXHP&Ex&dxHP_equip/RB-dxHP_equip-spltHP-SEER-BA-rDXHP-LRM-LSC-NR/instance-out.sql,CZ10,SFm,2,rDXHP,Ex,dxHP_equip,,RB-dxHP_equip-spltHP-SEER-BA-rDXHP-LRM-LSC-NR,SFm&2&rDXHP&Ex&dxHP_equip,RB-dxHP_equip-spltHP-SEER-BA-rDXHP-LRM-LSC-NR,45.14,107.91,40225.4,96163.72,40225.41,3770.73,4786.72,1774.64,457.71,16701.91,0.0,1002.45,0.0,0.0,0.0,0.0,11731.24,0.0,0.0,3770.73,4786.72,0.0,0.0,13440.28,3261.63,0.0,0.0,540.12,29409288.440824397
runs/CZ10/SFm&2&rDXHP&Ex&dxHP_equip/RB-dxHP_equip-spltHP-SEER-BA-rDXHP-NoLRM-0%UC-NR/instance-out.sql,CZ10,SFm,2,rDXHP,Ex,dxHP_equip,,RB-dxHP_equip-spltHP-SEER-BA-rDXHP-NoLRM-0%UC-NR,SFm&2&rDXHP&Ex&dxHP_equip,RB-dxHP_equip-spltHP-SEER-BA-rDXHP-NoLRM-0%UC-NR,45.49,109.01,40533.4,97139.15,40533.41,3626.18,5239.26,1774.64,457.71,16701.91,0.0,1002.45,0.0,0.0,0.0,0.0,11731.24,0.0,0.0,3626.18,5239.26,0.0,0.0,13440.28,3261.63,0.0,0.0,540.12,31099043.73710819
runs/CZ10/SFm&2&rDXHP&Ex&dxHP_equip/RB-dxHP_equip-spltHP-SEER-BA-rDXHP-NoLRM-0%UC-AOE/instance-out.sql,CZ10,SFm,2,rDXHP,Ex,dxHP_equip,,RB-dxHP_equip-spltHP-SEER-BA-rDXHP-NoLRM-0%UC-AOE,SFm&2&rDXHP&Ex&dxHP_equip,RB-dxHP_equip-spltHP-SEER-BA-rDXHP-NoLRM-0%UC-AOE,47.15,114.26,42012.74,101824.21,42012.75,4537.8,5806.98,1774.64,457.71,16701.91,0.0,1002.45,0.0,0.0,0.0,0.0,11731.24,0.0,0.0,4537.8,5806.98,0.0,0.0,13440.28,3261.63,0.0,0.0,540.12,33218866.26695875
runs/CZ10/SFm&2&rDXHP&Ex&dxHP_equip/RB-dxHP_equip-spltHP-SEER-BA-rDXHP-NoLRM-15%UC-AOE/instance-out.sql,CZ10,SFm,2,rDXHP,Ex,dxHP_equip,,RB-dxHP_equip-spltHP-SEER-BA-rDXHP-NoLRM-15%UC-AOE,SFm&2&rDXHP&Ex&dxHP_equip,RB-dxHP_equip-spltHP-SEER-BA-rDXHP-NoLRM-15%UC-AOE,48.36,118.13,43099.37,105265.56,43099.37,4204.86,7226.55,1774.64,457.71,16701.91,0.0,1002.45,0.0,0.0,0.0,0.0,11731.24,0.0,0.0,4204.86,7226.55,0.0,0.0,13440.28,3261.63,0.0,0.0,540.12,38519401.31627287
runs/CZ10/SFm&2&rDXHP&Ex&dxHP_equip/RB-dxHP_equip-spltHP-SEER-BA-rDXHP-NoLRM-30%UC-AOE/instance-out.sql,CZ10,SFm,2,rDXHP,Ex,dxHP_equip,,RB-dxHP_equip-spltHP-SEER-BA-rDXHP-NoLRM-30%UC-AOE,SFm&2&rDXHP&Ex&dxHP_equip,RB-dxHP_equip-spltHP-SEER-BA-rDXHP-NoLRM-30%UC-AOE,49.38,121.34,44004.08,108130.79,44004.090000000004,3690.01,8646.12,1774.64,457.71,16701.91,0.0,1002.45,0.0,0.0,0.0,0.0,11731.24,0.0,0.0,3690.01,8646.12,0.0,0.0,13440.28,3261.63,0.0,0.0,540.12,43819936.360415444
runs/CZ10/SFm&2&rDXHP&Ex&dxHP_equip/RB-dxHP_equip-spltHP-SEER-BA-rDXHP-NoLRM-40%UC-AOE/instance-out.sql,CZ10,SFm,2,rDXHP,Ex,dxHP_equip,,RB-dxHP_equip-spltHP-SEER-BA-rDXHP-NoLRM-40%UC-AOE,SFm&2&rDXHP&Ex&dxHP_equip,RB-dxHP_equip-spltHP-SEER-BA-rDXHP-NoLRM-40%UC-AOE,50.06,123.48,44607.22,110040.94,44607.23,3346.77,9592.5,1774.64,457.71,16701.91,0.0,1002.45,0.0,0.0,0.0,0.0,11731.24,0.0,0.0,3346.77,9592.5,0.0,0.0,13440.28,3261.63,0.0,0.0,540.12,47353626.39817612
runs/CZ11/SFm&1&rDXGF&Ex&dxAC_equip/RB-dxAC_equip-spltAC-SEER-BA-rDXGF-NoLRM-0%UC-AOE/instance-out.sql,CZ11,SFm,1,rDXGF,Ex,dxAC_equip,,RB-dxAC_equip-spltAC-SEER-BA-rDXGF-NoLRM-0%UC-AOE,SFm&1&rDXGF&Ex&dxAC_equip,RB-dxAC_equip-spltAC-SEER-BA-rDXGF-NoLRM-0%UC-AOE,47.07,89.04,36201.22,68483.79,36201.22,8244.57,3330.11,1557.5,457.71,10338.53,0.0,424.66,0.0,0.0,0.0,0.0,11848.13,0.0,0.0,0.0,3330.11,8244.57,0.0,8268.27,2070.26,0.0,0.0,270.12,20285856.901797846
runs/CZ10/SFm&2&rDXHP&Ex&dxHP_equip/RB-dxHP_equip-spltHP-SEER-BA-rDXHP-NoLRM-7.5%UC-AOE/instance-out.sql,CZ10,SFm,2,rDXHP,Ex,dxHP_equip,,RB-dxHP_equip-spltHP-SEER-BA-rDXHP-NoLRM-7.5%UC-AOE,SFm&2&rDXHP&Ex&dxHP_equip,RB-dxHP_equip-spltHP-SEER-BA-rDXHP-NoLRM-7.5%UC-AOE,47.86,116.52,42647.01,103832.95,42647.020000000004,4462.29,6516.77,1774.64,457.71,16701.91,0.0,1002.45,0.0,0.0,0.0,0.0,11731.24,0.0,0.0,4462.29,6516.77,0.0,0.0,13440.28,3261.63,0.0,0.0,540.12,35869133.78725806
runs/CZ11/SFm&1&rDXGF&Ex&dxAC_equip/RB-dxAC_equip-spltAC-SEER-BA-rDXGF-LRM-LSC-AOE/instance-out.sql,CZ11,SFm,1,rDXGF,Ex,dxAC_equip,,RB-dxAC_equip-spltAC-SEER-BA-rDXGF-LRM-LSC-AOE,SFm&1&rDXGF&Ex&dxAC_equip,RB-dxAC_equip-spltAC-SEER-BA-rDXGF-LRM-LSC-AOE,46.69,87.86,35913.58,67572.84,35913.58,8244.57,3042.47,1557.5,457.71,10338.53,0.0,424.66,0.0,0.0,0.0,0.0,11848.13,0.0,0.0,0.0,3042.47,8244.57,0.0,8268.27,2070.26,0.0,0.0,270.12,19163691.080972932
runs/CZ11/SFm&1&rDXGF&Ex&dxAC_equip/RB-dxAC_equip-spltAC-SEER-BA-rDXGF-LRM-LSC-NR/instance-out.sql,CZ11,SFm,1,rDXGF,Ex,dxAC_equip,,RB-dxAC_equip-spltAC-SEER-BA-rDXGF-LRM-LSC-NR,SFm&1&rDXGF&Ex&dxAC_equip,RB-dxAC_equip-spltAC-SEER-BA-rDXGF-LRM-LSC-NR,46.31,86.63,35616.13,66630.82,35616.130000000005,8244.57,2745.02,1557.5,457.71,10338.53,0.0,424.66,0.0,0.0,0.0,0.0,11848.13,0.0,0.0,0.0,2745.02,8244.57,0.0,8268.27,2070.26,0.0,0.0,270.12,18003258.20319535
runs/CZ10/SFm&2&rDXHP&Ex&dxHP_equip/RB-dxHP_equip-spltHP-SEER-BA-rDXHP-NoLRM-22.5%UC-AOE/instance-out.sql,CZ10,SFm,2,rDXHP,Ex,dxHP_equip,,RB-dxHP_equip-spltHP-SEER-BA-rDXHP-NoLRM-22.5%UC-AOE,SFm&2&rDXHP&Ex&dxHP_equip,RB-dxHP_equip-spltHP-SEER-BA-rDXHP-NoLRM-22.5%UC-AOE,48.87,119.73,43551.73,106698.18,43551.73,3947.43,7936.33,1774.64,457.71,16701.91,0.0,1002.45,0.0,0.0,0.0,0.0,11731.24,0.0,0.0,3947.43,7936.33,0.0,0.0,13440.28,3261.63,0.0,0.0,540.12,41169668.847155824
runs/CZ11/SFm&1&rDXGF&Ex&dxAC_equip/RB-dxAC_equip-spltAC-SEER-BA-rDXGF-NoLRM-22.5%UC-AOE/instance-out.sql,CZ11,SFm,1,rDXGF,Ex,dxAC_equip,,RB-dxAC_equip-spltAC-SEER-BA-rDXGF-NoLRM-22.5%UC-AOE,SFm&1&rDXGF&Ex&dxAC_equip,RB-dxAC_equip-spltAC-SEER-BA-rDXGF-NoLRM-22.5%UC-AOE,48.66,94.07,37422.33,72351.05,37422.33,8244.57,4551.22,1557.5,457.71,10338.53,0.0,424.66,0.0,0.0,0.0,0.0,11848.13,0.0,0.0,0.0,4551.22,8244.57,0.0,8268.27,2070.26,0.0,0.0,270.12,25049768.403461214
runs/CZ11/SFm&1&rDXGF&Ex&dxAC_equip/RB-dxAC_equip-spltAC-SEER-BA-rDXGF-NoLRM-7.5%UC-AOE/instance-out.sql,CZ11,SFm,1,rDXGF,Ex,dxAC_equip,,RB-dxAC_equip-spltAC-SEER-BA-rDXGF-NoLRM-7.5%UC-AOE,SFm&1&rDXGF&Ex&dxAC_equip,RB-dxAC_equip-spltAC-SEER-BA-rDXGF-NoLRM-7.5%UC-AOE,47.6,90.72,36608.26,69772.88,36608.26,8244.57,3737.15,1557.5,457.71,10338.53,0.0,424.66,0.0,0.0,0.0,0.0,11848.13,0.0,0.0,0.0,3737.15,8244.57,0.0,8268.27,2070.26,0.0,0.0,270.12,21873827.39849778
runs/CZ11/SFm&1&rDXGF&Ex&dxAC_equip/RB-dxAC_equip-spltAC-SEER-BA-rDXGF-NoLRM-0%UC-NR/instance-out.sql,CZ11,SFm,1,rDXGF,Ex,dxAC_equip,,RB-dxAC_equip-spltAC-SEER-BA-rDXGF-NoLRM-0%UC-NR,SFm&1&rDXGF&Ex&dxAC_equip,RB-dxAC_equip-spltAC-SEER-BA-rDXGF-NoLRM-0%UC-NR,46.64,87.7,35875.65,67452.71,35875.65,8244.57,3004.54,1557.5,457.71,10338.53,0.0,424.66,0.0,0.0,0.0,0.0,11848.13,0.0,0.0,0.0,3004.54,8244.57,0.0,8268.27,2070.26,0.0,0.0,270.12,19015715.072771326
runs/CZ11/SFm&1&rDXGF&Ex&dxAC_equip/RB-dxAC_equip-spltAC-SEER-BA-rDXGF-NoLRM-40%UC-AOE/instance-out.sql,CZ11,SFm,1,rDXGF,Ex,dxAC_equip,,RB-dxAC_equip-spltAC-SEER-BA-rDXGF-NoLRM-40%UC-AOE,SFm&1&rDXGF&Ex&dxAC_equip,RB-dxAC_equip-spltAC-SEER-BA-rDXGF-NoLRM-40%UC-AOE,49.89,97.98,38372.08,75358.92,38372.08,8244.57,5500.98,1557.5,457.71,10338.53,0.0,424.66,0.0,0.0,0.0,0.0,11848.13,0.0,0.0,0.0,5500.98,8244.57,0.0,8268.27,2070.26,0.0,0.0,270.12,28755032.8979512
runs/CZ11/SFm&1&rDXHP&Ex&dxHP_equip/RB-dxHP_equip-spltHP-SEER-BA-rDXHP-NoLRM-0%UC-AOE/instance-out.sql,CZ11,SFm,1,rDXHP,Ex,dxHP_equip,,RB-dxHP_equip-spltHP-SEER-BA-rDXHP-NoLRM-0%UC-AOE,SFm&1&rDXHP&Ex&dxHP_equip,RB-dxHP_equip-spltHP-SEER-BA-rDXHP-NoLRM-0%UC-AOE,42.02,95.37,32315.3,73351.03,32315.3,4269.38,3330.12,1557.5,457.71,10338.53,0.0,514.17,0.0,0.0,0.0,0.0,11847.9,0.0,0.0,4269.38,3330.12,0.0,0.0,8268.27,2070.26,0.0,0.0,270.12,20285911.74070648
runs/CZ11/SFm&1&rDXGF&Ex&dxAC_equip/RB-dxAC_equip-spltAC-SEER-BA-rDXGF-NoLRM-15%UC-AOE/instance-out.sql,CZ11,SFm,1,rDXGF,Ex,dxAC_equip,,RB-dxAC_equip-spltAC-SEER-BA-rDXGF-NoLRM-15%UC-AOE,SFm&1&rDXGF&Ex&dxAC_equip,RB-dxAC_equip-spltAC-SEER-BA-rDXGF-NoLRM-15%UC-AOE,48.13,92.39,37015.29,71061.97,37015.29,8244.57,4144.19,1557.5,457.71,10338.53,0.0,424.66,0.0,0.0,0.0,0.0,11848.13,0.0,0.0,0.0,4144.19,8244.57,0.0,8268.27,2070.26,0.0,0.0,270.12,23461797.900419828
runs/CZ11/SFm&1&rDXHP&Ex&dxHP_equip/RB-dxHP_equip-spltHP-SEER-BA-rDXHP-LRM-LSC-NR/instance-out.sql,CZ11,SFm,1,rDXHP,Ex,dxHP_equip,,RB-dxHP_equip-spltHP-SEER-BA-rDXHP-LRM-LSC-NR,SFm&1&rDXHP&Ex&dxHP_equip,RB-dxHP_equip-spltHP-SEER-BA-rDXHP-LRM-LSC-NR,40.35,90.11,31037.62,69304.6,31037.62,3576.78,2745.03,1557.5,457.71,10338.53,0.0,514.17,0.0,0.0,0.0,0.0,11847.9,0.0,0.0,3576.78,2745.03,0.0,0.0,8268.27,2070.26,0.0,0.0,270.12,18003304.1736693
runs/CZ11/SFm&1&rDXHP&Ex&dxHP_equip/RB-dxHP_equip-spltHP-SEER-BA-rDXHP-NoLRM-15%UC-AOE/instance-out.sql,CZ11,SFm,1,rDXHP,Ex,dxHP_equip,,RB-dxHP_equip-spltHP-SEER-BA-rDXHP-NoLRM-15%UC-AOE,SFm&1&rDXHP&Ex&dxHP_equip,RB-dxHP_equip-spltHP-SEER-BA-rDXHP-NoLRM-15%UC-AOE,42.68,97.48,32828.76,74977.16,32828.759999999995,3968.76,4144.19,1557.5,457.71,10338.53,0.0,514.17,0.0,0.0,0.0,0.0,11847.9,0.0,0.0,3968.76,4144.19,0.0,0.0,8268.27,2070.26,0.0,0.0,270.12,23461865.078608837
runs/CZ11/SFm&1&rDXHP&Ex&dxHP_equip/RB-dxHP_equip-spltHP-SEER-BA-rDXHP-LRM-LSC-NC/instance-out.sql,CZ11,SFm,1,rDXHP,Ex,dxHP_equip,,RB-dxHP_equip-spltHP-SEER-BA-rDXHP-LRM-LSC-NC,SFm&1&rDXHP&Ex&dxHP_equip,RB-dxHP_equip-spltHP-SEER-BA-rDXHP-LRM-LSC-NC,40.35,90.11,31037.62,69304.6,31037.62,3576.78,2745.03,1557.5,457.71,10338.53,0.0,514.17,0.0,0.0,0.0,0.0,11847.9,0.0,0.0,3576.78,2745.03,0.0,0.0,8268.27,2070.26,0.0,0.0,270.12,18003304.1736693
runs/CZ11/SFm&1&rDXHP&Ex&dxHP_equip/RB-dxHP_equip-spltHP-SEER-BA-rDXHP-NoLRM-0%UC-NC/instance-out.sql,CZ11,SFm,1,rDXHP,Ex,dxHP_equip,,RB-dxHP_equip-spltHP-SEER-BA-rDXHP-NoLRM-0%UC-NC,SFm&1&rDXHP&Ex&dxHP_equip,RB-dxHP_equip-spltHP-SEER-BA-rDXHP-NoLRM-0%UC-NC,40.52,90.64,31166.62,69713.17,31166.62,3446.27,3004.55,1557.5,457.71,10338.53,0.0,514.17,0.0,0.0,0.0,0.0,11847.9,0.0,0.0,3446.27,3004.55,0.0,0.0,8268.27,2070.26,0.0,0.0,270.12,19015764.976879183
runs/CZ11/SFm&1&rDXGF&Ex&dxAC_equip/RB-dxAC_equip-spltAC-SEER-BA-rDXGF-NoLRM-30%UC-AOE/instance-out.sql,CZ11,SFm,1,rDXGF,Ex,dxAC_equip,,RB-dxAC_equip-spltAC-SEER-BA-rDXGF-NoLRM-30%UC-AOE,SFm&1&rDXGF&Ex&dxAC_equip,RB-dxAC_equip-spltAC-SEER-BA-rDXGF-NoLRM-30%UC-AOE,49.18,95.75,37829.37,73640.14,37829.37,8244.57,4958.26,1557.5,457.71,10338.53,0.0,424.66,0.0,0.0,0.0,0.0,11848.13,0.0,0.0,0.0,4958.26,8244.57,0.0,8268.27,2070.26,0.0,0.0,270.12,26637738.895943157
runs/CZ11/SFm&1&rDXHP&Ex&dxHP_equip/RB-dxHP_equip-spltHP-SEER-BA-rDXHP-NoLRM-0%UC-NR/instance-out.sql,CZ11,SFm,1,rDXHP,Ex,dxHP_equip,,RB-dxHP_equip-spltHP-SEER-BA-rDXHP-NoLRM-0%UC-NR,SFm&1&rDXHP&Ex&dxHP_equip,RB-dxHP_equip-spltHP-SEER-BA-rDXHP-NoLRM-0%UC-NR,40.52,90.64,31166.62,69713.17,31166.62,3446.27,3004.55,1557.5,457.71,10338.53,0.0,514.17,0.0,0.0,0.0,0.0,11847.9,0.0,0.0,3446.27,3004.55,0.0,0.0,8268.27,2070.26,0.0,0.0,270.12,19015764.976879183
runs/CZ11/SFm&1&rDXHP&Ex&dxHP_equip/RB-dxHP_equip-spltHP-SEER-BA-rDXHP-LRM-LSC-AOE/instance-out.sql,CZ11,SFm,1,rDXHP,Ex,dxHP_equip,,RB-dxHP_equip-spltHP-SEER-BA-rDXHP-LRM-LSC-AOE,SFm&1&rDXHP&Ex&dxHP_equip,RB-dxHP_equip-spltHP-SEER-BA-rDXHP-LRM-LSC-AOE,41.86,94.86,32191.91,72960.26,32191.91,4433.63,3042.48,1557.5,457.71,10338.53,0.0,514.17,0.0,0.0,0.0,0.0,11847.9,0.0,0.0,4433.63,3042.48,0.0,0.0,8268.27,2070.26,0.0,0.0,270.12,19163741.5600025
runs/CZ11/SFm&1&rDXHP&Ex&dxHP_equip/RB-dxHP_equip-spltHP-SEER-BA-rDXHP-NoLRM-22.5%UC-AOE/instance-out.sql,CZ11,SFm,1,rDXHP,Ex,dxHP_equip,,RB-dxHP_equip-spltHP-SEER-BA-rDXHP-NoLRM-22.5%UC-AOE,SFm&1&rDXHP&Ex&dxHP_equip,RB-dxHP_equip-spltHP-SEER-BA-rDXHP-NoLRM-22.5%UC-AOE,42.91,98.2,33003.37,75530.14,33003.369999999995,3736.33,4551.23,1557.5,457.71,10338.53,0.0,514.17,0.0,0.0,0.0,0.0,11847.9,0.0,0.0,3736.33,4551.23,0.0,0.0,8268.27,2070.26,0.0,0.0,270.12,25049841.751290422
runs/CZ11/SFm&1&rDXHP&Ex&dxHP_equip/RB-dxHP_equip-spltHP-SEER-BA-rDXHP-NoLRM-7.5%UC-AOE/instance-out.sql,CZ11,SFm,1,rDXHP,Ex,dxHP_equip,,RB-dxHP_equip-spltHP-SEER-BA-rDXHP-NoLRM-7.5%UC-AOE,SFm&1&rDXHP&Ex&dxHP_equip,RB-dxHP_equip-spltHP-SEER-BA-rDXHP-NoLRM-7.5%UC-AOE,42.46,96.76,32654.16,74424.19,32654.16,4201.2,3737.16,1557.5,457.71,10338.53,0.0,514.17,0.0,0.0,0.0,0.0,11847.9,0.0,0.0,4201.2,3737.16,0.0,0.0,8268.27,2070.26,0.0,0.0,270.12,21873888.407046594
runs/CZ11/SFm&2&rDXGF&Ex&dxAC_equip/RB-dxAC_equip-spltAC-SEER-BA-rDXGF-LRM-LSC-AOE/instance-out.sql,CZ11,SFm,2,rDXGF,Ex,dxAC_equip,,RB-dxAC_equip-spltAC-SEER-BA-rDXGF-LRM-LSC-AOE,SFm&2&rDXGF&Ex&dxAC_equip,RB-dxAC_equip-spltAC-SEER-BA-rDXGF-LRM-LSC-AOE,72.49,138.94,64594.95,123818.84,64594.950000000004,23677.51,8491.81,1774.64,457.71,16701.91,0.0,1662.68,0.0,0.0,0.0,0.0,11828.68,0.0,0.0,0.0,8491.81,23677.51,0.0,13440.28,3261.63,0.0,0.0,540.12,41849567.80474512
runs/CZ11/SFm&2&rDXGF&Ex&dxAC_equip/RB-dxAC_equip-spltAC-SEER-BA-rDXGF-LRM-LSC-NR/instance-out.sql,CZ11,SFm,2,rDXGF,Ex,dxAC_equip,,RB-dxAC_equip-spltAC-SEER-BA-rDXGF-LRM-LSC-NR,SFm&2&rDXGF&Ex&dxAC_equip,RB-dxAC_equip-spltAC-SEER-BA-rDXGF-LRM-LSC-NR,71.55,135.99,63764.75,121189.58,63764.75,23677.51,7661.6,1774.64,457.71,16701.91,0.0,1662.68,0.0,0.0,0.0,0.0,11828.68,0.0,0.0,0.0,7661.6,23677.51,0.0,13440.28,3261.63,0.0,0.0,540.12,39027300.862907164
runs/CZ11/SFm&1&rDXHP&Ex&dxHP_equip/RB-dxHP_equip-spltHP-SEER-BA-rDXHP-NoLRM-30%UC-AOE/instance-out.sql,CZ11,SFm,1,rDXHP,Ex,dxHP_equip,,RB-dxHP_equip-spltHP-SEER-BA-rDXHP-NoLRM-30%UC-AOE,SFm&1&rDXHP&Ex&dxHP_equip,RB-dxHP_equip-spltHP-SEER-BA-rDXHP-NoLRM-30%UC-AOE,43.14,98.92,33177.97,76083.11,33177.97,3503.9,4958.27,1557.5,457.71,10338.53,0.0,514.17,0.0,0.0,0.0,0.0,11847.9,0.0,0.0,3503.9,4958.27,0.0,0.0,8268.27,2070.26,0.0,0.0,270.12,26637818.413412526
runs/CZ11/SFm&2&rDXGF&Ex&dxAC_equip/RB-dxAC_equip-spltAC-SEER-BA-rDXGF-NoLRM-22.5%UC-AOE/instance-out.sql,CZ11,SFm,2,rDXGF,Ex,dxAC_equip,,RB-dxAC_equip-spltAC-SEER-BA-rDXGF-NoLRM-22.5%UC-AOE,SFm&2&rDXGF&Ex&dxAC_equip,RB-dxAC_equip-spltAC-SEER-BA-rDXGF-NoLRM-22.5%UC-AOE,77.21,153.91,68806.01,137155.26,68806.01000000001,23677.51,12702.87,1774.64,457.71,16701.91,0.0,1662.68,0.0,0.0,0.0,0.0,11828.68,0.0,0.0,0.0,12702.87,23677.51,0.0,13440.28,3261.63,0.0,0.0,540.12,56164985.57899466
runs/CZ11/SFm&2&rDXGF&Ex&dxAC_equip/RB-dxAC_equip-spltAC-SEER-BA-rDXGF-NoLRM-7.5%UC-AOE/instance-out.sql,CZ11,SFm,2,rDXGF,Ex,dxAC_equip,,RB-dxAC_equip-spltAC-SEER-BA-rDXGF-NoLRM-7.5%UC-AOE,SFm&2&rDXGF&Ex&dxAC_equip,RB-dxAC_equip-spltAC-SEER-BA-rDXGF-NoLRM-7.5%UC-AOE,74.66,145.84,66533.86,129959.35,66533.86,23677.51,10430.71,1774.64,457.71,16701.91,0.0,1662.68,0.0,0.0,0.0,0.0,11828.68,0.0,0.0,0.0,10430.71,23677.51,0.0,13440.28,3261.63,0.0,0.0,540.12,48440839.2891186
runs/CZ11/SFm&2&rDXGF&Ex&dxAC_equip/RB-dxAC_equip-spltAC-SEER-BA-rDXGF-NoLRM-0%UC-AOE/instance-out.sql,CZ11,SFm,2,rDXGF,Ex,dxAC_equip,,RB-dxAC_equip-spltAC-SEER-BA-rDXGF-NoLRM-0%UC-AOE,SFm&2&rDXGF&Ex&dxAC_equip,RB-dxAC_equip-spltAC-SEER-BA-rDXGF-NoLRM-0%UC-AOE,73.39,141.8,65397.78,126361.4,65397.78,23677.51,9294.64,1774.64,457.71,16701.91,0.0,1662.68,0.0,0.0,0.0,0.0,11828.68,0.0,0.0,0.0,9294.64,23677.51,0.0,13440.28,3261.63,0.0,0.0,540.12,44578766.15824233
runs/CZ11/SFm&2&rDXGF&Ex&dxAC_equip/RB-dxAC_equip-spltAC-SEER-BA-rDXGF-NoLRM-0%UC-NR/instance-out.sql,CZ11,SFm,2,rDXGF,Ex,dxAC_equip,,RB-dxAC_equip-spltAC-SEER-BA-rDXGF-NoLRM-0%UC-NR,SFm&2&rDXGF&Ex&dxAC_equip,RB-dxAC_equip-spltAC-SEER-BA-rDXGF-NoLRM-0%UC-NR,72.37,138.57,64489.09,123483.56,64489.090000000004,23677.51,8385.94,1774.64,457.71,16701.91,0.0,1662.68,0.0,0.0,0.0,0.0,11828.68,0.0,0.0,0.0,8385.94,23677.51,0.0,13440.28,3261.63,0.0,0.0,540.12,41489678.14276627
runs/CZ11/SFm&2&rDXGF&Ex&dxAC_equip/RB-dxAC_equip-spltAC-SEER-BA-rDXGF-NoLRM-15%UC-AOE/instance-out.sql,CZ11,SFm,2,rDXGF,Ex,dxAC_equip,,RB-dxAC_equip-spltAC-SEER-BA-rDXGF-NoLRM-15%UC-AOE,SFm&2&rDXGF&Ex&dxAC_equip,RB-dxAC_equip-spltAC-SEER-BA-rDXGF-NoLRM-15%UC-AOE,75.94,149.87,67669.93,133557.31,67669.93,23677.51,11566.79,1774.64,457.71,16701.91,0.0,1662.68,0.0,0.0,0.0,0.0,11828.68,0.0,0.0,0.0,11566.79,23677.51,0.0,13440.28,3261.63,0.0,0.0,540.12,52302912.43269546
runs/CZ11/SFm&1&rDXHP&Ex&dxHP_equip/RB-dxHP_equip-spltHP-SEER-BA-rDXHP-NoLRM-40%UC-AOE/instance-out.sql,CZ11,SFm,1,rDXHP,Ex,dxHP_equip,,RB-dxHP_equip-spltHP-SEER-BA-rDXHP-NoLRM-40%UC-AOE,SFm&1&rDXHP&Ex&dxHP_equip,RB-dxHP_equip-spltHP-SEER-BA-rDXHP-NoLRM-40%UC-AOE,43.44,99.88,33410.78,76820.41,33410.78,3193.99,5500.99,1557.5,457.71,10338.53,0.0,514.17,0.0,0.0,0.0,0.0,11847.9,0.0,0.0,3193.99,5500.99,0.0,0.0,8268.27,2070.26,0.0,0.0,270.12,28755120.64160749
runs/CZ11/SFm&2&rDXGF&Ex&dxAC_equip/RB-dxAC_equip-spltAC-SEER-BA-rDXGF-NoLRM-40%UC-AOE/instance-out.sql,CZ11,SFm,2,rDXGF,Ex,dxAC_equip,,RB-dxAC_equip-spltAC-SEER-BA-rDXGF-NoLRM-40%UC-AOE,SFm&2&rDXGF&Ex&dxAC_equip,RB-dxAC_equip-spltAC-SEER-BA-rDXGF-NoLRM-40%UC-AOE,80.19,163.33,71456.85,145550.49,71456.85,23677.51,15353.71,1774.64,457.71,16701.91,0.0,1662.68,0.0,0.0,0.0,0.0,11828.68,0.0,0.0,0.0,15353.71,23677.51,0.0,13440.28,3261.63,0.0,0.0,540.12,65176489.55636588
runs/CZ11/SFm&2&rDXGF&Ex&dxAC_equip/RB-dxAC_equip-spltAC-SEER-BA-rDXGF-NoLRM-30%UC-AOE/instance-out.sql,CZ11,SFm,2,rDXGF,Ex,dxAC_equip,,RB-dxAC_equip-spltAC-SEER-BA-rDXGF-NoLRM-30%UC-AOE,SFm&2&rDXGF&Ex&dxAC_equip,RB-dxAC_equip-spltAC-SEER-BA-rDXGF-NoLRM-30%UC-AOE,78.49,157.95,69942.09,140753.22,69942.09,23677.51,13838.94,1774.64,457.71,16701.91,0.0,1662.68,0.0,0.0,0.0,0.0,11828.68,0.0,0.0,0.0,13838.94,23677.51,0.0,13440.28,3261.63,0.0,0.0,540.12,60027058.699612424
runs/CZ11/SFm&2&rDXHP&Ex&dxHP_equip/RB-dxHP_equip-spltHP-SEER-BA-rDXHP-NoLRM-0%UC-NC/instance-out.sql,CZ11,SFm,2,rDXHP,Ex,dxHP_equip,,RB-dxHP_equip-spltHP-SEER-BA-rDXHP-NoLRM-0%UC-NC,SFm&2&rDXHP&Ex&dxHP_equip,RB-dxHP_equip-spltHP-SEER-BA-rDXHP-NoLRM-0%UC-NC,55.26,139.74,49246.4,124530.45,49246.4,8137.56,8385.86,1774.64,457.71,16701.91,0.0,1960.13,0.0,0.0,0.0,0.0,11828.58,0.0,0.0,8137.56,8385.86,0.0,0.0,13440.28,3261.63,0.0,0.0,540.12,41489673.69722371
runs/CZ11/SFm&2&rDXHP&Ex&dxHP_equip/RB-dxHP_equip-spltHP-SEER-BA-rDXHP-LRM-LSC-AOE/instance-out.sql,CZ11,SFm,2,rDXHP,Ex,dxHP_equip,,RB-dxHP_equip-spltHP-SEER-BA-rDXHP-LRM-LSC-AOE,SFm&2&rDXHP&Ex&dxHP_equip,RB-dxHP_equip-spltHP-SEER-BA-rDXHP-LRM-LSC-AOE,58.09,148.69,51765.14,132507.27,51765.13,10550.43,8491.72,1774.64,457.71,16701.91,0.0,1960.13,0.0,0.0,0.0,0.0,11828.58,0.0,0.0,10550.43,8491.72,0.0,0.0,13440.28,3261.63,0.0,0.0,540.12,41849563.30984561
runs/CZ11/SFm&2&rDXHP&Ex&dxHP_equip/RB-dxHP_equip-spltHP-SEER-BA-rDXHP-LRM-LSC-NR/instance-out.sql,CZ11,SFm,2,rDXHP,Ex,dxHP_equip,,RB-dxHP_equip-spltHP-SEER-BA-rDXHP-LRM-LSC-NR,SFm&2&rDXHP&Ex&dxHP_equip,RB-dxHP_equip-spltHP-SEER-BA-rDXHP-LRM-LSC-NR,54.81,138.3,48841.01,123246.56,48841.01,8456.5,7661.52,1774.64,457.71,16701.91,0.0,1960.13,0.0,0.0,0.0,0.0,11828.58,0.0,0.0,8456.5,7661.52,0.0,0.0,13440.28,3261.63,0.0,0.0,540.12,39027296.75506654
runs/CZ11/SFm&2&rDXHP&Ex&dxHP_equip/RB-dxHP_equip-spltHP-SEER-BA-rDXHP-NoLRM-15%UC-AOE/instance-out.sql,CZ11,SFm,2,rDXHP,Ex,dxHP_equip,,RB-dxHP_equip-spltHP-SEER-BA-rDXHP-NoLRM-15%UC-AOE,SFm&2&rDXHP&Ex&dxHP_equip,RB-dxHP_equip-spltHP-SEER-BA-rDXHP-NoLRM-15%UC-AOE,60.26,155.59,53704.06,138647.86,53704.06,9414.41,11566.67,1774.64,457.71,16701.91,0.0,1960.13,0.0,0.0,0.0,0.0,11828.58,0.0,0.0,9414.41,11566.67,0.0,0.0,13440.28,3261.63,0.0,0.0,540.12,52302906.504175365
runs/CZ11/SFm&2&rDXHP&Ex&dxHP_equip/RB-dxHP_equip-spltHP-SEER-BA-rDXHP-NoLRM-0%UC-AOE/instance-out.sql,CZ11,SFm,2,rDXHP,Ex,dxHP_equip,,RB-dxHP_equip-spltHP-SEER-BA-rDXHP-NoLRM-0%UC-AOE,SFm&2&rDXHP&Ex&dxHP_equip,RB-dxHP_equip-spltHP-SEER-BA-rDXHP-NoLRM-0%UC-AOE,58.54,150.12,52166.56,133778.58,52166.56,10149.03,9294.54,1774.64,457.71,16701.91,0.0,1960.13,0.0,0.0,0.0,0.0,11828.58,0.0,0.0,10149.03,9294.54,0.0,0.0,13440.28,3261.63,0.0,0.0,540.12,44578761.289047785
runs/CZ11/SFm&2&rDXHP&Ex&dxHP_equip/RB-dxHP_equip-spltHP-SEER-BA-rDXHP-LRM-LSC-NC/instance-out.sql,CZ11,SFm,2,rDXHP,Ex,dxHP_equip,,RB-dxHP_equip-spltHP-SEER-BA-rDXHP-LRM-LSC-NC,SFm&2&rDXHP&Ex&dxHP_equip,RB-dxHP_equip-spltHP-SEER-BA-rDXHP-LRM-LSC-NC,54.81,138.3,48841.01,123246.56,48841.01,8456.5,7661.52,1774.64,457.71,16701.91,0.0,1960.13,0.0,0.0,0.0,0.0,11828.58,0.0,0.0,8456.5,7661.52,0.0,0.0,13440.28,3261.63,0.0,0.0,540.12,39027296.75506654
runs/CZ11/SFm&2&rDXHP&Ex&dxHP_equip/RB-dxHP_equip-spltHP-SEER-BA-rDXHP-NoLRM-0%UC-NR/instance-out.sql,CZ11,SFm,2,rDXHP,Ex,dxHP_equip,,RB-dxHP_equip-spltHP-SEER-BA-rDXHP-NoLRM-0%UC-NR,SFm&2&rDXHP&Ex&dxHP_equip,RB-dxHP_equip-spltHP-SEER-BA-rDXHP-NoLRM-0%UC-NR,55.26,139.74,49246.4,124530.45,49246.4,8137.56,8385.86,1774.64,457.71,16701.91,0.0,1960.13,0.0,0.0,0.0,0.0,11828.58,0.0,0.0,8137.56,8385.86,0.0,0.0,13440.28,3261.63,0.0,0.0,540.12,41489673.69722371
runs/CZ11/SFm&2&rDXHP&Ex&dxHP_equip/RB-dxHP_equip-spltHP-SEER-BA-rDXHP-NoLRM-22.5%UC-AOE/instance-out.sql,CZ11,SFm,2,rDXHP,Ex,dxHP_equip,,RB-dxHP_equip-spltHP-SEER-BA-rDXHP-NoLRM-22.5%UC-AOE,SFm&2&rDXHP&Ex&dxHP_equip,RB-dxHP_equip-spltHP-SEER-BA-rDXHP-NoLRM-22.5%UC-AOE,60.9,157.6,54272.12,140446.89,54272.12,8846.4,12702.73,1774.64,457.71,16701.91,0.0,1960.13,0.0,0.0,0.0,0.0,11828.58,0.0,0.0,8846.4,12702.73,0.0,0.0,13440.28,3261.63,0.0,0.0,540.12,56164979.12081178
runs/CZ11/SFm&2&rDXHP&Ex&dxHP_equip/RB-dxHP_equip-spltHP-SEER-BA-rDXHP-NoLRM-40%UC-AOE/instance-out.sql,CZ11,SFm,2,rDXHP,Ex,dxHP_equip,,RB-dxHP_equip-spltHP-SEER-BA-rDXHP-NoLRM-40%UC-AOE,SFm&2&rDXHP&Ex&dxHP_equip,RB-dxHP_equip-spltHP-SEER-BA-rDXHP-NoLRM-40%UC-AOE,62.39,162.31,55597.58,144644.62,55597.58,7521.04,15353.55,1774.64,457.71,16701.91,0.0,1960.13,0.0,0.0,0.0,0.0,11828.58,0.0,0.0,7521.04,15353.55,0.0,0.0,13440.28,3261.63,0.0,0.0,540.12,65176481.86230318
runs/CZ11/SFm&2&rDXHP&Ex&dxHP_equip/RB-dxHP_equip-spltHP-SEER-BA-rDXHP-NoLRM-30%UC-AOE/instance-out.sql,CZ11,SFm,2,rDXHP,Ex,dxHP_equip,,RB-dxHP_equip-spltHP-SEER-BA-rDXHP-NoLRM-30%UC-AOE,SFm&2&rDXHP&Ex&dxHP_equip,RB-dxHP_equip-spltHP-SEER-BA-rDXHP-NoLRM-30%UC-AOE,61.54,159.62,54840.17,142245.92,54840.17,8278.39,13838.8,1774.64,457.71,16701.91,0.0,1960.13,0.0,0.0,0.0,0.0,11828.58,0.0,0.0,8278.39,13838.8,0.0,0.0,13440.28,3261.63,0.0,0.0,540.12,60027051.71176678
runs/CZ12/SFm&1&rDXGF&Ex&dxAC_equip/RB-dxAC_equip-spltAC-SEER-BA-rDXGF-LRM-LSC-NR/instance-out.sql,CZ12,SFm,1,rDXGF,Ex,dxAC_equip,,RB-dxAC_equip-spltAC-SEER-BA-rDXGF-LRM-LSC-NR,SFm&1&rDXGF&Ex&dxAC_equip,RB-dxAC_equip-spltAC-SEER-BA-rDXGF-LRM-LSC-NR,45.05,81.21,34650.57,62459.51,34650.57,8661.79,1429.14,1557.5,457.71,10338.53,0.0,240.48,0.0,0.0,0.0,0.0,11965.43,0.0,0.0,0.0,1429.14,8661.79,0.0,8268.27,2070.26,0.0,0.0,270.12,14645981.722193284
runs/CZ11/SFm&2&rDXHP&Ex&dxHP_equip/RB-dxHP_equip-spltHP-SEER-BA-rDXHP-NoLRM-7.5%UC-AOE/instance-out.sql,CZ11,SFm,2,rDXHP,Ex,dxHP_equip,,RB-dxHP_equip-spltHP-SEER-BA-rDXHP-NoLRM-7.5%UC-AOE,SFm&2&rDXHP&Ex&dxHP_equip,RB-dxHP_equip-spltHP-SEER-BA-rDXHP-NoLRM-7.5%UC-AOE,59.63,153.57,53136.01,136848.83,53136.01,9982.42,10430.6,1774.64,457.71,16701.91,0.0,1960.13,0.0,0.0,0.0,0.0,11828.58,0.0,0.0,9982.42,10430.6,0.0,0.0,13440.28,3261.63,0.0,0.0,540.12,48440833.89026128
runs/CZ12/SFm&1&rDXGF&Ex&dxAC_equip/RB-dxAC_equip-spltAC-SEER-BA-rDXGF-NoLRM-22.5%UC-AOE/instance-out.sql,CZ12,SFm,1,rDXGF,Ex,dxAC_equip,,RB-dxAC_equip-spltAC-SEER-BA-rDXGF-NoLRM-22.5%UC-AOE,SFm&1&rDXGF&Ex&dxAC_equip,RB-dxAC_equip-spltAC-SEER-BA-rDXGF-NoLRM-22.5%UC-AOE,46.27,85.08,35590.93,65437.63,35590.93,8661.79,2369.5,1557.5,457.71,10338.53,0.0,240.48,0.0,0.0,0.0,0.0,11965.43,0.0,0.0,0.0,2369.5,8661.79,0.0,8268.27,2070.26,0.0,0.0,270.12,19747078.01986114
runs/CZ12/SFm&1&rDXGF&Ex&dxAC_equip/RB-dxAC_equip-spltAC-SEER-BA-rDXGF-NoLRM-30%UC-AOE/instance-out.sql,CZ12,SFm,1,rDXGF,Ex,dxAC_equip,,RB-dxAC_equip-spltAC-SEER-BA-rDXGF-NoLRM-30%UC-AOE,SFm&1&rDXGF&Ex&dxAC_equip,RB-dxAC_equip-spltAC-SEER-BA-rDXGF-NoLRM-30%UC-AOE,46.55,85.95,35802.84,66108.76,35802.850000000006,8661.79,2581.41,1557.5,457.71,10338.53,0.0,240.48,0.0,0.0,0.0,0.0,11965.43,0.0,0.0,0.0,2581.41,8661.79,0.0,8268.27,2070.26,0.0,0.0,270.12,20896638.60656118
runs/CZ12/SFm&1&rDXGF&Ex&dxAC_equip/RB-dxAC_equip-spltAC-SEER-BA-rDXGF-NoLRM-0%UC-AOE/instance-out.sql,CZ12,SFm,1,rDXGF,Ex,dxAC_equip,,RB-dxAC_equip-spltAC-SEER-BA-rDXGF-NoLRM-0%UC-AOE,SFm&1&rDXGF&Ex&dxAC_equip,RB-dxAC_equip-spltAC-SEER-BA-rDXGF-NoLRM-0%UC-AOE,45.45,82.46,34955.18,63424.22,34955.19,8661.79,1733.75,1557.5,457.71,10338.53,0.0,240.48,0.0,0.0,0.0,0.0,11965.43,0.0,0.0,0.0,1733.75,8661.79,0.0,8268.27,2070.26,0.0,0.0,270.12,16298396.242229505
runs/CZ12/SFm&1&rDXGF&Ex&dxAC_equip/RB-dxAC_equip-spltAC-SEER-BA-rDXGF-NoLRM-40%UC-AOE/instance-out.sql,CZ12,SFm,1,rDXGF,Ex,dxAC_equip,,RB-dxAC_equip-spltAC-SEER-BA-rDXGF-NoLRM-40%UC-AOE,SFm&1&rDXGF&Ex&dxAC_equip,RB-dxAC_equip-spltAC-SEER-BA-rDXGF-NoLRM-40%UC-AOE,46.92,87.12,36085.4,67003.61,36085.399999999994,8661.79,2863.97,1557.5,457.71,10338.53,0.0,240.48,0.0,0.0,0.0,0.0,11965.43,0.0,0.0,0.0,2863.97,8661.79,0.0,8268.27,2070.26,0.0,0.0,270.12,22429386.064204834
runs/CZ12/SFm&1&rDXHP&Ex&dxHP_equip/RB-dxHP_equip-spltHP-SEER-BA-rDXHP-LRM-LSC-AOE/instance-out.sql,CZ12,SFm,1,rDXHP,Ex,dxHP_equip,,RB-dxHP_equip-spltHP-SEER-BA-rDXHP-LRM-LSC-AOE,SFm&1&rDXHP&Ex&dxHP_equip,RB-dxHP_equip-spltHP-SEER-BA-rDXHP-LRM-LSC-AOE,40.33,89.71,31017.02,68995.71,31017.02,4794.23,1584.02,1557.5,457.71,10338.53,0.0,320.16,0.0,0.0,0.0,0.0,11964.88,0.0,0.0,4794.23,1584.02,0.0,0.0,8268.27,2070.26,0.0,0.0,270.12,15486071.192405391
runs/CZ12/SFm&1&rDXGF&Ex&dxAC_equip/RB-dxAC_equip-spltAC-SEER-BA-rDXGF-NoLRM-0%UC-NR/instance-out.sql,CZ12,SFm,1,rDXGF,Ex,dxAC_equip,,RB-dxAC_equip-spltAC-SEER-BA-rDXGF-NoLRM-0%UC-NR,SFm&1&rDXGF&Ex&dxAC_equip,RB-dxAC_equip-spltAC-SEER-BA-rDXGF-NoLRM-0%UC-NR,45.23,81.76,34785.68,62887.41,34785.68,8661.79,1564.25,1557.5,457.71,10338.53,0.0,240.48,0.0,0.0,0.0,0.0,11965.43,0.0,0.0,0.0,1564.25,8661.79,0.0,8268.27,2070.26,0.0,0.0,270.12,15378917.578689676
runs/CZ12/SFm&1&rDXGF&Ex&dxAC_equip/RB-dxAC_equip-spltAC-SEER-BA-rDXGF-LRM-LSC-AOE/instance-out.sql,CZ12,SFm,1,rDXGF,Ex,dxAC_equip,,RB-dxAC_equip-spltAC-SEER-BA-rDXGF-LRM-LSC-AOE,SFm&1&rDXGF&Ex&dxAC_equip,RB-dxAC_equip-spltAC-SEER-BA-rDXGF-LRM-LSC-AOE,45.25,81.85,34805.43,62949.95,34805.43,8661.79,1584.0,1557.5,457.71,10338.53,0.0,240.48,0.0,0.0,0.0,0.0,11965.43,0.0,0.0,0.0,1584.0,8661.79,0.0,8268.27,2070.26,0.0,0.0,270.12,15486040.089851636
runs/CZ12/SFm&1&rDXGF&Ex&dxAC_equip/RB-dxAC_equip-spltAC-SEER-BA-rDXGF-NoLRM-7.5%UC-AOE/instance-out.sql,CZ12,SFm,1,rDXGF,Ex,dxAC_equip,,RB-dxAC_equip-spltAC-SEER-BA-rDXGF-NoLRM-7.5%UC-AOE,SFm&1&rDXGF&Ex&dxAC_equip,RB-dxAC_equip-spltAC-SEER-BA-rDXGF-NoLRM-7.5%UC-AOE,45.72,83.34,35167.1,64095.36,35167.100000000006,8661.79,1945.67,1557.5,457.71,10338.53,0.0,240.48,0.0,0.0,0.0,0.0,11965.43,0.0,0.0,0.0,1945.67,8661.79,0.0,8268.27,2070.26,0.0,0.0,270.12,17447956.831983026
runs/CZ12/SFm&1&rDXGF&Ex&dxAC_equip/RB-dxAC_equip-spltAC-SEER-BA-rDXGF-NoLRM-15%UC-AOE/instance-out.sql,CZ12,SFm,1,rDXGF,Ex,dxAC_equip,,RB-dxAC_equip-spltAC-SEER-BA-rDXGF-NoLRM-15%UC-AOE,SFm&1&rDXGF&Ex&dxAC_equip,RB-dxAC_equip-spltAC-SEER-BA-rDXGF-NoLRM-15%UC-AOE,46.0,84.21,35379.01,64766.49,35379.020000000004,8661.79,2157.58,1557.5,457.71,10338.53,0.0,240.48,0.0,0.0,0.0,0.0,11965.43,0.0,0.0,0.0,2157.58,8661.79,0.0,8268.27,2070.26,0.0,0.0,270.12,18597517.42551693
runs/CZ12/SFm&1&rDXHP&Ex&dxHP_equip/RB-dxHP_equip-spltHP-SEER-BA-rDXHP-NoLRM-0%UC-AOE/instance-out.sql,CZ12,SFm,1,rDXHP,Ex,dxHP_equip,,RB-dxHP_equip-spltHP-SEER-BA-rDXHP-NoLRM-0%UC-AOE,SFm&1&rDXHP&Ex&dxHP_equip,RB-dxHP_equip-spltHP-SEER-BA-rDXHP-NoLRM-0%UC-AOE,40.29,89.59,30987.48,68902.16,30987.48,4614.93,1733.78,1557.5,457.71,10338.53,0.0,320.16,0.0,0.0,0.0,0.0,11964.88,0.0,0.0,4614.93,1733.78,0.0,0.0,8268.27,2070.26,0.0,0.0,270.12,16298430.05518572
runs/CZ12/SFm&1&rDXHP&Ex&dxHP_equip/RB-dxHP_equip-spltHP-SEER-BA-rDXHP-LRM-LSC-NC/instance-out.sql,CZ12,SFm,1,rDXHP,Ex,dxHP_equip,,RB-dxHP_equip-spltHP-SEER-BA-rDXHP-LRM-LSC-NC,SFm&1&rDXHP&Ex&dxHP_equip,RB-dxHP_equip-spltHP-SEER-BA-rDXHP-LRM-LSC-NC,38.91,85.22,29926.85,65543.14,29926.85,3858.92,1429.16,1557.5,457.71,10338.53,0.0,320.16,0.0,0.0,0.0,0.0,11964.88,0.0,0.0,3858.92,1429.16,0.0,0.0,8268.27,2070.26,0.0,0.0,270.12,14646010.021916952
runs/CZ12/SFm&1&rDXHP&Ex&dxHP_equip/RB-dxHP_equip-spltHP-SEER-BA-rDXHP-LRM-LSC-NR/instance-out.sql,CZ12,SFm,1,rDXHP,Ex,dxHP_equip,,RB-dxHP_equip-spltHP-SEER-BA-rDXHP-LRM-LSC-NR,SFm&1&rDXHP&Ex&dxHP_equip,RB-dxHP_equip-spltHP-SEER-BA-rDXHP-LRM-LSC-NR,38.91,85.22,29926.85,65543.14,29926.85,3858.92,1429.16,1557.5,457.71,10338.53,0.0,320.16,0.0,0.0,0.0,0.0,11964.88,0.0,0.0,3858.92,1429.16,0.0,0.0,8268.27,2070.26,0.0,0.0,270.12,14646010.021916952
runs/CZ12/SFm&1&rDXHP&Ex&dxHP_equip/RB-dxHP_equip-spltHP-SEER-BA-rDXHP-NoLRM-0%UC-NC/instance-out.sql,CZ12,SFm,1,rDXHP,Ex,dxHP_equip,,RB-dxHP_equip-spltHP-SEER-BA-rDXHP-NoLRM-0%UC-NC,SFm&1&rDXHP&Ex&dxHP_equip,RB-dxHP_equip-spltHP-SEER-BA-rDXHP-NoLRM-0%UC-NC,38.9,85.19,29919.5,65519.87,29919.5,3716.46,1564.27,1557.5,457.71,10338.53,0.0,320.16,0.0,0.0,0.0,0.0,11964.88,0.0,0.0,3716.46,1564.27,0.0,0.0,8268.27,2070.26,0.0,0.0,270.12,15378948.323832318
runs/CZ12/SFm&1&rDXHP&Ex&dxHP_equip/RB-dxHP_equip-spltHP-SEER-BA-rDXHP-NoLRM-0%UC-NR/instance-out.sql,CZ12,SFm,1,rDXHP,Ex,dxHP_equip,,RB-dxHP_equip-spltHP-SEER-BA-rDXHP-NoLRM-0%UC-NR,SFm&1&rDXHP&Ex&dxHP_equip,RB-dxHP_equip-spltHP-SEER-BA-rDXHP-NoLRM-0%UC-NR,38.9,85.19,29919.5,65519.87,29919.5,3716.46,1564.27,1557.5,457.71,10338.53,0.0,320.16,0.0,0.0,0.0,0.0,11964.88,0.0,0.0,3716.46,1564.27,0.0,0.0,8268.27,2070.26,0.0,0.0,270.12,15378948.323832318
runs/CZ12/SFm&1&rDXHP&Ex&dxHP_equip/RB-dxHP_equip-spltHP-SEER-BA-rDXHP-NoLRM-15%UC-AOE/instance-out.sql,CZ12,SFm,1,rDXHP,Ex,dxHP_equip,,RB-dxHP_equip-spltHP-SEER-BA-rDXHP-NoLRM-15%UC-AOE,SFm&1&rDXHP&Ex&dxHP_equip,RB-dxHP_equip-spltHP-SEER-BA-rDXHP-NoLRM-15%UC-AOE,40.41,89.98,31083.18,69205.23,31083.18,4286.79,2157.61,1557.5,457.71,10338.53,0.0,320.16,0.0,0.0,0.0,0.0,11964.88,0.0,0.0,4286.79,2157.61,0.0,0.0,8268.27,2070.26,0.0,0.0,270.12,18597558.909423493
runs/CZ12/SFm&1&rDXHP&Ex&dxHP_equip/RB-dxHP_equip-spltHP-SEER-BA-rDXHP-NoLRM-22.5%UC-AOE/instance-out.sql,CZ12,SFm,1,rDXHP,Ex,dxHP_equip,,RB-dxHP_equip-spltHP-SEER-BA-rDXHP-NoLRM-22.5%UC-AOE,SFm&1&rDXHP&Ex&dxHP_equip,RB-dxHP_equip-spltHP-SEER-BA-rDXHP-NoLRM-22.5%UC-AOE,40.36,89.81,31041.38,69072.86,31041.38,4033.08,2369.53,1557.5,457.71,10338.53,0.0,320.16,0.0,0.0,0.0,0.0,11964.88,0.0,0.0,4033.08,2369.53,0.0,0.0,8268.27,2070.26,0.0,0.0,270.12,19747123.339242887
runs/CZ12/SFm&2&rDXGF&Ex&dxAC_equip/RB-dxAC_equip-spltAC-SEER-BA-rDXGF-LRM-LSC-AOE/instance-out.sql,CZ12,SFm,2,rDXGF,Ex,dxAC_equip,,RB-dxAC_equip-spltAC-SEER-BA-rDXGF-LRM-LSC-AOE,SFm&2&rDXGF&Ex&dxAC_equip,RB-dxAC_equip-spltAC-SEER-BA-rDXGF-LRM-LSC-AOE,69.71,125.78,62123.3,112090.58,62123.29,25434.61,4773.7,1774.64,457.71,16701.91,0.0,1036.58,0.0,0.0,0.0,0.0,11944.13,0.0,0.0,0.0,4773.7,25434.61,0.0,13440.28,3261.63,0.0,0.0,540.12,33464267.632067937
runs/CZ12/SFm&1&rDXHP&Ex&dxHP_equip/RB-dxHP_equip-spltHP-SEER-BA-rDXHP-NoLRM-30%UC-AOE/instance-out.sql,CZ12,SFm,1,rDXHP,Ex,dxHP_equip,,RB-dxHP_equip-spltHP-SEER-BA-rDXHP-NoLRM-30%UC-AOE,SFm&1&rDXHP&Ex&dxHP_equip,RB-dxHP_equip-spltHP-SEER-BA-rDXHP-NoLRM-30%UC-AOE,40.31,89.63,30999.58,68940.48,30999.579999999998,3779.36,2581.45,1557.5,457.71,10338.53,0.0,320.16,0.0,0.0,0.0,0.0,11964.88,0.0,0.0,3779.36,2581.45,0.0,0.0,8268.27,2070.26,0.0,0.0,270.12,20896687.76141808
runs/CZ12/SFm&2&rDXGF&Ex&dxAC_equip/RB-dxAC_equip-spltAC-SEER-BA-rDXGF-NoLRM-0%UC-AOE/instance-out.sql,CZ12,SFm,2,rDXGF,Ex,dxAC_equip,,RB-dxAC_equip-spltAC-SEER-BA-rDXGF-NoLRM-0%UC-AOE,SFm&2&rDXGF&Ex&dxAC_equip,RB-dxAC_equip-spltAC-SEER-BA-rDXGF-NoLRM-0%UC-AOE,70.22,127.39,62574.61,113519.89,62574.61000000001,25434.61,5225.01,1774.64,457.71,16701.91,0.0,1036.58,0.0,0.0,0.0,0.0,11944.13,0.0,0.0,0.0,5225.01,25434.61,0.0,13440.28,3261.63,0.0,0.0,540.12,35512567.25181362
runs/CZ12/SFm&1&rDXHP&Ex&dxHP_equip/RB-dxHP_equip-spltHP-SEER-BA-rDXHP-NoLRM-40%UC-AOE/instance-out.sql,CZ12,SFm,1,rDXHP,Ex,dxHP_equip,,RB-dxHP_equip-spltHP-SEER-BA-rDXHP-NoLRM-40%UC-AOE,SFm&1&rDXHP&Ex&dxHP_equip,RB-dxHP_equip-spltHP-SEER-BA-rDXHP-NoLRM-40%UC-AOE,40.23,89.41,30943.85,68763.98,30943.85,3441.07,2864.01,1557.5,457.71,10338.53,0.0,320.16,0.0,0.0,0.0,0.0,11964.88,0.0,0.0,3441.07,2864.01,0.0,0.0,8268.27,2070.26,0.0,0.0,270.12,22429440.333028644
runs/CZ12/SFm&2&rDXGF&Ex&dxAC_equip/RB-dxAC_equip-spltAC-SEER-BA-rDXGF-LRM-LSC-NR/instance-out.sql,CZ12,SFm,2,rDXGF,Ex,dxAC_equip,,RB-dxAC_equip-spltAC-SEER-BA-rDXGF-LRM-LSC-NR,SFm&2&rDXGF&Ex&dxAC_equip,RB-dxAC_equip-spltAC-SEER-BA-rDXGF-LRM-LSC-NR,69.19,124.13,61656.59,110612.54,61656.590000000004,25434.61,4307.0,1774.64,457.71,16701.91,0.0,1036.58,0.0,0.0,0.0,0.0,11944.13,0.0,0.0,0.0,4307.0,25434.61,0.0,13440.28,3261.63,0.0,0.0,540.12,31346118.800422955
runs/CZ12/SFm&2&rDXGF&Ex&dxAC_equip/RB-dxAC_equip-spltAC-SEER-BA-rDXGF-NoLRM-0%UC-NR/instance-out.sql,CZ12,SFm,2,rDXGF,Ex,dxAC_equip,,RB-dxAC_equip-spltAC-SEER-BA-rDXGF-NoLRM-0%UC-NR,SFm&2&rDXGF&Ex&dxAC_equip,RB-dxAC_equip-spltAC-SEER-BA-rDXGF-NoLRM-0%UC-NR,69.65,125.57,62063.78,111902.11,62063.780000000006,25434.61,4714.19,1774.64,457.71,16701.91,0.0,1036.58,0.0,0.0,0.0,0.0,11944.13,0.0,0.0,0.0,4714.19,25434.61,0.0,13440.28,3261.63,0.0,0.0,540.12,33194165.659876328
runs/CZ12/SFm&2&rDXGF&Ex&dxAC_equip/RB-dxAC_equip-spltAC-SEER-BA-rDXGF-NoLRM-22.5%UC-AOE/instance-out.sql,CZ12,SFm,2,rDXGF,Ex,dxAC_equip,,RB-dxAC_equip-spltAC-SEER-BA-rDXGF-NoLRM-22.5%UC-AOE,SFm&2&rDXGF&Ex&dxAC_equip,RB-dxAC_equip-spltAC-SEER-BA-rDXGF-NoLRM-22.5%UC-AOE,72.37,134.2,64490.56,119587.7,64490.560000000005,25434.61,7140.96,1774.64,457.71,16701.91,0.0,1036.58,0.0,0.0,0.0,0.0,11944.13,0.0,0.0,0.0,7140.96,25434.61,0.0,13440.28,3261.63,0.0,0.0,540.12,44208178.841717586
runs/CZ12/SFm&1&rDXHP&Ex&dxHP_equip/RB-dxHP_equip-spltHP-SEER-BA-rDXHP-NoLRM-7.5%UC-AOE/instance-out.sql,CZ12,SFm,1,rDXHP,Ex,dxHP_equip,,RB-dxHP_equip-spltHP-SEER-BA-rDXHP-NoLRM-7.5%UC-AOE,SFm&1&rDXHP&Ex&dxHP_equip,RB-dxHP_equip-spltHP-SEER-BA-rDXHP-NoLRM-7.5%UC-AOE,40.47,90.15,31124.98,69337.61,31124.98,4540.51,1945.69,1557.5,457.71,10338.53,0.0,320.16,0.0,0.0,0.0,0.0,11964.88,0.0,0.0,4540.51,1945.69,0.0,0.0,8268.27,2070.26,0.0,0.0,270.12,17447994.480414405
runs/CZ12/SFm&2&rDXGF&Ex&dxAC_equip/RB-dxAC_equip-spltAC-SEER-BA-rDXGF-NoLRM-15%UC-AOE/instance-out.sql,CZ12,SFm,2,rDXGF,Ex,dxAC_equip,,RB-dxAC_equip-spltAC-SEER-BA-rDXGF-NoLRM-15%UC-AOE,SFm&2&rDXGF&Ex&dxAC_equip,RB-dxAC_equip-spltAC-SEER-BA-rDXGF-NoLRM-15%UC-AOE,71.65,131.93,63851.91,117565.1,63851.91,25434.61,6502.31,1774.64,457.71,16701.91,0.0,1036.58,0.0,0.0,0.0,0.0,11944.13,0.0,0.0,0.0,6502.31,25434.61,0.0,13440.28,3261.63,0.0,0.0,540.12,41309641.64054351
runs/CZ12/SFm&2&rDXGF&Ex&dxAC_equip/RB-dxAC_equip-spltAC-SEER-BA-rDXGF-NoLRM-40%UC-AOE/instance-out.sql,CZ12,SFm,2,rDXGF,Ex,dxAC_equip,,RB-dxAC_equip-spltAC-SEER-BA-rDXGF-NoLRM-40%UC-AOE,SFm&2&rDXGF&Ex&dxAC_equip,RB-dxAC_equip-spltAC-SEER-BA-rDXGF-NoLRM-40%UC-AOE,74.04,139.49,65980.74,124307.11,65980.73999999999,25434.61,8631.15,1774.64,457.71,16701.91,0.0,1036.58,0.0,0.0,0.0,0.0,11944.13,0.0,0.0,0.0,8631.15,25434.61,0.0,13440.28,3261.63,0.0,0.0,540.12,50971432.288112834
runs/CZ12/SFm&2&rDXHP&Ex&dxHP_equip/RB-dxHP_equip-spltHP-SEER-BA-rDXHP-NoLRM-0%UC-AOE/instance-out.sql,CZ12,SFm,2,rDXHP,Ex,dxHP_equip,,RB-dxHP_equip-spltHP-SEER-BA-rDXHP-NoLRM-0%UC-AOE,SFm&2&rDXHP&Ex&dxHP_equip,RB-dxHP_equip-spltHP-SEER-BA-rDXHP-NoLRM-0%UC-AOE,55.36,139.77,49330.44,124555.69,49330.44,11897.91,5224.89,1774.64,457.71,16701.91,0.0,1329.14,0.0,0.0,0.0,0.0,11944.23,0.0,0.0,11897.91,5224.89,0.0,0.0,13440.28,3261.63,0.0,0.0,540.12,35513351.39187709
runs/CZ12/SFm&2&rDXGF&Ex&dxAC_equip/RB-dxAC_equip-spltAC-SEER-BA-rDXGF-NoLRM-7.5%UC-AOE/instance-out.sql,CZ12,SFm,2,rDXGF,Ex,dxAC_equip,,RB-dxAC_equip-spltAC-SEER-BA-rDXGF-NoLRM-7.5%UC-AOE,SFm&2&rDXGF&Ex&dxAC_equip,RB-dxAC_equip-spltAC-SEER-BA-rDXGF-NoLRM-7.5%UC-AOE,70.94,129.66,63213.26,115542.49,63213.26,25434.61,5863.66,1774.64,457.71,16701.91,0.0,1036.58,0.0,0.0,0.0,0.0,11944.13,0.0,0.0,0.0,5863.66,25434.61,0.0,13440.28,3261.63,0.0,0.0,540.12,38411104.44141258
runs/CZ12/SFm&2&rDXGF&Ex&dxAC_equip/RB-dxAC_equip-spltAC-SEER-BA-rDXGF-NoLRM-30%UC-AOE/instance-out.sql,CZ12,SFm,2,rDXGF,Ex,dxAC_equip,,RB-dxAC_equip-spltAC-SEER-BA-rDXGF-NoLRM-30%UC-AOE,SFm&2&rDXGF&Ex&dxAC_equip,RB-dxAC_equip-spltAC-SEER-BA-rDXGF-NoLRM-30%UC-AOE,73.09,136.47,65129.21,121610.3,65129.21,25434.61,7779.61,1774.64,457.71,16701.91,0.0,1036.58,0.0,0.0,0.0,0.0,11944.13,0.0,0.0,0.0,7779.61,25434.61,0.0,13440.28,3261.63,0.0,0.0,540.12,47106716.0236174
runs/CZ12/SFm&2&rDXHP&Ex&dxHP_equip/RB-dxHP_equip-spltHP-SEER-BA-rDXHP-LRM-LSC-AOE/instance-out.sql,CZ12,SFm,2,rDXHP,Ex,dxHP_equip,,RB-dxHP_equip-spltHP-SEER-BA-rDXHP-LRM-LSC-AOE,SFm&2&rDXHP&Ex&dxHP_equip,RB-dxHP_equip-spltHP-SEER-BA-rDXHP-LRM-LSC-AOE,55.38,139.86,49354.13,124630.72,49354.13,12372.9,4773.59,1774.64,457.71,16701.91,0.0,1329.14,0.0,0.0,0.0,0.0,11944.23,0.0,0.0,12372.9,4773.59,0.0,0.0,13440.28,3261.63,0.0,0.0,540.12,33464990.754997388
runs/CZ12/SFm&2&rDXHP&Ex&dxHP_equip/RB-dxHP_equip-spltHP-SEER-BA-rDXHP-LRM-LSC-NR/instance-out.sql,CZ12,SFm,2,rDXHP,Ex,dxHP_equip,,RB-dxHP_equip-spltHP-SEER-BA-rDXHP-LRM-LSC-NR,SFm&2&rDXHP&Ex&dxHP_equip,RB-dxHP_equip-spltHP-SEER-BA-rDXHP-LRM-LSC-NR,52.08,129.39,46409.57,115305.31,46409.57,9895.04,4306.9,1774.64,457.71,16701.91,0.0,1329.14,0.0,0.0,0.0,0.0,11944.23,0.0,0.0,9895.04,4306.9,0.0,0.0,13440.28,3261.63,0.0,0.0,540.12,31346778.82546874
runs/CZ12/SFm&2&rDXHP&Ex&dxHP_equip/RB-dxHP_equip-spltHP-SEER-BA-rDXHP-LRM-LSC-NC/instance-out.sql,CZ12,SFm,2,rDXHP,Ex,dxHP_equip,,RB-dxHP_equip-spltHP-SEER-BA-rDXHP-LRM-LSC-NC,SFm&2&rDXHP&Ex&dxHP_equip,RB-dxHP_equip-spltHP-SEER-BA-rDXHP-LRM-LSC-NC,52.08,129.39,46409.57,115305.31,46409.57,9895.04,4306.9,1774.64,457.71,16701.91,0.0,1329.14,0.0,0.0,0.0,0.0,11944.23,0.0,0.0,9895.04,4306.9,0.0,0.0,13440.28,3261.63,0.0,0.0,540.12,31346778.82546874
runs/CZ12/SFm&2&rDXHP&Ex&dxHP_equip/RB-dxHP_equip-spltHP-SEER-BA-rDXHP-NoLRM-0%UC-NR/instance-out.sql,CZ12,SFm,2,rDXHP,Ex,dxHP_equip,,RB-dxHP_equip-spltHP-SEER-BA-rDXHP-NoLRM-0%UC-NR,SFm&2&rDXHP&Ex&dxHP_equip,RB-dxHP_equip-spltHP-SEER-BA-rDXHP-NoLRM-0%UC-NR,52.11,129.5,46439.34,115399.57,46439.33,9517.62,4714.08,1774.64,457.71,16701.91,0.0,1329.14,0.0,0.0,0.0,0.0,11944.23,0.0,0.0,9517.62,4714.08,0.0,0.0,13440.28,3261.63,0.0,0.0,540.12,33194880.73669374
runs/CZ12/SFm&2&rDXHP&Ex&dxHP_equip/RB-dxHP_equip-spltHP-SEER-BA-rDXHP-NoLRM-22.5%UC-AOE/instance-out.sql,CZ12,SFm,2,rDXHP,Ex,dxHP_equip,,RB-dxHP_equip-spltHP-SEER-BA-rDXHP-NoLRM-22.5%UC-AOE,SFm&2&rDXHP&Ex&dxHP_equip,RB-dxHP_equip-spltHP-SEER-BA-rDXHP-NoLRM-22.5%UC-AOE,55.78,141.1,49704.86,125741.48,49704.86,10356.43,7140.8,1774.64,457.71,16701.91,0.0,1329.14,0.0,0.0,0.0,0.0,11944.23,0.0,0.0,10356.43,7140.8,0.0,0.0,13440.28,3261.63,0.0,0.0,540.12,44209222.01678383
runs/CZ12/SFm&2&rDXHP&Ex&dxHP_equip/RB-dxHP_equip-spltHP-SEER-BA-rDXHP-NoLRM-15%UC-AOE/instance-out.sql,CZ12,SFm,2,rDXHP,Ex,dxHP_equip,,RB-dxHP_equip-spltHP-SEER-BA-rDXHP-NoLRM-15%UC-AOE,SFm&2&rDXHP&Ex&dxHP_equip,RB-dxHP_equip-spltHP-SEER-BA-rDXHP-NoLRM-15%UC-AOE,55.81,141.22,49738.39,125847.65,49738.38,11028.58,6502.16,1774.64,457.71,16701.91,0.0,1329.14,0.0,0.0,0.0,0.0,11944.23,0.0,0.0,11028.58,6502.16,0.0,0.0,13440.28,3261.63,0.0,0.0,540.12,41310598.4706087
runs/CZ12/SFm&2&rDXHP&Ex&dxHP_equip/RB-dxHP_equip-spltHP-SEER-BA-rDXHP-NoLRM-0%UC-NC/instance-out.sql,CZ12,SFm,2,rDXHP,Ex,dxHP_equip,,RB-dxHP_equip-spltHP-SEER-BA-rDXHP-NoLRM-0%UC-NC,SFm&2&rDXHP&Ex&dxHP_equip,RB-dxHP_equip-spltHP-SEER-BA-rDXHP-NoLRM-0%UC-NC,52.11,129.5,46439.34,115399.57,46439.33,9517.62,4714.08,1774.64,457.71,16701.91,0.0,1329.14,0.0,0.0,0.0,0.0,11944.23,0.0,0.0,9517.62,4714.08,0.0,0.0,13440.28,3261.63,0.0,0.0,540.12,33194880.73669374
runs/CZ12/SFm&2&rDXHP&Ex&dxHP_equip/RB-dxHP_equip-spltHP-SEER-BA-rDXHP-NoLRM-7.5%UC-AOE/instance-out.sql,CZ12,SFm,2,rDXHP,Ex,dxHP_equip,,RB-dxHP_equip-spltHP-SEER-BA-rDXHP-NoLRM-7.5%UC-AOE,SFm&2&rDXHP&Ex&dxHP_equip,RB-dxHP_equip-spltHP-SEER-BA-rDXHP-NoLRM-7.5%UC-AOE,55.85,141.34,49771.91,125953.82,49771.91,11700.74,5863.53,1774.64,457.71,16701.91,0.0,1329.14,0.0,0.0,0.0,0.0,11944.23,0.0,0.0,11700.74,5863.53,0.0,0.0,13440.28,3261.63,0.0,0.0,540.12,38411974.92647678
runs/CZ12/SFm&2&rDXHP&Ex&dxHP_equip/RB-dxHP_equip-spltHP-SEER-BA-rDXHP-NoLRM-30%UC-AOE/instance-out.sql,CZ12,SFm,2,rDXHP,Ex,dxHP_equip,,RB-dxHP_equip-spltHP-SEER-BA-rDXHP-NoLRM-30%UC-AOE,SFm&2&rDXHP&Ex&dxHP_equip,RB-dxHP_equip-spltHP-SEER-BA-rDXHP-NoLRM-30%UC-AOE,55.74,140.98,49671.34,125635.31,49671.33,9684.27,7779.43,1774.64,457.71,16701.91,0.0,1329.14,0.0,0.0,0.0,0.0,11944.23,0.0,0.0,9684.27,7779.43,0.0,0.0,13440.28,3261.63,0.0,0.0,540.12,47107845.54368414
runs/CZ13/SFm&1&rDXGF&Ex&dxAC_equip/RB-dxAC_equip-spltAC-SEER-BA-rDXGF-LRM-LSC-AOE/instance-out.sql,CZ13,SFm,1,rDXGF,Ex,dxAC_equip,,RB-dxAC_equip-spltAC-SEER-BA-rDXGF-LRM-LSC-AOE,SFm&1&rDXGF&Ex&dxAC_equip,RB-dxAC_equip-spltAC-SEER-BA-rDXGF-LRM-LSC-AOE,47.89,91.9,36835.08,70684.62,36835.08,8229.85,3961.62,1557.5,457.71,10338.53,0.0,519.85,0.0,0.0,0.0,0.0,11770.01,0.0,0.0,0.0,3961.62,8229.85,0.0,8268.27,2070.26,0.0,0.0,270.12,22160654.88710494
runs/CZ12/SFm&2&rDXHP&Ex&dxHP_equip/RB-dxHP_equip-spltHP-SEER-BA-rDXHP-NoLRM-40%UC-AOE/instance-out.sql,CZ12,SFm,2,rDXHP,Ex,dxHP_equip,,RB-dxHP_equip-spltHP-SEER-BA-rDXHP-NoLRM-40%UC-AOE,SFm&2&rDXHP&Ex&dxHP_equip,RB-dxHP_equip-spltHP-SEER-BA-rDXHP-NoLRM-40%UC-AOE,55.69,140.82,49626.64,125493.75,49626.64,8788.06,8630.94,1774.64,457.71,16701.91,0.0,1329.14,0.0,0.0,0.0,0.0,11944.23,0.0,0.0,8788.06,8630.94,0.0,0.0,13440.28,3261.63,0.0,0.0,540.12,50972676.93484754
runs/CZ13/SFm&1&rDXGF&Ex&dxAC_equip/RB-dxAC_equip-spltAC-SEER-BA-rDXGF-LRM-LSC-NR/instance-out.sql,CZ13,SFm,1,rDXGF,Ex,dxAC_equip,,RB-dxAC_equip-spltAC-SEER-BA-rDXGF-LRM-LSC-NR,SFm&1&rDXGF&Ex&dxAC_equip,RB-dxAC_equip-spltAC-SEER-BA-rDXGF-LRM-LSC-NR,47.39,90.31,36447.77,69458.01,36447.770000000004,8229.85,3574.31,1557.5,457.71,10338.53,0.0,519.85,0.0,0.0,0.0,0.0,11770.01,0.0,0.0,0.0,3574.31,8229.85,0.0,8268.27,2070.26,0.0,0.0,270.12,20729431.568272844
runs/CZ13/SFm&1&rDXGF&Ex&dxAC_equip/RB-dxAC_equip-spltAC-SEER-BA-rDXGF-NoLRM-22.5%UC-AOE/instance-out.sql,CZ13,SFm,1,rDXGF,Ex,dxAC_equip,,RB-dxAC_equip-spltAC-SEER-BA-rDXGF-NoLRM-22.5%UC-AOE,SFm&1&rDXGF&Ex&dxAC_equip,RB-dxAC_equip-spltAC-SEER-BA-rDXGF-NoLRM-22.5%UC-AOE,50.45,99.99,38799.63,76906.36,38799.64,8229.85,5926.18,1557.5,457.71,10338.53,0.0,519.85,0.0,0.0,0.0,0.0,11770.01,0.0,0.0,0.0,5926.18,8229.85,0.0,8268.27,2070.26,0.0,0.0,270.12,29420265.74588024
runs/CZ13/SFm&1&rDXGF&Ex&dxAC_equip/RB-dxAC_equip-spltAC-SEER-BA-rDXGF-NoLRM-0%UC-AOE/instance-out.sql,CZ13,SFm,1,rDXGF,Ex,dxAC_equip,,RB-dxAC_equip-spltAC-SEER-BA-rDXGF-NoLRM-0%UC-AOE,SFm&1&rDXGF&Ex&dxAC_equip,RB-dxAC_equip-spltAC-SEER-BA-rDXGF-NoLRM-0%UC-AOE,48.38,93.44,37209.62,71870.78,37209.619999999995,8229.85,4336.16,1557.5,457.71,10338.53,0.0,519.85,0.0,0.0,0.0,0.0,11770.01,0.0,0.0,0.0,4336.16,8229.85,0.0,8268.27,2070.26,0.0,0.0,270.12,23544681.41816709
runs/CZ13/SFm&1&rDXHP&Ex&dxHP_equip/RB-dxHP_equip-spltHP-SEER-BA-rDXHP-LRM-LSC-AOE/instance-out.sql,CZ13,SFm,1,rDXHP,Ex,dxHP_equip,,RB-dxHP_equip-spltHP-SEER-BA-rDXHP-LRM-LSC-AOE,SFm&1&rDXHP&Ex&dxHP_equip,RB-dxHP_equip-spltHP-SEER-BA-rDXHP-LRM-LSC-AOE,43.03,98.79,33094.5,75980.43,33094.5,4400.45,3961.66,1557.5,457.71,10338.53,0.0,608.38,0.0,0.0,0.0,0.0,11770.27,0.0,0.0,4400.45,3961.66,0.0,0.0,8268.27,2070.26,0.0,0.0,270.12,22160690.105952986
runs/CZ13/SFm&1&rDXGF&Ex&dxAC_equip/RB-dxAC_equip-spltAC-SEER-BA-rDXGF-NoLRM-30%UC-AOE/instance-out.sql,CZ13,SFm,1,rDXGF,Ex,dxAC_equip,,RB-dxAC_equip-spltAC-SEER-BA-rDXGF-NoLRM-30%UC-AOE,SFm&1&rDXGF&Ex&dxAC_equip,RB-dxAC_equip-spltAC-SEER-BA-rDXGF-NoLRM-30%UC-AOE,51.14,102.17,39329.64,78584.89,39329.64,8229.85,6456.18,1557.5,457.71,10338.53,0.0,519.85,0.0,0.0,0.0,0.0,11770.01,0.0,0.0,0.0,6456.18,8229.85,0.0,8268.27,2070.26,0.0,0.0,270.12,31378793.845161695
runs/CZ13/SFm&1&rDXGF&Ex&dxAC_equip/RB-dxAC_equip-spltAC-SEER-BA-rDXGF-NoLRM-0%UC-NR/instance-out.sql,CZ13,SFm,1,rDXGF,Ex,dxAC_equip,,RB-dxAC_equip-spltAC-SEER-BA-rDXGF-NoLRM-0%UC-NR,SFm&1&rDXGF&Ex&dxAC_equip,RB-dxAC_equip-spltAC-SEER-BA-rDXGF-NoLRM-0%UC-NR,47.83,91.7,36785.69,70528.2,36785.69,8229.85,3912.23,1557.5,457.71,10338.53,0.0,519.85,0.0,0.0,0.0,0.0,11770.01,0.0,0.0,0.0,3912.23,8229.85,0.0,8268.27,2070.26,0.0,0.0,270.12,21978148.24012728
runs/CZ13/SFm&1&rDXGF&Ex&dxAC_equip/RB-dxAC_equip-spltAC-SEER-BA-rDXGF-NoLRM-15%UC-AOE/instance-out.sql,CZ13,SFm,1,rDXGF,Ex,dxAC_equip,,RB-dxAC_equip-spltAC-SEER-BA-rDXGF-NoLRM-15%UC-AOE,SFm&1&rDXGF&Ex&dxAC_equip,RB-dxAC_equip-spltAC-SEER-BA-rDXGF-NoLRM-15%UC-AOE,49.76,97.81,38269.63,75227.84,38269.630000000005,8229.85,5396.17,1557.5,457.71,10338.53,0.0,519.85,0.0,0.0,0.0,0.0,11770.01,0.0,0.0,0.0,5396.17,8229.85,0.0,8268.27,2070.26,0.0,0.0,270.12,27461737.63357526
runs/CZ13/SFm&1&rDXHP&Ex&dxHP_equip/RB-dxHP_equip-spltHP-SEER-BA-rDXHP-NoLRM-0%UC-AOE/instance-out.sql,CZ13,SFm,1,rDXHP,Ex,dxHP_equip,,RB-dxHP_equip-spltHP-SEER-BA-rDXHP-NoLRM-0%UC-AOE,SFm&1&rDXHP&Ex&dxHP_equip,RB-dxHP_equip-spltHP-SEER-BA-rDXHP-NoLRM-0%UC-AOE,43.3,99.65,33304.1,76644.24,33304.100000000006,4235.51,4336.2,1557.5,457.71,10338.53,0.0,608.38,0.0,0.0,0.0,0.0,11770.27,0.0,0.0,4235.51,4336.2,0.0,0.0,8268.27,2070.26,0.0,0.0,270.12,23544719.681925476
runs/CZ13/SFm&1&rDXGF&Ex&dxAC_equip/RB-dxAC_equip-spltAC-SEER-BA-rDXGF-NoLRM-40%UC-AOE/instance-out.sql,CZ13,SFm,1,rDXGF,Ex,dxAC_equip,,RB-dxAC_equip-spltAC-SEER-BA-rDXGF-NoLRM-40%UC-AOE,SFm&1&rDXGF&Ex&dxAC_equip,RB-dxAC_equip-spltAC-SEER-BA-rDXGF-NoLRM-40%UC-AOE,52.05,105.08,40036.31,80822.93,40036.32,8229.85,7162.86,1557.5,457.71,10338.53,0.0,519.85,0.0,0.0,0.0,0.0,11770.01,0.0,0.0,0.0,7162.86,8229.85,0.0,8268.27,2070.26,0.0,0.0,270.12,33990164.65904349
runs/CZ13/SFm&1&rDXHP&Ex&dxHP_equip/RB-dxHP_equip-spltHP-SEER-BA-rDXHP-LRM-LSC-NC/instance-out.sql,CZ13,SFm,1,rDXHP,Ex,dxHP_equip,,RB-dxHP_equip-spltHP-SEER-BA-rDXHP-LRM-LSC-NC,SFm&1&rDXHP&Ex&dxHP_equip,RB-dxHP_equip-spltHP-SEER-BA-rDXHP-LRM-LSC-NC,41.41,93.65,31846.76,72028.86,31846.77,3540.03,3574.34,1557.5,457.71,10338.53,0.0,608.38,0.0,0.0,0.0,0.0,11770.27,0.0,0.0,3540.03,3574.34,0.0,0.0,8268.27,2070.26,0.0,0.0,270.12,20729463.638375845
runs/CZ13/SFm&1&rDXGF&Ex&dxAC_equip/RB-dxAC_equip-spltAC-SEER-BA-rDXGF-NoLRM-7.5%UC-AOE/instance-out.sql,CZ13,SFm,1,rDXGF,Ex,dxAC_equip,,RB-dxAC_equip-spltAC-SEER-BA-rDXGF-NoLRM-7.5%UC-AOE,SFm&1&rDXGF&Ex&dxAC_equip,RB-dxAC_equip-spltAC-SEER-BA-rDXGF-NoLRM-7.5%UC-AOE,49.07,95.63,37739.62,73549.31,37739.619999999995,8229.85,4866.17,1557.5,457.71,10338.53,0.0,519.85,0.0,0.0,0.0,0.0,11770.01,0.0,0.0,0.0,4866.17,8229.85,0.0,8268.27,2070.26,0.0,0.0,270.12,25503209.52265082
runs/CZ13/SFm&1&rDXHP&Ex&dxHP_equip/RB-dxHP_equip-spltHP-SEER-BA-rDXHP-NoLRM-40%UC-AOE/instance-out.sql,CZ13,SFm,1,rDXHP,Ex,dxHP_equip,,RB-dxHP_equip-spltHP-SEER-BA-rDXHP-NoLRM-40%UC-AOE,SFm&1&rDXHP&Ex&dxHP_equip,RB-dxHP_equip-spltHP-SEER-BA-rDXHP-NoLRM-40%UC-AOE,45.57,106.84,35050.95,82176.51,35050.95,3155.64,7162.92,1557.5,457.71,10338.53,0.0,608.38,0.0,0.0,0.0,0.0,11770.27,0.0,0.0,3155.64,7162.92,0.0,0.0,8268.27,2070.26,0.0,0.0,270.12,33990225.903257236
runs/CZ13/SFm&1&rDXHP&Ex&dxHP_equip/RB-dxHP_equip-spltHP-SEER-BA-rDXHP-NoLRM-7.5%UC-AOE/instance-out.sql,CZ13,SFm,1,rDXHP,Ex,dxHP_equip,,RB-dxHP_equip-spltHP-SEER-BA-rDXHP-NoLRM-7.5%UC-AOE,SFm&1&rDXHP&Ex&dxHP_equip,RB-dxHP_equip-spltHP-SEER-BA-rDXHP-NoLRM-7.5%UC-AOE,43.9,101.55,33765.64,78105.96,33765.65,4167.05,4866.21,1557.5,457.71,10338.53,0.0,608.38,0.0,0.0,0.0,0.0,11770.27,0.0,0.0,4167.05,4866.21,0.0,0.0,8268.27,2070.26,0.0,0.0,270.12,25503252.09524458
runs/CZ13/SFm&1&rDXHP&Ex&dxHP_equip/RB-dxHP_equip-spltHP-SEER-BA-rDXHP-NoLRM-0%UC-NR/instance-out.sql,CZ13,SFm,1,rDXHP,Ex,dxHP_equip,,RB-dxHP_equip-spltHP-SEER-BA-rDXHP-NoLRM-0%UC-NR,SFm&1&rDXHP&Ex&dxHP_equip,RB-dxHP_equip-spltHP-SEER-BA-rDXHP-NoLRM-0%UC-NR,41.68,94.5,32053.63,72684.01,32053.63,3408.97,3912.27,1557.5,457.71,10338.53,0.0,608.38,0.0,0.0,0.0,0.0,11770.27,0.0,0.0,3408.97,3912.27,0.0,0.0,8268.27,2070.26,0.0,0.0,270.12,21978183.057453856
runs/CZ13/SFm&1&rDXHP&Ex&dxHP_equip/RB-dxHP_equip-spltHP-SEER-BA-rDXHP-NoLRM-30%UC-AOE/instance-out.sql,CZ13,SFm,1,rDXHP,Ex,dxHP_equip,,RB-dxHP_equip-spltHP-SEER-BA-rDXHP-NoLRM-30%UC-AOE,SFm&1&rDXHP&Ex&dxHP_equip,RB-dxHP_equip-spltHP-SEER-BA-rDXHP-NoLRM-30%UC-AOE,45.06,105.22,34655.47,80924.03,34655.47,3466.84,6456.24,1557.5,457.71,10338.53,0.0,608.38,0.0,0.0,0.0,0.0,11770.27,0.0,0.0,3466.84,6456.24,0.0,0.0,8268.27,2070.26,0.0,0.0,270.12,31378849.344261598
runs/CZ13/SFm&1&rDXHP&Ex&dxHP_equip/RB-dxHP_equip-spltHP-SEER-BA-rDXHP-NoLRM-0%UC-NC/instance-out.sql,CZ13,SFm,1,rDXHP,Ex,dxHP_equip,,RB-dxHP_equip-spltHP-SEER-BA-rDXHP-NoLRM-0%UC-NC,SFm&1&rDXHP&Ex&dxHP_equip,RB-dxHP_equip-spltHP-SEER-BA-rDXHP-NoLRM-0%UC-NC,41.68,94.5,32053.63,72684.01,32053.63,3408.97,3912.27,1557.5,457.71,10338.53,0.0,608.38,0.0,0.0,0.0,0.0,11770.27,0.0,0.0,3408.97,3912.27,0.0,0.0,8268.27,2070.26,0.0,0.0,270.12,21978183.057453856
runs/CZ13/SFm&1&rDXHP&Ex&dxHP_equip/RB-dxHP_equip-spltHP-SEER-BA-rDXHP-LRM-LSC-NR/instance-out.sql,CZ13,SFm,1,rDXHP,Ex,dxHP_equip,,RB-dxHP_equip-spltHP-SEER-BA-rDXHP-LRM-LSC-NR,SFm&1&rDXHP&Ex&dxHP_equip,RB-dxHP_equip-spltHP-SEER-BA-rDXHP-LRM-LSC-NR,41.41,93.65,31846.76,72028.86,31846.77,3540.03,3574.34,1557.5,457.71,10338.53,0.0,608.38,0.0,0.0,0.0,0.0,11770.27,0.0,0.0,3540.03,3574.34,0.0,0.0,8268.27,2070.26,0.0,0.0,270.12,20729463.638375845
runs/CZ13/SFm&1&rDXHP&Ex&dxHP_equip/RB-dxHP_equip-spltHP-SEER-BA-rDXHP-NoLRM-22.5%UC-AOE/instance-out.sql,CZ13,SFm,1,rDXHP,Ex,dxHP_equip,,RB-dxHP_equip-spltHP-SEER-BA-rDXHP-NoLRM-22.5%UC-AOE,SFm&1&rDXHP&Ex&dxHP_equip,RB-dxHP_equip-spltHP-SEER-BA-rDXHP-NoLRM-22.5%UC-AOE,44.67,103.99,34358.86,79984.67,34358.86,3700.24,5926.23,1557.5,457.71,10338.53,0.0,608.38,0.0,0.0,0.0,0.0,11770.27,0.0,0.0,3700.24,5926.23,0.0,0.0,8268.27,2070.26,0.0,0.0,270.12,29420316.936144777
runs/CZ13/SFm&1&rDXHP&Ex&dxHP_equip/RB-dxHP_equip-spltHP-SEER-BA-rDXHP-NoLRM-15%UC-AOE/instance-out.sql,CZ13,SFm,1,rDXHP,Ex,dxHP_equip,,RB-dxHP_equip-spltHP-SEER-BA-rDXHP-NoLRM-15%UC-AOE,SFm&1&rDXHP&Ex&dxHP_equip,RB-dxHP_equip-spltHP-SEER-BA-rDXHP-NoLRM-15%UC-AOE,44.29,102.77,34062.25,79045.32,34062.26,3933.65,5396.22,1557.5,457.71,10338.53,0.0,608.38,0.0,0.0,0.0,0.0,11770.27,0.0,0.0,3933.65,5396.22,0.0,0.0,8268.27,2070.26,0.0,0.0,270.12,27461784.51500441
runs/CZ13/SFm&2&rDXGF&Ex&dxAC_equip/RB-dxAC_equip-spltAC-SEER-BA-rDXGF-NoLRM-0%UC-NR/instance-out.sql,CZ13,SFm,2,rDXGF,Ex,dxAC_equip,,RB-dxAC_equip-spltAC-SEER-BA-rDXGF-NoLRM-0%UC-NR,SFm&2&rDXGF&Ex&dxAC_equip,RB-dxAC_equip-spltAC-SEER-BA-rDXGF-NoLRM-0%UC-NR,77.36,151.37,68935.06,134887.48,68935.05,25044.47,11162.54,1774.64,457.71,16701.91,0.0,2047.15,0.0,0.0,0.0,0.0,11746.64,0.0,0.0,0.0,11162.54,25044.47,0.0,13440.28,3261.63,0.0,0.0,540.12,50286852.76387803
runs/CZ13/SFm&2&rDXGF&Ex&dxAC_equip/RB-dxAC_equip-spltAC-SEER-BA-rDXGF-LRM-LSC-NR/instance-out.sql,CZ13,SFm,2,rDXGF,Ex,dxAC_equip,,RB-dxAC_equip-spltAC-SEER-BA-rDXGF-LRM-LSC-NR,SFm&2&rDXGF&Ex&dxAC_equip,RB-dxAC_equip-spltAC-SEER-BA-rDXGF-LRM-LSC-NR,76.27,147.94,67970.89,131833.96,67970.88,25044.47,10198.37,1774.64,457.71,16701.91,0.0,2047.15,0.0,0.0,0.0,0.0,11746.64,0.0,0.0,0.0,10198.37,25044.47,0.0,13440.28,3261.63,0.0,0.0,540.12,47135986.61194626
runs/CZ13/SFm&2&rDXGF&Ex&dxAC_equip/RB-dxAC_equip-spltAC-SEER-BA-rDXGF-LRM-LSC-AOE/instance-out.sql,CZ13,SFm,2,rDXGF,Ex,dxAC_equip,,RB-dxAC_equip-spltAC-SEER-BA-rDXGF-LRM-LSC-AOE,SFm&2&rDXGF&Ex&dxAC_equip,RB-dxAC_equip-spltAC-SEER-BA-rDXGF-LRM-LSC-AOE,77.51,151.87,69075.97,135333.77,69075.97,25044.47,11303.45,1774.64,457.71,16701.91,0.0,2047.15,0.0,0.0,0.0,0.0,11746.64,0.0,0.0,0.0,11303.45,25044.47,0.0,13440.28,3261.63,0.0,0.0,540.12,50747368.77157292
runs/CZ13/SFm&2&rDXGF&Ex&dxAC_equip/RB-dxAC_equip-spltAC-SEER-BA-rDXGF-NoLRM-0%UC-AOE/instance-out.sql,CZ13,SFm,2,rDXGF,Ex,dxAC_equip,,RB-dxAC_equip-spltAC-SEER-BA-rDXGF-NoLRM-0%UC-AOE,SFm&2&rDXGF&Ex&dxAC_equip,RB-dxAC_equip-spltAC-SEER-BA-rDXGF-NoLRM-0%UC-AOE,78.71,155.66,70144.62,138718.16,70144.62,25044.47,12372.1,1774.64,457.71,16701.91,0.0,2047.15,0.0,0.0,0.0,0.0,11746.64,0.0,0.0,0.0,12372.1,25044.47,0.0,13440.28,3261.63,0.0,0.0,540.12,54239660.056210786
runs/CZ13/SFm&2&rDXGF&Ex&dxAC_equip/RB-dxAC_equip-spltAC-SEER-BA-rDXGF-NoLRM-15%UC-AOE/instance-out.sql,CZ13,SFm,2,rDXGF,Ex,dxAC_equip,,RB-dxAC_equip-spltAC-SEER-BA-rDXGF-NoLRM-15%UC-AOE,SFm&2&rDXGF&Ex&dxAC_equip,RB-dxAC_equip-spltAC-SEER-BA-rDXGF-NoLRM-15%UC-AOE,82.11,166.41,73169.08,148296.65,73169.08,25044.47,15396.56,1774.64,457.71,16701.91,0.0,2047.15,0.0,0.0,0.0,0.0,11746.64,0.0,0.0,0.0,15396.56,25044.47,0.0,13440.28,3261.63,0.0,0.0,540.12,64123503.30306564
runs/CZ13/SFm&2&rDXHP&Ex&dxHP_equip/RB-dxHP_equip-spltHP-SEER-BA-rDXHP-LRM-LSC-AOE/instance-out.sql,CZ13,SFm,2,rDXHP,Ex,dxHP_equip,,RB-dxHP_equip-spltHP-SEER-BA-rDXHP-LRM-LSC-AOE,SFm&2&rDXHP&Ex&dxHP_equip,RB-dxHP_equip-spltHP-SEER-BA-rDXHP-LRM-LSC-AOE,62.54,162.99,55734.56,145249.91,55734.560000000005,11396.08,11303.45,1774.64,457.71,16701.91,0.0,2354.49,0.0,0.0,0.0,0.0,11746.27,0.0,0.0,11396.08,11303.45,0.0,0.0,13440.28,3261.63,0.0,0.0,540.12,50747374.32484515
runs/CZ13/SFm&2&rDXHP&Ex&dxHP_equip/RB-dxHP_equip-spltHP-SEER-BA-rDXHP-LRM-LSC-NR/instance-out.sql,CZ13,SFm,2,rDXHP,Ex,dxHP_equip,,RB-dxHP_equip-spltHP-SEER-BA-rDXHP-LRM-LSC-NR,SFm&2&rDXHP&Ex&dxHP_equip,RB-dxHP_equip-spltHP-SEER-BA-rDXHP-LRM-LSC-NR,58.74,150.95,52346.1,134518.66,52346.11,9112.71,10198.37,1774.64,457.71,16701.91,0.0,2354.49,0.0,0.0,0.0,0.0,11746.27,0.0,0.0,9112.71,10198.37,0.0,0.0,13440.28,3261.63,0.0,0.0,540.12,47135991.68490687
runs/CZ13/SFm&2&rDXGF&Ex&dxAC_equip/RB-dxAC_equip-spltAC-SEER-BA-rDXGF-NoLRM-7.5%UC-AOE/instance-out.sql,CZ13,SFm,2,rDXGF,Ex,dxAC_equip,,RB-dxAC_equip-spltAC-SEER-BA-rDXGF-NoLRM-7.5%UC-AOE,SFm&2&rDXGF&Ex&dxAC_equip,RB-dxAC_equip-spltAC-SEER-BA-rDXGF-NoLRM-7.5%UC-AOE,80.41,161.04,71656.85,143507.4,71656.85,25044.47,13884.33,1774.64,457.71,16701.91,0.0,2047.15,0.0,0.0,0.0,0.0,11746.64,0.0,0.0,0.0,13884.33,25044.47,0.0,13440.28,3261.63,0.0,0.0,540.12,59181581.67151235
runs/CZ13/SFm&2&rDXGF&Ex&dxAC_equip/RB-dxAC_equip-spltAC-SEER-BA-rDXGF-NoLRM-40%UC-AOE/instance-out.sql,CZ13,SFm,2,rDXGF,Ex,dxAC_equip,,RB-dxAC_equip-spltAC-SEER-BA-rDXGF-NoLRM-40%UC-AOE,SFm&2&rDXGF&Ex&dxAC_equip,RB-dxAC_equip-spltAC-SEER-BA-rDXGF-NoLRM-40%UC-AOE,87.76,184.33,78209.86,164260.78,78209.86,25044.47,20437.34,1774.64,457.71,16701.91,0.0,2047.15,0.0,0.0,0.0,0.0,11746.64,0.0,0.0,0.0,20437.34,25044.47,0.0,13440.28,3261.63,0.0,0.0,540.12,80596575.380622
runs/CZ13/SFm&2&rDXGF&Ex&dxAC_equip/RB-dxAC_equip-spltAC-SEER-BA-rDXGF-NoLRM-22.5%UC-AOE/instance-out.sql,CZ13,SFm,2,rDXGF,Ex,dxAC_equip,,RB-dxAC_equip-spltAC-SEER-BA-rDXGF-NoLRM-22.5%UC-AOE,SFm&2&rDXGF&Ex&dxAC_equip,RB-dxAC_equip-spltAC-SEER-BA-rDXGF-NoLRM-22.5%UC-AOE,83.8,171.79,74681.32,153085.89,74681.31,25044.47,16908.8,1774.64,457.71,16701.91,0.0,2047.15,0.0,0.0,0.0,0.0,11746.64,0.0,0.0,0.0,16908.8,25044.47,0.0,13440.28,3261.63,0.0,0.0,540.12,69065424.93810242
runs/CZ13/SFm&2&rDXGF&Ex&dxAC_equip/RB-dxAC_equip-spltAC-SEER-BA-rDXGF-NoLRM-30%UC-AOE/instance-out.sql,CZ13,SFm,2,rDXGF,Ex,dxAC_equip,,RB-dxAC_equip-spltAC-SEER-BA-rDXGF-NoLRM-30%UC-AOE,SFm&2&rDXGF&Ex&dxAC_equip,RB-dxAC_equip-spltAC-SEER-BA-rDXGF-NoLRM-30%UC-AOE,85.5,177.16,76193.55,157875.13,76193.55,25044.47,18421.03,1774.64,457.71,16701.91,0.0,2047.15,0.0,0.0,0.0,0.0,11746.64,0.0,0.0,0.0,18421.03,25044.47,0.0,13440.28,3261.63,0.0,0.0,540.12,74007346.54027718
runs/CZ13/SFm&2&rDXHP&Ex&dxHP_equip/RB-dxHP_equip-spltHP-SEER-BA-rDXHP-LRM-LSC-NC/instance-out.sql,CZ13,SFm,2,rDXHP,Ex,dxHP_equip,,RB-dxHP_equip-spltHP-SEER-BA-rDXHP-LRM-LSC-NC,SFm&2&rDXHP&Ex&dxHP_equip,RB-dxHP_equip-spltHP-SEER-BA-rDXHP-LRM-LSC-NC,58.74,150.95,52346.1,134518.66,52346.11,9112.71,10198.37,1774.64,457.71,16701.91,0.0,2354.49,0.0,0.0,0.0,0.0,11746.27,0.0,0.0,9112.71,10198.37,0.0,0.0,13440.28,3261.63,0.0,0.0,540.12,47135991.68490687
runs/CZ13/SFm&2&rDXHP&Ex&dxHP_equip/RB-dxHP_equip-spltHP-SEER-BA-rDXHP-NoLRM-22.5%UC-AOE/instance-out.sql,CZ13,SFm,2,rDXHP,Ex,dxHP_equip,,RB-dxHP_equip-spltHP-SEER-BA-rDXHP-NoLRM-22.5%UC-AOE,SFm&2&rDXHP&Ex&dxHP_equip,RB-dxHP_equip-spltHP-SEER-BA-rDXHP-NoLRM-22.5%UC-AOE,66.75,176.31,59481.7,157117.11,59481.71,9537.89,16908.79,1774.64,457.71,16701.91,0.0,2354.49,0.0,0.0,0.0,0.0,11746.27,0.0,0.0,9537.89,16908.79,0.0,0.0,13440.28,3261.63,0.0,0.0,540.12,69065432.92766492
runs/CZ13/SFm&2&rDXHP&Ex&dxHP_equip/RB-dxHP_equip-spltHP-SEER-BA-rDXHP-NoLRM-0%UC-NR/instance-out.sql,CZ13,SFm,2,rDXHP,Ex,dxHP_equip,,RB-dxHP_equip-spltHP-SEER-BA-rDXHP-NoLRM-0%UC-NR,SFm&2&rDXHP&Ex&dxHP_equip,RB-dxHP_equip-spltHP-SEER-BA-rDXHP-NoLRM-0%UC-NR,59.43,153.14,52962.48,136470.72,52962.48,8764.92,11162.53,1774.64,457.71,16701.91,0.0,2354.49,0.0,0.0,0.0,0.0,11746.27,0.0,0.0,8764.92,11162.53,0.0,0.0,13440.28,3261.63,0.0,0.0,540.12,50286858.2559019
runs/CZ13/SFm&2&rDXHP&Ex&dxHP_equip/RB-dxHP_equip-spltHP-SEER-BA-rDXHP-NoLRM-15%UC-AOE/instance-out.sql,CZ13,SFm,2,rDXHP,Ex,dxHP_equip,,RB-dxHP_equip-spltHP-SEER-BA-rDXHP-NoLRM-15%UC-AOE,SFm&2&rDXHP&Ex&dxHP_equip,RB-dxHP_equip-spltHP-SEER-BA-rDXHP-NoLRM-15%UC-AOE,65.75,173.14,58588.87,154289.51,58588.87,10157.29,15396.56,1774.64,457.71,16701.91,0.0,2354.49,0.0,0.0,0.0,0.0,11746.27,0.0,0.0,10157.29,15396.56,0.0,0.0,13440.28,3261.63,0.0,0.0,540.12,64123510.63535558
runs/CZ13/SFm&2&rDXHP&Ex&dxHP_equip/RB-dxHP_equip-spltHP-SEER-BA-rDXHP-NoLRM-40%UC-AOE/instance-out.sql,CZ13,SFm,2,rDXHP,Ex,dxHP_equip,,RB-dxHP_equip-spltHP-SEER-BA-rDXHP-NoLRM-40%UC-AOE,SFm&2&rDXHP&Ex&dxHP_equip,RB-dxHP_equip-spltHP-SEER-BA-rDXHP-NoLRM-40%UC-AOE,69.09,183.71,61564.98,163714.85,61564.98,8092.62,20437.34,1774.64,457.71,16701.91,0.0,2354.49,0.0,0.0,0.0,0.0,11746.27,0.0,0.0,8092.62,20437.34,0.0,0.0,13440.28,3261.63,0.0,0.0,540.12,80596584.90382046
runs/CZ13/SFm&2&rDXHP&Ex&dxHP_equip/RB-dxHP_equip-spltHP-SEER-BA-rDXHP-NoLRM-0%UC-AOE/instance-out.sql,CZ13,SFm,2,rDXHP,Ex,dxHP_equip,,RB-dxHP_equip-spltHP-SEER-BA-rDXHP-NoLRM-0%UC-AOE,SFm&2&rDXHP&Ex&dxHP_equip,RB-dxHP_equip-spltHP-SEER-BA-rDXHP-NoLRM-0%UC-AOE,63.25,165.24,56365.5,147248.08,56365.5,10958.38,12372.1,1774.64,457.71,16701.91,0.0,2354.49,0.0,0.0,0.0,0.0,11746.27,0.0,0.0,10958.38,12372.1,0.0,0.0,13440.28,3261.63,0.0,0.0,540.12,54239666.073955625
runs/CZ13/SFm&2&rDXHP&Ex&dxHP_equip/RB-dxHP_equip-spltHP-SEER-BA-rDXHP-NoLRM-30%UC-AOE/instance-out.sql,CZ13,SFm,2,rDXHP,Ex,dxHP_equip,,RB-dxHP_equip-spltHP-SEER-BA-rDXHP-NoLRM-30%UC-AOE,SFm&2&rDXHP&Ex&dxHP_equip,RB-dxHP_equip-spltHP-SEER-BA-rDXHP-NoLRM-30%UC-AOE,67.75,179.48,60374.54,159944.71,60374.54,8918.49,18421.03,1774.64,457.71,16701.91,0.0,2354.49,0.0,0.0,0.0,0.0,11746.27,0.0,0.0,8918.49,18421.03,0.0,0.0,13440.28,3261.63,0.0,0.0,540.12,74007355.18711223
runs/CZ14/SFm&1&rDXGF&Ex&dxAC_equip/RB-dxAC_equip-spltAC-SEER-BA-rDXGF-NoLRM-0%UC-AOE/instance-out.sql,CZ14,SFm,1,rDXGF,Ex,dxAC_equip,,RB-dxAC_equip-spltAC-SEER-BA-rDXGF-NoLRM-0%UC-AOE,SFm&1&rDXGF&Ex&dxAC_equip,RB-dxAC_equip-spltAC-SEER-BA-rDXGF-NoLRM-0%UC-AOE,50.67,90.38,38971.99,69512.85,38972.0,11974.27,2414.98,1557.5,457.71,10338.53,0.0,391.9,0.0,0.0,0.0,0.0,11837.11,0.0,0.0,0.0,2414.98,11974.27,0.0,8268.27,2070.26,0.0,0.0,270.12,13986203.278314091
runs/CZ13/SFm&2&rDXHP&Ex&dxHP_equip/RB-dxHP_equip-spltHP-SEER-BA-rDXHP-NoLRM-0%UC-NC/instance-out.sql,CZ13,SFm,2,rDXHP,Ex,dxHP_equip,,RB-dxHP_equip-spltHP-SEER-BA-rDXHP-NoLRM-0%UC-NC,SFm&2&rDXHP&Ex&dxHP_equip,RB-dxHP_equip-spltHP-SEER-BA-rDXHP-NoLRM-0%UC-NC,59.43,153.14,52962.48,136470.72,52962.48,8764.92,11162.53,1774.64,457.71,16701.91,0.0,2354.49,0.0,0.0,0.0,0.0,11746.27,0.0,0.0,8764.92,11162.53,0.0,0.0,13440.28,3261.63,0.0,0.0,540.12,50286858.2559019
runs/CZ14/SFm&1&rDXGF&Ex&dxAC_equip/RB-dxAC_equip-spltAC-SEER-BA-rDXGF-NoLRM-15%UC-AOE/instance-out.sql,CZ14,SFm,1,rDXGF,Ex,dxAC_equip,,RB-dxAC_equip-spltAC-SEER-BA-rDXGF-NoLRM-15%UC-AOE,SFm&1&rDXGF&Ex&dxAC_equip,RB-dxAC_equip-spltAC-SEER-BA-rDXGF-NoLRM-15%UC-AOE,51.44,92.81,39562.36,71382.53,39562.36,11974.27,3005.34,1557.5,457.71,10338.53,0.0,391.9,0.0,0.0,0.0,0.0,11837.11,0.0,0.0,0.0,3005.34,11974.27,0.0,8268.27,2070.26,0.0,0.0,270.12,15736569.585819809
runs/CZ14/SFm&1&rDXGF&Ex&dxAC_equip/RB-dxAC_equip-spltAC-SEER-BA-rDXGF-NoLRM-0%UC-NR/instance-out.sql,CZ14,SFm,1,rDXGF,Ex,dxAC_equip,,RB-dxAC_equip-spltAC-SEER-BA-rDXGF-NoLRM-0%UC-NR,SFm&1&rDXGF&Ex&dxAC_equip,RB-dxAC_equip-spltAC-SEER-BA-rDXGF-NoLRM-0%UC-NR,50.36,89.41,38735.89,68765.12,38735.89,11974.27,2178.88,1557.5,457.71,10338.53,0.0,391.9,0.0,0.0,0.0,0.0,11837.11,0.0,0.0,0.0,2178.88,11974.27,0.0,8268.27,2070.26,0.0,0.0,270.12,13286186.034843152
runs/CZ14/SFm&1&rDXGF&Ex&dxAC_equip/RB-dxAC_equip-spltAC-SEER-BA-rDXGF-LRM-LSC-NR/instance-out.sql,CZ14,SFm,1,rDXGF,Ex,dxAC_equip,,RB-dxAC_equip-spltAC-SEER-BA-rDXGF-LRM-LSC-NR,SFm&1&rDXGF&Ex&dxAC_equip,RB-dxAC_equip-spltAC-SEER-BA-rDXGF-LRM-LSC-NR,50.12,88.63,38547.69,68169.09,38547.69,11974.27,1990.67,1557.5,457.71,10338.53,0.0,391.9,0.0,0.0,0.0,0.0,11837.11,0.0,0.0,0.0,1990.67,11974.27,0.0,8268.27,2070.26,0.0,0.0,270.12,12728187.509972118
runs/CZ13/SFm&2&rDXHP&Ex&dxHP_equip/RB-dxHP_equip-spltHP-SEER-BA-rDXHP-NoLRM-7.5%UC-AOE/instance-out.sql,CZ13,SFm,2,rDXHP,Ex,dxHP_equip,,RB-dxHP_equip-spltHP-SEER-BA-rDXHP-NoLRM-7.5%UC-AOE,SFm&2&rDXHP&Ex&dxHP_equip,RB-dxHP_equip-spltHP-SEER-BA-rDXHP-NoLRM-7.5%UC-AOE,64.74,169.96,57696.04,151461.9,57696.04,10776.68,13884.33,1774.64,457.71,16701.91,0.0,2354.49,0.0,0.0,0.0,0.0,11746.27,0.0,0.0,10776.68,13884.33,0.0,0.0,13440.28,3261.63,0.0,0.0,540.12,59181588.34652974
runs/CZ14/SFm&1&rDXGF&Ex&dxAC_equip/RB-dxAC_equip-spltAC-SEER-BA-rDXGF-LRM-LSC-AOE/instance-out.sql,CZ14,SFm,1,rDXGF,Ex,dxAC_equip,,RB-dxAC_equip-spltAC-SEER-BA-rDXGF-LRM-LSC-AOE,SFm&1&rDXGF&Ex&dxAC_equip,RB-dxAC_equip-spltAC-SEER-BA-rDXGF-LRM-LSC-AOE,50.4,89.52,38763.4,68852.23,38763.4,11974.27,2206.38,1557.5,457.71,10338.53,0.0,391.9,0.0,0.0,0.0,0.0,11837.11,0.0,0.0,0.0,2206.38,11974.27,0.0,8268.27,2070.26,0.0,0.0,270.12,13367740.515605755
runs/CZ14/SFm&1&rDXGF&Ex&dxAC_equip/RB-dxAC_equip-spltAC-SEER-BA-rDXGF-NoLRM-22.5%UC-AOE/instance-out.sql,CZ14,SFm,1,rDXGF,Ex,dxAC_equip,,RB-dxAC_equip-spltAC-SEER-BA-rDXGF-NoLRM-22.5%UC-AOE,SFm&1&rDXGF&Ex&dxAC_equip,RB-dxAC_equip-spltAC-SEER-BA-rDXGF-NoLRM-22.5%UC-AOE,51.82,94.03,39857.54,72317.36,39857.54,11974.27,3300.52,1557.5,457.71,10338.53,0.0,391.9,0.0,0.0,0.0,0.0,11837.11,0.0,0.0,0.0,3300.52,11974.27,0.0,8268.27,2070.26,0.0,0.0,270.12,16611752.741628613
runs/CZ14/SFm&1&rDXHP&Ex&dxHP_equip/RB-dxHP_equip-spltHP-SEER-BA-rDXHP-LRM-LSC-NC/instance-out.sql,CZ14,SFm,1,rDXHP,Ex,dxHP_equip,,RB-dxHP_equip-spltHP-SEER-BA-rDXHP-LRM-LSC-NC,SFm&1&rDXHP&Ex&dxHP_equip,RB-dxHP_equip-spltHP-SEER-BA-rDXHP-LRM-LSC-NC,41.89,95.0,32217.97,73065.99,32217.97,5499.01,1990.64,1557.5,457.71,10338.53,0.0,537.83,0.0,0.0,0.0,0.0,11836.76,0.0,0.0,5499.01,1990.64,0.0,0.0,8268.27,2070.26,0.0,0.0,270.12,12728275.568496335
runs/CZ14/SFm&1&rDXGF&Ex&dxAC_equip/RB-dxAC_equip-spltAC-SEER-BA-rDXGF-NoLRM-7.5%UC-AOE/instance-out.sql,CZ14,SFm,1,rDXGF,Ex,dxAC_equip,,RB-dxAC_equip-spltAC-SEER-BA-rDXGF-NoLRM-7.5%UC-AOE,SFm&1&rDXGF&Ex&dxAC_equip,RB-dxAC_equip-spltAC-SEER-BA-rDXGF-NoLRM-7.5%UC-AOE,51.05,91.59,39267.17,70447.69,39267.18,11974.27,2710.16,1557.5,457.71,10338.53,0.0,391.9,0.0,0.0,0.0,0.0,11837.11,0.0,0.0,0.0,2710.16,11974.27,0.0,8268.27,2070.26,0.0,0.0,270.12,14861386.430627909
runs/CZ14/SFm&1&rDXHP&Ex&dxHP_equip/RB-dxHP_equip-spltHP-SEER-BA-rDXHP-LRM-LSC-AOE/instance-out.sql,CZ14,SFm,1,rDXHP,Ex,dxHP_equip,,RB-dxHP_equip-spltHP-SEER-BA-rDXHP-LRM-LSC-AOE,SFm&1&rDXHP&Ex&dxHP_equip,RB-dxHP_equip-spltHP-SEER-BA-rDXHP-LRM-LSC-AOE,43.89,101.32,33754.0,77930.57,33753.990000000005,6819.32,2206.34,1557.5,457.71,10338.53,0.0,537.83,0.0,0.0,0.0,0.0,11836.76,0.0,0.0,6819.32,2206.34,0.0,0.0,8268.27,2070.26,0.0,0.0,270.12,13367837.160953421
runs/CZ14/SFm&1&rDXGF&Ex&dxAC_equip/RB-dxAC_equip-spltAC-SEER-BA-rDXGF-NoLRM-40%UC-AOE/instance-out.sql,CZ14,SFm,1,rDXGF,Ex,dxAC_equip,,RB-dxAC_equip-spltAC-SEER-BA-rDXGF-NoLRM-40%UC-AOE,SFm&1&rDXGF&Ex&dxAC_equip,RB-dxAC_equip-spltAC-SEER-BA-rDXGF-NoLRM-40%UC-AOE,52.72,96.86,40546.29,74498.65,40546.29,11974.27,3989.27,1557.5,457.71,10338.53,0.0,391.9,0.0,0.0,0.0,0.0,11837.11,0.0,0.0,0.0,3989.27,11974.27,0.0,8268.27,2070.26,0.0,0.0,270.12,18653846.76490125
runs/CZ14/SFm&1&rDXGF&Ex&dxAC_equip/RB-dxAC_equip-spltAC-SEER-BA-rDXGF-NoLRM-30%UC-AOE/instance-out.sql,CZ14,SFm,1,rDXGF,Ex,dxAC_equip,,RB-dxAC_equip-spltAC-SEER-BA-rDXGF-NoLRM-30%UC-AOE,SFm&1&rDXGF&Ex&dxAC_equip,RB-dxAC_equip-spltAC-SEER-BA-rDXGF-NoLRM-30%UC-AOE,52.21,95.24,40152.72,73252.2,40152.72,11974.27,3595.7,1557.5,457.71,10338.53,0.0,391.9,0.0,0.0,0.0,0.0,11837.11,0.0,0.0,0.0,3595.7,11974.27,0.0,8268.27,2070.26,0.0,0.0,270.12,17486935.891617753
runs/CZ14/SFm&1&rDXHP&Ex&dxHP_equip/RB-dxHP_equip-spltHP-SEER-BA-rDXHP-LRM-LSC-NR/instance-out.sql,CZ14,SFm,1,rDXHP,Ex,dxHP_equip,,RB-dxHP_equip-spltHP-SEER-BA-rDXHP-LRM-LSC-NR,SFm&1&rDXHP&Ex&dxHP_equip,RB-dxHP_equip-spltHP-SEER-BA-rDXHP-LRM-LSC-NR,41.89,95.0,32217.97,73065.99,32217.97,5499.01,1990.64,1557.5,457.71,10338.53,0.0,537.83,0.0,0.0,0.0,0.0,11836.76,0.0,0.0,5499.01,1990.64,0.0,0.0,8268.27,2070.26,0.0,0.0,270.12,12728275.568496335
runs/CZ14/SFm&1&rDXHP&Ex&dxHP_equip/RB-dxHP_equip-spltHP-SEER-BA-rDXHP-NoLRM-0%UC-AOE/instance-out.sql,CZ14,SFm,1,rDXHP,Ex,dxHP_equip,,RB-dxHP_equip-spltHP-SEER-BA-rDXHP-NoLRM-0%UC-AOE,SFm&1&rDXHP&Ex&dxHP_equip,RB-dxHP_equip-spltHP-SEER-BA-rDXHP-NoLRM-0%UC-AOE,43.83,101.14,33709.49,77789.62,33709.490000000005,6566.23,2414.93,1557.5,457.71,10338.53,0.0,537.83,0.0,0.0,0.0,0.0,11836.76,0.0,0.0,6566.23,2414.93,0.0,0.0,8268.27,2070.26,0.0,0.0,270.12,13986308.227321517
runs/CZ14/SFm&1&rDXHP&Ex&dxHP_equip/RB-dxHP_equip-spltHP-SEER-BA-rDXHP-NoLRM-22.5%UC-AOE/instance-out.sql,CZ14,SFm,1,rDXHP,Ex,dxHP_equip,,RB-dxHP_equip-spltHP-SEER-BA-rDXHP-NoLRM-22.5%UC-AOE,SFm&1&rDXHP&Ex&dxHP_equip,RB-dxHP_equip-spltHP-SEER-BA-rDXHP-NoLRM-22.5%UC-AOE,43.91,101.4,33773.64,77992.79,33773.64,5744.85,3300.46,1557.5,457.71,10338.53,0.0,537.83,0.0,0.0,0.0,0.0,11836.76,0.0,0.0,5744.85,3300.46,0.0,0.0,8268.27,2070.26,0.0,0.0,270.12,16611892.942021783
runs/CZ14/SFm&1&rDXHP&Ex&dxHP_equip/RB-dxHP_equip-spltHP-SEER-BA-rDXHP-NoLRM-15%UC-AOE/instance-out.sql,CZ14,SFm,1,rDXHP,Ex,dxHP_equip,,RB-dxHP_equip-spltHP-SEER-BA-rDXHP-NoLRM-15%UC-AOE,SFm&1&rDXHP&Ex&dxHP_equip,RB-dxHP_equip-spltHP-SEER-BA-rDXHP-NoLRM-15%UC-AOE,43.99,101.66,33836.62,78192.26,33836.619999999995,6103.01,3005.28,1557.5,457.71,10338.53,0.0,537.83,0.0,0.0,0.0,0.0,11836.76,0.0,0.0,6103.01,3005.28,0.0,0.0,8268.27,2070.26,0.0,0.0,270.12,15736698.035751045
runs/CZ14/SFm&1&rDXHP&Ex&dxHP_equip/RB-dxHP_equip-spltHP-SEER-BA-rDXHP-NoLRM-0%UC-NC/instance-out.sql,CZ14,SFm,1,rDXHP,Ex,dxHP_equip,,RB-dxHP_equip-spltHP-SEER-BA-rDXHP-NoLRM-0%UC-NC,SFm&1&rDXHP&Ex&dxHP_equip,RB-dxHP_equip-spltHP-SEER-BA-rDXHP-NoLRM-0%UC-NC,41.87,94.95,32205.07,73025.11,32205.06,5297.9,2178.83,1557.5,457.71,10338.53,0.0,537.83,0.0,0.0,0.0,0.0,11836.76,0.0,0.0,5297.9,2178.83,0.0,0.0,8268.27,2070.26,0.0,0.0,270.12,13286281.585216798
runs/CZ14/SFm&1&rDXHP&Ex&dxHP_equip/RB-dxHP_equip-spltHP-SEER-BA-rDXHP-NoLRM-0%UC-NR/instance-out.sql,CZ14,SFm,1,rDXHP,Ex,dxHP_equip,,RB-dxHP_equip-spltHP-SEER-BA-rDXHP-NoLRM-0%UC-NR,SFm&1&rDXHP&Ex&dxHP_equip,RB-dxHP_equip-spltHP-SEER-BA-rDXHP-NoLRM-0%UC-NR,41.87,94.95,32205.07,73025.11,32205.06,5297.9,2178.83,1557.5,457.71,10338.53,0.0,537.83,0.0,0.0,0.0,0.0,11836.76,0.0,0.0,5297.9,2178.83,0.0,0.0,8268.27,2070.26,0.0,0.0,270.12,13286281.585216798
runs/CZ14/SFm&1&rDXHP&Ex&dxHP_equip/RB-dxHP_equip-spltHP-SEER-BA-rDXHP-NoLRM-30%UC-AOE/instance-out.sql,CZ14,SFm,1,rDXHP,Ex,dxHP_equip,,RB-dxHP_equip-spltHP-SEER-BA-rDXHP-NoLRM-30%UC-AOE,SFm&1&rDXHP&Ex&dxHP_equip,RB-dxHP_equip-spltHP-SEER-BA-rDXHP-NoLRM-30%UC-AOE,43.83,101.15,33710.66,77793.33,33710.66,5386.7,3595.63,1557.5,457.71,10338.53,0.0,537.83,0.0,0.0,0.0,0.0,11836.76,0.0,0.0,5386.7,3595.63,0.0,0.0,8268.27,2070.26,0.0,0.0,270.12,17487087.842472784
runs/CZ14/SFm&2&rDXGF&Ex&dxAC_equip/RB-dxAC_equip-spltAC-SEER-BA-rDXGF-NoLRM-0%UC-AOE/instance-out.sql,CZ14,SFm,2,rDXGF,Ex,dxAC_equip,,RB-dxAC_equip-spltAC-SEER-BA-rDXGF-NoLRM-0%UC-AOE,SFm&2&rDXGF&Ex&dxAC_equip,RB-dxAC_equip-spltAC-SEER-BA-rDXGF-NoLRM-0%UC-AOE,82.24,146.24,73284.33,130316.04,73284.32999999999,33780.13,7208.27,1774.64,457.71,16701.91,0.0,1543.39,0.0,0.0,0.0,0.0,11818.26,0.0,0.0,0.0,7208.27,33780.13,0.0,13440.28,3261.63,0.0,0.0,540.12,29391928.31817638
runs/CZ14/SFm&2&rDXGF&Ex&dxAC_equip/RB-dxAC_equip-spltAC-SEER-BA-rDXGF-LRM-LSC-NR/instance-out.sql,CZ14,SFm,2,rDXGF,Ex,dxAC_equip,,RB-dxAC_equip-spltAC-SEER-BA-rDXGF-LRM-LSC-NR,SFm&2&rDXGF&Ex&dxAC_equip,RB-dxAC_equip-spltAC-SEER-BA-rDXGF-LRM-LSC-NR,80.82,141.73,72017.86,126305.14,72017.85999999999,33780.13,5941.81,1774.64,457.71,16701.91,0.0,1543.39,0.0,0.0,0.0,0.0,11818.26,0.0,0.0,0.0,5941.81,33780.13,0.0,13440.28,3261.63,0.0,0.0,540.12,26230109.260598272
runs/CZ14/SFm&2&rDXGF&Ex&dxAC_equip/RB-dxAC_equip-spltAC-SEER-BA-rDXGF-NoLRM-22.5%UC-AOE/instance-out.sql,CZ14,SFm,2,rDXGF,Ex,dxAC_equip,,RB-dxAC_equip-spltAC-SEER-BA-rDXGF-NoLRM-22.5%UC-AOE,SFm&2&rDXGF&Ex&dxAC_equip,RB-dxAC_equip-spltAC-SEER-BA-rDXGF-NoLRM-22.5%UC-AOE,85.2,155.63,75927.51,138687.01,75927.51000000001,33780.13,9851.46,1774.64,457.71,16701.91,0.0,1543.39,0.0,0.0,0.0,0.0,11818.26,0.0,0.0,0.0,9851.46,33780.13,0.0,13440.28,3261.63,0.0,0.0,540.12,35990822.019376144
runs/CZ14/SFm&2&rDXGF&Ex&dxAC_equip/RB-dxAC_equip-spltAC-SEER-BA-rDXGF-NoLRM-40%UC-AOE/instance-out.sql,CZ14,SFm,2,rDXGF,Ex,dxAC_equip,,RB-dxAC_equip-spltAC-SEER-BA-rDXGF-NoLRM-40%UC-AOE,SFm&2&rDXGF&Ex&dxAC_equip,RB-dxAC_equip-spltAC-SEER-BA-rDXGF-NoLRM-40%UC-AOE,87.51,162.94,77983.32,145197.77,77983.32,33780.13,11907.27,1774.64,457.71,16701.91,0.0,1543.39,0.0,0.0,0.0,0.0,11818.26,0.0,0.0,0.0,11907.27,33780.13,0.0,13440.28,3261.63,0.0,0.0,540.12,41123294.88866263
runs/CZ14/SFm&1&rDXHP&Ex&dxHP_equip/RB-dxHP_equip-spltHP-SEER-BA-rDXHP-NoLRM-7.5%UC-AOE/instance-out.sql,CZ14,SFm,1,rDXHP,Ex,dxHP_equip,,RB-dxHP_equip-spltHP-SEER-BA-rDXHP-NoLRM-7.5%UC-AOE,SFm&1&rDXHP&Ex&dxHP_equip,RB-dxHP_equip-spltHP-SEER-BA-rDXHP-NoLRM-7.5%UC-AOE,44.08,101.92,33899.6,78391.72,33899.600000000006,6461.17,2710.11,1557.5,457.71,10338.53,0.0,537.83,0.0,0.0,0.0,0.0,11836.76,0.0,0.0,6461.17,2710.11,0.0,0.0,8268.27,2070.26,0.0,0.0,270.12,14861503.130097222
runs/CZ14/SFm&2&rDXGF&Ex&dxAC_equip/RB-dxAC_equip-spltAC-SEER-BA-rDXGF-NoLRM-30%UC-AOE/instance-out.sql,CZ14,SFm,2,rDXGF,Ex,dxAC_equip,,RB-dxAC_equip-spltAC-SEER-BA-rDXGF-NoLRM-30%UC-AOE,SFm&2&rDXGF&Ex&dxAC_equip,RB-dxAC_equip-spltAC-SEER-BA-rDXGF-NoLRM-30%UC-AOE,86.19,158.76,76808.57,141477.33,76808.57,33780.13,10732.52,1774.64,457.71,16701.91,0.0,1543.39,0.0,0.0,0.0,0.0,11818.26,0.0,0.0,0.0,10732.52,33780.13,0.0,13440.28,3261.63,0.0,0.0,540.12,38190453.241927475
runs/CZ14/SFm&2&rDXHP&Ex&dxHP_equip/RB-dxHP_equip-spltHP-SEER-BA-rDXHP-LRM-LSC-AOE/instance-out.sql,CZ14,SFm,2,rDXHP,Ex,dxHP_equip,,RB-dxHP_equip-spltHP-SEER-BA-rDXHP-LRM-LSC-AOE,SFm&2&rDXHP&Ex&dxHP_equip,RB-dxHP_equip-spltHP-SEER-BA-rDXHP-LRM-LSC-AOE,62.59,162.98,55779.34,145238.48,55779.33,16425.69,6585.64,1774.64,457.71,16701.91,0.0,2013.91,0.0,0.0,0.0,0.0,11819.83,0.0,0.0,16425.69,6585.64,0.0,0.0,13440.28,3261.63,0.0,0.0,540.12,27837598.18361699
runs/CZ14/SFm&2&rDXGF&Ex&dxAC_equip/RB-dxAC_equip-spltAC-SEER-BA-rDXGF-LRM-LSC-AOE/instance-out.sql,CZ14,SFm,2,rDXGF,Ex,dxAC_equip,,RB-dxAC_equip-spltAC-SEER-BA-rDXGF-LRM-LSC-AOE,SFm&2&rDXGF&Ex&dxAC_equip,RB-dxAC_equip-spltAC-SEER-BA-rDXGF-LRM-LSC-AOE,81.54,144.02,72661.71,128344.21,72661.70999999999,33780.13,6585.66,1774.64,457.71,16701.91,0.0,1543.39,0.0,0.0,0.0,0.0,11818.26,0.0,0.0,0.0,6585.66,33780.13,0.0,13440.28,3261.63,0.0,0.0,540.12,27837522.245738294
runs/CZ14/SFm&2&rDXGF&Ex&dxAC_equip/RB-dxAC_equip-spltAC-SEER-BA-rDXGF-NoLRM-7.5%UC-AOE/instance-out.sql,CZ14,SFm,2,rDXGF,Ex,dxAC_equip,,RB-dxAC_equip-spltAC-SEER-BA-rDXGF-NoLRM-7.5%UC-AOE,SFm&2&rDXGF&Ex&dxAC_equip,RB-dxAC_equip-spltAC-SEER-BA-rDXGF-NoLRM-7.5%UC-AOE,83.23,149.37,74165.39,133106.36,74165.38999999998,33780.13,8089.34,1774.64,457.71,16701.91,0.0,1543.39,0.0,0.0,0.0,0.0,11818.26,0.0,0.0,0.0,8089.34,33780.13,0.0,13440.28,3261.63,0.0,0.0,540.12,31591559.546570413
runs/CZ14/SFm&1&rDXHP&Ex&dxHP_equip/RB-dxHP_equip-spltHP-SEER-BA-rDXHP-NoLRM-40%UC-AOE/instance-out.sql,CZ14,SFm,1,rDXHP,Ex,dxHP_equip,,RB-dxHP_equip-spltHP-SEER-BA-rDXHP-NoLRM-40%UC-AOE,SFm&1&rDXHP&Ex&dxHP_equip,RB-dxHP_equip-spltHP-SEER-BA-rDXHP-NoLRM-40%UC-AOE,43.72,100.8,33626.69,77527.38,33626.68,4909.16,3989.2,1557.5,457.71,10338.53,0.0,537.83,0.0,0.0,0.0,0.0,11836.76,0.0,0.0,4909.16,3989.2,0.0,0.0,8268.27,2070.26,0.0,0.0,270.12,18654014.383038837
runs/CZ14/SFm&2&rDXGF&Ex&dxAC_equip/RB-dxAC_equip-spltAC-SEER-BA-rDXGF-NoLRM-0%UC-NR/instance-out.sql,CZ14,SFm,2,rDXGF,Ex,dxAC_equip,,RB-dxAC_equip-spltAC-SEER-BA-rDXGF-NoLRM-0%UC-NR,SFm&2&rDXGF&Ex&dxAC_equip,RB-dxAC_equip-spltAC-SEER-BA-rDXGF-NoLRM-0%UC-NR,81.45,143.73,72579.61,128084.19,72579.60999999999,33780.13,6503.55,1774.64,457.71,16701.91,0.0,1543.39,0.0,0.0,0.0,0.0,11818.26,0.0,0.0,0.0,6503.55,33780.13,0.0,13440.28,3261.63,0.0,0.0,540.12,27632548.255749337
runs/CZ14/SFm&2&rDXGF&Ex&dxAC_equip/RB-dxAC_equip-spltAC-SEER-BA-rDXGF-NoLRM-15%UC-AOE/instance-out.sql,CZ14,SFm,2,rDXGF,Ex,dxAC_equip,,RB-dxAC_equip-spltAC-SEER-BA-rDXGF-NoLRM-15%UC-AOE,SFm&2&rDXGF&Ex&dxAC_equip,RB-dxAC_equip-spltAC-SEER-BA-rDXGF-NoLRM-15%UC-AOE,84.21,152.5,75046.45,135896.69,75046.45,33780.13,8970.4,1774.64,457.71,16701.91,0.0,1543.39,0.0,0.0,0.0,0.0,11818.26,0.0,0.0,0.0,8970.4,33780.13,0.0,13440.28,3261.63,0.0,0.0,540.12,33791190.78219803
runs/CZ14/SFm&2&rDXHP&Ex&dxHP_equip/RB-dxHP_equip-spltHP-SEER-BA-rDXHP-LRM-LSC-NR/instance-out.sql,CZ14,SFm,2,rDXHP,Ex,dxHP_equip,,RB-dxHP_equip-spltHP-SEER-BA-rDXHP-LRM-LSC-NR,SFm&2&rDXHP&Ex&dxHP_equip,RB-dxHP_equip-spltHP-SEER-BA-rDXHP-LRM-LSC-NR,58.23,149.17,51894.21,132934.29,51894.21,13184.41,5941.79,1774.64,457.71,16701.91,0.0,2013.91,0.0,0.0,0.0,0.0,11819.83,0.0,0.0,13184.41,5941.79,0.0,0.0,13440.28,3261.63,0.0,0.0,540.12,26230178.668952037
runs/CZ14/SFm&2&rDXHP&Ex&dxHP_equip/RB-dxHP_equip-spltHP-SEER-BA-rDXHP-LRM-LSC-NC/instance-out.sql,CZ14,SFm,2,rDXHP,Ex,dxHP_equip,,RB-dxHP_equip-spltHP-SEER-BA-rDXHP-LRM-LSC-NC,SFm&2&rDXHP&Ex&dxHP_equip,RB-dxHP_equip-spltHP-SEER-BA-rDXHP-LRM-LSC-NC,58.23,149.17,51894.21,132934.29,51894.21,13184.41,5941.79,1774.64,457.71,16701.91,0.0,2013.91,0.0,0.0,0.0,0.0,11819.83,0.0,0.0,13184.41,5941.79,0.0,0.0,13440.28,3261.63,0.0,0.0,540.12,26230178.668952037
runs/CZ14/SFm&2&rDXHP&Ex&dxHP_equip/RB-dxHP_equip-spltHP-SEER-BA-rDXHP-NoLRM-0%UC-NC/instance-out.sql,CZ14,SFm,2,rDXHP,Ex,dxHP_equip,,RB-dxHP_equip-spltHP-SEER-BA-rDXHP-NoLRM-0%UC-NC,SFm&2&rDXHP&Ex&dxHP_equip,RB-dxHP_equip-spltHP-SEER-BA-rDXHP-NoLRM-0%UC-NC,58.31,149.42,51962.26,133149.8,51962.26,12690.71,6503.54,1774.64,457.71,16701.91,0.0,2013.91,0.0,0.0,0.0,0.0,11819.83,0.0,0.0,12690.71,6503.54,0.0,0.0,13440.28,3261.63,0.0,0.0,540.12,27632623.360996477
runs/CZ14/SFm&2&rDXHP&Ex&dxHP_equip/RB-dxHP_equip-spltHP-SEER-BA-rDXHP-NoLRM-15%UC-AOE/instance-out.sql,CZ14,SFm,2,rDXHP,Ex,dxHP_equip,,RB-dxHP_equip-spltHP-SEER-BA-rDXHP-NoLRM-15%UC-AOE,SFm&2&rDXHP&Ex&dxHP_equip,RB-dxHP_equip-spltHP-SEER-BA-rDXHP-NoLRM-15%UC-AOE,63.3,165.21,56405.58,147221.8,56405.58,14667.2,8970.38,1774.64,457.71,16701.91,0.0,2013.91,0.0,0.0,0.0,0.0,11819.83,0.0,0.0,14667.2,8970.38,0.0,0.0,13440.28,3261.63,0.0,0.0,540.12,33791290.90466869
runs/CZ14/SFm&2&rDXHP&Ex&dxHP_equip/RB-dxHP_equip-spltHP-SEER-BA-rDXHP-NoLRM-0%UC-AOE/instance-out.sql,CZ14,SFm,2,rDXHP,Ex,dxHP_equip,,RB-dxHP_equip-spltHP-SEER-BA-rDXHP-NoLRM-0%UC-AOE,SFm&2&rDXHP&Ex&dxHP_equip,RB-dxHP_equip-spltHP-SEER-BA-rDXHP-NoLRM-0%UC-AOE,62.59,162.99,55780.62,145242.54,55780.62,15804.35,7208.26,1774.64,457.71,16701.91,0.0,2013.91,0.0,0.0,0.0,0.0,11819.83,0.0,0.0,15804.35,7208.26,0.0,0.0,13440.28,3261.63,0.0,0.0,540.12,29392010.570258893
runs/CZ14/SFm&2&rDXHP&Ex&dxHP_equip/RB-dxHP_equip-spltHP-SEER-BA-rDXHP-NoLRM-0%UC-NR/instance-out.sql,CZ14,SFm,2,rDXHP,Ex,dxHP_equip,,RB-dxHP_equip-spltHP-SEER-BA-rDXHP-NoLRM-0%UC-NR,SFm&2&rDXHP&Ex&dxHP_equip,RB-dxHP_equip-spltHP-SEER-BA-rDXHP-NoLRM-0%UC-NR,58.31,149.42,51962.26,133149.8,51962.26,12690.71,6503.54,1774.64,457.71,16701.91,0.0,2013.91,0.0,0.0,0.0,0.0,11819.83,0.0,0.0,12690.71,6503.54,0.0,0.0,13440.28,3261.63,0.0,0.0,540.12,27632623.360996477
runs/CZ15/SFm&1&rDXGF&Ex&dxAC_equip/RB-dxAC_equip-spltAC-SEER-BA-rDXGF-NoLRM-0%UC-AOE/instance-out.sql,CZ15,SFm,1,rDXGF,Ex,dxAC_equip,,RB-dxAC_equip-spltAC-SEER-BA-rDXGF-NoLRM-0%UC-AOE,SFm&1&rDXGF&Ex&dxAC_equip,RB-dxAC_equip-spltAC-SEER-BA-rDXGF-NoLRM-0%UC-AOE,47.05,105.04,36188.58,80786.33,36188.58,2831.77,8710.1,1557.5,457.71,10338.53,0.0,957.42,0.0,0.0,0.0,0.0,11335.55,0.0,0.0,0.0,8710.1,2831.77,0.0,8268.27,2070.26,0.0,0.0,270.12,29725483.874706157
runs/CZ15/SFm&1&rDXGF&Ex&dxAC_equip/RB-dxAC_equip-spltAC-SEER-BA-rDXGF-NoLRM-0%UC-NR/instance-out.sql,CZ15,SFm,1,rDXGF,Ex,dxAC_equip,,RB-dxAC_equip-spltAC-SEER-BA-rDXGF-NoLRM-0%UC-NR,SFm&1&rDXGF&Ex&dxAC_equip,RB-dxAC_equip-spltAC-SEER-BA-rDXGF-NoLRM-0%UC-NR,45.94,101.53,35337.03,78089.48,35337.03,2831.77,7858.55,1557.5,457.71,10338.53,0.0,957.42,0.0,0.0,0.0,0.0,11335.55,0.0,0.0,0.0,7858.55,2831.77,0.0,8268.27,2070.26,0.0,0.0,270.12,27612884.49572301
runs/CZ14/SFm&2&rDXHP&Ex&dxHP_equip/RB-dxHP_equip-spltHP-SEER-BA-rDXHP-NoLRM-22.5%UC-AOE/instance-out.sql,CZ14,SFm,2,rDXHP,Ex,dxHP_equip,,RB-dxHP_equip-spltHP-SEER-BA-rDXHP-NoLRM-22.5%UC-AOE,SFm&2&rDXHP&Ex&dxHP_equip,RB-dxHP_equip-spltHP-SEER-BA-rDXHP-NoLRM-22.5%UC-AOE,63.3,165.21,56407.4,147227.54,56407.39,13787.95,9851.44,1774.64,457.71,16701.91,0.0,2013.91,0.0,0.0,0.0,0.0,11819.83,0.0,0.0,13787.95,9851.44,0.0,0.0,13440.28,3261.63,0.0,0.0,540.12,35990931.077040896
runs/CZ15/SFm&1&rDXGF&Ex&dxAC_equip/RB-dxAC_equip-spltAC-SEER-BA-rDXGF-NoLRM-22.5%UC-AOE/instance-out.sql,CZ15,SFm,1,rDXGF,Ex,dxAC_equip,,RB-dxAC_equip-spltAC-SEER-BA-rDXGF-NoLRM-22.5%UC-AOE,SFm&1&rDXGF&Ex&dxAC_equip,RB-dxAC_equip-spltAC-SEER-BA-rDXGF-NoLRM-22.5%UC-AOE,51.2,118.19,39382.46,90901.37,39382.47,2831.77,11903.98,1557.5,457.71,10338.53,0.0,957.42,0.0,0.0,0.0,0.0,11335.55,0.0,0.0,0.0,11903.98,2831.77,0.0,8268.27,2070.26,0.0,0.0,270.12,37649194.636722654
runs/CZ15/SFm&1&rDXGF&Ex&dxAC_equip/RB-dxAC_equip-spltAC-SEER-BA-rDXGF-NoLRM-40%UC-AOE/instance-out.sql,CZ15,SFm,1,rDXGF,Ex,dxAC_equip,,RB-dxAC_equip-spltAC-SEER-BA-rDXGF-NoLRM-40%UC-AOE,SFm&1&rDXGF&Ex&dxAC_equip,RB-dxAC_equip-spltAC-SEER-BA-rDXGF-NoLRM-40%UC-AOE,54.43,128.42,41866.6,98768.62,41866.6,2831.77,14388.12,1557.5,457.71,10338.53,0.0,957.42,0.0,0.0,0.0,0.0,11335.55,0.0,0.0,0.0,14388.12,2831.77,0.0,8268.27,2070.26,0.0,0.0,270.12,43812080.773641184
runs/CZ14/SFm&2&rDXHP&Ex&dxHP_equip/RB-dxHP_equip-spltHP-SEER-BA-rDXHP-NoLRM-30%UC-AOE/instance-out.sql,CZ14,SFm,2,rDXHP,Ex,dxHP_equip,,RB-dxHP_equip-spltHP-SEER-BA-rDXHP-NoLRM-30%UC-AOE,SFm&2&rDXHP&Ex&dxHP_equip,RB-dxHP_equip-spltHP-SEER-BA-rDXHP-NoLRM-30%UC-AOE,63.3,165.22,56409.21,147233.29,56409.21,12908.7,10732.5,1774.64,457.71,16701.91,0.0,2013.91,0.0,0.0,0.0,0.0,11819.83,0.0,0.0,12908.7,10732.5,0.0,0.0,13440.28,3261.63,0.0,0.0,540.12,38190571.234786265
runs/CZ14/SFm&2&rDXHP&Ex&dxHP_equip/RB-dxHP_equip-spltHP-SEER-BA-rDXHP-NoLRM-7.5%UC-AOE/instance-out.sql,CZ14,SFm,2,rDXHP,Ex,dxHP_equip,,RB-dxHP_equip-spltHP-SEER-BA-rDXHP-NoLRM-7.5%UC-AOE,SFm&2&rDXHP&Ex&dxHP_equip,RB-dxHP_equip-spltHP-SEER-BA-rDXHP-NoLRM-7.5%UC-AOE,63.29,165.2,56403.77,147216.05,56403.77,15546.44,8089.32,1774.64,457.71,16701.91,0.0,2013.91,0.0,0.0,0.0,0.0,11819.83,0.0,0.0,15546.44,8089.32,0.0,0.0,13440.28,3261.63,0.0,0.0,540.12,31591650.733846985
runs/CZ15/SFm&1&rDXGF&Ex&dxAC_equip/RB-dxAC_equip-spltAC-SEER-BA-rDXGF-NoLRM-7.5%UC-AOE/instance-out.sql,CZ15,SFm,1,rDXGF,Ex,dxAC_equip,,RB-dxAC_equip-spltAC-SEER-BA-rDXGF-NoLRM-7.5%UC-AOE,SFm&1&rDXGF&Ex&dxAC_equip,RB-dxAC_equip-spltAC-SEER-BA-rDXGF-NoLRM-7.5%UC-AOE,48.44,109.42,37253.21,84158.01,37253.21,2831.77,9774.73,1557.5,457.71,10338.53,0.0,957.42,0.0,0.0,0.0,0.0,11335.55,0.0,0.0,0.0,9774.73,2831.77,0.0,8268.27,2070.26,0.0,0.0,270.12,32366720.78896718
runs/CZ14/SFm&2&rDXHP&Ex&dxHP_equip/RB-dxHP_equip-spltHP-SEER-BA-rDXHP-NoLRM-40%UC-AOE/instance-out.sql,CZ14,SFm,2,rDXHP,Ex,dxHP_equip,,RB-dxHP_equip-spltHP-SEER-BA-rDXHP-NoLRM-40%UC-AOE,SFm&2&rDXHP&Ex&dxHP_equip,RB-dxHP_equip-spltHP-SEER-BA-rDXHP-NoLRM-40%UC-AOE,63.3,165.23,56411.63,147240.95,56411.63,11736.38,11907.25,1774.64,457.71,16701.91,0.0,2013.91,0.0,0.0,0.0,0.0,11819.83,0.0,0.0,11736.38,11907.25,0.0,0.0,13440.28,3261.63,0.0,0.0,540.12,41123424.79511353
runs/CZ15/SFm&1&rDXGF&Ex&dxAC_equip/RB-dxAC_equip-spltAC-SEER-BA-rDXGF-LRM-LSC-NR/instance-out.sql,CZ15,SFm,1,rDXGF,Ex,dxAC_equip,,RB-dxAC_equip-spltAC-SEER-BA-rDXGF-LRM-LSC-NR,SFm&1&rDXGF&Ex&dxAC_equip,RB-dxAC_equip-spltAC-SEER-BA-rDXGF-LRM-LSC-NR,45.06,98.74,34658.25,75939.77,34658.25,2831.77,7179.77,1557.5,457.71,10338.53,0.0,957.42,0.0,0.0,0.0,0.0,11335.55,0.0,0.0,0.0,7179.77,2831.77,0.0,8268.27,2070.26,0.0,0.0,270.12,25928886.92550458
runs/CZ15/SFm&1&rDXHP&Ex&dxHP_equip/RB-dxHP_equip-spltHP-SEER-BA-rDXHP-LRM-LSC-NC/instance-out.sql,CZ15,SFm,1,rDXHP,Ex,dxHP_equip,,RB-dxHP_equip-spltHP-SEER-BA-rDXHP-LRM-LSC-NC,SFm&1&rDXHP&Ex&dxHP_equip,RB-dxHP_equip-spltHP-SEER-BA-rDXHP-LRM-LSC-NC,42.93,99.66,33019.86,76649.32,33019.86,1156.47,7179.69,1557.5,457.71,10338.53,0.0,994.28,0.0,0.0,0.0,0.0,11335.67,0.0,0.0,1156.47,7179.69,0.0,0.0,8268.27,2070.26,0.0,0.0,270.12,25928911.16425535
runs/CZ15/SFm&1&rDXHP&Ex&dxHP_equip/RB-dxHP_equip-spltHP-SEER-BA-rDXHP-NoLRM-0%UC-NR/instance-out.sql,CZ15,SFm,1,rDXHP,Ex,dxHP_equip,,RB-dxHP_equip-spltHP-SEER-BA-rDXHP-NoLRM-0%UC-NR,SFm&1&rDXHP&Ex&dxHP_equip,RB-dxHP_equip-spltHP-SEER-BA-rDXHP-NoLRM-0%UC-NR,43.76,102.27,33654.9,78660.49,33654.9,1112.73,7858.47,1557.5,457.71,10338.53,0.0,994.28,0.0,0.0,0.0,0.0,11335.67,0.0,0.0,1112.73,7858.47,0.0,0.0,8268.27,2070.26,0.0,0.0,270.12,27612910.799641445
runs/CZ15/SFm&1&rDXHP&Ex&dxHP_equip/RB-dxHP_equip-spltHP-SEER-BA-rDXHP-NoLRM-0%UC-NC/instance-out.sql,CZ15,SFm,1,rDXHP,Ex,dxHP_equip,,RB-dxHP_equip-spltHP-SEER-BA-rDXHP-NoLRM-0%UC-NC,SFm&1&rDXHP&Ex&dxHP_equip,RB-dxHP_equip-spltHP-SEER-BA-rDXHP-NoLRM-0%UC-NC,43.76,102.27,33654.9,78660.49,33654.9,1112.73,7858.47,1557.5,457.71,10338.53,0.0,994.28,0.0,0.0,0.0,0.0,11335.67,0.0,0.0,1112.73,7858.47,0.0,0.0,8268.27,2070.26,0.0,0.0,270.12,27612910.799641445
runs/CZ15/SFm&1&rDXGF&Ex&dxAC_equip/RB-dxAC_equip-spltAC-SEER-BA-rDXGF-LRM-LSC-AOE/instance-out.sql,CZ15,SFm,1,rDXGF,Ex,dxAC_equip,,RB-dxAC_equip-spltAC-SEER-BA-rDXGF-LRM-LSC-AOE,SFm&1&rDXGF&Ex&dxAC_equip,RB-dxAC_equip-spltAC-SEER-BA-rDXGF-LRM-LSC-AOE,46.07,101.94,35436.24,78403.68,35436.240000000005,2831.77,7957.76,1557.5,457.71,10338.53,0.0,957.42,0.0,0.0,0.0,0.0,11335.55,0.0,0.0,0.0,7957.76,2831.77,0.0,8268.27,2070.26,0.0,0.0,270.12,27859009.78337746
runs/CZ15/SFm&1&rDXGF&Ex&dxAC_equip/RB-dxAC_equip-spltAC-SEER-BA-rDXGF-NoLRM-30%UC-AOE/instance-out.sql,CZ15,SFm,1,rDXGF,Ex,dxAC_equip,,RB-dxAC_equip-spltAC-SEER-BA-rDXGF-NoLRM-30%UC-AOE,SFm&1&rDXGF&Ex&dxAC_equip,RB-dxAC_equip-spltAC-SEER-BA-rDXGF-NoLRM-30%UC-AOE,52.59,122.57,40447.09,94273.05,40447.1,2831.77,12968.61,1557.5,457.71,10338.53,0.0,957.42,0.0,0.0,0.0,0.0,11335.55,0.0,0.0,0.0,12968.61,2831.77,0.0,8268.27,2070.26,0.0,0.0,270.12,40290431.54396798
runs/CZ15/SFm&1&rDXGF&Ex&dxAC_equip/RB-dxAC_equip-spltAC-SEER-BA-rDXGF-NoLRM-15%UC-AOE/instance-out.sql,CZ15,SFm,1,rDXGF,Ex,dxAC_equip,,RB-dxAC_equip-spltAC-SEER-BA-rDXGF-NoLRM-15%UC-AOE,SFm&1&rDXGF&Ex&dxAC_equip,RB-dxAC_equip-spltAC-SEER-BA-rDXGF-NoLRM-15%UC-AOE,49.82,113.8,38317.83,87529.69,38317.84,2831.77,10839.35,1557.5,457.71,10338.53,0.0,957.42,0.0,0.0,0.0,0.0,11335.55,0.0,0.0,0.0,10839.35,2831.77,0.0,8268.27,2070.26,0.0,0.0,270.12,35007957.71191403
runs/CZ15/SFm&1&rDXHP&Ex&dxHP_equip/RB-dxHP_equip-spltHP-SEER-BA-rDXHP-LRM-LSC-AOE/instance-out.sql,CZ15,SFm,1,rDXHP,Ex,dxHP_equip,,RB-dxHP_equip-spltHP-SEER-BA-rDXHP-LRM-LSC-AOE,SFm&1&rDXHP&Ex&dxHP_equip,RB-dxHP_equip-spltHP-SEER-BA-rDXHP-LRM-LSC-AOE,44.32,104.04,34085.02,80022.69,34085.020000000004,1443.65,7957.67,1557.5,457.71,10338.53,0.0,994.28,0.0,0.0,0.0,0.0,11335.67,0.0,0.0,1443.65,7957.67,0.0,0.0,8268.27,2070.26,0.0,0.0,270.12,27859036.389131248
runs/CZ15/SFm&1&rDXHP&Ex&dxHP_equip/RB-dxHP_equip-spltHP-SEER-BA-rDXHP-LRM-LSC-NR/instance-out.sql,CZ15,SFm,1,rDXHP,Ex,dxHP_equip,,RB-dxHP_equip-spltHP-SEER-BA-rDXHP-LRM-LSC-NR,SFm&1&rDXHP&Ex&dxHP_equip,RB-dxHP_equip-spltHP-SEER-BA-rDXHP-LRM-LSC-NR,42.93,99.66,33019.86,76649.32,33019.86,1156.47,7179.69,1557.5,457.71,10338.53,0.0,994.28,0.0,0.0,0.0,0.0,11335.67,0.0,0.0,1156.47,7179.69,0.0,0.0,8268.27,2070.26,0.0,0.0,270.12,25928911.16425535
runs/CZ15/SFm&1&rDXHP&Ex&dxHP_equip/RB-dxHP_equip-spltHP-SEER-BA-rDXHP-NoLRM-0%UC-AOE/instance-out.sql,CZ15,SFm,1,rDXHP,Ex,dxHP_equip,,RB-dxHP_equip-spltHP-SEER-BA-rDXHP-NoLRM-0%UC-AOE,SFm&1&rDXHP&Ex&dxHP_equip,RB-dxHP_equip-spltHP-SEER-BA-rDXHP-NoLRM-0%UC-AOE,45.22,106.91,34782.3,82230.97,34782.3,1388.6,8710.0,1557.5,457.71,10338.53,0.0,994.28,0.0,0.0,0.0,0.0,11335.67,0.0,0.0,1388.6,8710.0,0.0,0.0,8268.27,2070.26,0.0,0.0,270.12,29725512.76940738
runs/CZ15/SFm&1&rDXHP&Ex&dxHP_equip/RB-dxHP_equip-spltHP-SEER-BA-rDXHP-NoLRM-15%UC-AOE/instance-out.sql,CZ15,SFm,1,rDXHP,Ex,dxHP_equip,,RB-dxHP_equip-spltHP-SEER-BA-rDXHP-NoLRM-15%UC-AOE,SFm&1&rDXHP&Ex&dxHP_equip,RB-dxHP_equip-spltHP-SEER-BA-rDXHP-NoLRM-15%UC-AOE,47.86,115.27,36810.78,88655.18,36810.78,1287.85,10839.24,1557.5,457.71,10338.53,0.0,994.28,0.0,0.0,0.0,0.0,11335.67,0.0,0.0,1287.85,10839.24,0.0,0.0,8268.27,2070.26,0.0,0.0,270.12,35007993.08476841
runs/CZ15/SFm&1&rDXHP&Ex&dxHP_equip/RB-dxHP_equip-spltHP-SEER-BA-rDXHP-NoLRM-22.5%UC-AOE/instance-out.sql,CZ15,SFm,1,rDXHP,Ex,dxHP_equip,,RB-dxHP_equip-spltHP-SEER-BA-rDXHP-NoLRM-22.5%UC-AOE,SFm&1&rDXHP&Ex&dxHP_equip,RB-dxHP_equip-spltHP-SEER-BA-rDXHP-NoLRM-22.5%UC-AOE,49.14,119.33,37797.5,91780.11,37797.5,1209.94,11903.86,1557.5,457.71,10338.53,0.0,994.28,0.0,0.0,0.0,0.0,11335.67,0.0,0.0,1209.94,11903.86,0.0,0.0,8268.27,2070.26,0.0,0.0,270.12,37649233.248653606
runs/CZ15/SFm&1&rDXHP&Ex&dxHP_equip/RB-dxHP_equip-spltHP-SEER-BA-rDXHP-NoLRM-40%UC-AOE/instance-out.sql,CZ15,SFm,1,rDXHP,Ex,dxHP_equip,,RB-dxHP_equip-spltHP-SEER-BA-rDXHP-NoLRM-40%UC-AOE,SFm&1&rDXHP&Ex&dxHP_equip,RB-dxHP_equip-spltHP-SEER-BA-rDXHP-NoLRM-40%UC-AOE,52.14,128.81,40099.84,99071.62,40099.840000000004,1028.18,14387.96,1557.5,457.71,10338.53,0.0,994.28,0.0,0.0,0.0,0.0,11335.67,0.0,0.0,1028.18,14387.96,0.0,0.0,8268.27,2070.26,0.0,0.0,270.12,43812126.94341747
runs/CZ15/SFm&2&rDXGF&Ex&dxAC_equip/RB-dxAC_equip-spltAC-SEER-BA-rDXGF-LRM-LSC-AOE/instance-out.sql,CZ15,SFm,2,rDXGF,Ex,dxAC_equip,,RB-dxAC_equip-spltAC-SEER-BA-rDXGF-LRM-LSC-AOE,SFm&2&rDXGF&Ex&dxAC_equip,RB-dxAC_equip-spltAC-SEER-BA-rDXGF-LRM-LSC-AOE,71.03,170.52,63301.74,151958.85,63301.75,8714.27,21078.3,1774.64,457.71,16701.91,0.0,3258.55,0.0,0.0,0.0,0.0,11316.35,0.0,0.0,0.0,21078.3,8714.27,0.0,13440.28,3261.63,0.0,0.0,540.12,61733215.03111323
runs/CZ15/SFm&1&rDXHP&Ex&dxHP_equip/RB-dxHP_equip-spltHP-SEER-BA-rDXHP-NoLRM-30%UC-AOE/instance-out.sql,CZ15,SFm,1,rDXHP,Ex,dxHP_equip,,RB-dxHP_equip-spltHP-SEER-BA-rDXHP-NoLRM-30%UC-AOE,SFm&1&rDXHP&Ex&dxHP_equip,RB-dxHP_equip-spltHP-SEER-BA-rDXHP-NoLRM-30%UC-AOE,50.43,123.39,38784.22,94905.04,38784.22,1132.04,12968.47,1557.5,457.71,10338.53,0.0,994.28,0.0,0.0,0.0,0.0,11335.67,0.0,0.0,1132.04,12968.47,0.0,0.0,8268.27,2070.26,0.0,0.0,270.12,40290473.3949755
runs/CZ15/SFm&2&rDXGF&Ex&dxAC_equip/RB-dxAC_equip-spltAC-SEER-BA-rDXGF-NoLRM-0%UC-NR/instance-out.sql,CZ15,SFm,2,rDXGF,Ex,dxAC_equip,,RB-dxAC_equip-spltAC-SEER-BA-rDXGF-NoLRM-0%UC-NR,SFm&2&rDXGF&Ex&dxAC_equip,RB-dxAC_equip-spltAC-SEER-BA-rDXGF-NoLRM-0%UC-NR,70.74,169.59,63038.96,151126.63,63038.97,8714.27,20815.52,1774.64,457.71,16701.91,0.0,3258.55,0.0,0.0,0.0,0.0,11316.35,0.0,0.0,0.0,20815.52,8714.27,0.0,13440.28,3261.63,0.0,0.0,540.12,61151232.52018318
runs/CZ15/SFm&1&rDXHP&Ex&dxHP_equip/RB-dxHP_equip-spltHP-SEER-BA-rDXHP-NoLRM-7.5%UC-AOE/instance-out.sql,CZ15,SFm,1,rDXHP,Ex,dxHP_equip,,RB-dxHP_equip-spltHP-SEER-BA-rDXHP-NoLRM-7.5%UC-AOE,SFm&1&rDXHP&Ex&dxHP_equip,RB-dxHP_equip-spltHP-SEER-BA-rDXHP-NoLRM-7.5%UC-AOE,46.58,111.2,35824.07,85530.25,35824.07,1365.75,9774.62,1557.5,457.71,10338.53,0.0,994.28,0.0,0.0,0.0,0.0,11335.67,0.0,0.0,1365.75,9774.62,0.0,0.0,8268.27,2070.26,0.0,0.0,270.12,32366752.922744974
runs/CZ15/SFm&2&rDXGF&Ex&dxAC_equip/RB-dxAC_equip-spltAC-SEER-BA-rDXGF-NoLRM-40%UC-AOE/instance-out.sql,CZ15,SFm,2,rDXGF,Ex,dxAC_equip,,RB-dxAC_equip-spltAC-SEER-BA-rDXGF-NoLRM-40%UC-AOE,SFm&2&rDXGF&Ex&dxAC_equip,RB-dxAC_equip-spltAC-SEER-BA-rDXGF-NoLRM-40%UC-AOE,90.15,231.05,80334.3,205900.97,80334.31,8714.27,38110.86,1774.64,457.71,16701.91,0.0,3258.55,0.0,0.0,0.0,0.0,11316.35,0.0,0.0,0.0,38110.86,8714.27,0.0,13440.28,3261.63,0.0,0.0,540.12,99455500.29663104
runs/CZ15/SFm&2&rDXGF&Ex&dxAC_equip/RB-dxAC_equip-spltAC-SEER-BA-rDXGF-NoLRM-15%UC-AOE/instance-out.sql,CZ15,SFm,2,rDXGF,Ex,dxAC_equip,,RB-dxAC_equip-spltAC-SEER-BA-rDXGF-NoLRM-15%UC-AOE,SFm&2&rDXGF&Ex&dxAC_equip,RB-dxAC_equip-spltAC-SEER-BA-rDXGF-NoLRM-15%UC-AOE,79.6,197.65,70934.44,176131.59,70934.44,8714.27,28710.99,1774.64,457.71,16701.91,0.0,3258.55,0.0,0.0,0.0,0.0,11316.35,0.0,0.0,0.0,28710.99,8714.27,0.0,13440.28,3261.63,0.0,0.0,540.12,78637462.07377815
runs/CZ15/SFm&2&rDXHP&Ex&dxHP_equip/RB-dxHP_equip-spltHP-SEER-BA-rDXHP-LRM-LSC-NR/instance-out.sql,CZ15,SFm,2,rDXHP,Ex,dxHP_equip,,RB-dxHP_equip-spltHP-SEER-BA-rDXHP-LRM-LSC-NR,SFm&2&rDXHP&Ex&dxHP_equip,RB-dxHP_equip-spltHP-SEER-BA-rDXHP-LRM-LSC-NR,62.59,164.14,55773.55,146268.64,55773.55,3114.34,19017.83,1774.64,457.71,16701.91,0.0,3390.63,0.0,0.0,0.0,0.0,11316.48,0.0,0.0,3114.34,19017.83,0.0,0.0,13440.28,3261.63,0.0,0.0,540.12,57169286.61587262
runs/CZ15/SFm&2&rDXGF&Ex&dxAC_equip/RB-dxAC_equip-spltAC-SEER-BA-rDXGF-NoLRM-0%UC-AOE/instance-out.sql,CZ15,SFm,2,rDXGF,Ex,dxAC_equip,,RB-dxAC_equip-spltAC-SEER-BA-rDXGF-NoLRM-0%UC-AOE,SFm&2&rDXGF&Ex&dxAC_equip,RB-dxAC_equip-spltAC-SEER-BA-rDXGF-NoLRM-0%UC-AOE,73.27,177.6,65294.52,158269.96,65294.520000000004,8714.27,23071.07,1774.64,457.71,16701.91,0.0,3258.55,0.0,0.0,0.0,0.0,11316.35,0.0,0.0,0.0,23071.07,8714.27,0.0,13440.28,3261.63,0.0,0.0,540.12,66146639.13966069
runs/CZ15/SFm&2&rDXGF&Ex&dxAC_equip/RB-dxAC_equip-spltAC-SEER-BA-rDXGF-LRM-LSC-NR/instance-out.sql,CZ15,SFm,2,rDXGF,Ex,dxAC_equip,,RB-dxAC_equip-spltAC-SEER-BA-rDXGF-LRM-LSC-NR,SFm&2&rDXGF&Ex&dxAC_equip,RB-dxAC_equip-spltAC-SEER-BA-rDXGF-LRM-LSC-NR,68.72,163.2,61241.02,145432.53,61241.020000000004,8714.27,19017.57,1774.64,457.71,16701.91,0.0,3258.55,0.0,0.0,0.0,0.0,11316.35,0.0,0.0,0.0,19017.57,8714.27,0.0,13440.28,3261.63,0.0,0.0,540.12,57169288.43123706
runs/CZ15/SFm&2&rDXHP&Ex&dxHP_equip/RB-dxHP_equip-spltHP-SEER-BA-rDXHP-NoLRM-0%UC-AOE/instance-out.sql,CZ15,SFm,2,rDXHP,Ex,dxHP_equip,,RB-dxHP_equip-spltHP-SEER-BA-rDXHP-NoLRM-0%UC-AOE,SFm&2&rDXHP&Ex&dxHP_equip,RB-dxHP_equip-spltHP-SEER-BA-rDXHP-NoLRM-0%UC-AOE,67.85,180.82,60467.89,161135.62,60467.9,3755.13,23071.39,1774.64,457.71,16701.91,0.0,3390.63,0.0,0.0,0.0,0.0,11316.48,0.0,0.0,3755.13,23071.39,0.0,0.0,13440.28,3261.63,0.0,0.0,540.12,66146637.01486042
runs/CZ15/SFm&2&rDXHP&Ex&dxHP_equip/RB-dxHP_equip-spltHP-SEER-BA-rDXHP-LRM-LSC-NC/instance-out.sql,CZ15,SFm,2,rDXHP,Ex,dxHP_equip,,RB-dxHP_equip-spltHP-SEER-BA-rDXHP-LRM-LSC-NC,SFm&2&rDXHP&Ex&dxHP_equip,RB-dxHP_equip-spltHP-SEER-BA-rDXHP-LRM-LSC-NC,62.59,164.14,55773.55,146268.64,55773.55,3114.34,19017.83,1774.64,457.71,16701.91,0.0,3390.63,0.0,0.0,0.0,0.0,11316.48,0.0,0.0,3114.34,19017.83,0.0,0.0,13440.28,3261.63,0.0,0.0,540.12,57169286.61587262
runs/CZ15/SFm&2&rDXGF&Ex&dxAC_equip/RB-dxAC_equip-spltAC-SEER-BA-rDXGF-NoLRM-22.5%UC-AOE/instance-out.sql,CZ15,SFm,2,rDXGF,Ex,dxAC_equip,,RB-dxAC_equip-spltAC-SEER-BA-rDXGF-NoLRM-22.5%UC-AOE,SFm&2&rDXGF&Ex&dxAC_equip,RB-dxAC_equip-spltAC-SEER-BA-rDXGF-NoLRM-22.5%UC-AOE,82.76,207.67,73754.4,185062.41,73754.4,8714.27,31530.95,1774.64,457.71,16701.91,0.0,3258.55,0.0,0.0,0.0,0.0,11316.35,0.0,0.0,0.0,31530.95,8714.27,0.0,13440.28,3261.63,0.0,0.0,540.12,84882873.55550835
runs/CZ15/SFm&2&rDXGF&Ex&dxAC_equip/RB-dxAC_equip-spltAC-SEER-BA-rDXGF-NoLRM-30%UC-AOE/instance-out.sql,CZ15,SFm,2,rDXGF,Ex,dxAC_equip,,RB-dxAC_equip-spltAC-SEER-BA-rDXGF-NoLRM-30%UC-AOE,SFm&2&rDXGF&Ex&dxAC_equip,RB-dxAC_equip-spltAC-SEER-BA-rDXGF-NoLRM-30%UC-AOE,85.93,217.69,76574.36,193993.22,76574.36,8714.27,34350.91,1774.64,457.71,16701.91,0.0,3258.55,0.0,0.0,0.0,0.0,11316.35,0.0,0.0,0.0,34350.91,8714.27,0.0,13440.28,3261.63,0.0,0.0,540.12,91128284.99570876
runs/CZ15/SFm&2&rDXGF&Ex&dxAC_equip/RB-dxAC_equip-spltAC-SEER-BA-rDXGF-NoLRM-7.5%UC-AOE/instance-out.sql,CZ15,SFm,2,rDXGF,Ex,dxAC_equip,,RB-dxAC_equip-spltAC-SEER-BA-rDXGF-NoLRM-7.5%UC-AOE,SFm&2&rDXGF&Ex&dxAC_equip,RB-dxAC_equip-spltAC-SEER-BA-rDXGF-NoLRM-7.5%UC-AOE,76.44,187.63,68114.48,167200.78,68114.48,8714.27,25891.03,1774.64,457.71,16701.91,0.0,3258.55,0.0,0.0,0.0,0.0,11316.35,0.0,0.0,0.0,25891.03,8714.27,0.0,13440.28,3261.63,0.0,0.0,540.12,72392050.59645025
runs/CZ15/SFm&2&rDXHP&Ex&dxHP_equip/RB-dxHP_equip-spltHP-SEER-BA-rDXHP-LRM-LSC-AOE/instance-out.sql,CZ15,SFm,2,rDXHP,Ex,dxHP_equip,,RB-dxHP_equip-spltHP-SEER-BA-rDXHP-LRM-LSC-AOE,SFm&2&rDXHP&Ex&dxHP_equip,RB-dxHP_equip-spltHP-SEER-BA-rDXHP-LRM-LSC-AOE,65.79,174.28,58627.06,155305.7,58627.06,3907.1,21078.59,1774.64,457.71,16701.91,0.0,3390.63,0.0,0.0,0.0,0.0,11316.48,0.0,0.0,3907.1,21078.59,0.0,0.0,13440.28,3261.63,0.0,0.0,540.12,61733213.05843708
runs/CZ15/SFm&2&rDXHP&Ex&dxHP_equip/RB-dxHP_equip-spltHP-SEER-BA-rDXHP-NoLRM-30%UC-AOE/instance-out.sql,CZ15,SFm,2,rDXHP,Ex,dxHP_equip,,RB-dxHP_equip-spltHP-SEER-BA-rDXHP-NoLRM-30%UC-AOE,SFm&2&rDXHP&Ex&dxHP_equip,RB-dxHP_equip-spltHP-SEER-BA-rDXHP-NoLRM-30%UC-AOE,79.72,218.39,71039.67,194616.44,71039.67,3046.91,34351.39,1774.64,457.71,16701.91,0.0,3390.63,0.0,0.0,0.0,0.0,11316.48,0.0,0.0,3046.91,34351.39,0.0,0.0,13440.28,3261.63,0.0,0.0,540.12,91128282.00982858
runs/CZ15/SFm&2&rDXHP&Ex&dxHP_equip/RB-dxHP_equip-spltHP-SEER-BA-rDXHP-NoLRM-0%UC-NC/instance-out.sql,CZ15,SFm,2,rDXHP,Ex,dxHP_equip,,RB-dxHP_equip-spltHP-SEER-BA-rDXHP-NoLRM-0%UC-NC,SFm&2&rDXHP&Ex&dxHP_equip,RB-dxHP_equip-spltHP-SEER-BA-rDXHP-NoLRM-0%UC-NC,64.47,170.1,57450.77,151580.41,57450.78,2993.6,20815.81,1774.64,457.71,16701.91,0.0,3390.63,0.0,0.0,0.0,0.0,11316.48,0.0,0.0,2993.6,20815.81,0.0,0.0,13440.28,3261.63,0.0,0.0,540.12,61151230.5675671
runs/CZ15/SFm&2&rDXHP&Ex&dxHP_equip/RB-dxHP_equip-spltHP-SEER-BA-rDXHP-NoLRM-15%UC-AOE/instance-out.sql,CZ15,SFm,2,rDXHP,Ex,dxHP_equip,,RB-dxHP_equip-spltHP-SEER-BA-rDXHP-NoLRM-15%UC-AOE,SFm&2&rDXHP&Ex&dxHP_equip,RB-dxHP_equip-spltHP-SEER-BA-rDXHP-NoLRM-15%UC-AOE,73.87,199.88,65829.76,178116.67,65829.77,3477.0,28711.39,1774.64,457.71,16701.91,0.0,3390.63,0.0,0.0,0.0,0.0,11316.48,0.0,0.0,3477.0,28711.39,0.0,0.0,13440.28,3261.63,0.0,0.0,540.12,78637459.51843794
runs/CZ15/SFm&2&rDXHP&Ex&dxHP_equip/RB-dxHP_equip-spltHP-SEER-BA-rDXHP-NoLRM-0%UC-NR/instance-out.sql,CZ15,SFm,2,rDXHP,Ex,dxHP_equip,,RB-dxHP_equip-spltHP-SEER-BA-rDXHP-NoLRM-0%UC-NR,SFm&2&rDXHP&Ex&dxHP_equip,RB-dxHP_equip-spltHP-SEER-BA-rDXHP-NoLRM-0%UC-NR,64.47,170.1,57450.77,151580.41,57450.78,2993.6,20815.81,1774.64,457.71,16701.91,0.0,3390.63,0.0,0.0,0.0,0.0,11316.48,0.0,0.0,2993.6,20815.81,0.0,0.0,13440.28,3261.63,0.0,0.0,540.12,61151230.5675671
runs/CZ15/SFm&2&rDXHP&Ex&dxHP_equip/RB-dxHP_equip-spltHP-SEER-BA-rDXHP-NoLRM-22.5%UC-AOE/instance-out.sql,CZ15,SFm,2,rDXHP,Ex,dxHP_equip,,RB-dxHP_equip-spltHP-SEER-BA-rDXHP-NoLRM-22.5%UC-AOE,SFm&2&rDXHP&Ex&dxHP_equip,RB-dxHP_equip-spltHP-SEER-BA-rDXHP-NoLRM-22.5%UC-AOE,76.79,209.13,68434.72,186366.55,68434.72,3261.96,31531.39,1774.64,457.71,16701.91,0.0,3390.63,0.0,0.0,0.0,0.0,11316.48,0.0,0.0,3261.96,31531.39,0.0,0.0,13440.28,3261.63,0.0,0.0,540.12,84882870.78489815
runs/CZ16/SFm&1&rDXGF&Ex&dxAC_equip/RB-dxAC_equip-spltAC-SEER-BA-rDXGF-NoLRM-0%UC-AOE/instance-out.sql,CZ16,SFm,1,rDXGF,Ex,dxAC_equip,,RB-dxAC_equip-spltAC-SEER-BA-rDXGF-NoLRM-0%UC-AOE,SFm&1&rDXGF&Ex&dxAC_equip,RB-dxAC_equip-spltAC-SEER-BA-rDXGF-NoLRM-0%UC-AOE,40.11,72.82,30852.84,56003.98,30852.84,5694.79,396.95,1557.5,457.71,10338.53,0.0,149.87,0.0,0.0,0.0,0.0,12257.5,0.0,0.0,0.0,396.95,5694.79,0.0,8268.27,2070.26,0.0,0.0,270.12,10787529.791535664
runs/CZ16/SFm&1&rDXGF&Ex&dxAC_equip/RB-dxAC_equip-spltAC-SEER-BA-rDXGF-NoLRM-15%UC-AOE/instance-out.sql,CZ16,SFm,1,rDXGF,Ex,dxAC_equip,,RB-dxAC_equip-spltAC-SEER-BA-rDXGF-NoLRM-15%UC-AOE,SFm&1&rDXGF&Ex&dxAC_equip,RB-dxAC_equip-spltAC-SEER-BA-rDXGF-NoLRM-15%UC-AOE,40.24,73.21,30949.88,56311.3,30949.88,5694.79,493.98,1557.5,457.71,10338.53,0.0,149.87,0.0,0.0,0.0,0.0,12257.5,0.0,0.0,0.0,493.98,5694.79,0.0,8268.27,2070.26,0.0,0.0,270.12,11783911.406944556
runs/CZ16/SFm&1&rDXGF&Ex&dxAC_equip/RB-dxAC_equip-spltAC-SEER-BA-rDXGF-NoLRM-30%UC-AOE/instance-out.sql,CZ16,SFm,1,rDXGF,Ex,dxAC_equip,,RB-dxAC_equip-spltAC-SEER-BA-rDXGF-NoLRM-30%UC-AOE,SFm&1&rDXGF&Ex&dxAC_equip,RB-dxAC_equip-spltAC-SEER-BA-rDXGF-NoLRM-30%UC-AOE,40.37,73.61,31046.92,56618.61,31046.920000000002,5694.79,591.02,1557.5,457.71,10338.53,0.0,149.87,0.0,0.0,0.0,0.0,12257.5,0.0,0.0,0.0,591.02,5694.79,0.0,8268.27,2070.26,0.0,0.0,270.12,12780293.021381313
runs/CZ16/SFm&1&rDXGF&Ex&dxAC_equip/RB-dxAC_equip-spltAC-SEER-BA-rDXGF-LRM-LSC-NR/instance-out.sql,CZ16,SFm,1,rDXGF,Ex,dxAC_equip,,RB-dxAC_equip-spltAC-SEER-BA-rDXGF-LRM-LSC-NR,SFm&1&rDXGF&Ex&dxAC_equip,RB-dxAC_equip-spltAC-SEER-BA-rDXGF-LRM-LSC-NR,40.02,72.53,30783.1,55783.11,30783.1,5694.79,327.2,1557.5,457.71,10338.53,0.0,149.87,0.0,0.0,0.0,0.0,12257.5,0.0,0.0,0.0,327.2,5694.79,0.0,8268.27,2070.26,0.0,0.0,270.12,10071414.668606553
runs/CZ15/SFm&2&rDXHP&Ex&dxHP_equip/RB-dxHP_equip-spltHP-SEER-BA-rDXHP-NoLRM-40%UC-AOE/instance-out.sql,CZ15,SFm,2,rDXHP,Ex,dxHP_equip,,RB-dxHP_equip-spltHP-SEER-BA-rDXHP-NoLRM-40%UC-AOE,SFm&2&rDXHP&Ex&dxHP_equip,RB-dxHP_equip-spltHP-SEER-BA-rDXHP-NoLRM-40%UC-AOE,83.62,230.73,74512.94,205616.29,74512.94,2760.18,38111.38,1774.64,457.71,16701.91,0.0,3390.63,0.0,0.0,0.0,0.0,11316.48,0.0,0.0,2760.18,38111.38,0.0,0.0,13440.28,3261.63,0.0,0.0,540.12,99455497.02372423
runs/CZ16/SFm&1&rDXGF&Ex&dxAC_equip/RB-dxAC_equip-spltAC-SEER-BA-rDXGF-LRM-LSC-AOE/instance-out.sql,CZ16,SFm,1,rDXGF,Ex,dxAC_equip,,RB-dxAC_equip-spltAC-SEER-BA-rDXGF-LRM-LSC-AOE,SFm&1&rDXGF&Ex&dxAC_equip,RB-dxAC_equip-spltAC-SEER-BA-rDXGF-LRM-LSC-AOE,40.07,72.67,30818.56,55895.4,30818.56,5694.79,362.66,1557.5,457.71,10338.53,0.0,149.87,0.0,0.0,0.0,0.0,12257.5,0.0,0.0,0.0,362.66,5694.79,0.0,8268.27,2070.26,0.0,0.0,270.12,10435474.953679638
runs/CZ16/SFm&1&rDXGF&Ex&dxAC_equip/RB-dxAC_equip-spltAC-SEER-BA-rDXGF-NoLRM-7.5%UC-AOE/instance-out.sql,CZ16,SFm,1,rDXGF,Ex,dxAC_equip,,RB-dxAC_equip-spltAC-SEER-BA-rDXGF-NoLRM-7.5%UC-AOE,SFm&1&rDXGF&Ex&dxAC_equip,RB-dxAC_equip-spltAC-SEER-BA-rDXGF-NoLRM-7.5%UC-AOE,40.18,73.01,30901.36,56157.64,30901.359999999997,5694.79,445.46,1557.5,457.71,10338.53,0.0,149.87,0.0,0.0,0.0,0.0,12257.5,0.0,0.0,0.0,445.46,5694.79,0.0,8268.27,2070.26,0.0,0.0,270.12,11285720.59842095
runs/CZ15/SFm&2&rDXHP&Ex&dxHP_equip/RB-dxHP_equip-spltHP-SEER-BA-rDXHP-NoLRM-7.5%UC-AOE/instance-out.sql,CZ15,SFm,2,rDXHP,Ex,dxHP_equip,,RB-dxHP_equip-spltHP-SEER-BA-rDXHP-NoLRM-7.5%UC-AOE,SFm&2&rDXHP&Ex&dxHP_equip,RB-dxHP_equip-spltHP-SEER-BA-rDXHP-NoLRM-7.5%UC-AOE,70.95,190.62,63224.81,169866.78,63224.81,3692.05,25891.39,1774.64,457.71,16701.91,0.0,3390.63,0.0,0.0,0.0,0.0,11316.48,0.0,0.0,3692.05,25891.39,0.0,0.0,13440.28,3261.63,0.0,0.0,540.12,72392048.25638002
runs/CZ16/SFm&1&rDXGF&Ex&dxAC_equip/RB-dxAC_equip-spltAC-SEER-BA-rDXGF-NoLRM-0%UC-NR/instance-out.sql,CZ16,SFm,1,rDXGF,Ex,dxAC_equip,,RB-dxAC_equip-spltAC-SEER-BA-rDXGF-NoLRM-0%UC-NR,SFm&1&rDXGF&Ex&dxAC_equip,RB-dxAC_equip-spltAC-SEER-BA-rDXGF-NoLRM-0%UC-NR,40.06,72.66,30814.04,55881.08,30814.03,5694.79,358.14,1557.5,457.71,10338.53,0.0,149.87,0.0,0.0,0.0,0.0,12257.5,0.0,0.0,0.0,358.14,5694.79,0.0,8268.27,2070.26,0.0,0.0,270.12,10389050.736681387
runs/CZ16/SFm&1&rDXHP&Ex&dxHP_equip/RB-dxHP_equip-spltHP-SEER-BA-rDXHP-LRM-LSC-NR/instance-out.sql,CZ16,SFm,1,rDXHP,Ex,dxHP_equip,,RB-dxHP_equip-spltHP-SEER-BA-rDXHP-LRM-LSC-NR,SFm&1&rDXHP&Ex&dxHP_equip,RB-dxHP_equip-spltHP-SEER-BA-rDXHP-LRM-LSC-NR,36.34,76.28,27950.03,58672.32,27950.03,2754.81,327.21,1557.5,457.71,10338.53,0.0,256.43,0.0,0.0,0.0,0.0,12257.84,0.0,0.0,2754.81,327.21,0.0,0.0,8268.27,2070.26,0.0,0.0,270.12,10071454.041077983
runs/CZ16/SFm&1&rDXGF&Ex&dxAC_equip/RB-dxAC_equip-spltAC-SEER-BA-rDXGF-NoLRM-22.5%UC-AOE/instance-out.sql,CZ16,SFm,1,rDXGF,Ex,dxAC_equip,,RB-dxAC_equip-spltAC-SEER-BA-rDXGF-NoLRM-22.5%UC-AOE,SFm&1&rDXGF&Ex&dxAC_equip,RB-dxAC_equip-spltAC-SEER-BA-rDXGF-NoLRM-22.5%UC-AOE,40.3,73.41,30998.4,56464.96,30998.399999999998,5694.79,542.5,1557.5,457.71,10338.53,0.0,149.87,0.0,0.0,0.0,0.0,12257.5,0.0,0.0,0.0,542.5,5694.79,0.0,8268.27,2070.26,0.0,0.0,270.12,12282102.215819333
runs/CZ16/SFm&1&rDXHP&Ex&dxHP_equip/RB-dxHP_equip-spltHP-SEER-BA-rDXHP-NoLRM-0%UC-AOE/instance-out.sql,CZ16,SFm,1,rDXHP,Ex,dxHP_equip,,RB-dxHP_equip-spltHP-SEER-BA-rDXHP-NoLRM-0%UC-AOE,SFm&1&rDXHP&Ex&dxHP_equip,RB-dxHP_equip-spltHP-SEER-BA-rDXHP-NoLRM-0%UC-AOE,36.98,78.31,28442.79,60232.88,28442.79,3177.83,396.95,1557.5,457.71,10338.53,0.0,256.43,0.0,0.0,0.0,0.0,12257.84,0.0,0.0,3177.83,396.95,0.0,0.0,8268.27,2070.26,0.0,0.0,270.12,10787576.40833157
runs/CZ16/SFm&1&rDXGF&Ex&dxAC_equip/RB-dxAC_equip-spltAC-SEER-BA-rDXGF-NoLRM-40%UC-AOE/instance-out.sql,CZ16,SFm,1,rDXGF,Ex,dxAC_equip,,RB-dxAC_equip-spltAC-SEER-BA-rDXGF-NoLRM-40%UC-AOE,SFm&1&rDXGF&Ex&dxAC_equip,RB-dxAC_equip-spltAC-SEER-BA-rDXGF-NoLRM-40%UC-AOE,40.45,73.88,31111.61,56823.49,31111.609999999997,5694.79,655.71,1557.5,457.71,10338.53,0.0,149.87,0.0,0.0,0.0,0.0,12257.5,0.0,0.0,0.0,655.71,5694.79,0.0,8268.27,2070.26,0.0,0.0,270.12,13444547.432572104
runs/CZ16/SFm&1&rDXHP&Ex&dxHP_equip/RB-dxHP_equip-spltHP-SEER-BA-rDXHP-NoLRM-30%UC-AOE/instance-out.sql,CZ16,SFm,1,rDXHP,Ex,dxHP_equip,,RB-dxHP_equip-spltHP-SEER-BA-rDXHP-NoLRM-30%UC-AOE,SFm&1&rDXHP&Ex&dxHP_equip,RB-dxHP_equip-spltHP-SEER-BA-rDXHP-NoLRM-30%UC-AOE,36.63,77.19,28169.34,59366.86,28169.34,2710.3,591.03,1557.5,457.71,10338.53,0.0,256.43,0.0,0.0,0.0,0.0,12257.84,0.0,0.0,2710.3,591.03,0.0,0.0,8268.27,2070.26,0.0,0.0,270.12,12780359.797259144
runs/CZ16/SFm&1&rDXHP&Ex&dxHP_equip/RB-dxHP_equip-spltHP-SEER-BA-rDXHP-LRM-LSC-AOE/instance-out.sql,CZ16,SFm,1,rDXHP,Ex,dxHP_equip,,RB-dxHP_equip-spltHP-SEER-BA-rDXHP-LRM-LSC-AOE,SFm&1&rDXHP&Ex&dxHP_equip,RB-dxHP_equip-spltHP-SEER-BA-rDXHP-LRM-LSC-AOE,37.07,78.59,28508.82,60442.0,28508.82,3278.15,362.67,1557.5,457.71,10338.53,0.0,256.43,0.0,0.0,0.0,0.0,12257.84,0.0,0.0,3278.15,362.67,0.0,0.0,8268.27,2070.26,0.0,0.0,270.12,10435518.009037727
runs/CZ16/SFm&1&rDXHP&Ex&dxHP_equip/RB-dxHP_equip-spltHP-SEER-BA-rDXHP-LRM-LSC-NC/instance-out.sql,CZ16,SFm,1,rDXHP,Ex,dxHP_equip,,RB-dxHP_equip-spltHP-SEER-BA-rDXHP-LRM-LSC-NC,SFm&1&rDXHP&Ex&dxHP_equip,RB-dxHP_equip-spltHP-SEER-BA-rDXHP-LRM-LSC-NC,36.34,76.28,27950.03,58672.32,27950.03,2754.81,327.21,1557.5,457.71,10338.53,0.0,256.43,0.0,0.0,0.0,0.0,12257.84,0.0,0.0,2754.81,327.21,0.0,0.0,8268.27,2070.26,0.0,0.0,270.12,10071454.041077983
runs/CZ16/SFm&1&rDXHP&Ex&dxHP_equip/RB-dxHP_equip-spltHP-SEER-BA-rDXHP-NoLRM-0%UC-NC/instance-out.sql,CZ16,SFm,1,rDXHP,Ex,dxHP_equip,,RB-dxHP_equip-spltHP-SEER-BA-rDXHP-NoLRM-0%UC-NC,SFm&1&rDXHP&Ex&dxHP_equip,RB-dxHP_equip-spltHP-SEER-BA-rDXHP-NoLRM-0%UC-NC,36.28,76.08,27901.26,58517.84,27901.260000000002,2675.1,358.14,1557.5,457.71,10338.53,0.0,256.43,0.0,0.0,0.0,0.0,12257.84,0.0,0.0,2675.1,358.14,0.0,0.0,8268.27,2070.26,0.0,0.0,270.12,10389093.32240536
runs/CZ16/SFm&1&rDXHP&Ex&dxHP_equip/RB-dxHP_equip-spltHP-SEER-BA-rDXHP-NoLRM-22.5%UC-AOE/instance-out.sql,CZ16,SFm,1,rDXHP,Ex,dxHP_equip,,RB-dxHP_equip-spltHP-SEER-BA-rDXHP-NoLRM-22.5%UC-AOE,SFm&1&rDXHP&Ex&dxHP_equip,RB-dxHP_equip-spltHP-SEER-BA-rDXHP-NoLRM-22.5%UC-AOE,36.75,77.57,28262.78,59662.79,28262.78,2852.26,542.51,1557.5,457.71,10338.53,0.0,256.43,0.0,0.0,0.0,0.0,12257.84,0.0,0.0,2852.26,542.51,0.0,0.0,8268.27,2070.26,0.0,0.0,270.12,12282163.9519267
runs/CZ16/SFm&1&rDXHP&Ex&dxHP_equip/RB-dxHP_equip-spltHP-SEER-BA-rDXHP-NoLRM-0%UC-NR/instance-out.sql,CZ16,SFm,1,rDXHP,Ex,dxHP_equip,,RB-dxHP_equip-spltHP-SEER-BA-rDXHP-NoLRM-0%UC-NR,SFm&1&rDXHP&Ex&dxHP_equip,RB-dxHP_equip-spltHP-SEER-BA-rDXHP-NoLRM-0%UC-NR,36.28,76.08,27901.26,58517.84,27901.260000000002,2675.1,358.14,1557.5,457.71,10338.53,0.0,256.43,0.0,0.0,0.0,0.0,12257.84,0.0,0.0,2675.1,358.14,0.0,0.0,8268.27,2070.26,0.0,0.0,270.12,10389093.32240536
runs/CZ16/SFm&1&rDXHP&Ex&dxHP_equip/RB-dxHP_equip-spltHP-SEER-BA-rDXHP-NoLRM-15%UC-AOE/instance-out.sql,CZ16,SFm,1,rDXHP,Ex,dxHP_equip,,RB-dxHP_equip-spltHP-SEER-BA-rDXHP-NoLRM-15%UC-AOE,SFm&1&rDXHP&Ex&dxHP_equip,RB-dxHP_equip-spltHP-SEER-BA-rDXHP-NoLRM-15%UC-AOE,36.87,77.96,28356.22,59958.72,28356.22,2994.22,493.99,1557.5,457.71,10338.53,0.0,256.43,0.0,0.0,0.0,0.0,12257.84,0.0,0.0,2994.22,493.99,0.0,0.0,8268.27,2070.26,0.0,0.0,270.12,11783968.103281429
runs/CZ16/SFm&2&rDXGF&Ex&dxAC_equip/RB-dxAC_equip-spltAC-SEER-BA-rDXGF-NoLRM-0%UC-NR/instance-out.sql,CZ16,SFm,2,rDXGF,Ex,dxAC_equip,,RB-dxAC_equip-spltAC-SEER-BA-rDXGF-NoLRM-0%UC-NR,SFm&2&rDXGF&Ex&dxAC_equip,RB-dxAC_equip-spltAC-SEER-BA-rDXGF-NoLRM-0%UC-NR,52.65,97.12,46918.62,86549.77,46918.619999999995,14285.23,1036.34,1774.64,457.71,16701.91,0.0,424.95,0.0,0.0,0.0,0.0,12237.82,0.0,0.0,0.0,1036.34,14285.23,0.0,13440.28,3261.63,0.0,0.0,540.12,19035667.336858094
runs/CZ16/SFm&2&rDXGF&Ex&dxAC_equip/RB-dxAC_equip-spltAC-SEER-BA-rDXGF-NoLRM-0%UC-AOE/instance-out.sql,CZ16,SFm,2,rDXGF,Ex,dxAC_equip,,RB-dxAC_equip-spltAC-SEER-BA-rDXGF-NoLRM-0%UC-AOE,SFm&2&rDXGF&Ex&dxAC_equip,RB-dxAC_equip-spltAC-SEER-BA-rDXGF-NoLRM-0%UC-AOE,52.78,97.52,47030.92,86905.42,47030.91,14285.23,1148.64,1774.64,457.71,16701.91,0.0,424.95,0.0,0.0,0.0,0.0,12237.82,0.0,0.0,0.0,1148.64,14285.23,0.0,13440.28,3261.63,0.0,0.0,540.12,19957853.7944363
runs/CZ16/SFm&1&rDXHP&Ex&dxHP_equip/RB-dxHP_equip-spltHP-SEER-BA-rDXHP-NoLRM-40%UC-AOE/instance-out.sql,CZ16,SFm,1,rDXHP,Ex,dxHP_equip,,RB-dxHP_equip-spltHP-SEER-BA-rDXHP-NoLRM-40%UC-AOE,SFm&1&rDXHP&Ex&dxHP_equip,RB-dxHP_equip-spltHP-SEER-BA-rDXHP-NoLRM-40%UC-AOE,36.46,76.67,28044.75,58972.28,28044.75,2521.02,655.72,1557.5,457.71,10338.53,0.0,256.43,0.0,0.0,0.0,0.0,12257.84,0.0,0.0,2521.02,655.72,0.0,0.0,8268.27,2070.26,0.0,0.0,270.12,13444620.928143922
runs/CZ16/SFm&1&rDXHP&Ex&dxHP_equip/RB-dxHP_equip-spltHP-SEER-BA-rDXHP-NoLRM-7.5%UC-AOE/instance-out.sql,CZ16,SFm,1,rDXHP,Ex,dxHP_equip,,RB-dxHP_equip-spltHP-SEER-BA-rDXHP-NoLRM-7.5%UC-AOE,SFm&1&rDXHP&Ex&dxHP_equip,RB-dxHP_equip-spltHP-SEER-BA-rDXHP-NoLRM-7.5%UC-AOE,36.99,78.34,28449.67,60254.66,28449.66,3136.18,445.47,1557.5,457.71,10338.53,0.0,256.43,0.0,0.0,0.0,0.0,12257.84,0.0,0.0,3136.18,445.47,0.0,0.0,8268.27,2070.26,0.0,0.0,270.12,11285772.25498733
runs/CZ16/SFm&2&rDXGF&Ex&dxAC_equip/RB-dxAC_equip-spltAC-SEER-BA-rDXGF-LRM-LSC-AOE/instance-out.sql,CZ16,SFm,2,rDXGF,Ex,dxAC_equip,,RB-dxAC_equip-spltAC-SEER-BA-rDXGF-LRM-LSC-AOE,SFm&2&rDXGF&Ex&dxAC_equip,RB-dxAC_equip-spltAC-SEER-BA-rDXGF-LRM-LSC-AOE,52.66,97.17,46931.7,86591.21,46931.7,14285.23,1049.43,1774.64,457.71,16701.91,0.0,424.95,0.0,0.0,0.0,0.0,12237.82,0.0,0.0,0.0,1049.43,14285.23,0.0,13440.28,3261.63,0.0,0.0,540.12,19143105.31558728
runs/CZ16/SFm&2&rDXGF&Ex&dxAC_equip/RB-dxAC_equip-spltAC-SEER-BA-rDXGF-NoLRM-15%UC-AOE/instance-out.sql,CZ16,SFm,2,rDXGF,Ex,dxAC_equip,,RB-dxAC_equip-spltAC-SEER-BA-rDXGF-NoLRM-15%UC-AOE,SFm&2&rDXGF&Ex&dxAC_equip,RB-dxAC_equip-spltAC-SEER-BA-rDXGF-NoLRM-15%UC-AOE,53.09,98.52,47311.71,87794.7,47311.71,14285.23,1429.44,1774.64,457.71,16701.91,0.0,424.95,0.0,0.0,0.0,0.0,12237.82,0.0,0.0,0.0,1429.44,14285.23,0.0,13440.28,3261.63,0.0,0.0,540.12,22263745.713011514
runs/CZ16/SFm&2&rDXGF&Ex&dxAC_equip/RB-dxAC_equip-spltAC-SEER-BA-rDXGF-LRM-LSC-NR/instance-out.sql,CZ16,SFm,2,rDXGF,Ex,dxAC_equip,,RB-dxAC_equip-spltAC-SEER-BA-rDXGF-LRM-LSC-NR,SFm&2&rDXGF&Ex&dxAC_equip,RB-dxAC_equip-spltAC-SEER-BA-rDXGF-LRM-LSC-NR,52.55,96.8,46829.1,86266.28,46829.1,14285.23,946.83,1774.64,457.71,16701.91,0.0,424.95,0.0,0.0,0.0,0.0,12237.82,0.0,0.0,0.0,946.83,14285.23,0.0,13440.28,3261.63,0.0,0.0,540.12,18300573.0405616
runs/CZ16/SFm&2&rDXGF&Ex&dxAC_equip/RB-dxAC_equip-spltAC-SEER-BA-rDXGF-NoLRM-7.5%UC-AOE/instance-out.sql,CZ16,SFm,2,rDXGF,Ex,dxAC_equip,,RB-dxAC_equip-spltAC-SEER-BA-rDXGF-NoLRM-7.5%UC-AOE,SFm&2&rDXGF&Ex&dxAC_equip,RB-dxAC_equip-spltAC-SEER-BA-rDXGF-NoLRM-7.5%UC-AOE,52.93,98.02,47171.31,87350.06,47171.31,14285.23,1289.04,1774.64,457.71,16701.91,0.0,424.95,0.0,0.0,0.0,0.0,12237.82,0.0,0.0,0.0,1289.04,14285.23,0.0,13440.28,3261.63,0.0,0.0,540.12,21110799.75182815
runs/CZ16/SFm&2&rDXGF&Ex&dxAC_equip/RB-dxAC_equip-spltAC-SEER-BA-rDXGF-NoLRM-22.5%UC-AOE/instance-out.sql,CZ16,SFm,2,rDXGF,Ex,dxAC_equip,,RB-dxAC_equip-spltAC-SEER-BA-rDXGF-NoLRM-22.5%UC-AOE,SFm&2&rDXGF&Ex&dxAC_equip,RB-dxAC_equip-spltAC-SEER-BA-rDXGF-NoLRM-22.5%UC-AOE,53.25,99.02,47452.11,88239.34,47452.11,14285.23,1569.84,1774.64,457.71,16701.91,0.0,424.95,0.0,0.0,0.0,0.0,12237.82,0.0,0.0,0.0,1569.84,14285.23,0.0,13440.28,3261.63,0.0,0.0,540.12,23416691.675007574
runs/CZ16/SFm&2&rDXHP&Ex&dxHP_equip/RB-dxHP_equip-spltHP-SEER-BA-rDXHP-NoLRM-0%UC-NC/instance-out.sql,CZ16,SFm,2,rDXHP,Ex,dxHP_equip,,RB-dxHP_equip-spltHP-SEER-BA-rDXHP-NoLRM-0%UC-NC,SFm&2&rDXHP&Ex&dxHP_equip,RB-dxHP_equip-spltHP-SEER-BA-rDXHP-NoLRM-0%UC-NC,43.53,101.63,38791.55,90566.95,38791.54,5895.17,1036.34,1774.64,457.71,16701.91,0.0,687.68,0.0,0.0,0.0,0.0,12238.07,0.0,0.0,5895.17,1036.34,0.0,0.0,13440.28,3261.63,0.0,0.0,540.12,19035671.07867719
runs/CZ16/SFm&2&rDXHP&Ex&dxHP_equip/RB-dxHP_equip-spltHP-SEER-BA-rDXHP-LRM-LSC-NR/instance-out.sql,CZ16,SFm,2,rDXHP,Ex,dxHP_equip,,RB-dxHP_equip-spltHP-SEER-BA-rDXHP-LRM-LSC-NR,SFm&2&rDXHP&Ex&dxHP_equip,RB-dxHP_equip-spltHP-SEER-BA-rDXHP-LRM-LSC-NR,43.65,101.99,38893.75,90890.63,38893.75,6086.89,946.83,1774.64,457.71,16701.91,0.0,687.68,0.0,0.0,0.0,0.0,12238.07,0.0,0.0,6086.89,946.83,0.0,0.0,13440.28,3261.63,0.0,0.0,540.12,18300576.492333964
runs/CZ16/SFm&2&rDXGF&Ex&dxAC_equip/RB-dxAC_equip-spltAC-SEER-BA-rDXGF-NoLRM-30%UC-AOE/instance-out.sql,CZ16,SFm,2,rDXGF,Ex,dxAC_equip,,RB-dxAC_equip-spltAC-SEER-BA-rDXGF-NoLRM-30%UC-AOE,SFm&2&rDXGF&Ex&dxAC_equip,RB-dxAC_equip-spltAC-SEER-BA-rDXGF-NoLRM-30%UC-AOE,53.41,99.52,47592.51,88683.98,47592.5,14285.23,1710.23,1774.64,457.71,16701.91,0.0,424.95,0.0,0.0,0.0,0.0,12237.82,0.0,0.0,0.0,1710.23,14285.23,0.0,13440.28,3261.63,0.0,0.0,540.12,24569637.62933696
runs/CZ16/SFm&2&rDXHP&Ex&dxHP_equip/RB-dxHP_equip-spltHP-SEER-BA-rDXHP-LRM-LSC-NC/instance-out.sql,CZ16,SFm,2,rDXHP,Ex,dxHP_equip,,RB-dxHP_equip-spltHP-SEER-BA-rDXHP-LRM-LSC-NC,SFm&2&rDXHP&Ex&dxHP_equip,RB-dxHP_equip-spltHP-SEER-BA-rDXHP-LRM-LSC-NC,43.65,101.99,38893.75,90890.63,38893.75,6086.89,946.83,1774.64,457.71,16701.91,0.0,687.68,0.0,0.0,0.0,0.0,12238.07,0.0,0.0,6086.89,946.83,0.0,0.0,13440.28,3261.63,0.0,0.0,540.12,18300576.492333964
runs/CZ16/SFm&2&rDXGF&Ex&dxAC_equip/RB-dxAC_equip-spltAC-SEER-BA-rDXGF-NoLRM-40%UC-AOE/instance-out.sql,CZ16,SFm,2,rDXGF,Ex,dxAC_equip,,RB-dxAC_equip-spltAC-SEER-BA-rDXGF-NoLRM-40%UC-AOE,SFm&2&rDXGF&Ex&dxAC_equip,RB-dxAC_equip-spltAC-SEER-BA-rDXGF-NoLRM-40%UC-AOE,53.62,100.18,47779.7,89276.83,47779.7,14285.23,1897.43,1774.64,457.71,16701.91,0.0,424.95,0.0,0.0,0.0,0.0,12237.82,0.0,0.0,0.0,1897.43,14285.23,0.0,13440.28,3261.63,0.0,0.0,540.12,26106898.910512045
runs/CZ16/SFm&2&rDXHP&Ex&dxHP_equip/RB-dxHP_equip-spltHP-SEER-BA-rDXHP-NoLRM-0%UC-AOE/instance-out.sql,CZ16,SFm,2,rDXHP,Ex,dxHP_equip,,RB-dxHP_equip-spltHP-SEER-BA-rDXHP-NoLRM-0%UC-AOE,SFm&2&rDXHP&Ex&dxHP_equip,RB-dxHP_equip-spltHP-SEER-BA-rDXHP-NoLRM-0%UC-AOE,45.01,106.33,40112.98,94751.91,40112.97,7104.3,1148.64,1774.64,457.71,16701.91,0.0,687.68,0.0,0.0,0.0,0.0,12238.07,0.0,0.0,7104.3,1148.64,0.0,0.0,13440.28,3261.63,0.0,0.0,540.12,19957857.90012322
runs/CZ16/SFm&2&rDXHP&Ex&dxHP_equip/RB-dxHP_equip-spltHP-SEER-BA-rDXHP-NoLRM-15%UC-AOE/instance-out.sql,CZ16,SFm,2,rDXHP,Ex,dxHP_equip,,RB-dxHP_equip-spltHP-SEER-BA-rDXHP-NoLRM-15%UC-AOE,SFm&2&rDXHP&Ex&dxHP_equip,RB-dxHP_equip-spltHP-SEER-BA-rDXHP-NoLRM-15%UC-AOE,44.83,105.76,39952.17,94242.65,39952.17,6662.71,1429.44,1774.64,457.71,16701.91,0.0,687.68,0.0,0.0,0.0,0.0,12238.07,0.0,0.0,6662.71,1429.44,0.0,0.0,13440.28,3261.63,0.0,0.0,540.12,22263750.728536002
runs/CZ16/SFm&2&rDXHP&Ex&dxHP_equip/RB-dxHP_equip-spltHP-SEER-BA-rDXHP-LRM-LSC-AOE/instance-out.sql,CZ16,SFm,2,rDXHP,Ex,dxHP_equip,,RB-dxHP_equip-spltHP-SEER-BA-rDXHP-LRM-LSC-AOE,SFm&2&rDXHP&Ex&dxHP_equip,RB-dxHP_equip-spltHP-SEER-BA-rDXHP-LRM-LSC-AOE,45.17,106.83,40255.05,95201.84,40255.04,7345.59,1049.43,1774.64,457.71,16701.91,0.0,687.68,0.0,0.0,0.0,0.0,12238.07,0.0,0.0,7345.59,1049.43,0.0,0.0,13440.28,3261.63,0.0,0.0,540.12,19143109.099798262
runs/CZ16/SFm&2&rDXHP&Ex&dxHP_equip/RB-dxHP_equip-spltHP-SEER-BA-rDXHP-NoLRM-0%UC-NR/instance-out.sql,CZ16,SFm,2,rDXHP,Ex,dxHP_equip,,RB-dxHP_equip-spltHP-SEER-BA-rDXHP-NoLRM-0%UC-NR,SFm&2&rDXHP&Ex&dxHP_equip,RB-dxHP_equip-spltHP-SEER-BA-rDXHP-NoLRM-0%UC-NR,43.53,101.63,38791.55,90566.95,38791.54,5895.17,1036.34,1774.64,457.71,16701.91,0.0,687.68,0.0,0.0,0.0,0.0,12238.07,0.0,0.0,5895.17,1036.34,0.0,0.0,13440.28,3261.63,0.0,0.0,540.12,19035671.07867719
runs/CZ16/SFm&2&rDXHP&Ex&dxHP_equip/RB-dxHP_equip-spltHP-SEER-BA-rDXHP-NoLRM-22.5%UC-AOE/instance-out.sql,CZ16,SFm,2,rDXHP,Ex,dxHP_equip,,RB-dxHP_equip-spltHP-SEER-BA-rDXHP-NoLRM-22.5%UC-AOE,SFm&2&rDXHP&Ex&dxHP_equip,RB-dxHP_equip-spltHP-SEER-BA-rDXHP-NoLRM-22.5%UC-AOE,44.61,105.04,39751.13,93605.95,39751.130000000005,6321.27,1569.83,1774.64,457.71,16701.91,0.0,687.68,0.0,0.0,0.0,0.0,12238.07,0.0,0.0,6321.27,1569.83,0.0,0.0,13440.28,3261.63,0.0,0.0,540.12,23416697.14545085
runs/CZ16/SFm&2&rDXHP&Ex&dxHP_equip/RB-dxHP_equip-spltHP-SEER-BA-rDXHP-NoLRM-7.5%UC-AOE/instance-out.sql,CZ16,SFm,2,rDXHP,Ex,dxHP_equip,,RB-dxHP_equip-spltHP-SEER-BA-rDXHP-NoLRM-7.5%UC-AOE,SFm&2&rDXHP&Ex&dxHP_equip,RB-dxHP_equip-spltHP-SEER-BA-rDXHP-NoLRM-7.5%UC-AOE,45.06,106.47,40153.22,94879.35,40153.21,7004.15,1289.04,1774.64,457.71,16701.91,0.0,687.68,0.0,0.0,0.0,0.0,12238.07,0.0,0.0,7004.15,1289.04,0.0,0.0,13440.28,3261.63,0.0,0.0,540.12,21110804.312433854
runs/CZ16/SFm&2&rDXHP&Ex&dxHP_equip/RB-dxHP_equip-spltHP-SEER-BA-rDXHP-NoLRM-30%UC-AOE/instance-out.sql,CZ16,SFm,2,rDXHP,Ex,dxHP_equip,,RB-dxHP_equip-spltHP-SEER-BA-rDXHP-NoLRM-30%UC-AOE,SFm&2&rDXHP&Ex&dxHP_equip,RB-dxHP_equip-spltHP-SEER-BA-rDXHP-NoLRM-30%UC-AOE,44.38,104.33,39550.09,92969.25,39550.08,5979.83,1710.23,1774.64,457.71,16701.91,0.0,687.68,0.0,0.0,0.0,0.0,12238.07,0.0,0.0,5979.83,1710.23,0.0,0.0,13440.28,3261.63,0.0,0.0,540.12,24569643.554699015
runs/CZ16/SFm&2&rDXHP&Ex&dxHP_equip/RB-dxHP_equip-spltHP-SEER-BA-rDXHP-NoLRM-40%UC-AOE/instance-out.sql,CZ16,SFm,2,rDXHP,Ex,dxHP_equip,,RB-dxHP_equip-spltHP-SEER-BA-rDXHP-NoLRM-40%UC-AOE,SFm&2&rDXHP&Ex&dxHP_equip,RB-dxHP_equip-spltHP-SEER-BA-rDXHP-NoLRM-40%UC-AOE,44.08,103.37,39282.03,92120.31,39282.03,5524.57,1897.43,1774.64,457.71,16701.91,0.0,687.68,0.0,0.0,0.0,0.0,12238.07,0.0,0.0,5524.57,1897.43,0.0,0.0,13440.28,3261.63,0.0,0.0,540.12,26106905.44243248
